r,Method,Weight,Definition,Threshold_values_schematic,Visualization_range,Threshold_display,Source_note
0.01,PCA,0.707106781186548,xi(r) = 1/sqrt(2) (exact sample-covariance reference under the ordered-pair normalization),Q1=0.85; Q2=2.15; Q3=3.45; Q3*=4.15,"r from 0.01 to 5.00; the right boundary is a plotting limit, not a threshold",Threshold symbols label schematic transition locations; no full-height threshold guide lines are shown,"Illustrative distance axis based on the original Figure 2 composition; thresholds are schematic and are not fitted experimental values. Under the ordered-pair normalization, xi(r)=1/sqrt(2) exactly reproduces the usual sample covariance matrix, whereas xi(r)=1/r recovers ordinary K's tau. The latter can exceed the displayed y-range for small r."
0.01,K's tau,100,xi(r) = 1/r,,,,
0.01,Winsor,1,xi(r) = 1 for r <= Q2; Q2/r otherwise,,,,
0.01,Quad,1,xi(r) = 1 for r <= Q2; (Q2/r)^2 otherwise,,,,
0.01,Ball,1,xi(r) = 1 for r <= Q2; 0 otherwise,,,,
0.01,Shell,0,xi(r) = 1 for Q1 <= r <= Q3; 0 otherwise,,,,
0.01,LR,1,xi(r) = 1 for r <= Q2; linear decay to 0 at Q3*,,,,
0.011,PCA,0.707106781186548,,,,,
0.011,K's tau,90.9090909090909,,,,,
0.011,Winsor,1,,,,,
0.011,Quad,1,,,,,
0.011,Ball,1,,,,,
0.011,Shell,0,,,,,
0.011,LR,1,,,,,
0.012,PCA,0.707106781186548,,,,,
0.012,K's tau,83.3333333333333,,,,,
0.012,Winsor,1,,,,,
0.012,Quad,1,,,,,
0.012,Ball,1,,,,,
0.012,Shell,0,,,,,
0.012,LR,1,,,,,
0.013,PCA,0.707106781186548,,,,,
0.013,K's tau,76.9230769230769,,,,,
0.013,Winsor,1,,,,,
0.013,Quad,1,,,,,
0.013,Ball,1,,,,,
0.013,Shell,0,,,,,
0.013,LR,1,,,,,
0.014,PCA,0.707106781186548,,,,,
0.014,K's tau,71.4285714285714,,,,,
0.014,Winsor,1,,,,,
0.014,Quad,1,,,,,
0.014,Ball,1,,,,,
0.014,Shell,0,,,,,
0.014,LR,1,,,,,
0.015,PCA,0.707106781186548,,,,,
0.015,K's tau,66.6666666666667,,,,,
0.015,Winsor,1,,,,,
0.015,Quad,1,,,,,
0.015,Ball,1,,,,,
0.015,Shell,0,,,,,
0.015,LR,1,,,,,
0.016,PCA,0.707106781186548,,,,,
0.016,K's tau,62.5,,,,,
0.016,Winsor,1,,,,,
0.016,Quad,1,,,,,
0.016,Ball,1,,,,,
0.016,Shell,0,,,,,
0.016,LR,1,,,,,
0.017,PCA,0.707106781186548,,,,,
0.017,K's tau,58.8235294117647,,,,,
0.017,Winsor,1,,,,,
0.017,Quad,1,,,,,
0.017,Ball,1,,,,,
0.017,Shell,0,,,,,
0.017,LR,1,,,,,
0.018,PCA,0.707106781186548,,,,,
0.018,K's tau,55.5555555555556,,,,,
0.018,Winsor,1,,,,,
0.018,Quad,1,,,,,
0.018,Ball,1,,,,,
0.018,Shell,0,,,,,
0.018,LR,1,,,,,
0.019,PCA,0.707106781186548,,,,,
0.019,K's tau,52.6315789473684,,,,,
0.019,Winsor,1,,,,,
0.019,Quad,1,,,,,
0.019,Ball,1,,,,,
0.019,Shell,0,,,,,
0.019,LR,1,,,,,
0.02,PCA,0.707106781186548,,,,,
0.02,K's tau,50,,,,,
0.02,Winsor,1,,,,,
0.02,Quad,1,,,,,
0.02,Ball,1,,,,,
0.02,Shell,0,,,,,
0.02,LR,1,,,,,
0.021,PCA,0.707106781186548,,,,,
0.021,K's tau,47.6190476190476,,,,,
0.021,Winsor,1,,,,,
0.021,Quad,1,,,,,
0.021,Ball,1,,,,,
0.021,Shell,0,,,,,
0.021,LR,1,,,,,
0.022,PCA,0.707106781186548,,,,,
0.022,K's tau,45.4545454545455,,,,,
0.022,Winsor,1,,,,,
0.022,Quad,1,,,,,
0.022,Ball,1,,,,,
0.022,Shell,0,,,,,
0.022,LR,1,,,,,
0.023,PCA,0.707106781186548,,,,,
0.023,K's tau,43.4782608695652,,,,,
0.023,Winsor,1,,,,,
0.023,Quad,1,,,,,
0.023,Ball,1,,,,,
0.023,Shell,0,,,,,
0.023,LR,1,,,,,
0.024,PCA,0.707106781186548,,,,,
0.024,K's tau,41.6666666666667,,,,,
0.024,Winsor,1,,,,,
0.024,Quad,1,,,,,
0.024,Ball,1,,,,,
0.024,Shell,0,,,,,
0.024,LR,1,,,,,
0.025,PCA,0.707106781186548,,,,,
0.025,K's tau,40,,,,,
0.025,Winsor,1,,,,,
0.025,Quad,1,,,,,
0.025,Ball,1,,,,,
0.025,Shell,0,,,,,
0.025,LR,1,,,,,
0.026,PCA,0.707106781186548,,,,,
0.026,K's tau,38.4615384615385,,,,,
0.026,Winsor,1,,,,,
0.026,Quad,1,,,,,
0.026,Ball,1,,,,,
0.026,Shell,0,,,,,
0.026,LR,1,,,,,
0.027,PCA,0.707106781186548,,,,,
0.027,K's tau,37.037037037037,,,,,
0.027,Winsor,1,,,,,
0.027,Quad,1,,,,,
0.027,Ball,1,,,,,
0.027,Shell,0,,,,,
0.027,LR,1,,,,,
0.028,PCA,0.707106781186548,,,,,
0.028,K's tau,35.7142857142857,,,,,
0.028,Winsor,1,,,,,
0.028,Quad,1,,,,,
0.028,Ball,1,,,,,
0.028,Shell,0,,,,,
0.028,LR,1,,,,,
0.029,PCA,0.707106781186548,,,,,
0.029,K's tau,34.4827586206897,,,,,
0.029,Winsor,1,,,,,
0.029,Quad,1,,,,,
0.029,Ball,1,,,,,
0.029,Shell,0,,,,,
0.029,LR,1,,,,,
0.03,PCA,0.707106781186548,,,,,
0.03,K's tau,33.3333333333333,,,,,
0.03,Winsor,1,,,,,
0.03,Quad,1,,,,,
0.03,Ball,1,,,,,
0.03,Shell,0,,,,,
0.03,LR,1,,,,,
0.031,PCA,0.707106781186548,,,,,
0.031,K's tau,32.258064516129,,,,,
0.031,Winsor,1,,,,,
0.031,Quad,1,,,,,
0.031,Ball,1,,,,,
0.031,Shell,0,,,,,
0.031,LR,1,,,,,
0.032,PCA,0.707106781186548,,,,,
0.032,K's tau,31.25,,,,,
0.032,Winsor,1,,,,,
0.032,Quad,1,,,,,
0.032,Ball,1,,,,,
0.032,Shell,0,,,,,
0.032,LR,1,,,,,
0.033,PCA,0.707106781186548,,,,,
0.033,K's tau,30.3030303030303,,,,,
0.033,Winsor,1,,,,,
0.033,Quad,1,,,,,
0.033,Ball,1,,,,,
0.033,Shell,0,,,,,
0.033,LR,1,,,,,
0.034,PCA,0.707106781186548,,,,,
0.034,K's tau,29.4117647058824,,,,,
0.034,Winsor,1,,,,,
0.034,Quad,1,,,,,
0.034,Ball,1,,,,,
0.034,Shell,0,,,,,
0.034,LR,1,,,,,
0.035,PCA,0.707106781186548,,,,,
0.035,K's tau,28.5714285714286,,,,,
0.035,Winsor,1,,,,,
0.035,Quad,1,,,,,
0.035,Ball,1,,,,,
0.035,Shell,0,,,,,
0.035,LR,1,,,,,
0.036,PCA,0.707106781186548,,,,,
0.036,K's tau,27.7777777777778,,,,,
0.036,Winsor,1,,,,,
0.036,Quad,1,,,,,
0.036,Ball,1,,,,,
0.036,Shell,0,,,,,
0.036,LR,1,,,,,
0.037,PCA,0.707106781186548,,,,,
0.037,K's tau,27.027027027027,,,,,
0.037,Winsor,1,,,,,
0.037,Quad,1,,,,,
0.037,Ball,1,,,,,
0.037,Shell,0,,,,,
0.037,LR,1,,,,,
0.038,PCA,0.707106781186548,,,,,
0.038,K's tau,26.3157894736842,,,,,
0.038,Winsor,1,,,,,
0.038,Quad,1,,,,,
0.038,Ball,1,,,,,
0.038,Shell,0,,,,,
0.038,LR,1,,,,,
0.039,PCA,0.707106781186548,,,,,
0.039,K's tau,25.6410256410256,,,,,
0.039,Winsor,1,,,,,
0.039,Quad,1,,,,,
0.039,Ball,1,,,,,
0.039,Shell,0,,,,,
0.039,LR,1,,,,,
0.04,PCA,0.707106781186548,,,,,
0.04,K's tau,25,,,,,
0.04,Winsor,1,,,,,
0.04,Quad,1,,,,,
0.04,Ball,1,,,,,
0.04,Shell,0,,,,,
0.04,LR,1,,,,,
0.041,PCA,0.707106781186548,,,,,
0.041,K's tau,24.390243902439,,,,,
0.041,Winsor,1,,,,,
0.041,Quad,1,,,,,
0.041,Ball,1,,,,,
0.041,Shell,0,,,,,
0.041,LR,1,,,,,
0.042,PCA,0.707106781186548,,,,,
0.042,K's tau,23.8095238095238,,,,,
0.042,Winsor,1,,,,,
0.042,Quad,1,,,,,
0.042,Ball,1,,,,,
0.042,Shell,0,,,,,
0.042,LR,1,,,,,
0.043,PCA,0.707106781186548,,,,,
0.043,K's tau,23.2558139534884,,,,,
0.043,Winsor,1,,,,,
0.043,Quad,1,,,,,
0.043,Ball,1,,,,,
0.043,Shell,0,,,,,
0.043,LR,1,,,,,
0.044,PCA,0.707106781186548,,,,,
0.044,K's tau,22.7272727272727,,,,,
0.044,Winsor,1,,,,,
0.044,Quad,1,,,,,
0.044,Ball,1,,,,,
0.044,Shell,0,,,,,
0.044,LR,1,,,,,
0.045,PCA,0.707106781186548,,,,,
0.045,K's tau,22.2222222222222,,,,,
0.045,Winsor,1,,,,,
0.045,Quad,1,,,,,
0.045,Ball,1,,,,,
0.045,Shell,0,,,,,
0.045,LR,1,,,,,
0.046,PCA,0.707106781186548,,,,,
0.046,K's tau,21.7391304347826,,,,,
0.046,Winsor,1,,,,,
0.046,Quad,1,,,,,
0.046,Ball,1,,,,,
0.046,Shell,0,,,,,
0.046,LR,1,,,,,
0.047,PCA,0.707106781186548,,,,,
0.047,K's tau,21.2765957446809,,,,,
0.047,Winsor,1,,,,,
0.047,Quad,1,,,,,
0.047,Ball,1,,,,,
0.047,Shell,0,,,,,
0.047,LR,1,,,,,
0.048,PCA,0.707106781186548,,,,,
0.048,K's tau,20.8333333333333,,,,,
0.048,Winsor,1,,,,,
0.048,Quad,1,,,,,
0.048,Ball,1,,,,,
0.048,Shell,0,,,,,
0.048,LR,1,,,,,
0.049,PCA,0.707106781186548,,,,,
0.049,K's tau,20.4081632653061,,,,,
0.049,Winsor,1,,,,,
0.049,Quad,1,,,,,
0.049,Ball,1,,,,,
0.049,Shell,0,,,,,
0.049,LR,1,,,,,
0.05,PCA,0.707106781186548,,,,,
0.05,K's tau,20,,,,,
0.05,Winsor,1,,,,,
0.05,Quad,1,,,,,
0.05,Ball,1,,,,,
0.05,Shell,0,,,,,
0.05,LR,1,,,,,
0.051,PCA,0.707106781186548,,,,,
0.051,K's tau,19.6078431372549,,,,,
0.051,Winsor,1,,,,,
0.051,Quad,1,,,,,
0.051,Ball,1,,,,,
0.051,Shell,0,,,,,
0.051,LR,1,,,,,
0.052,PCA,0.707106781186548,,,,,
0.052,K's tau,19.2307692307692,,,,,
0.052,Winsor,1,,,,,
0.052,Quad,1,,,,,
0.052,Ball,1,,,,,
0.052,Shell,0,,,,,
0.052,LR,1,,,,,
0.053,PCA,0.707106781186548,,,,,
0.053,K's tau,18.8679245283019,,,,,
0.053,Winsor,1,,,,,
0.053,Quad,1,,,,,
0.053,Ball,1,,,,,
0.053,Shell,0,,,,,
0.053,LR,1,,,,,
0.054,PCA,0.707106781186548,,,,,
0.054,K's tau,18.5185185185185,,,,,
0.054,Winsor,1,,,,,
0.054,Quad,1,,,,,
0.054,Ball,1,,,,,
0.054,Shell,0,,,,,
0.054,LR,1,,,,,
0.055,PCA,0.707106781186548,,,,,
0.055,K's tau,18.1818181818182,,,,,
0.055,Winsor,1,,,,,
0.055,Quad,1,,,,,
0.055,Ball,1,,,,,
0.055,Shell,0,,,,,
0.055,LR,1,,,,,
0.056,PCA,0.707106781186548,,,,,
0.056,K's tau,17.8571428571429,,,,,
0.056,Winsor,1,,,,,
0.056,Quad,1,,,,,
0.056,Ball,1,,,,,
0.056,Shell,0,,,,,
0.056,LR,1,,,,,
0.057,PCA,0.707106781186548,,,,,
0.057,K's tau,17.5438596491228,,,,,
0.057,Winsor,1,,,,,
0.057,Quad,1,,,,,
0.057,Ball,1,,,,,
0.057,Shell,0,,,,,
0.057,LR,1,,,,,
0.058,PCA,0.707106781186548,,,,,
0.058,K's tau,17.2413793103448,,,,,
0.058,Winsor,1,,,,,
0.058,Quad,1,,,,,
0.058,Ball,1,,,,,
0.058,Shell,0,,,,,
0.058,LR,1,,,,,
0.059,PCA,0.707106781186548,,,,,
0.059,K's tau,16.9491525423729,,,,,
0.059,Winsor,1,,,,,
0.059,Quad,1,,,,,
0.059,Ball,1,,,,,
0.059,Shell,0,,,,,
0.059,LR,1,,,,,
0.06,PCA,0.707106781186548,,,,,
0.06,K's tau,16.6666666666667,,,,,
0.06,Winsor,1,,,,,
0.06,Quad,1,,,,,
0.06,Ball,1,,,,,
0.06,Shell,0,,,,,
0.06,LR,1,,,,,
0.061,PCA,0.707106781186548,,,,,
0.061,K's tau,16.3934426229508,,,,,
0.061,Winsor,1,,,,,
0.061,Quad,1,,,,,
0.061,Ball,1,,,,,
0.061,Shell,0,,,,,
0.061,LR,1,,,,,
0.062,PCA,0.707106781186548,,,,,
0.062,K's tau,16.1290322580645,,,,,
0.062,Winsor,1,,,,,
0.062,Quad,1,,,,,
0.062,Ball,1,,,,,
0.062,Shell,0,,,,,
0.062,LR,1,,,,,
0.063,PCA,0.707106781186548,,,,,
0.063,K's tau,15.8730158730159,,,,,
0.063,Winsor,1,,,,,
0.063,Quad,1,,,,,
0.063,Ball,1,,,,,
0.063,Shell,0,,,,,
0.063,LR,1,,,,,
0.064,PCA,0.707106781186548,,,,,
0.064,K's tau,15.625,,,,,
0.064,Winsor,1,,,,,
0.064,Quad,1,,,,,
0.064,Ball,1,,,,,
0.064,Shell,0,,,,,
0.064,LR,1,,,,,
0.065,PCA,0.707106781186548,,,,,
0.065,K's tau,15.3846153846154,,,,,
0.065,Winsor,1,,,,,
0.065,Quad,1,,,,,
0.065,Ball,1,,,,,
0.065,Shell,0,,,,,
0.065,LR,1,,,,,
0.066,PCA,0.707106781186548,,,,,
0.066,K's tau,15.1515151515152,,,,,
0.066,Winsor,1,,,,,
0.066,Quad,1,,,,,
0.066,Ball,1,,,,,
0.066,Shell,0,,,,,
0.066,LR,1,,,,,
0.067,PCA,0.707106781186548,,,,,
0.067,K's tau,14.9253731343284,,,,,
0.067,Winsor,1,,,,,
0.067,Quad,1,,,,,
0.067,Ball,1,,,,,
0.067,Shell,0,,,,,
0.067,LR,1,,,,,
0.068,PCA,0.707106781186548,,,,,
0.068,K's tau,14.7058823529412,,,,,
0.068,Winsor,1,,,,,
0.068,Quad,1,,,,,
0.068,Ball,1,,,,,
0.068,Shell,0,,,,,
0.068,LR,1,,,,,
0.069,PCA,0.707106781186548,,,,,
0.069,K's tau,14.4927536231884,,,,,
0.069,Winsor,1,,,,,
0.069,Quad,1,,,,,
0.069,Ball,1,,,,,
0.069,Shell,0,,,,,
0.069,LR,1,,,,,
0.07,PCA,0.707106781186548,,,,,
0.07,K's tau,14.2857142857143,,,,,
0.07,Winsor,1,,,,,
0.07,Quad,1,,,,,
0.07,Ball,1,,,,,
0.07,Shell,0,,,,,
0.07,LR,1,,,,,
0.071,PCA,0.707106781186548,,,,,
0.071,K's tau,14.0845070422535,,,,,
0.071,Winsor,1,,,,,
0.071,Quad,1,,,,,
0.071,Ball,1,,,,,
0.071,Shell,0,,,,,
0.071,LR,1,,,,,
0.072,PCA,0.707106781186548,,,,,
0.072,K's tau,13.8888888888889,,,,,
0.072,Winsor,1,,,,,
0.072,Quad,1,,,,,
0.072,Ball,1,,,,,
0.072,Shell,0,,,,,
0.072,LR,1,,,,,
0.073,PCA,0.707106781186548,,,,,
0.073,K's tau,13.6986301369863,,,,,
0.073,Winsor,1,,,,,
0.073,Quad,1,,,,,
0.073,Ball,1,,,,,
0.073,Shell,0,,,,,
0.073,LR,1,,,,,
0.074,PCA,0.707106781186548,,,,,
0.074,K's tau,13.5135135135135,,,,,
0.074,Winsor,1,,,,,
0.074,Quad,1,,,,,
0.074,Ball,1,,,,,
0.074,Shell,0,,,,,
0.074,LR,1,,,,,
0.075,PCA,0.707106781186548,,,,,
0.075,K's tau,13.3333333333333,,,,,
0.075,Winsor,1,,,,,
0.075,Quad,1,,,,,
0.075,Ball,1,,,,,
0.075,Shell,0,,,,,
0.075,LR,1,,,,,
0.076,PCA,0.707106781186548,,,,,
0.076,K's tau,13.1578947368421,,,,,
0.076,Winsor,1,,,,,
0.076,Quad,1,,,,,
0.076,Ball,1,,,,,
0.076,Shell,0,,,,,
0.076,LR,1,,,,,
0.077,PCA,0.707106781186548,,,,,
0.077,K's tau,12.987012987013,,,,,
0.077,Winsor,1,,,,,
0.077,Quad,1,,,,,
0.077,Ball,1,,,,,
0.077,Shell,0,,,,,
0.077,LR,1,,,,,
0.078,PCA,0.707106781186548,,,,,
0.078,K's tau,12.8205128205128,,,,,
0.078,Winsor,1,,,,,
0.078,Quad,1,,,,,
0.078,Ball,1,,,,,
0.078,Shell,0,,,,,
0.078,LR,1,,,,,
0.079,PCA,0.707106781186548,,,,,
0.079,K's tau,12.6582278481013,,,,,
0.079,Winsor,1,,,,,
0.079,Quad,1,,,,,
0.079,Ball,1,,,,,
0.079,Shell,0,,,,,
0.079,LR,1,,,,,
0.08,PCA,0.707106781186548,,,,,
0.08,K's tau,12.5,,,,,
0.08,Winsor,1,,,,,
0.08,Quad,1,,,,,
0.08,Ball,1,,,,,
0.08,Shell,0,,,,,
0.08,LR,1,,,,,
0.081,PCA,0.707106781186548,,,,,
0.081,K's tau,12.3456790123457,,,,,
0.081,Winsor,1,,,,,
0.081,Quad,1,,,,,
0.081,Ball,1,,,,,
0.081,Shell,0,,,,,
0.081,LR,1,,,,,
0.082,PCA,0.707106781186548,,,,,
0.082,K's tau,12.1951219512195,,,,,
0.082,Winsor,1,,,,,
0.082,Quad,1,,,,,
0.082,Ball,1,,,,,
0.082,Shell,0,,,,,
0.082,LR,1,,,,,
0.083,PCA,0.707106781186548,,,,,
0.083,K's tau,12.0481927710843,,,,,
0.083,Winsor,1,,,,,
0.083,Quad,1,,,,,
0.083,Ball,1,,,,,
0.083,Shell,0,,,,,
0.083,LR,1,,,,,
0.084,PCA,0.707106781186548,,,,,
0.084,K's tau,11.9047619047619,,,,,
0.084,Winsor,1,,,,,
0.084,Quad,1,,,,,
0.084,Ball,1,,,,,
0.084,Shell,0,,,,,
0.084,LR,1,,,,,
0.085,PCA,0.707106781186548,,,,,
0.085,K's tau,11.7647058823529,,,,,
0.085,Winsor,1,,,,,
0.085,Quad,1,,,,,
0.085,Ball,1,,,,,
0.085,Shell,0,,,,,
0.085,LR,1,,,,,
0.086,PCA,0.707106781186548,,,,,
0.086,K's tau,11.6279069767442,,,,,
0.086,Winsor,1,,,,,
0.086,Quad,1,,,,,
0.086,Ball,1,,,,,
0.086,Shell,0,,,,,
0.086,LR,1,,,,,
0.087,PCA,0.707106781186548,,,,,
0.087,K's tau,11.4942528735632,,,,,
0.087,Winsor,1,,,,,
0.087,Quad,1,,,,,
0.087,Ball,1,,,,,
0.087,Shell,0,,,,,
0.087,LR,1,,,,,
0.088,PCA,0.707106781186548,,,,,
0.088,K's tau,11.3636363636364,,,,,
0.088,Winsor,1,,,,,
0.088,Quad,1,,,,,
0.088,Ball,1,,,,,
0.088,Shell,0,,,,,
0.088,LR,1,,,,,
0.089,PCA,0.707106781186548,,,,,
0.089,K's tau,11.2359550561798,,,,,
0.089,Winsor,1,,,,,
0.089,Quad,1,,,,,
0.089,Ball,1,,,,,
0.089,Shell,0,,,,,
0.089,LR,1,,,,,
0.09,PCA,0.707106781186548,,,,,
0.09,K's tau,11.1111111111111,,,,,
0.09,Winsor,1,,,,,
0.09,Quad,1,,,,,
0.09,Ball,1,,,,,
0.09,Shell,0,,,,,
0.09,LR,1,,,,,
0.091,PCA,0.707106781186548,,,,,
0.091,K's tau,10.989010989011,,,,,
0.091,Winsor,1,,,,,
0.091,Quad,1,,,,,
0.091,Ball,1,,,,,
0.091,Shell,0,,,,,
0.091,LR,1,,,,,
0.092,PCA,0.707106781186548,,,,,
0.092,K's tau,10.8695652173913,,,,,
0.092,Winsor,1,,,,,
0.092,Quad,1,,,,,
0.092,Ball,1,,,,,
0.092,Shell,0,,,,,
0.092,LR,1,,,,,
0.093,PCA,0.707106781186548,,,,,
0.093,K's tau,10.752688172043,,,,,
0.093,Winsor,1,,,,,
0.093,Quad,1,,,,,
0.093,Ball,1,,,,,
0.093,Shell,0,,,,,
0.093,LR,1,,,,,
0.094,PCA,0.707106781186548,,,,,
0.094,K's tau,10.6382978723404,,,,,
0.094,Winsor,1,,,,,
0.094,Quad,1,,,,,
0.094,Ball,1,,,,,
0.094,Shell,0,,,,,
0.094,LR,1,,,,,
0.095,PCA,0.707106781186548,,,,,
0.095,K's tau,10.5263157894737,,,,,
0.095,Winsor,1,,,,,
0.095,Quad,1,,,,,
0.095,Ball,1,,,,,
0.095,Shell,0,,,,,
0.095,LR,1,,,,,
0.096,PCA,0.707106781186548,,,,,
0.096,K's tau,10.4166666666667,,,,,
0.096,Winsor,1,,,,,
0.096,Quad,1,,,,,
0.096,Ball,1,,,,,
0.096,Shell,0,,,,,
0.096,LR,1,,,,,
0.097,PCA,0.707106781186548,,,,,
0.097,K's tau,10.3092783505155,,,,,
0.097,Winsor,1,,,,,
0.097,Quad,1,,,,,
0.097,Ball,1,,,,,
0.097,Shell,0,,,,,
0.097,LR,1,,,,,
0.098,PCA,0.707106781186548,,,,,
0.098,K's tau,10.2040816326531,,,,,
0.098,Winsor,1,,,,,
0.098,Quad,1,,,,,
0.098,Ball,1,,,,,
0.098,Shell,0,,,,,
0.098,LR,1,,,,,
0.099,PCA,0.707106781186548,,,,,
0.099,K's tau,10.1010101010101,,,,,
0.099,Winsor,1,,,,,
0.099,Quad,1,,,,,
0.099,Ball,1,,,,,
0.099,Shell,0,,,,,
0.099,LR,1,,,,,
0.1,PCA,0.707106781186548,,,,,
0.1,K's tau,10,,,,,
0.1,Winsor,1,,,,,
0.1,Quad,1,,,,,
0.1,Ball,1,,,,,
0.1,Shell,0,,,,,
0.1,LR,1,,,,,
0.101,PCA,0.707106781186548,,,,,
0.101,K's tau,9.9009900990099,,,,,
0.101,Winsor,1,,,,,
0.101,Quad,1,,,,,
0.101,Ball,1,,,,,
0.101,Shell,0,,,,,
0.101,LR,1,,,,,
0.102,PCA,0.707106781186548,,,,,
0.102,K's tau,9.80392156862745,,,,,
0.102,Winsor,1,,,,,
0.102,Quad,1,,,,,
0.102,Ball,1,,,,,
0.102,Shell,0,,,,,
0.102,LR,1,,,,,
0.103,PCA,0.707106781186548,,,,,
0.103,K's tau,9.70873786407767,,,,,
0.103,Winsor,1,,,,,
0.103,Quad,1,,,,,
0.103,Ball,1,,,,,
0.103,Shell,0,,,,,
0.103,LR,1,,,,,
0.104,PCA,0.707106781186548,,,,,
0.104,K's tau,9.61538461538461,,,,,
0.104,Winsor,1,,,,,
0.104,Quad,1,,,,,
0.104,Ball,1,,,,,
0.104,Shell,0,,,,,
0.104,LR,1,,,,,
0.105,PCA,0.707106781186548,,,,,
0.105,K's tau,9.52380952380952,,,,,
0.105,Winsor,1,,,,,
0.105,Quad,1,,,,,
0.105,Ball,1,,,,,
0.105,Shell,0,,,,,
0.105,LR,1,,,,,
0.106,PCA,0.707106781186548,,,,,
0.106,K's tau,9.43396226415094,,,,,
0.106,Winsor,1,,,,,
0.106,Quad,1,,,,,
0.106,Ball,1,,,,,
0.106,Shell,0,,,,,
0.106,LR,1,,,,,
0.107,PCA,0.707106781186548,,,,,
0.107,K's tau,9.34579439252336,,,,,
0.107,Winsor,1,,,,,
0.107,Quad,1,,,,,
0.107,Ball,1,,,,,
0.107,Shell,0,,,,,
0.107,LR,1,,,,,
0.108,PCA,0.707106781186548,,,,,
0.108,K's tau,9.25925925925926,,,,,
0.108,Winsor,1,,,,,
0.108,Quad,1,,,,,
0.108,Ball,1,,,,,
0.108,Shell,0,,,,,
0.108,LR,1,,,,,
0.109,PCA,0.707106781186548,,,,,
0.109,K's tau,9.1743119266055,,,,,
0.109,Winsor,1,,,,,
0.109,Quad,1,,,,,
0.109,Ball,1,,,,,
0.109,Shell,0,,,,,
0.109,LR,1,,,,,
0.11,PCA,0.707106781186548,,,,,
0.11,K's tau,9.09090909090909,,,,,
0.11,Winsor,1,,,,,
0.11,Quad,1,,,,,
0.11,Ball,1,,,,,
0.11,Shell,0,,,,,
0.11,LR,1,,,,,
0.111,PCA,0.707106781186548,,,,,
0.111,K's tau,9.00900900900901,,,,,
0.111,Winsor,1,,,,,
0.111,Quad,1,,,,,
0.111,Ball,1,,,,,
0.111,Shell,0,,,,,
0.111,LR,1,,,,,
0.112,PCA,0.707106781186548,,,,,
0.112,K's tau,8.92857142857143,,,,,
0.112,Winsor,1,,,,,
0.112,Quad,1,,,,,
0.112,Ball,1,,,,,
0.112,Shell,0,,,,,
0.112,LR,1,,,,,
0.113,PCA,0.707106781186548,,,,,
0.113,K's tau,8.84955752212389,,,,,
0.113,Winsor,1,,,,,
0.113,Quad,1,,,,,
0.113,Ball,1,,,,,
0.113,Shell,0,,,,,
0.113,LR,1,,,,,
0.114,PCA,0.707106781186548,,,,,
0.114,K's tau,8.7719298245614,,,,,
0.114,Winsor,1,,,,,
0.114,Quad,1,,,,,
0.114,Ball,1,,,,,
0.114,Shell,0,,,,,
0.114,LR,1,,,,,
0.115,PCA,0.707106781186548,,,,,
0.115,K's tau,8.69565217391305,,,,,
0.115,Winsor,1,,,,,
0.115,Quad,1,,,,,
0.115,Ball,1,,,,,
0.115,Shell,0,,,,,
0.115,LR,1,,,,,
0.116,PCA,0.707106781186548,,,,,
0.116,K's tau,8.62068965517242,,,,,
0.116,Winsor,1,,,,,
0.116,Quad,1,,,,,
0.116,Ball,1,,,,,
0.116,Shell,0,,,,,
0.116,LR,1,,,,,
0.117,PCA,0.707106781186548,,,,,
0.117,K's tau,8.54700854700855,,,,,
0.117,Winsor,1,,,,,
0.117,Quad,1,,,,,
0.117,Ball,1,,,,,
0.117,Shell,0,,,,,
0.117,LR,1,,,,,
0.118,PCA,0.707106781186548,,,,,
0.118,K's tau,8.47457627118644,,,,,
0.118,Winsor,1,,,,,
0.118,Quad,1,,,,,
0.118,Ball,1,,,,,
0.118,Shell,0,,,,,
0.118,LR,1,,,,,
0.119,PCA,0.707106781186548,,,,,
0.119,K's tau,8.40336134453782,,,,,
0.119,Winsor,1,,,,,
0.119,Quad,1,,,,,
0.119,Ball,1,,,,,
0.119,Shell,0,,,,,
0.119,LR,1,,,,,
0.12,PCA,0.707106781186548,,,,,
0.12,K's tau,8.33333333333333,,,,,
0.12,Winsor,1,,,,,
0.12,Quad,1,,,,,
0.12,Ball,1,,,,,
0.12,Shell,0,,,,,
0.12,LR,1,,,,,
0.121,PCA,0.707106781186548,,,,,
0.121,K's tau,8.26446280991736,,,,,
0.121,Winsor,1,,,,,
0.121,Quad,1,,,,,
0.121,Ball,1,,,,,
0.121,Shell,0,,,,,
0.121,LR,1,,,,,
0.122,PCA,0.707106781186548,,,,,
0.122,K's tau,8.19672131147541,,,,,
0.122,Winsor,1,,,,,
0.122,Quad,1,,,,,
0.122,Ball,1,,,,,
0.122,Shell,0,,,,,
0.122,LR,1,,,,,
0.123,PCA,0.707106781186548,,,,,
0.123,K's tau,8.13008130081301,,,,,
0.123,Winsor,1,,,,,
0.123,Quad,1,,,,,
0.123,Ball,1,,,,,
0.123,Shell,0,,,,,
0.123,LR,1,,,,,
0.124,PCA,0.707106781186548,,,,,
0.124,K's tau,8.06451612903226,,,,,
0.124,Winsor,1,,,,,
0.124,Quad,1,,,,,
0.124,Ball,1,,,,,
0.124,Shell,0,,,,,
0.124,LR,1,,,,,
0.125,PCA,0.707106781186548,,,,,
0.125,K's tau,8,,,,,
0.125,Winsor,1,,,,,
0.125,Quad,1,,,,,
0.125,Ball,1,,,,,
0.125,Shell,0,,,,,
0.125,LR,1,,,,,
0.126,PCA,0.707106781186548,,,,,
0.126,K's tau,7.93650793650794,,,,,
0.126,Winsor,1,,,,,
0.126,Quad,1,,,,,
0.126,Ball,1,,,,,
0.126,Shell,0,,,,,
0.126,LR,1,,,,,
0.127,PCA,0.707106781186548,,,,,
0.127,K's tau,7.8740157480315,,,,,
0.127,Winsor,1,,,,,
0.127,Quad,1,,,,,
0.127,Ball,1,,,,,
0.127,Shell,0,,,,,
0.127,LR,1,,,,,
0.128,PCA,0.707106781186548,,,,,
0.128,K's tau,7.8125,,,,,
0.128,Winsor,1,,,,,
0.128,Quad,1,,,,,
0.128,Ball,1,,,,,
0.128,Shell,0,,,,,
0.128,LR,1,,,,,
0.129,PCA,0.707106781186548,,,,,
0.129,K's tau,7.75193798449612,,,,,
0.129,Winsor,1,,,,,
0.129,Quad,1,,,,,
0.129,Ball,1,,,,,
0.129,Shell,0,,,,,
0.129,LR,1,,,,,
0.13,PCA,0.707106781186548,,,,,
0.13,K's tau,7.69230769230769,,,,,
0.13,Winsor,1,,,,,
0.13,Quad,1,,,,,
0.13,Ball,1,,,,,
0.13,Shell,0,,,,,
0.13,LR,1,,,,,
0.131,PCA,0.707106781186548,,,,,
0.131,K's tau,7.63358778625954,,,,,
0.131,Winsor,1,,,,,
0.131,Quad,1,,,,,
0.131,Ball,1,,,,,
0.131,Shell,0,,,,,
0.131,LR,1,,,,,
0.132,PCA,0.707106781186548,,,,,
0.132,K's tau,7.57575757575758,,,,,
0.132,Winsor,1,,,,,
0.132,Quad,1,,,,,
0.132,Ball,1,,,,,
0.132,Shell,0,,,,,
0.132,LR,1,,,,,
0.133,PCA,0.707106781186548,,,,,
0.133,K's tau,7.5187969924812,,,,,
0.133,Winsor,1,,,,,
0.133,Quad,1,,,,,
0.133,Ball,1,,,,,
0.133,Shell,0,,,,,
0.133,LR,1,,,,,
0.134,PCA,0.707106781186548,,,,,
0.134,K's tau,7.46268656716418,,,,,
0.134,Winsor,1,,,,,
0.134,Quad,1,,,,,
0.134,Ball,1,,,,,
0.134,Shell,0,,,,,
0.134,LR,1,,,,,
0.135,PCA,0.707106781186548,,,,,
0.135,K's tau,7.40740740740741,,,,,
0.135,Winsor,1,,,,,
0.135,Quad,1,,,,,
0.135,Ball,1,,,,,
0.135,Shell,0,,,,,
0.135,LR,1,,,,,
0.136,PCA,0.707106781186548,,,,,
0.136,K's tau,7.35294117647059,,,,,
0.136,Winsor,1,,,,,
0.136,Quad,1,,,,,
0.136,Ball,1,,,,,
0.136,Shell,0,,,,,
0.136,LR,1,,,,,
0.137,PCA,0.707106781186548,,,,,
0.137,K's tau,7.2992700729927,,,,,
0.137,Winsor,1,,,,,
0.137,Quad,1,,,,,
0.137,Ball,1,,,,,
0.137,Shell,0,,,,,
0.137,LR,1,,,,,
0.138,PCA,0.707106781186548,,,,,
0.138,K's tau,7.2463768115942,,,,,
0.138,Winsor,1,,,,,
0.138,Quad,1,,,,,
0.138,Ball,1,,,,,
0.138,Shell,0,,,,,
0.138,LR,1,,,,,
0.139,PCA,0.707106781186548,,,,,
0.139,K's tau,7.19424460431655,,,,,
0.139,Winsor,1,,,,,
0.139,Quad,1,,,,,
0.139,Ball,1,,,,,
0.139,Shell,0,,,,,
0.139,LR,1,,,,,
0.14,PCA,0.707106781186548,,,,,
0.14,K's tau,7.14285714285714,,,,,
0.14,Winsor,1,,,,,
0.14,Quad,1,,,,,
0.14,Ball,1,,,,,
0.14,Shell,0,,,,,
0.14,LR,1,,,,,
0.141,PCA,0.707106781186548,,,,,
0.141,K's tau,7.09219858156028,,,,,
0.141,Winsor,1,,,,,
0.141,Quad,1,,,,,
0.141,Ball,1,,,,,
0.141,Shell,0,,,,,
0.141,LR,1,,,,,
0.142,PCA,0.707106781186548,,,,,
0.142,K's tau,7.04225352112676,,,,,
0.142,Winsor,1,,,,,
0.142,Quad,1,,,,,
0.142,Ball,1,,,,,
0.142,Shell,0,,,,,
0.142,LR,1,,,,,
0.143,PCA,0.707106781186548,,,,,
0.143,K's tau,6.99300699300699,,,,,
0.143,Winsor,1,,,,,
0.143,Quad,1,,,,,
0.143,Ball,1,,,,,
0.143,Shell,0,,,,,
0.143,LR,1,,,,,
0.144,PCA,0.707106781186548,,,,,
0.144,K's tau,6.94444444444444,,,,,
0.144,Winsor,1,,,,,
0.144,Quad,1,,,,,
0.144,Ball,1,,,,,
0.144,Shell,0,,,,,
0.144,LR,1,,,,,
0.145,PCA,0.707106781186548,,,,,
0.145,K's tau,6.89655172413793,,,,,
0.145,Winsor,1,,,,,
0.145,Quad,1,,,,,
0.145,Ball,1,,,,,
0.145,Shell,0,,,,,
0.145,LR,1,,,,,
0.146,PCA,0.707106781186548,,,,,
0.146,K's tau,6.84931506849315,,,,,
0.146,Winsor,1,,,,,
0.146,Quad,1,,,,,
0.146,Ball,1,,,,,
0.146,Shell,0,,,,,
0.146,LR,1,,,,,
0.147,PCA,0.707106781186548,,,,,
0.147,K's tau,6.80272108843537,,,,,
0.147,Winsor,1,,,,,
0.147,Quad,1,,,,,
0.147,Ball,1,,,,,
0.147,Shell,0,,,,,
0.147,LR,1,,,,,
0.148,PCA,0.707106781186548,,,,,
0.148,K's tau,6.75675675675676,,,,,
0.148,Winsor,1,,,,,
0.148,Quad,1,,,,,
0.148,Ball,1,,,,,
0.148,Shell,0,,,,,
0.148,LR,1,,,,,
0.149,PCA,0.707106781186548,,,,,
0.149,K's tau,6.71140939597315,,,,,
0.149,Winsor,1,,,,,
0.149,Quad,1,,,,,
0.149,Ball,1,,,,,
0.149,Shell,0,,,,,
0.149,LR,1,,,,,
0.15,PCA,0.707106781186548,,,,,
0.15,K's tau,6.66666666666667,,,,,
0.15,Winsor,1,,,,,
0.15,Quad,1,,,,,
0.15,Ball,1,,,,,
0.15,Shell,0,,,,,
0.15,LR,1,,,,,
0.151,PCA,0.707106781186548,,,,,
0.151,K's tau,6.62251655629139,,,,,
0.151,Winsor,1,,,,,
0.151,Quad,1,,,,,
0.151,Ball,1,,,,,
0.151,Shell,0,,,,,
0.151,LR,1,,,,,
0.152,PCA,0.707106781186548,,,,,
0.152,K's tau,6.57894736842105,,,,,
0.152,Winsor,1,,,,,
0.152,Quad,1,,,,,
0.152,Ball,1,,,,,
0.152,Shell,0,,,,,
0.152,LR,1,,,,,
0.153,PCA,0.707106781186548,,,,,
0.153,K's tau,6.5359477124183,,,,,
0.153,Winsor,1,,,,,
0.153,Quad,1,,,,,
0.153,Ball,1,,,,,
0.153,Shell,0,,,,,
0.153,LR,1,,,,,
0.154,PCA,0.707106781186548,,,,,
0.154,K's tau,6.49350649350649,,,,,
0.154,Winsor,1,,,,,
0.154,Quad,1,,,,,
0.154,Ball,1,,,,,
0.154,Shell,0,,,,,
0.154,LR,1,,,,,
0.155,PCA,0.707106781186548,,,,,
0.155,K's tau,6.45161290322581,,,,,
0.155,Winsor,1,,,,,
0.155,Quad,1,,,,,
0.155,Ball,1,,,,,
0.155,Shell,0,,,,,
0.155,LR,1,,,,,
0.156,PCA,0.707106781186548,,,,,
0.156,K's tau,6.41025641025641,,,,,
0.156,Winsor,1,,,,,
0.156,Quad,1,,,,,
0.156,Ball,1,,,,,
0.156,Shell,0,,,,,
0.156,LR,1,,,,,
0.157,PCA,0.707106781186548,,,,,
0.157,K's tau,6.36942675159236,,,,,
0.157,Winsor,1,,,,,
0.157,Quad,1,,,,,
0.157,Ball,1,,,,,
0.157,Shell,0,,,,,
0.157,LR,1,,,,,
0.158,PCA,0.707106781186548,,,,,
0.158,K's tau,6.32911392405063,,,,,
0.158,Winsor,1,,,,,
0.158,Quad,1,,,,,
0.158,Ball,1,,,,,
0.158,Shell,0,,,,,
0.158,LR,1,,,,,
0.159,PCA,0.707106781186548,,,,,
0.159,K's tau,6.28930817610063,,,,,
0.159,Winsor,1,,,,,
0.159,Quad,1,,,,,
0.159,Ball,1,,,,,
0.159,Shell,0,,,,,
0.159,LR,1,,,,,
0.16,PCA,0.707106781186548,,,,,
0.16,K's tau,6.25,,,,,
0.16,Winsor,1,,,,,
0.16,Quad,1,,,,,
0.16,Ball,1,,,,,
0.16,Shell,0,,,,,
0.16,LR,1,,,,,
0.161,PCA,0.707106781186548,,,,,
0.161,K's tau,6.2111801242236,,,,,
0.161,Winsor,1,,,,,
0.161,Quad,1,,,,,
0.161,Ball,1,,,,,
0.161,Shell,0,,,,,
0.161,LR,1,,,,,
0.162,PCA,0.707106781186548,,,,,
0.162,K's tau,6.17283950617284,,,,,
0.162,Winsor,1,,,,,
0.162,Quad,1,,,,,
0.162,Ball,1,,,,,
0.162,Shell,0,,,,,
0.162,LR,1,,,,,
0.163,PCA,0.707106781186548,,,,,
0.163,K's tau,6.13496932515337,,,,,
0.163,Winsor,1,,,,,
0.163,Quad,1,,,,,
0.163,Ball,1,,,,,
0.163,Shell,0,,,,,
0.163,LR,1,,,,,
0.164,PCA,0.707106781186548,,,,,
0.164,K's tau,6.09756097560976,,,,,
0.164,Winsor,1,,,,,
0.164,Quad,1,,,,,
0.164,Ball,1,,,,,
0.164,Shell,0,,,,,
0.164,LR,1,,,,,
0.165,PCA,0.707106781186548,,,,,
0.165,K's tau,6.06060606060606,,,,,
0.165,Winsor,1,,,,,
0.165,Quad,1,,,,,
0.165,Ball,1,,,,,
0.165,Shell,0,,,,,
0.165,LR,1,,,,,
0.166,PCA,0.707106781186548,,,,,
0.166,K's tau,6.02409638554217,,,,,
0.166,Winsor,1,,,,,
0.166,Quad,1,,,,,
0.166,Ball,1,,,,,
0.166,Shell,0,,,,,
0.166,LR,1,,,,,
0.167,PCA,0.707106781186548,,,,,
0.167,K's tau,5.98802395209581,,,,,
0.167,Winsor,1,,,,,
0.167,Quad,1,,,,,
0.167,Ball,1,,,,,
0.167,Shell,0,,,,,
0.167,LR,1,,,,,
0.168,PCA,0.707106781186548,,,,,
0.168,K's tau,5.95238095238095,,,,,
0.168,Winsor,1,,,,,
0.168,Quad,1,,,,,
0.168,Ball,1,,,,,
0.168,Shell,0,,,,,
0.168,LR,1,,,,,
0.169,PCA,0.707106781186548,,,,,
0.169,K's tau,5.91715976331361,,,,,
0.169,Winsor,1,,,,,
0.169,Quad,1,,,,,
0.169,Ball,1,,,,,
0.169,Shell,0,,,,,
0.169,LR,1,,,,,
0.17,PCA,0.707106781186548,,,,,
0.17,K's tau,5.88235294117647,,,,,
0.17,Winsor,1,,,,,
0.17,Quad,1,,,,,
0.17,Ball,1,,,,,
0.17,Shell,0,,,,,
0.17,LR,1,,,,,
0.171,PCA,0.707106781186548,,,,,
0.171,K's tau,5.84795321637427,,,,,
0.171,Winsor,1,,,,,
0.171,Quad,1,,,,,
0.171,Ball,1,,,,,
0.171,Shell,0,,,,,
0.171,LR,1,,,,,
0.172,PCA,0.707106781186548,,,,,
0.172,K's tau,5.81395348837209,,,,,
0.172,Winsor,1,,,,,
0.172,Quad,1,,,,,
0.172,Ball,1,,,,,
0.172,Shell,0,,,,,
0.172,LR,1,,,,,
0.173,PCA,0.707106781186548,,,,,
0.173,K's tau,5.78034682080925,,,,,
0.173,Winsor,1,,,,,
0.173,Quad,1,,,,,
0.173,Ball,1,,,,,
0.173,Shell,0,,,,,
0.173,LR,1,,,,,
0.174,PCA,0.707106781186548,,,,,
0.174,K's tau,5.74712643678161,,,,,
0.174,Winsor,1,,,,,
0.174,Quad,1,,,,,
0.174,Ball,1,,,,,
0.174,Shell,0,,,,,
0.174,LR,1,,,,,
0.175,PCA,0.707106781186548,,,,,
0.175,K's tau,5.71428571428571,,,,,
0.175,Winsor,1,,,,,
0.175,Quad,1,,,,,
0.175,Ball,1,,,,,
0.175,Shell,0,,,,,
0.175,LR,1,,,,,
0.176,PCA,0.707106781186548,,,,,
0.176,K's tau,5.68181818181818,,,,,
0.176,Winsor,1,,,,,
0.176,Quad,1,,,,,
0.176,Ball,1,,,,,
0.176,Shell,0,,,,,
0.176,LR,1,,,,,
0.177,PCA,0.707106781186548,,,,,
0.177,K's tau,5.64971751412429,,,,,
0.177,Winsor,1,,,,,
0.177,Quad,1,,,,,
0.177,Ball,1,,,,,
0.177,Shell,0,,,,,
0.177,LR,1,,,,,
0.178,PCA,0.707106781186548,,,,,
0.178,K's tau,5.61797752808989,,,,,
0.178,Winsor,1,,,,,
0.178,Quad,1,,,,,
0.178,Ball,1,,,,,
0.178,Shell,0,,,,,
0.178,LR,1,,,,,
0.179,PCA,0.707106781186548,,,,,
0.179,K's tau,5.58659217877095,,,,,
0.179,Winsor,1,,,,,
0.179,Quad,1,,,,,
0.179,Ball,1,,,,,
0.179,Shell,0,,,,,
0.179,LR,1,,,,,
0.18,PCA,0.707106781186548,,,,,
0.18,K's tau,5.55555555555555,,,,,
0.18,Winsor,1,,,,,
0.18,Quad,1,,,,,
0.18,Ball,1,,,,,
0.18,Shell,0,,,,,
0.18,LR,1,,,,,
0.181,PCA,0.707106781186548,,,,,
0.181,K's tau,5.52486187845304,,,,,
0.181,Winsor,1,,,,,
0.181,Quad,1,,,,,
0.181,Ball,1,,,,,
0.181,Shell,0,,,,,
0.181,LR,1,,,,,
0.182,PCA,0.707106781186548,,,,,
0.182,K's tau,5.49450549450549,,,,,
0.182,Winsor,1,,,,,
0.182,Quad,1,,,,,
0.182,Ball,1,,,,,
0.182,Shell,0,,,,,
0.182,LR,1,,,,,
0.183,PCA,0.707106781186548,,,,,
0.183,K's tau,5.46448087431694,,,,,
0.183,Winsor,1,,,,,
0.183,Quad,1,,,,,
0.183,Ball,1,,,,,
0.183,Shell,0,,,,,
0.183,LR,1,,,,,
0.184,PCA,0.707106781186548,,,,,
0.184,K's tau,5.43478260869565,,,,,
0.184,Winsor,1,,,,,
0.184,Quad,1,,,,,
0.184,Ball,1,,,,,
0.184,Shell,0,,,,,
0.184,LR,1,,,,,
0.185,PCA,0.707106781186548,,,,,
0.185,K's tau,5.4054054054054,,,,,
0.185,Winsor,1,,,,,
0.185,Quad,1,,,,,
0.185,Ball,1,,,,,
0.185,Shell,0,,,,,
0.185,LR,1,,,,,
0.186,PCA,0.707106781186548,,,,,
0.186,K's tau,5.37634408602151,,,,,
0.186,Winsor,1,,,,,
0.186,Quad,1,,,,,
0.186,Ball,1,,,,,
0.186,Shell,0,,,,,
0.186,LR,1,,,,,
0.187,PCA,0.707106781186548,,,,,
0.187,K's tau,5.3475935828877,,,,,
0.187,Winsor,1,,,,,
0.187,Quad,1,,,,,
0.187,Ball,1,,,,,
0.187,Shell,0,,,,,
0.187,LR,1,,,,,
0.188,PCA,0.707106781186548,,,,,
0.188,K's tau,5.31914893617021,,,,,
0.188,Winsor,1,,,,,
0.188,Quad,1,,,,,
0.188,Ball,1,,,,,
0.188,Shell,0,,,,,
0.188,LR,1,,,,,
0.189,PCA,0.707106781186548,,,,,
0.189,K's tau,5.29100529100529,,,,,
0.189,Winsor,1,,,,,
0.189,Quad,1,,,,,
0.189,Ball,1,,,,,
0.189,Shell,0,,,,,
0.189,LR,1,,,,,
0.19,PCA,0.707106781186548,,,,,
0.19,K's tau,5.26315789473684,,,,,
0.19,Winsor,1,,,,,
0.19,Quad,1,,,,,
0.19,Ball,1,,,,,
0.19,Shell,0,,,,,
0.19,LR,1,,,,,
0.191,PCA,0.707106781186548,,,,,
0.191,K's tau,5.23560209424084,,,,,
0.191,Winsor,1,,,,,
0.191,Quad,1,,,,,
0.191,Ball,1,,,,,
0.191,Shell,0,,,,,
0.191,LR,1,,,,,
0.192,PCA,0.707106781186548,,,,,
0.192,K's tau,5.20833333333333,,,,,
0.192,Winsor,1,,,,,
0.192,Quad,1,,,,,
0.192,Ball,1,,,,,
0.192,Shell,0,,,,,
0.192,LR,1,,,,,
0.193,PCA,0.707106781186548,,,,,
0.193,K's tau,5.18134715025907,,,,,
0.193,Winsor,1,,,,,
0.193,Quad,1,,,,,
0.193,Ball,1,,,,,
0.193,Shell,0,,,,,
0.193,LR,1,,,,,
0.194,PCA,0.707106781186548,,,,,
0.194,K's tau,5.15463917525773,,,,,
0.194,Winsor,1,,,,,
0.194,Quad,1,,,,,
0.194,Ball,1,,,,,
0.194,Shell,0,,,,,
0.194,LR,1,,,,,
0.195,PCA,0.707106781186548,,,,,
0.195,K's tau,5.12820512820513,,,,,
0.195,Winsor,1,,,,,
0.195,Quad,1,,,,,
0.195,Ball,1,,,,,
0.195,Shell,0,,,,,
0.195,LR,1,,,,,
0.196,PCA,0.707106781186548,,,,,
0.196,K's tau,5.10204081632653,,,,,
0.196,Winsor,1,,,,,
0.196,Quad,1,,,,,
0.196,Ball,1,,,,,
0.196,Shell,0,,,,,
0.196,LR,1,,,,,
0.197,PCA,0.707106781186548,,,,,
0.197,K's tau,5.0761421319797,,,,,
0.197,Winsor,1,,,,,
0.197,Quad,1,,,,,
0.197,Ball,1,,,,,
0.197,Shell,0,,,,,
0.197,LR,1,,,,,
0.198,PCA,0.707106781186548,,,,,
0.198,K's tau,5.05050505050505,,,,,
0.198,Winsor,1,,,,,
0.198,Quad,1,,,,,
0.198,Ball,1,,,,,
0.198,Shell,0,,,,,
0.198,LR,1,,,,,
0.199,PCA,0.707106781186548,,,,,
0.199,K's tau,5.0251256281407,,,,,
0.199,Winsor,1,,,,,
0.199,Quad,1,,,,,
0.199,Ball,1,,,,,
0.199,Shell,0,,,,,
0.199,LR,1,,,,,
0.2,PCA,0.707106781186548,,,,,
0.2,K's tau,5,,,,,
0.2,Winsor,1,,,,,
0.2,Quad,1,,,,,
0.2,Ball,1,,,,,
0.2,Shell,0,,,,,
0.2,LR,1,,,,,
0.201,PCA,0.707106781186548,,,,,
0.201,K's tau,4.97512437810945,,,,,
0.201,Winsor,1,,,,,
0.201,Quad,1,,,,,
0.201,Ball,1,,,,,
0.201,Shell,0,,,,,
0.201,LR,1,,,,,
0.202,PCA,0.707106781186548,,,,,
0.202,K's tau,4.95049504950495,,,,,
0.202,Winsor,1,,,,,
0.202,Quad,1,,,,,
0.202,Ball,1,,,,,
0.202,Shell,0,,,,,
0.202,LR,1,,,,,
0.203,PCA,0.707106781186548,,,,,
0.203,K's tau,4.92610837438424,,,,,
0.203,Winsor,1,,,,,
0.203,Quad,1,,,,,
0.203,Ball,1,,,,,
0.203,Shell,0,,,,,
0.203,LR,1,,,,,
0.204,PCA,0.707106781186548,,,,,
0.204,K's tau,4.90196078431373,,,,,
0.204,Winsor,1,,,,,
0.204,Quad,1,,,,,
0.204,Ball,1,,,,,
0.204,Shell,0,,,,,
0.204,LR,1,,,,,
0.205,PCA,0.707106781186548,,,,,
0.205,K's tau,4.87804878048781,,,,,
0.205,Winsor,1,,,,,
0.205,Quad,1,,,,,
0.205,Ball,1,,,,,
0.205,Shell,0,,,,,
0.205,LR,1,,,,,
0.206,PCA,0.707106781186548,,,,,
0.206,K's tau,4.85436893203884,,,,,
0.206,Winsor,1,,,,,
0.206,Quad,1,,,,,
0.206,Ball,1,,,,,
0.206,Shell,0,,,,,
0.206,LR,1,,,,,
0.207,PCA,0.707106781186548,,,,,
0.207,K's tau,4.83091787439614,,,,,
0.207,Winsor,1,,,,,
0.207,Quad,1,,,,,
0.207,Ball,1,,,,,
0.207,Shell,0,,,,,
0.207,LR,1,,,,,
0.208,PCA,0.707106781186548,,,,,
0.208,K's tau,4.80769230769231,,,,,
0.208,Winsor,1,,,,,
0.208,Quad,1,,,,,
0.208,Ball,1,,,,,
0.208,Shell,0,,,,,
0.208,LR,1,,,,,
0.209,PCA,0.707106781186548,,,,,
0.209,K's tau,4.78468899521531,,,,,
0.209,Winsor,1,,,,,
0.209,Quad,1,,,,,
0.209,Ball,1,,,,,
0.209,Shell,0,,,,,
0.209,LR,1,,,,,
0.21,PCA,0.707106781186548,,,,,
0.21,K's tau,4.76190476190476,,,,,
0.21,Winsor,1,,,,,
0.21,Quad,1,,,,,
0.21,Ball,1,,,,,
0.21,Shell,0,,,,,
0.21,LR,1,,,,,
0.211,PCA,0.707106781186548,,,,,
0.211,K's tau,4.73933649289099,,,,,
0.211,Winsor,1,,,,,
0.211,Quad,1,,,,,
0.211,Ball,1,,,,,
0.211,Shell,0,,,,,
0.211,LR,1,,,,,
0.212,PCA,0.707106781186548,,,,,
0.212,K's tau,4.71698113207547,,,,,
0.212,Winsor,1,,,,,
0.212,Quad,1,,,,,
0.212,Ball,1,,,,,
0.212,Shell,0,,,,,
0.212,LR,1,,,,,
0.213,PCA,0.707106781186548,,,,,
0.213,K's tau,4.69483568075117,,,,,
0.213,Winsor,1,,,,,
0.213,Quad,1,,,,,
0.213,Ball,1,,,,,
0.213,Shell,0,,,,,
0.213,LR,1,,,,,
0.214,PCA,0.707106781186548,,,,,
0.214,K's tau,4.67289719626168,,,,,
0.214,Winsor,1,,,,,
0.214,Quad,1,,,,,
0.214,Ball,1,,,,,
0.214,Shell,0,,,,,
0.214,LR,1,,,,,
0.215,PCA,0.707106781186548,,,,,
0.215,K's tau,4.65116279069767,,,,,
0.215,Winsor,1,,,,,
0.215,Quad,1,,,,,
0.215,Ball,1,,,,,
0.215,Shell,0,,,,,
0.215,LR,1,,,,,
0.216,PCA,0.707106781186548,,,,,
0.216,K's tau,4.62962962962963,,,,,
0.216,Winsor,1,,,,,
0.216,Quad,1,,,,,
0.216,Ball,1,,,,,
0.216,Shell,0,,,,,
0.216,LR,1,,,,,
0.217,PCA,0.707106781186548,,,,,
0.217,K's tau,4.60829493087558,,,,,
0.217,Winsor,1,,,,,
0.217,Quad,1,,,,,
0.217,Ball,1,,,,,
0.217,Shell,0,,,,,
0.217,LR,1,,,,,
0.218,PCA,0.707106781186548,,,,,
0.218,K's tau,4.58715596330275,,,,,
0.218,Winsor,1,,,,,
0.218,Quad,1,,,,,
0.218,Ball,1,,,,,
0.218,Shell,0,,,,,
0.218,LR,1,,,,,
0.219,PCA,0.707106781186548,,,,,
0.219,K's tau,4.5662100456621,,,,,
0.219,Winsor,1,,,,,
0.219,Quad,1,,,,,
0.219,Ball,1,,,,,
0.219,Shell,0,,,,,
0.219,LR,1,,,,,
0.22,PCA,0.707106781186548,,,,,
0.22,K's tau,4.54545454545455,,,,,
0.22,Winsor,1,,,,,
0.22,Quad,1,,,,,
0.22,Ball,1,,,,,
0.22,Shell,0,,,,,
0.22,LR,1,,,,,
0.221,PCA,0.707106781186548,,,,,
0.221,K's tau,4.52488687782805,,,,,
0.221,Winsor,1,,,,,
0.221,Quad,1,,,,,
0.221,Ball,1,,,,,
0.221,Shell,0,,,,,
0.221,LR,1,,,,,
0.222,PCA,0.707106781186548,,,,,
0.222,K's tau,4.50450450450451,,,,,
0.222,Winsor,1,,,,,
0.222,Quad,1,,,,,
0.222,Ball,1,,,,,
0.222,Shell,0,,,,,
0.222,LR,1,,,,,
0.223,PCA,0.707106781186548,,,,,
0.223,K's tau,4.48430493273543,,,,,
0.223,Winsor,1,,,,,
0.223,Quad,1,,,,,
0.223,Ball,1,,,,,
0.223,Shell,0,,,,,
0.223,LR,1,,,,,
0.224,PCA,0.707106781186548,,,,,
0.224,K's tau,4.46428571428571,,,,,
0.224,Winsor,1,,,,,
0.224,Quad,1,,,,,
0.224,Ball,1,,,,,
0.224,Shell,0,,,,,
0.224,LR,1,,,,,
0.225,PCA,0.707106781186548,,,,,
0.225,K's tau,4.44444444444444,,,,,
0.225,Winsor,1,,,,,
0.225,Quad,1,,,,,
0.225,Ball,1,,,,,
0.225,Shell,0,,,,,
0.225,LR,1,,,,,
0.226,PCA,0.707106781186548,,,,,
0.226,K's tau,4.42477876106195,,,,,
0.226,Winsor,1,,,,,
0.226,Quad,1,,,,,
0.226,Ball,1,,,,,
0.226,Shell,0,,,,,
0.226,LR,1,,,,,
0.227,PCA,0.707106781186548,,,,,
0.227,K's tau,4.40528634361233,,,,,
0.227,Winsor,1,,,,,
0.227,Quad,1,,,,,
0.227,Ball,1,,,,,
0.227,Shell,0,,,,,
0.227,LR,1,,,,,
0.228,PCA,0.707106781186548,,,,,
0.228,K's tau,4.3859649122807,,,,,
0.228,Winsor,1,,,,,
0.228,Quad,1,,,,,
0.228,Ball,1,,,,,
0.228,Shell,0,,,,,
0.228,LR,1,,,,,
0.229,PCA,0.707106781186548,,,,,
0.229,K's tau,4.36681222707424,,,,,
0.229,Winsor,1,,,,,
0.229,Quad,1,,,,,
0.229,Ball,1,,,,,
0.229,Shell,0,,,,,
0.229,LR,1,,,,,
0.23,PCA,0.707106781186548,,,,,
0.23,K's tau,4.34782608695652,,,,,
0.23,Winsor,1,,,,,
0.23,Quad,1,,,,,
0.23,Ball,1,,,,,
0.23,Shell,0,,,,,
0.23,LR,1,,,,,
0.231,PCA,0.707106781186548,,,,,
0.231,K's tau,4.32900432900433,,,,,
0.231,Winsor,1,,,,,
0.231,Quad,1,,,,,
0.231,Ball,1,,,,,
0.231,Shell,0,,,,,
0.231,LR,1,,,,,
0.232,PCA,0.707106781186548,,,,,
0.232,K's tau,4.31034482758621,,,,,
0.232,Winsor,1,,,,,
0.232,Quad,1,,,,,
0.232,Ball,1,,,,,
0.232,Shell,0,,,,,
0.232,LR,1,,,,,
0.233,PCA,0.707106781186548,,,,,
0.233,K's tau,4.29184549356223,,,,,
0.233,Winsor,1,,,,,
0.233,Quad,1,,,,,
0.233,Ball,1,,,,,
0.233,Shell,0,,,,,
0.233,LR,1,,,,,
0.234,PCA,0.707106781186548,,,,,
0.234,K's tau,4.27350427350427,,,,,
0.234,Winsor,1,,,,,
0.234,Quad,1,,,,,
0.234,Ball,1,,,,,
0.234,Shell,0,,,,,
0.234,LR,1,,,,,
0.235,PCA,0.707106781186548,,,,,
0.235,K's tau,4.25531914893617,,,,,
0.235,Winsor,1,,,,,
0.235,Quad,1,,,,,
0.235,Ball,1,,,,,
0.235,Shell,0,,,,,
0.235,LR,1,,,,,
0.236,PCA,0.707106781186548,,,,,
0.236,K's tau,4.23728813559322,,,,,
0.236,Winsor,1,,,,,
0.236,Quad,1,,,,,
0.236,Ball,1,,,,,
0.236,Shell,0,,,,,
0.236,LR,1,,,,,
0.237,PCA,0.707106781186548,,,,,
0.237,K's tau,4.21940928270042,,,,,
0.237,Winsor,1,,,,,
0.237,Quad,1,,,,,
0.237,Ball,1,,,,,
0.237,Shell,0,,,,,
0.237,LR,1,,,,,
0.238,PCA,0.707106781186548,,,,,
0.238,K's tau,4.20168067226891,,,,,
0.238,Winsor,1,,,,,
0.238,Quad,1,,,,,
0.238,Ball,1,,,,,
0.238,Shell,0,,,,,
0.238,LR,1,,,,,
0.239,PCA,0.707106781186548,,,,,
0.239,K's tau,4.18410041841004,,,,,
0.239,Winsor,1,,,,,
0.239,Quad,1,,,,,
0.239,Ball,1,,,,,
0.239,Shell,0,,,,,
0.239,LR,1,,,,,
0.24,PCA,0.707106781186548,,,,,
0.24,K's tau,4.16666666666667,,,,,
0.24,Winsor,1,,,,,
0.24,Quad,1,,,,,
0.24,Ball,1,,,,,
0.24,Shell,0,,,,,
0.24,LR,1,,,,,
0.241,PCA,0.707106781186548,,,,,
0.241,K's tau,4.149377593361,,,,,
0.241,Winsor,1,,,,,
0.241,Quad,1,,,,,
0.241,Ball,1,,,,,
0.241,Shell,0,,,,,
0.241,LR,1,,,,,
0.242,PCA,0.707106781186548,,,,,
0.242,K's tau,4.13223140495868,,,,,
0.242,Winsor,1,,,,,
0.242,Quad,1,,,,,
0.242,Ball,1,,,,,
0.242,Shell,0,,,,,
0.242,LR,1,,,,,
0.243,PCA,0.707106781186548,,,,,
0.243,K's tau,4.11522633744856,,,,,
0.243,Winsor,1,,,,,
0.243,Quad,1,,,,,
0.243,Ball,1,,,,,
0.243,Shell,0,,,,,
0.243,LR,1,,,,,
0.244,PCA,0.707106781186548,,,,,
0.244,K's tau,4.0983606557377,,,,,
0.244,Winsor,1,,,,,
0.244,Quad,1,,,,,
0.244,Ball,1,,,,,
0.244,Shell,0,,,,,
0.244,LR,1,,,,,
0.245,PCA,0.707106781186548,,,,,
0.245,K's tau,4.08163265306122,,,,,
0.245,Winsor,1,,,,,
0.245,Quad,1,,,,,
0.245,Ball,1,,,,,
0.245,Shell,0,,,,,
0.245,LR,1,,,,,
0.246,PCA,0.707106781186548,,,,,
0.246,K's tau,4.0650406504065,,,,,
0.246,Winsor,1,,,,,
0.246,Quad,1,,,,,
0.246,Ball,1,,,,,
0.246,Shell,0,,,,,
0.246,LR,1,,,,,
0.247,PCA,0.707106781186548,,,,,
0.247,K's tau,4.04858299595142,,,,,
0.247,Winsor,1,,,,,
0.247,Quad,1,,,,,
0.247,Ball,1,,,,,
0.247,Shell,0,,,,,
0.247,LR,1,,,,,
0.248,PCA,0.707106781186548,,,,,
0.248,K's tau,4.03225806451613,,,,,
0.248,Winsor,1,,,,,
0.248,Quad,1,,,,,
0.248,Ball,1,,,,,
0.248,Shell,0,,,,,
0.248,LR,1,,,,,
0.249,PCA,0.707106781186548,,,,,
0.249,K's tau,4.01606425702811,,,,,
0.249,Winsor,1,,,,,
0.249,Quad,1,,,,,
0.249,Ball,1,,,,,
0.249,Shell,0,,,,,
0.249,LR,1,,,,,
0.25,PCA,0.707106781186548,,,,,
0.25,K's tau,4,,,,,
0.25,Winsor,1,,,,,
0.25,Quad,1,,,,,
0.25,Ball,1,,,,,
0.25,Shell,0,,,,,
0.25,LR,1,,,,,
0.251,PCA,0.707106781186548,,,,,
0.251,K's tau,3.98406374501992,,,,,
0.251,Winsor,1,,,,,
0.251,Quad,1,,,,,
0.251,Ball,1,,,,,
0.251,Shell,0,,,,,
0.251,LR,1,,,,,
0.252,PCA,0.707106781186548,,,,,
0.252,K's tau,3.96825396825397,,,,,
0.252,Winsor,1,,,,,
0.252,Quad,1,,,,,
0.252,Ball,1,,,,,
0.252,Shell,0,,,,,
0.252,LR,1,,,,,
0.253,PCA,0.707106781186548,,,,,
0.253,K's tau,3.95256916996047,,,,,
0.253,Winsor,1,,,,,
0.253,Quad,1,,,,,
0.253,Ball,1,,,,,
0.253,Shell,0,,,,,
0.253,LR,1,,,,,
0.254,PCA,0.707106781186548,,,,,
0.254,K's tau,3.93700787401575,,,,,
0.254,Winsor,1,,,,,
0.254,Quad,1,,,,,
0.254,Ball,1,,,,,
0.254,Shell,0,,,,,
0.254,LR,1,,,,,
0.255,PCA,0.707106781186548,,,,,
0.255,K's tau,3.92156862745098,,,,,
0.255,Winsor,1,,,,,
0.255,Quad,1,,,,,
0.255,Ball,1,,,,,
0.255,Shell,0,,,,,
0.255,LR,1,,,,,
0.256,PCA,0.707106781186548,,,,,
0.256,K's tau,3.90625,,,,,
0.256,Winsor,1,,,,,
0.256,Quad,1,,,,,
0.256,Ball,1,,,,,
0.256,Shell,0,,,,,
0.256,LR,1,,,,,
0.257,PCA,0.707106781186548,,,,,
0.257,K's tau,3.89105058365759,,,,,
0.257,Winsor,1,,,,,
0.257,Quad,1,,,,,
0.257,Ball,1,,,,,
0.257,Shell,0,,,,,
0.257,LR,1,,,,,
0.258,PCA,0.707106781186548,,,,,
0.258,K's tau,3.87596899224806,,,,,
0.258,Winsor,1,,,,,
0.258,Quad,1,,,,,
0.258,Ball,1,,,,,
0.258,Shell,0,,,,,
0.258,LR,1,,,,,
0.259,PCA,0.707106781186548,,,,,
0.259,K's tau,3.86100386100386,,,,,
0.259,Winsor,1,,,,,
0.259,Quad,1,,,,,
0.259,Ball,1,,,,,
0.259,Shell,0,,,,,
0.259,LR,1,,,,,
0.26,PCA,0.707106781186548,,,,,
0.26,K's tau,3.84615384615385,,,,,
0.26,Winsor,1,,,,,
0.26,Quad,1,,,,,
0.26,Ball,1,,,,,
0.26,Shell,0,,,,,
0.26,LR,1,,,,,
0.261,PCA,0.707106781186548,,,,,
0.261,K's tau,3.83141762452107,,,,,
0.261,Winsor,1,,,,,
0.261,Quad,1,,,,,
0.261,Ball,1,,,,,
0.261,Shell,0,,,,,
0.261,LR,1,,,,,
0.262,PCA,0.707106781186548,,,,,
0.262,K's tau,3.81679389312977,,,,,
0.262,Winsor,1,,,,,
0.262,Quad,1,,,,,
0.262,Ball,1,,,,,
0.262,Shell,0,,,,,
0.262,LR,1,,,,,
0.263,PCA,0.707106781186548,,,,,
0.263,K's tau,3.80228136882129,,,,,
0.263,Winsor,1,,,,,
0.263,Quad,1,,,,,
0.263,Ball,1,,,,,
0.263,Shell,0,,,,,
0.263,LR,1,,,,,
0.264,PCA,0.707106781186548,,,,,
0.264,K's tau,3.78787878787879,,,,,
0.264,Winsor,1,,,,,
0.264,Quad,1,,,,,
0.264,Ball,1,,,,,
0.264,Shell,0,,,,,
0.264,LR,1,,,,,
0.265,PCA,0.707106781186548,,,,,
0.265,K's tau,3.77358490566038,,,,,
0.265,Winsor,1,,,,,
0.265,Quad,1,,,,,
0.265,Ball,1,,,,,
0.265,Shell,0,,,,,
0.265,LR,1,,,,,
0.266,PCA,0.707106781186548,,,,,
0.266,K's tau,3.7593984962406,,,,,
0.266,Winsor,1,,,,,
0.266,Quad,1,,,,,
0.266,Ball,1,,,,,
0.266,Shell,0,,,,,
0.266,LR,1,,,,,
0.267,PCA,0.707106781186548,,,,,
0.267,K's tau,3.74531835205993,,,,,
0.267,Winsor,1,,,,,
0.267,Quad,1,,,,,
0.267,Ball,1,,,,,
0.267,Shell,0,,,,,
0.267,LR,1,,,,,
0.268,PCA,0.707106781186548,,,,,
0.268,K's tau,3.73134328358209,,,,,
0.268,Winsor,1,,,,,
0.268,Quad,1,,,,,
0.268,Ball,1,,,,,
0.268,Shell,0,,,,,
0.268,LR,1,,,,,
0.269,PCA,0.707106781186548,,,,,
0.269,K's tau,3.71747211895911,,,,,
0.269,Winsor,1,,,,,
0.269,Quad,1,,,,,
0.269,Ball,1,,,,,
0.269,Shell,0,,,,,
0.269,LR,1,,,,,
0.27,PCA,0.707106781186548,,,,,
0.27,K's tau,3.7037037037037,,,,,
0.27,Winsor,1,,,,,
0.27,Quad,1,,,,,
0.27,Ball,1,,,,,
0.27,Shell,0,,,,,
0.27,LR,1,,,,,
0.271,PCA,0.707106781186548,,,,,
0.271,K's tau,3.690036900369,,,,,
0.271,Winsor,1,,,,,
0.271,Quad,1,,,,,
0.271,Ball,1,,,,,
0.271,Shell,0,,,,,
0.271,LR,1,,,,,
0.272,PCA,0.707106781186548,,,,,
0.272,K's tau,3.67647058823529,,,,,
0.272,Winsor,1,,,,,
0.272,Quad,1,,,,,
0.272,Ball,1,,,,,
0.272,Shell,0,,,,,
0.272,LR,1,,,,,
0.273,PCA,0.707106781186548,,,,,
0.273,K's tau,3.66300366300366,,,,,
0.273,Winsor,1,,,,,
0.273,Quad,1,,,,,
0.273,Ball,1,,,,,
0.273,Shell,0,,,,,
0.273,LR,1,,,,,
0.274,PCA,0.707106781186548,,,,,
0.274,K's tau,3.64963503649635,,,,,
0.274,Winsor,1,,,,,
0.274,Quad,1,,,,,
0.274,Ball,1,,,,,
0.274,Shell,0,,,,,
0.274,LR,1,,,,,
0.275,PCA,0.707106781186548,,,,,
0.275,K's tau,3.63636363636364,,,,,
0.275,Winsor,1,,,,,
0.275,Quad,1,,,,,
0.275,Ball,1,,,,,
0.275,Shell,0,,,,,
0.275,LR,1,,,,,
0.276,PCA,0.707106781186548,,,,,
0.276,K's tau,3.6231884057971,,,,,
0.276,Winsor,1,,,,,
0.276,Quad,1,,,,,
0.276,Ball,1,,,,,
0.276,Shell,0,,,,,
0.276,LR,1,,,,,
0.277,PCA,0.707106781186548,,,,,
0.277,K's tau,3.6101083032491,,,,,
0.277,Winsor,1,,,,,
0.277,Quad,1,,,,,
0.277,Ball,1,,,,,
0.277,Shell,0,,,,,
0.277,LR,1,,,,,
0.278,PCA,0.707106781186548,,,,,
0.278,K's tau,3.59712230215827,,,,,
0.278,Winsor,1,,,,,
0.278,Quad,1,,,,,
0.278,Ball,1,,,,,
0.278,Shell,0,,,,,
0.278,LR,1,,,,,
0.279,PCA,0.707106781186548,,,,,
0.279,K's tau,3.584229390681,,,,,
0.279,Winsor,1,,,,,
0.279,Quad,1,,,,,
0.279,Ball,1,,,,,
0.279,Shell,0,,,,,
0.279,LR,1,,,,,
0.28,PCA,0.707106781186548,,,,,
0.28,K's tau,3.57142857142857,,,,,
0.28,Winsor,1,,,,,
0.28,Quad,1,,,,,
0.28,Ball,1,,,,,
0.28,Shell,0,,,,,
0.28,LR,1,,,,,
0.281,PCA,0.707106781186548,,,,,
0.281,K's tau,3.55871886120996,,,,,
0.281,Winsor,1,,,,,
0.281,Quad,1,,,,,
0.281,Ball,1,,,,,
0.281,Shell,0,,,,,
0.281,LR,1,,,,,
0.282,PCA,0.707106781186548,,,,,
0.282,K's tau,3.54609929078014,,,,,
0.282,Winsor,1,,,,,
0.282,Quad,1,,,,,
0.282,Ball,1,,,,,
0.282,Shell,0,,,,,
0.282,LR,1,,,,,
0.283,PCA,0.707106781186548,,,,,
0.283,K's tau,3.53356890459364,,,,,
0.283,Winsor,1,,,,,
0.283,Quad,1,,,,,
0.283,Ball,1,,,,,
0.283,Shell,0,,,,,
0.283,LR,1,,,,,
0.284,PCA,0.707106781186548,,,,,
0.284,K's tau,3.52112676056338,,,,,
0.284,Winsor,1,,,,,
0.284,Quad,1,,,,,
0.284,Ball,1,,,,,
0.284,Shell,0,,,,,
0.284,LR,1,,,,,
0.285,PCA,0.707106781186548,,,,,
0.285,K's tau,3.50877192982456,,,,,
0.285,Winsor,1,,,,,
0.285,Quad,1,,,,,
0.285,Ball,1,,,,,
0.285,Shell,0,,,,,
0.285,LR,1,,,,,
0.286,PCA,0.707106781186548,,,,,
0.286,K's tau,3.4965034965035,,,,,
0.286,Winsor,1,,,,,
0.286,Quad,1,,,,,
0.286,Ball,1,,,,,
0.286,Shell,0,,,,,
0.286,LR,1,,,,,
0.287,PCA,0.707106781186548,,,,,
0.287,K's tau,3.48432055749129,,,,,
0.287,Winsor,1,,,,,
0.287,Quad,1,,,,,
0.287,Ball,1,,,,,
0.287,Shell,0,,,,,
0.287,LR,1,,,,,
0.288,PCA,0.707106781186548,,,,,
0.288,K's tau,3.47222222222222,,,,,
0.288,Winsor,1,,,,,
0.288,Quad,1,,,,,
0.288,Ball,1,,,,,
0.288,Shell,0,,,,,
0.288,LR,1,,,,,
0.289,PCA,0.707106781186548,,,,,
0.289,K's tau,3.46020761245675,,,,,
0.289,Winsor,1,,,,,
0.289,Quad,1,,,,,
0.289,Ball,1,,,,,
0.289,Shell,0,,,,,
0.289,LR,1,,,,,
0.29,PCA,0.707106781186548,,,,,
0.29,K's tau,3.44827586206897,,,,,
0.29,Winsor,1,,,,,
0.29,Quad,1,,,,,
0.29,Ball,1,,,,,
0.29,Shell,0,,,,,
0.29,LR,1,,,,,
0.291,PCA,0.707106781186548,,,,,
0.291,K's tau,3.43642611683849,,,,,
0.291,Winsor,1,,,,,
0.291,Quad,1,,,,,
0.291,Ball,1,,,,,
0.291,Shell,0,,,,,
0.291,LR,1,,,,,
0.292,PCA,0.707106781186548,,,,,
0.292,K's tau,3.42465753424658,,,,,
0.292,Winsor,1,,,,,
0.292,Quad,1,,,,,
0.292,Ball,1,,,,,
0.292,Shell,0,,,,,
0.292,LR,1,,,,,
0.293,PCA,0.707106781186548,,,,,
0.293,K's tau,3.41296928327645,,,,,
0.293,Winsor,1,,,,,
0.293,Quad,1,,,,,
0.293,Ball,1,,,,,
0.293,Shell,0,,,,,
0.293,LR,1,,,,,
0.294,PCA,0.707106781186548,,,,,
0.294,K's tau,3.40136054421769,,,,,
0.294,Winsor,1,,,,,
0.294,Quad,1,,,,,
0.294,Ball,1,,,,,
0.294,Shell,0,,,,,
0.294,LR,1,,,,,
0.295,PCA,0.707106781186548,,,,,
0.295,K's tau,3.38983050847458,,,,,
0.295,Winsor,1,,,,,
0.295,Quad,1,,,,,
0.295,Ball,1,,,,,
0.295,Shell,0,,,,,
0.295,LR,1,,,,,
0.296,PCA,0.707106781186548,,,,,
0.296,K's tau,3.37837837837838,,,,,
0.296,Winsor,1,,,,,
0.296,Quad,1,,,,,
0.296,Ball,1,,,,,
0.296,Shell,0,,,,,
0.296,LR,1,,,,,
0.297,PCA,0.707106781186548,,,,,
0.297,K's tau,3.36700336700337,,,,,
0.297,Winsor,1,,,,,
0.297,Quad,1,,,,,
0.297,Ball,1,,,,,
0.297,Shell,0,,,,,
0.297,LR,1,,,,,
0.298,PCA,0.707106781186548,,,,,
0.298,K's tau,3.35570469798658,,,,,
0.298,Winsor,1,,,,,
0.298,Quad,1,,,,,
0.298,Ball,1,,,,,
0.298,Shell,0,,,,,
0.298,LR,1,,,,,
0.299,PCA,0.707106781186548,,,,,
0.299,K's tau,3.34448160535117,,,,,
0.299,Winsor,1,,,,,
0.299,Quad,1,,,,,
0.299,Ball,1,,,,,
0.299,Shell,0,,,,,
0.299,LR,1,,,,,
0.3,PCA,0.707106781186548,,,,,
0.3,K's tau,3.33333333333333,,,,,
0.3,Winsor,1,,,,,
0.3,Quad,1,,,,,
0.3,Ball,1,,,,,
0.3,Shell,0,,,,,
0.3,LR,1,,,,,
0.301,PCA,0.707106781186548,,,,,
0.301,K's tau,3.32225913621262,,,,,
0.301,Winsor,1,,,,,
0.301,Quad,1,,,,,
0.301,Ball,1,,,,,
0.301,Shell,0,,,,,
0.301,LR,1,,,,,
0.302,PCA,0.707106781186548,,,,,
0.302,K's tau,3.3112582781457,,,,,
0.302,Winsor,1,,,,,
0.302,Quad,1,,,,,
0.302,Ball,1,,,,,
0.302,Shell,0,,,,,
0.302,LR,1,,,,,
0.303,PCA,0.707106781186548,,,,,
0.303,K's tau,3.3003300330033,,,,,
0.303,Winsor,1,,,,,
0.303,Quad,1,,,,,
0.303,Ball,1,,,,,
0.303,Shell,0,,,,,
0.303,LR,1,,,,,
0.304,PCA,0.707106781186548,,,,,
0.304,K's tau,3.28947368421053,,,,,
0.304,Winsor,1,,,,,
0.304,Quad,1,,,,,
0.304,Ball,1,,,,,
0.304,Shell,0,,,,,
0.304,LR,1,,,,,
0.305,PCA,0.707106781186548,,,,,
0.305,K's tau,3.27868852459016,,,,,
0.305,Winsor,1,,,,,
0.305,Quad,1,,,,,
0.305,Ball,1,,,,,
0.305,Shell,0,,,,,
0.305,LR,1,,,,,
0.306,PCA,0.707106781186548,,,,,
0.306,K's tau,3.26797385620915,,,,,
0.306,Winsor,1,,,,,
0.306,Quad,1,,,,,
0.306,Ball,1,,,,,
0.306,Shell,0,,,,,
0.306,LR,1,,,,,
0.307,PCA,0.707106781186548,,,,,
0.307,K's tau,3.25732899022801,,,,,
0.307,Winsor,1,,,,,
0.307,Quad,1,,,,,
0.307,Ball,1,,,,,
0.307,Shell,0,,,,,
0.307,LR,1,,,,,
0.308,PCA,0.707106781186548,,,,,
0.308,K's tau,3.24675324675325,,,,,
0.308,Winsor,1,,,,,
0.308,Quad,1,,,,,
0.308,Ball,1,,,,,
0.308,Shell,0,,,,,
0.308,LR,1,,,,,
0.309,PCA,0.707106781186548,,,,,
0.309,K's tau,3.23624595469256,,,,,
0.309,Winsor,1,,,,,
0.309,Quad,1,,,,,
0.309,Ball,1,,,,,
0.309,Shell,0,,,,,
0.309,LR,1,,,,,
0.31,PCA,0.707106781186548,,,,,
0.31,K's tau,3.2258064516129,,,,,
0.31,Winsor,1,,,,,
0.31,Quad,1,,,,,
0.31,Ball,1,,,,,
0.31,Shell,0,,,,,
0.31,LR,1,,,,,
0.311,PCA,0.707106781186548,,,,,
0.311,K's tau,3.21543408360129,,,,,
0.311,Winsor,1,,,,,
0.311,Quad,1,,,,,
0.311,Ball,1,,,,,
0.311,Shell,0,,,,,
0.311,LR,1,,,,,
0.312,PCA,0.707106781186548,,,,,
0.312,K's tau,3.20512820512821,,,,,
0.312,Winsor,1,,,,,
0.312,Quad,1,,,,,
0.312,Ball,1,,,,,
0.312,Shell,0,,,,,
0.312,LR,1,,,,,
0.313,PCA,0.707106781186548,,,,,
0.313,K's tau,3.19488817891374,,,,,
0.313,Winsor,1,,,,,
0.313,Quad,1,,,,,
0.313,Ball,1,,,,,
0.313,Shell,0,,,,,
0.313,LR,1,,,,,
0.314,PCA,0.707106781186548,,,,,
0.314,K's tau,3.18471337579618,,,,,
0.314,Winsor,1,,,,,
0.314,Quad,1,,,,,
0.314,Ball,1,,,,,
0.314,Shell,0,,,,,
0.314,LR,1,,,,,
0.315,PCA,0.707106781186548,,,,,
0.315,K's tau,3.17460317460317,,,,,
0.315,Winsor,1,,,,,
0.315,Quad,1,,,,,
0.315,Ball,1,,,,,
0.315,Shell,0,,,,,
0.315,LR,1,,,,,
0.316,PCA,0.707106781186548,,,,,
0.316,K's tau,3.16455696202532,,,,,
0.316,Winsor,1,,,,,
0.316,Quad,1,,,,,
0.316,Ball,1,,,,,
0.316,Shell,0,,,,,
0.316,LR,1,,,,,
0.317,PCA,0.707106781186548,,,,,
0.317,K's tau,3.15457413249211,,,,,
0.317,Winsor,1,,,,,
0.317,Quad,1,,,,,
0.317,Ball,1,,,,,
0.317,Shell,0,,,,,
0.317,LR,1,,,,,
0.318,PCA,0.707106781186548,,,,,
0.318,K's tau,3.14465408805031,,,,,
0.318,Winsor,1,,,,,
0.318,Quad,1,,,,,
0.318,Ball,1,,,,,
0.318,Shell,0,,,,,
0.318,LR,1,,,,,
0.319,PCA,0.707106781186548,,,,,
0.319,K's tau,3.13479623824451,,,,,
0.319,Winsor,1,,,,,
0.319,Quad,1,,,,,
0.319,Ball,1,,,,,
0.319,Shell,0,,,,,
0.319,LR,1,,,,,
0.32,PCA,0.707106781186548,,,,,
0.32,K's tau,3.125,,,,,
0.32,Winsor,1,,,,,
0.32,Quad,1,,,,,
0.32,Ball,1,,,,,
0.32,Shell,0,,,,,
0.32,LR,1,,,,,
0.321,PCA,0.707106781186548,,,,,
0.321,K's tau,3.11526479750779,,,,,
0.321,Winsor,1,,,,,
0.321,Quad,1,,,,,
0.321,Ball,1,,,,,
0.321,Shell,0,,,,,
0.321,LR,1,,,,,
0.322,PCA,0.707106781186548,,,,,
0.322,K's tau,3.1055900621118,,,,,
0.322,Winsor,1,,,,,
0.322,Quad,1,,,,,
0.322,Ball,1,,,,,
0.322,Shell,0,,,,,
0.322,LR,1,,,,,
0.323,PCA,0.707106781186548,,,,,
0.323,K's tau,3.09597523219814,,,,,
0.323,Winsor,1,,,,,
0.323,Quad,1,,,,,
0.323,Ball,1,,,,,
0.323,Shell,0,,,,,
0.323,LR,1,,,,,
0.324,PCA,0.707106781186548,,,,,
0.324,K's tau,3.08641975308642,,,,,
0.324,Winsor,1,,,,,
0.324,Quad,1,,,,,
0.324,Ball,1,,,,,
0.324,Shell,0,,,,,
0.324,LR,1,,,,,
0.325,PCA,0.707106781186548,,,,,
0.325,K's tau,3.07692307692308,,,,,
0.325,Winsor,1,,,,,
0.325,Quad,1,,,,,
0.325,Ball,1,,,,,
0.325,Shell,0,,,,,
0.325,LR,1,,,,,
0.326,PCA,0.707106781186548,,,,,
0.326,K's tau,3.06748466257669,,,,,
0.326,Winsor,1,,,,,
0.326,Quad,1,,,,,
0.326,Ball,1,,,,,
0.326,Shell,0,,,,,
0.326,LR,1,,,,,
0.327,PCA,0.707106781186548,,,,,
0.327,K's tau,3.05810397553517,,,,,
0.327,Winsor,1,,,,,
0.327,Quad,1,,,,,
0.327,Ball,1,,,,,
0.327,Shell,0,,,,,
0.327,LR,1,,,,,
0.328,PCA,0.707106781186548,,,,,
0.328,K's tau,3.04878048780488,,,,,
0.328,Winsor,1,,,,,
0.328,Quad,1,,,,,
0.328,Ball,1,,,,,
0.328,Shell,0,,,,,
0.328,LR,1,,,,,
0.329,PCA,0.707106781186548,,,,,
0.329,K's tau,3.03951367781155,,,,,
0.329,Winsor,1,,,,,
0.329,Quad,1,,,,,
0.329,Ball,1,,,,,
0.329,Shell,0,,,,,
0.329,LR,1,,,,,
0.33,PCA,0.707106781186548,,,,,
0.33,K's tau,3.03030303030303,,,,,
0.33,Winsor,1,,,,,
0.33,Quad,1,,,,,
0.33,Ball,1,,,,,
0.33,Shell,0,,,,,
0.33,LR,1,,,,,
0.331,PCA,0.707106781186548,,,,,
0.331,K's tau,3.02114803625378,,,,,
0.331,Winsor,1,,,,,
0.331,Quad,1,,,,,
0.331,Ball,1,,,,,
0.331,Shell,0,,,,,
0.331,LR,1,,,,,
0.332,PCA,0.707106781186548,,,,,
0.332,K's tau,3.01204819277108,,,,,
0.332,Winsor,1,,,,,
0.332,Quad,1,,,,,
0.332,Ball,1,,,,,
0.332,Shell,0,,,,,
0.332,LR,1,,,,,
0.333,PCA,0.707106781186548,,,,,
0.333,K's tau,3.003003003003,,,,,
0.333,Winsor,1,,,,,
0.333,Quad,1,,,,,
0.333,Ball,1,,,,,
0.333,Shell,0,,,,,
0.333,LR,1,,,,,
0.334,PCA,0.707106781186548,,,,,
0.334,K's tau,2.9940119760479,,,,,
0.334,Winsor,1,,,,,
0.334,Quad,1,,,,,
0.334,Ball,1,,,,,
0.334,Shell,0,,,,,
0.334,LR,1,,,,,
0.335,PCA,0.707106781186548,,,,,
0.335,K's tau,2.98507462686567,,,,,
0.335,Winsor,1,,,,,
0.335,Quad,1,,,,,
0.335,Ball,1,,,,,
0.335,Shell,0,,,,,
0.335,LR,1,,,,,
0.336,PCA,0.707106781186548,,,,,
0.336,K's tau,2.97619047619048,,,,,
0.336,Winsor,1,,,,,
0.336,Quad,1,,,,,
0.336,Ball,1,,,,,
0.336,Shell,0,,,,,
0.336,LR,1,,,,,
0.337,PCA,0.707106781186548,,,,,
0.337,K's tau,2.9673590504451,,,,,
0.337,Winsor,1,,,,,
0.337,Quad,1,,,,,
0.337,Ball,1,,,,,
0.337,Shell,0,,,,,
0.337,LR,1,,,,,
0.338,PCA,0.707106781186548,,,,,
0.338,K's tau,2.9585798816568,,,,,
0.338,Winsor,1,,,,,
0.338,Quad,1,,,,,
0.338,Ball,1,,,,,
0.338,Shell,0,,,,,
0.338,LR,1,,,,,
0.339,PCA,0.707106781186548,,,,,
0.339,K's tau,2.94985250737463,,,,,
0.339,Winsor,1,,,,,
0.339,Quad,1,,,,,
0.339,Ball,1,,,,,
0.339,Shell,0,,,,,
0.339,LR,1,,,,,
0.34,PCA,0.707106781186548,,,,,
0.34,K's tau,2.94117647058824,,,,,
0.34,Winsor,1,,,,,
0.34,Quad,1,,,,,
0.34,Ball,1,,,,,
0.34,Shell,0,,,,,
0.34,LR,1,,,,,
0.341,PCA,0.707106781186548,,,,,
0.341,K's tau,2.93255131964809,,,,,
0.341,Winsor,1,,,,,
0.341,Quad,1,,,,,
0.341,Ball,1,,,,,
0.341,Shell,0,,,,,
0.341,LR,1,,,,,
0.342,PCA,0.707106781186548,,,,,
0.342,K's tau,2.92397660818713,,,,,
0.342,Winsor,1,,,,,
0.342,Quad,1,,,,,
0.342,Ball,1,,,,,
0.342,Shell,0,,,,,
0.342,LR,1,,,,,
0.343,PCA,0.707106781186548,,,,,
0.343,K's tau,2.91545189504373,,,,,
0.343,Winsor,1,,,,,
0.343,Quad,1,,,,,
0.343,Ball,1,,,,,
0.343,Shell,0,,,,,
0.343,LR,1,,,,,
0.344,PCA,0.707106781186548,,,,,
0.344,K's tau,2.90697674418605,,,,,
0.344,Winsor,1,,,,,
0.344,Quad,1,,,,,
0.344,Ball,1,,,,,
0.344,Shell,0,,,,,
0.344,LR,1,,,,,
0.345,PCA,0.707106781186548,,,,,
0.345,K's tau,2.89855072463768,,,,,
0.345,Winsor,1,,,,,
0.345,Quad,1,,,,,
0.345,Ball,1,,,,,
0.345,Shell,0,,,,,
0.345,LR,1,,,,,
0.346,PCA,0.707106781186548,,,,,
0.346,K's tau,2.89017341040462,,,,,
0.346,Winsor,1,,,,,
0.346,Quad,1,,,,,
0.346,Ball,1,,,,,
0.346,Shell,0,,,,,
0.346,LR,1,,,,,
0.347,PCA,0.707106781186548,,,,,
0.347,K's tau,2.88184438040346,,,,,
0.347,Winsor,1,,,,,
0.347,Quad,1,,,,,
0.347,Ball,1,,,,,
0.347,Shell,0,,,,,
0.347,LR,1,,,,,
0.348,PCA,0.707106781186548,,,,,
0.348,K's tau,2.8735632183908,,,,,
0.348,Winsor,1,,,,,
0.348,Quad,1,,,,,
0.348,Ball,1,,,,,
0.348,Shell,0,,,,,
0.348,LR,1,,,,,
0.349,PCA,0.707106781186548,,,,,
0.349,K's tau,2.86532951289398,,,,,
0.349,Winsor,1,,,,,
0.349,Quad,1,,,,,
0.349,Ball,1,,,,,
0.349,Shell,0,,,,,
0.349,LR,1,,,,,
0.35,PCA,0.707106781186548,,,,,
0.35,K's tau,2.85714285714286,,,,,
0.35,Winsor,1,,,,,
0.35,Quad,1,,,,,
0.35,Ball,1,,,,,
0.35,Shell,0,,,,,
0.35,LR,1,,,,,
0.351,PCA,0.707106781186548,,,,,
0.351,K's tau,2.84900284900285,,,,,
0.351,Winsor,1,,,,,
0.351,Quad,1,,,,,
0.351,Ball,1,,,,,
0.351,Shell,0,,,,,
0.351,LR,1,,,,,
0.352,PCA,0.707106781186548,,,,,
0.352,K's tau,2.84090909090909,,,,,
0.352,Winsor,1,,,,,
0.352,Quad,1,,,,,
0.352,Ball,1,,,,,
0.352,Shell,0,,,,,
0.352,LR,1,,,,,
0.353,PCA,0.707106781186548,,,,,
0.353,K's tau,2.8328611898017,,,,,
0.353,Winsor,1,,,,,
0.353,Quad,1,,,,,
0.353,Ball,1,,,,,
0.353,Shell,0,,,,,
0.353,LR,1,,,,,
0.354,PCA,0.707106781186548,,,,,
0.354,K's tau,2.82485875706215,,,,,
0.354,Winsor,1,,,,,
0.354,Quad,1,,,,,
0.354,Ball,1,,,,,
0.354,Shell,0,,,,,
0.354,LR,1,,,,,
0.355,PCA,0.707106781186548,,,,,
0.355,K's tau,2.8169014084507,,,,,
0.355,Winsor,1,,,,,
0.355,Quad,1,,,,,
0.355,Ball,1,,,,,
0.355,Shell,0,,,,,
0.355,LR,1,,,,,
0.356,PCA,0.707106781186548,,,,,
0.356,K's tau,2.80898876404494,,,,,
0.356,Winsor,1,,,,,
0.356,Quad,1,,,,,
0.356,Ball,1,,,,,
0.356,Shell,0,,,,,
0.356,LR,1,,,,,
0.357,PCA,0.707106781186548,,,,,
0.357,K's tau,2.80112044817927,,,,,
0.357,Winsor,1,,,,,
0.357,Quad,1,,,,,
0.357,Ball,1,,,,,
0.357,Shell,0,,,,,
0.357,LR,1,,,,,
0.358,PCA,0.707106781186548,,,,,
0.358,K's tau,2.79329608938547,,,,,
0.358,Winsor,1,,,,,
0.358,Quad,1,,,,,
0.358,Ball,1,,,,,
0.358,Shell,0,,,,,
0.358,LR,1,,,,,
0.359,PCA,0.707106781186548,,,,,
0.359,K's tau,2.78551532033426,,,,,
0.359,Winsor,1,,,,,
0.359,Quad,1,,,,,
0.359,Ball,1,,,,,
0.359,Shell,0,,,,,
0.359,LR,1,,,,,
0.36,PCA,0.707106781186548,,,,,
0.36,K's tau,2.77777777777778,,,,,
0.36,Winsor,1,,,,,
0.36,Quad,1,,,,,
0.36,Ball,1,,,,,
0.36,Shell,0,,,,,
0.36,LR,1,,,,,
0.361,PCA,0.707106781186548,,,,,
0.361,K's tau,2.77008310249307,,,,,
0.361,Winsor,1,,,,,
0.361,Quad,1,,,,,
0.361,Ball,1,,,,,
0.361,Shell,0,,,,,
0.361,LR,1,,,,,
0.362,PCA,0.707106781186548,,,,,
0.362,K's tau,2.76243093922652,,,,,
0.362,Winsor,1,,,,,
0.362,Quad,1,,,,,
0.362,Ball,1,,,,,
0.362,Shell,0,,,,,
0.362,LR,1,,,,,
0.363,PCA,0.707106781186548,,,,,
0.363,K's tau,2.75482093663912,,,,,
0.363,Winsor,1,,,,,
0.363,Quad,1,,,,,
0.363,Ball,1,,,,,
0.363,Shell,0,,,,,
0.363,LR,1,,,,,
0.364,PCA,0.707106781186548,,,,,
0.364,K's tau,2.74725274725275,,,,,
0.364,Winsor,1,,,,,
0.364,Quad,1,,,,,
0.364,Ball,1,,,,,
0.364,Shell,0,,,,,
0.364,LR,1,,,,,
0.365,PCA,0.707106781186548,,,,,
0.365,K's tau,2.73972602739726,,,,,
0.365,Winsor,1,,,,,
0.365,Quad,1,,,,,
0.365,Ball,1,,,,,
0.365,Shell,0,,,,,
0.365,LR,1,,,,,
0.366,PCA,0.707106781186548,,,,,
0.366,K's tau,2.73224043715847,,,,,
0.366,Winsor,1,,,,,
0.366,Quad,1,,,,,
0.366,Ball,1,,,,,
0.366,Shell,0,,,,,
0.366,LR,1,,,,,
0.367,PCA,0.707106781186548,,,,,
0.367,K's tau,2.72479564032698,,,,,
0.367,Winsor,1,,,,,
0.367,Quad,1,,,,,
0.367,Ball,1,,,,,
0.367,Shell,0,,,,,
0.367,LR,1,,,,,
0.368,PCA,0.707106781186548,,,,,
0.368,K's tau,2.71739130434783,,,,,
0.368,Winsor,1,,,,,
0.368,Quad,1,,,,,
0.368,Ball,1,,,,,
0.368,Shell,0,,,,,
0.368,LR,1,,,,,
0.369,PCA,0.707106781186548,,,,,
0.369,K's tau,2.710027100271,,,,,
0.369,Winsor,1,,,,,
0.369,Quad,1,,,,,
0.369,Ball,1,,,,,
0.369,Shell,0,,,,,
0.369,LR,1,,,,,
0.37,PCA,0.707106781186548,,,,,
0.37,K's tau,2.7027027027027,,,,,
0.37,Winsor,1,,,,,
0.37,Quad,1,,,,,
0.37,Ball,1,,,,,
0.37,Shell,0,,,,,
0.37,LR,1,,,,,
0.371,PCA,0.707106781186548,,,,,
0.371,K's tau,2.69541778975741,,,,,
0.371,Winsor,1,,,,,
0.371,Quad,1,,,,,
0.371,Ball,1,,,,,
0.371,Shell,0,,,,,
0.371,LR,1,,,,,
0.372,PCA,0.707106781186548,,,,,
0.372,K's tau,2.68817204301075,,,,,
0.372,Winsor,1,,,,,
0.372,Quad,1,,,,,
0.372,Ball,1,,,,,
0.372,Shell,0,,,,,
0.372,LR,1,,,,,
0.373,PCA,0.707106781186548,,,,,
0.373,K's tau,2.68096514745308,,,,,
0.373,Winsor,1,,,,,
0.373,Quad,1,,,,,
0.373,Ball,1,,,,,
0.373,Shell,0,,,,,
0.373,LR,1,,,,,
0.374,PCA,0.707106781186548,,,,,
0.374,K's tau,2.67379679144385,,,,,
0.374,Winsor,1,,,,,
0.374,Quad,1,,,,,
0.374,Ball,1,,,,,
0.374,Shell,0,,,,,
0.374,LR,1,,,,,
0.375,PCA,0.707106781186548,,,,,
0.375,K's tau,2.66666666666667,,,,,
0.375,Winsor,1,,,,,
0.375,Quad,1,,,,,
0.375,Ball,1,,,,,
0.375,Shell,0,,,,,
0.375,LR,1,,,,,
0.376,PCA,0.707106781186548,,,,,
0.376,K's tau,2.65957446808511,,,,,
0.376,Winsor,1,,,,,
0.376,Quad,1,,,,,
0.376,Ball,1,,,,,
0.376,Shell,0,,,,,
0.376,LR,1,,,,,
0.377,PCA,0.707106781186548,,,,,
0.377,K's tau,2.6525198938992,,,,,
0.377,Winsor,1,,,,,
0.377,Quad,1,,,,,
0.377,Ball,1,,,,,
0.377,Shell,0,,,,,
0.377,LR,1,,,,,
0.378,PCA,0.707106781186548,,,,,
0.378,K's tau,2.64550264550265,,,,,
0.378,Winsor,1,,,,,
0.378,Quad,1,,,,,
0.378,Ball,1,,,,,
0.378,Shell,0,,,,,
0.378,LR,1,,,,,
0.379,PCA,0.707106781186548,,,,,
0.379,K's tau,2.63852242744063,,,,,
0.379,Winsor,1,,,,,
0.379,Quad,1,,,,,
0.379,Ball,1,,,,,
0.379,Shell,0,,,,,
0.379,LR,1,,,,,
0.38,PCA,0.707106781186548,,,,,
0.38,K's tau,2.63157894736842,,,,,
0.38,Winsor,1,,,,,
0.38,Quad,1,,,,,
0.38,Ball,1,,,,,
0.38,Shell,0,,,,,
0.38,LR,1,,,,,
0.381,PCA,0.707106781186548,,,,,
0.381,K's tau,2.6246719160105,,,,,
0.381,Winsor,1,,,,,
0.381,Quad,1,,,,,
0.381,Ball,1,,,,,
0.381,Shell,0,,,,,
0.381,LR,1,,,,,
0.382,PCA,0.707106781186548,,,,,
0.382,K's tau,2.61780104712042,,,,,
0.382,Winsor,1,,,,,
0.382,Quad,1,,,,,
0.382,Ball,1,,,,,
0.382,Shell,0,,,,,
0.382,LR,1,,,,,
0.383,PCA,0.707106781186548,,,,,
0.383,K's tau,2.61096605744125,,,,,
0.383,Winsor,1,,,,,
0.383,Quad,1,,,,,
0.383,Ball,1,,,,,
0.383,Shell,0,,,,,
0.383,LR,1,,,,,
0.384,PCA,0.707106781186548,,,,,
0.384,K's tau,2.60416666666667,,,,,
0.384,Winsor,1,,,,,
0.384,Quad,1,,,,,
0.384,Ball,1,,,,,
0.384,Shell,0,,,,,
0.384,LR,1,,,,,
0.385,PCA,0.707106781186548,,,,,
0.385,K's tau,2.5974025974026,,,,,
0.385,Winsor,1,,,,,
0.385,Quad,1,,,,,
0.385,Ball,1,,,,,
0.385,Shell,0,,,,,
0.385,LR,1,,,,,
0.386,PCA,0.707106781186548,,,,,
0.386,K's tau,2.59067357512953,,,,,
0.386,Winsor,1,,,,,
0.386,Quad,1,,,,,
0.386,Ball,1,,,,,
0.386,Shell,0,,,,,
0.386,LR,1,,,,,
0.387,PCA,0.707106781186548,,,,,
0.387,K's tau,2.58397932816537,,,,,
0.387,Winsor,1,,,,,
0.387,Quad,1,,,,,
0.387,Ball,1,,,,,
0.387,Shell,0,,,,,
0.387,LR,1,,,,,
0.388,PCA,0.707106781186548,,,,,
0.388,K's tau,2.57731958762887,,,,,
0.388,Winsor,1,,,,,
0.388,Quad,1,,,,,
0.388,Ball,1,,,,,
0.388,Shell,0,,,,,
0.388,LR,1,,,,,
0.389,PCA,0.707106781186548,,,,,
0.389,K's tau,2.5706940874036,,,,,
0.389,Winsor,1,,,,,
0.389,Quad,1,,,,,
0.389,Ball,1,,,,,
0.389,Shell,0,,,,,
0.389,LR,1,,,,,
0.39,PCA,0.707106781186548,,,,,
0.39,K's tau,2.56410256410256,,,,,
0.39,Winsor,1,,,,,
0.39,Quad,1,,,,,
0.39,Ball,1,,,,,
0.39,Shell,0,,,,,
0.39,LR,1,,,,,
0.391,PCA,0.707106781186548,,,,,
0.391,K's tau,2.55754475703325,,,,,
0.391,Winsor,1,,,,,
0.391,Quad,1,,,,,
0.391,Ball,1,,,,,
0.391,Shell,0,,,,,
0.391,LR,1,,,,,
0.392,PCA,0.707106781186548,,,,,
0.392,K's tau,2.55102040816327,,,,,
0.392,Winsor,1,,,,,
0.392,Quad,1,,,,,
0.392,Ball,1,,,,,
0.392,Shell,0,,,,,
0.392,LR,1,,,,,
0.393,PCA,0.707106781186548,,,,,
0.393,K's tau,2.54452926208651,,,,,
0.393,Winsor,1,,,,,
0.393,Quad,1,,,,,
0.393,Ball,1,,,,,
0.393,Shell,0,,,,,
0.393,LR,1,,,,,
0.394,PCA,0.707106781186548,,,,,
0.394,K's tau,2.53807106598985,,,,,
0.394,Winsor,1,,,,,
0.394,Quad,1,,,,,
0.394,Ball,1,,,,,
0.394,Shell,0,,,,,
0.394,LR,1,,,,,
0.395,PCA,0.707106781186548,,,,,
0.395,K's tau,2.53164556962025,,,,,
0.395,Winsor,1,,,,,
0.395,Quad,1,,,,,
0.395,Ball,1,,,,,
0.395,Shell,0,,,,,
0.395,LR,1,,,,,
0.396,PCA,0.707106781186548,,,,,
0.396,K's tau,2.52525252525253,,,,,
0.396,Winsor,1,,,,,
0.396,Quad,1,,,,,
0.396,Ball,1,,,,,
0.396,Shell,0,,,,,
0.396,LR,1,,,,,
0.397,PCA,0.707106781186548,,,,,
0.397,K's tau,2.51889168765743,,,,,
0.397,Winsor,1,,,,,
0.397,Quad,1,,,,,
0.397,Ball,1,,,,,
0.397,Shell,0,,,,,
0.397,LR,1,,,,,
0.398,PCA,0.707106781186548,,,,,
0.398,K's tau,2.51256281407035,,,,,
0.398,Winsor,1,,,,,
0.398,Quad,1,,,,,
0.398,Ball,1,,,,,
0.398,Shell,0,,,,,
0.398,LR,1,,,,,
0.399,PCA,0.707106781186548,,,,,
0.399,K's tau,2.5062656641604,,,,,
0.399,Winsor,1,,,,,
0.399,Quad,1,,,,,
0.399,Ball,1,,,,,
0.399,Shell,0,,,,,
0.399,LR,1,,,,,
0.4,PCA,0.707106781186548,,,,,
0.4,K's tau,2.5,,,,,
0.4,Winsor,1,,,,,
0.4,Quad,1,,,,,
0.4,Ball,1,,,,,
0.4,Shell,0,,,,,
0.4,LR,1,,,,,
0.401,PCA,0.707106781186548,,,,,
0.401,K's tau,2.49376558603491,,,,,
0.401,Winsor,1,,,,,
0.401,Quad,1,,,,,
0.401,Ball,1,,,,,
0.401,Shell,0,,,,,
0.401,LR,1,,,,,
0.402,PCA,0.707106781186548,,,,,
0.402,K's tau,2.48756218905473,,,,,
0.402,Winsor,1,,,,,
0.402,Quad,1,,,,,
0.402,Ball,1,,,,,
0.402,Shell,0,,,,,
0.402,LR,1,,,,,
0.403,PCA,0.707106781186548,,,,,
0.403,K's tau,2.48138957816377,,,,,
0.403,Winsor,1,,,,,
0.403,Quad,1,,,,,
0.403,Ball,1,,,,,
0.403,Shell,0,,,,,
0.403,LR,1,,,,,
0.404,PCA,0.707106781186548,,,,,
0.404,K's tau,2.47524752475248,,,,,
0.404,Winsor,1,,,,,
0.404,Quad,1,,,,,
0.404,Ball,1,,,,,
0.404,Shell,0,,,,,
0.404,LR,1,,,,,
0.405,PCA,0.707106781186548,,,,,
0.405,K's tau,2.46913580246914,,,,,
0.405,Winsor,1,,,,,
0.405,Quad,1,,,,,
0.405,Ball,1,,,,,
0.405,Shell,0,,,,,
0.405,LR,1,,,,,
0.406,PCA,0.707106781186548,,,,,
0.406,K's tau,2.46305418719212,,,,,
0.406,Winsor,1,,,,,
0.406,Quad,1,,,,,
0.406,Ball,1,,,,,
0.406,Shell,0,,,,,
0.406,LR,1,,,,,
0.407,PCA,0.707106781186548,,,,,
0.407,K's tau,2.45700245700246,,,,,
0.407,Winsor,1,,,,,
0.407,Quad,1,,,,,
0.407,Ball,1,,,,,
0.407,Shell,0,,,,,
0.407,LR,1,,,,,
0.408,PCA,0.707106781186548,,,,,
0.408,K's tau,2.45098039215686,,,,,
0.408,Winsor,1,,,,,
0.408,Quad,1,,,,,
0.408,Ball,1,,,,,
0.408,Shell,0,,,,,
0.408,LR,1,,,,,
0.409,PCA,0.707106781186548,,,,,
0.409,K's tau,2.44498777506112,,,,,
0.409,Winsor,1,,,,,
0.409,Quad,1,,,,,
0.409,Ball,1,,,,,
0.409,Shell,0,,,,,
0.409,LR,1,,,,,
0.41,PCA,0.707106781186548,,,,,
0.41,K's tau,2.4390243902439,,,,,
0.41,Winsor,1,,,,,
0.41,Quad,1,,,,,
0.41,Ball,1,,,,,
0.41,Shell,0,,,,,
0.41,LR,1,,,,,
0.411,PCA,0.707106781186548,,,,,
0.411,K's tau,2.4330900243309,,,,,
0.411,Winsor,1,,,,,
0.411,Quad,1,,,,,
0.411,Ball,1,,,,,
0.411,Shell,0,,,,,
0.411,LR,1,,,,,
0.412,PCA,0.707106781186548,,,,,
0.412,K's tau,2.42718446601942,,,,,
0.412,Winsor,1,,,,,
0.412,Quad,1,,,,,
0.412,Ball,1,,,,,
0.412,Shell,0,,,,,
0.412,LR,1,,,,,
0.413,PCA,0.707106781186548,,,,,
0.413,K's tau,2.42130750605327,,,,,
0.413,Winsor,1,,,,,
0.413,Quad,1,,,,,
0.413,Ball,1,,,,,
0.413,Shell,0,,,,,
0.413,LR,1,,,,,
0.414,PCA,0.707106781186548,,,,,
0.414,K's tau,2.41545893719807,,,,,
0.414,Winsor,1,,,,,
0.414,Quad,1,,,,,
0.414,Ball,1,,,,,
0.414,Shell,0,,,,,
0.414,LR,1,,,,,
0.415,PCA,0.707106781186548,,,,,
0.415,K's tau,2.40963855421687,,,,,
0.415,Winsor,1,,,,,
0.415,Quad,1,,,,,
0.415,Ball,1,,,,,
0.415,Shell,0,,,,,
0.415,LR,1,,,,,
0.416,PCA,0.707106781186548,,,,,
0.416,K's tau,2.40384615384615,,,,,
0.416,Winsor,1,,,,,
0.416,Quad,1,,,,,
0.416,Ball,1,,,,,
0.416,Shell,0,,,,,
0.416,LR,1,,,,,
0.417,PCA,0.707106781186548,,,,,
0.417,K's tau,2.39808153477218,,,,,
0.417,Winsor,1,,,,,
0.417,Quad,1,,,,,
0.417,Ball,1,,,,,
0.417,Shell,0,,,,,
0.417,LR,1,,,,,
0.418,PCA,0.707106781186548,,,,,
0.418,K's tau,2.39234449760766,,,,,
0.418,Winsor,1,,,,,
0.418,Quad,1,,,,,
0.418,Ball,1,,,,,
0.418,Shell,0,,,,,
0.418,LR,1,,,,,
0.419,PCA,0.707106781186548,,,,,
0.419,K's tau,2.38663484486874,,,,,
0.419,Winsor,1,,,,,
0.419,Quad,1,,,,,
0.419,Ball,1,,,,,
0.419,Shell,0,,,,,
0.419,LR,1,,,,,
0.42,PCA,0.707106781186548,,,,,
0.42,K's tau,2.38095238095238,,,,,
0.42,Winsor,1,,,,,
0.42,Quad,1,,,,,
0.42,Ball,1,,,,,
0.42,Shell,0,,,,,
0.42,LR,1,,,,,
0.421,PCA,0.707106781186548,,,,,
0.421,K's tau,2.37529691211401,,,,,
0.421,Winsor,1,,,,,
0.421,Quad,1,,,,,
0.421,Ball,1,,,,,
0.421,Shell,0,,,,,
0.421,LR,1,,,,,
0.422,PCA,0.707106781186548,,,,,
0.422,K's tau,2.3696682464455,,,,,
0.422,Winsor,1,,,,,
0.422,Quad,1,,,,,
0.422,Ball,1,,,,,
0.422,Shell,0,,,,,
0.422,LR,1,,,,,
0.423,PCA,0.707106781186548,,,,,
0.423,K's tau,2.36406619385343,,,,,
0.423,Winsor,1,,,,,
0.423,Quad,1,,,,,
0.423,Ball,1,,,,,
0.423,Shell,0,,,,,
0.423,LR,1,,,,,
0.424,PCA,0.707106781186548,,,,,
0.424,K's tau,2.35849056603774,,,,,
0.424,Winsor,1,,,,,
0.424,Quad,1,,,,,
0.424,Ball,1,,,,,
0.424,Shell,0,,,,,
0.424,LR,1,,,,,
0.425,PCA,0.707106781186548,,,,,
0.425,K's tau,2.35294117647059,,,,,
0.425,Winsor,1,,,,,
0.425,Quad,1,,,,,
0.425,Ball,1,,,,,
0.425,Shell,0,,,,,
0.425,LR,1,,,,,
0.426,PCA,0.707106781186548,,,,,
0.426,K's tau,2.34741784037559,,,,,
0.426,Winsor,1,,,,,
0.426,Quad,1,,,,,
0.426,Ball,1,,,,,
0.426,Shell,0,,,,,
0.426,LR,1,,,,,
0.427,PCA,0.707106781186548,,,,,
0.427,K's tau,2.34192037470726,,,,,
0.427,Winsor,1,,,,,
0.427,Quad,1,,,,,
0.427,Ball,1,,,,,
0.427,Shell,0,,,,,
0.427,LR,1,,,,,
0.428,PCA,0.707106781186548,,,,,
0.428,K's tau,2.33644859813084,,,,,
0.428,Winsor,1,,,,,
0.428,Quad,1,,,,,
0.428,Ball,1,,,,,
0.428,Shell,0,,,,,
0.428,LR,1,,,,,
0.429,PCA,0.707106781186548,,,,,
0.429,K's tau,2.33100233100233,,,,,
0.429,Winsor,1,,,,,
0.429,Quad,1,,,,,
0.429,Ball,1,,,,,
0.429,Shell,0,,,,,
0.429,LR,1,,,,,
0.43,PCA,0.707106781186548,,,,,
0.43,K's tau,2.32558139534884,,,,,
0.43,Winsor,1,,,,,
0.43,Quad,1,,,,,
0.43,Ball,1,,,,,
0.43,Shell,0,,,,,
0.43,LR,1,,,,,
0.431,PCA,0.707106781186548,,,,,
0.431,K's tau,2.32018561484919,,,,,
0.431,Winsor,1,,,,,
0.431,Quad,1,,,,,
0.431,Ball,1,,,,,
0.431,Shell,0,,,,,
0.431,LR,1,,,,,
0.432,PCA,0.707106781186548,,,,,
0.432,K's tau,2.31481481481482,,,,,
0.432,Winsor,1,,,,,
0.432,Quad,1,,,,,
0.432,Ball,1,,,,,
0.432,Shell,0,,,,,
0.432,LR,1,,,,,
0.433,PCA,0.707106781186548,,,,,
0.433,K's tau,2.3094688221709,,,,,
0.433,Winsor,1,,,,,
0.433,Quad,1,,,,,
0.433,Ball,1,,,,,
0.433,Shell,0,,,,,
0.433,LR,1,,,,,
0.434,PCA,0.707106781186548,,,,,
0.434,K's tau,2.30414746543779,,,,,
0.434,Winsor,1,,,,,
0.434,Quad,1,,,,,
0.434,Ball,1,,,,,
0.434,Shell,0,,,,,
0.434,LR,1,,,,,
0.435,PCA,0.707106781186548,,,,,
0.435,K's tau,2.29885057471264,,,,,
0.435,Winsor,1,,,,,
0.435,Quad,1,,,,,
0.435,Ball,1,,,,,
0.435,Shell,0,,,,,
0.435,LR,1,,,,,
0.436,PCA,0.707106781186548,,,,,
0.436,K's tau,2.29357798165138,,,,,
0.436,Winsor,1,,,,,
0.436,Quad,1,,,,,
0.436,Ball,1,,,,,
0.436,Shell,0,,,,,
0.436,LR,1,,,,,
0.437,PCA,0.707106781186548,,,,,
0.437,K's tau,2.2883295194508,,,,,
0.437,Winsor,1,,,,,
0.437,Quad,1,,,,,
0.437,Ball,1,,,,,
0.437,Shell,0,,,,,
0.437,LR,1,,,,,
0.438,PCA,0.707106781186548,,,,,
0.438,K's tau,2.28310502283105,,,,,
0.438,Winsor,1,,,,,
0.438,Quad,1,,,,,
0.438,Ball,1,,,,,
0.438,Shell,0,,,,,
0.438,LR,1,,,,,
0.439,PCA,0.707106781186548,,,,,
0.439,K's tau,2.27790432801822,,,,,
0.439,Winsor,1,,,,,
0.439,Quad,1,,,,,
0.439,Ball,1,,,,,
0.439,Shell,0,,,,,
0.439,LR,1,,,,,
0.44,PCA,0.707106781186548,,,,,
0.44,K's tau,2.27272727272727,,,,,
0.44,Winsor,1,,,,,
0.44,Quad,1,,,,,
0.44,Ball,1,,,,,
0.44,Shell,0,,,,,
0.44,LR,1,,,,,
0.441,PCA,0.707106781186548,,,,,
0.441,K's tau,2.26757369614512,,,,,
0.441,Winsor,1,,,,,
0.441,Quad,1,,,,,
0.441,Ball,1,,,,,
0.441,Shell,0,,,,,
0.441,LR,1,,,,,
0.442,PCA,0.707106781186548,,,,,
0.442,K's tau,2.26244343891403,,,,,
0.442,Winsor,1,,,,,
0.442,Quad,1,,,,,
0.442,Ball,1,,,,,
0.442,Shell,0,,,,,
0.442,LR,1,,,,,
0.443,PCA,0.707106781186548,,,,,
0.443,K's tau,2.25733634311512,,,,,
0.443,Winsor,1,,,,,
0.443,Quad,1,,,,,
0.443,Ball,1,,,,,
0.443,Shell,0,,,,,
0.443,LR,1,,,,,
0.444,PCA,0.707106781186548,,,,,
0.444,K's tau,2.25225225225225,,,,,
0.444,Winsor,1,,,,,
0.444,Quad,1,,,,,
0.444,Ball,1,,,,,
0.444,Shell,0,,,,,
0.444,LR,1,,,,,
0.445,PCA,0.707106781186548,,,,,
0.445,K's tau,2.24719101123596,,,,,
0.445,Winsor,1,,,,,
0.445,Quad,1,,,,,
0.445,Ball,1,,,,,
0.445,Shell,0,,,,,
0.445,LR,1,,,,,
0.446,PCA,0.707106781186548,,,,,
0.446,K's tau,2.24215246636771,,,,,
0.446,Winsor,1,,,,,
0.446,Quad,1,,,,,
0.446,Ball,1,,,,,
0.446,Shell,0,,,,,
0.446,LR,1,,,,,
0.447,PCA,0.707106781186548,,,,,
0.447,K's tau,2.23713646532438,,,,,
0.447,Winsor,1,,,,,
0.447,Quad,1,,,,,
0.447,Ball,1,,,,,
0.447,Shell,0,,,,,
0.447,LR,1,,,,,
0.448,PCA,0.707106781186548,,,,,
0.448,K's tau,2.23214285714286,,,,,
0.448,Winsor,1,,,,,
0.448,Quad,1,,,,,
0.448,Ball,1,,,,,
0.448,Shell,0,,,,,
0.448,LR,1,,,,,
0.449,PCA,0.707106781186548,,,,,
0.449,K's tau,2.2271714922049,,,,,
0.449,Winsor,1,,,,,
0.449,Quad,1,,,,,
0.449,Ball,1,,,,,
0.449,Shell,0,,,,,
0.449,LR,1,,,,,
0.45,PCA,0.707106781186548,,,,,
0.45,K's tau,2.22222222222222,,,,,
0.45,Winsor,1,,,,,
0.45,Quad,1,,,,,
0.45,Ball,1,,,,,
0.45,Shell,0,,,,,
0.45,LR,1,,,,,
0.451,PCA,0.707106781186548,,,,,
0.451,K's tau,2.21729490022173,,,,,
0.451,Winsor,1,,,,,
0.451,Quad,1,,,,,
0.451,Ball,1,,,,,
0.451,Shell,0,,,,,
0.451,LR,1,,,,,
0.452,PCA,0.707106781186548,,,,,
0.452,K's tau,2.21238938053097,,,,,
0.452,Winsor,1,,,,,
0.452,Quad,1,,,,,
0.452,Ball,1,,,,,
0.452,Shell,0,,,,,
0.452,LR,1,,,,,
0.453,PCA,0.707106781186548,,,,,
0.453,K's tau,2.2075055187638,,,,,
0.453,Winsor,1,,,,,
0.453,Quad,1,,,,,
0.453,Ball,1,,,,,
0.453,Shell,0,,,,,
0.453,LR,1,,,,,
0.454,PCA,0.707106781186548,,,,,
0.454,K's tau,2.20264317180617,,,,,
0.454,Winsor,1,,,,,
0.454,Quad,1,,,,,
0.454,Ball,1,,,,,
0.454,Shell,0,,,,,
0.454,LR,1,,,,,
0.455,PCA,0.707106781186548,,,,,
0.455,K's tau,2.1978021978022,,,,,
0.455,Winsor,1,,,,,
0.455,Quad,1,,,,,
0.455,Ball,1,,,,,
0.455,Shell,0,,,,,
0.455,LR,1,,,,,
0.456,PCA,0.707106781186548,,,,,
0.456,K's tau,2.19298245614035,,,,,
0.456,Winsor,1,,,,,
0.456,Quad,1,,,,,
0.456,Ball,1,,,,,
0.456,Shell,0,,,,,
0.456,LR,1,,,,,
0.457,PCA,0.707106781186548,,,,,
0.457,K's tau,2.18818380743982,,,,,
0.457,Winsor,1,,,,,
0.457,Quad,1,,,,,
0.457,Ball,1,,,,,
0.457,Shell,0,,,,,
0.457,LR,1,,,,,
0.458,PCA,0.707106781186548,,,,,
0.458,K's tau,2.18340611353712,,,,,
0.458,Winsor,1,,,,,
0.458,Quad,1,,,,,
0.458,Ball,1,,,,,
0.458,Shell,0,,,,,
0.458,LR,1,,,,,
0.459,PCA,0.707106781186548,,,,,
0.459,K's tau,2.17864923747277,,,,,
0.459,Winsor,1,,,,,
0.459,Quad,1,,,,,
0.459,Ball,1,,,,,
0.459,Shell,0,,,,,
0.459,LR,1,,,,,
0.46,PCA,0.707106781186548,,,,,
0.46,K's tau,2.17391304347826,,,,,
0.46,Winsor,1,,,,,
0.46,Quad,1,,,,,
0.46,Ball,1,,,,,
0.46,Shell,0,,,,,
0.46,LR,1,,,,,
0.461,PCA,0.707106781186548,,,,,
0.461,K's tau,2.16919739696312,,,,,
0.461,Winsor,1,,,,,
0.461,Quad,1,,,,,
0.461,Ball,1,,,,,
0.461,Shell,0,,,,,
0.461,LR,1,,,,,
0.462,PCA,0.707106781186548,,,,,
0.462,K's tau,2.16450216450216,,,,,
0.462,Winsor,1,,,,,
0.462,Quad,1,,,,,
0.462,Ball,1,,,,,
0.462,Shell,0,,,,,
0.462,LR,1,,,,,
0.463,PCA,0.707106781186548,,,,,
0.463,K's tau,2.15982721382289,,,,,
0.463,Winsor,1,,,,,
0.463,Quad,1,,,,,
0.463,Ball,1,,,,,
0.463,Shell,0,,,,,
0.463,LR,1,,,,,
0.464,PCA,0.707106781186548,,,,,
0.464,K's tau,2.1551724137931,,,,,
0.464,Winsor,1,,,,,
0.464,Quad,1,,,,,
0.464,Ball,1,,,,,
0.464,Shell,0,,,,,
0.464,LR,1,,,,,
0.465,PCA,0.707106781186548,,,,,
0.465,K's tau,2.1505376344086,,,,,
0.465,Winsor,1,,,,,
0.465,Quad,1,,,,,
0.465,Ball,1,,,,,
0.465,Shell,0,,,,,
0.465,LR,1,,,,,
0.466,PCA,0.707106781186548,,,,,
0.466,K's tau,2.14592274678112,,,,,
0.466,Winsor,1,,,,,
0.466,Quad,1,,,,,
0.466,Ball,1,,,,,
0.466,Shell,0,,,,,
0.466,LR,1,,,,,
0.467,PCA,0.707106781186548,,,,,
0.467,K's tau,2.14132762312634,,,,,
0.467,Winsor,1,,,,,
0.467,Quad,1,,,,,
0.467,Ball,1,,,,,
0.467,Shell,0,,,,,
0.467,LR,1,,,,,
0.468,PCA,0.707106781186548,,,,,
0.468,K's tau,2.13675213675214,,,,,
0.468,Winsor,1,,,,,
0.468,Quad,1,,,,,
0.468,Ball,1,,,,,
0.468,Shell,0,,,,,
0.468,LR,1,,,,,
0.469,PCA,0.707106781186548,,,,,
0.469,K's tau,2.13219616204691,,,,,
0.469,Winsor,1,,,,,
0.469,Quad,1,,,,,
0.469,Ball,1,,,,,
0.469,Shell,0,,,,,
0.469,LR,1,,,,,
0.47,PCA,0.707106781186548,,,,,
0.47,K's tau,2.12765957446809,,,,,
0.47,Winsor,1,,,,,
0.47,Quad,1,,,,,
0.47,Ball,1,,,,,
0.47,Shell,0,,,,,
0.47,LR,1,,,,,
0.471,PCA,0.707106781186548,,,,,
0.471,K's tau,2.12314225053079,,,,,
0.471,Winsor,1,,,,,
0.471,Quad,1,,,,,
0.471,Ball,1,,,,,
0.471,Shell,0,,,,,
0.471,LR,1,,,,,
0.472,PCA,0.707106781186548,,,,,
0.472,K's tau,2.11864406779661,,,,,
0.472,Winsor,1,,,,,
0.472,Quad,1,,,,,
0.472,Ball,1,,,,,
0.472,Shell,0,,,,,
0.472,LR,1,,,,,
0.473,PCA,0.707106781186548,,,,,
0.473,K's tau,2.11416490486258,,,,,
0.473,Winsor,1,,,,,
0.473,Quad,1,,,,,
0.473,Ball,1,,,,,
0.473,Shell,0,,,,,
0.473,LR,1,,,,,
0.474,PCA,0.707106781186548,,,,,
0.474,K's tau,2.10970464135021,,,,,
0.474,Winsor,1,,,,,
0.474,Quad,1,,,,,
0.474,Ball,1,,,,,
0.474,Shell,0,,,,,
0.474,LR,1,,,,,
0.475,PCA,0.707106781186548,,,,,
0.475,K's tau,2.10526315789474,,,,,
0.475,Winsor,1,,,,,
0.475,Quad,1,,,,,
0.475,Ball,1,,,,,
0.475,Shell,0,,,,,
0.475,LR,1,,,,,
0.476,PCA,0.707106781186548,,,,,
0.476,K's tau,2.10084033613445,,,,,
0.476,Winsor,1,,,,,
0.476,Quad,1,,,,,
0.476,Ball,1,,,,,
0.476,Shell,0,,,,,
0.476,LR,1,,,,,
0.477,PCA,0.707106781186548,,,,,
0.477,K's tau,2.09643605870021,,,,,
0.477,Winsor,1,,,,,
0.477,Quad,1,,,,,
0.477,Ball,1,,,,,
0.477,Shell,0,,,,,
0.477,LR,1,,,,,
0.478,PCA,0.707106781186548,,,,,
0.478,K's tau,2.09205020920502,,,,,
0.478,Winsor,1,,,,,
0.478,Quad,1,,,,,
0.478,Ball,1,,,,,
0.478,Shell,0,,,,,
0.478,LR,1,,,,,
0.479,PCA,0.707106781186548,,,,,
0.479,K's tau,2.08768267223382,,,,,
0.479,Winsor,1,,,,,
0.479,Quad,1,,,,,
0.479,Ball,1,,,,,
0.479,Shell,0,,,,,
0.479,LR,1,,,,,
0.48,PCA,0.707106781186548,,,,,
0.48,K's tau,2.08333333333333,,,,,
0.48,Winsor,1,,,,,
0.48,Quad,1,,,,,
0.48,Ball,1,,,,,
0.48,Shell,0,,,,,
0.48,LR,1,,,,,
0.481,PCA,0.707106781186548,,,,,
0.481,K's tau,2.07900207900208,,,,,
0.481,Winsor,1,,,,,
0.481,Quad,1,,,,,
0.481,Ball,1,,,,,
0.481,Shell,0,,,,,
0.481,LR,1,,,,,
0.482,PCA,0.707106781186548,,,,,
0.482,K's tau,2.0746887966805,,,,,
0.482,Winsor,1,,,,,
0.482,Quad,1,,,,,
0.482,Ball,1,,,,,
0.482,Shell,0,,,,,
0.482,LR,1,,,,,
0.483,PCA,0.707106781186548,,,,,
0.483,K's tau,2.0703933747412,,,,,
0.483,Winsor,1,,,,,
0.483,Quad,1,,,,,
0.483,Ball,1,,,,,
0.483,Shell,0,,,,,
0.483,LR,1,,,,,
0.484,PCA,0.707106781186548,,,,,
0.484,K's tau,2.06611570247934,,,,,
0.484,Winsor,1,,,,,
0.484,Quad,1,,,,,
0.484,Ball,1,,,,,
0.484,Shell,0,,,,,
0.484,LR,1,,,,,
0.485,PCA,0.707106781186548,,,,,
0.485,K's tau,2.06185567010309,,,,,
0.485,Winsor,1,,,,,
0.485,Quad,1,,,,,
0.485,Ball,1,,,,,
0.485,Shell,0,,,,,
0.485,LR,1,,,,,
0.486,PCA,0.707106781186548,,,,,
0.486,K's tau,2.05761316872428,,,,,
0.486,Winsor,1,,,,,
0.486,Quad,1,,,,,
0.486,Ball,1,,,,,
0.486,Shell,0,,,,,
0.486,LR,1,,,,,
0.487,PCA,0.707106781186548,,,,,
0.487,K's tau,2.05338809034908,,,,,
0.487,Winsor,1,,,,,
0.487,Quad,1,,,,,
0.487,Ball,1,,,,,
0.487,Shell,0,,,,,
0.487,LR,1,,,,,
0.488,PCA,0.707106781186548,,,,,
0.488,K's tau,2.04918032786885,,,,,
0.488,Winsor,1,,,,,
0.488,Quad,1,,,,,
0.488,Ball,1,,,,,
0.488,Shell,0,,,,,
0.488,LR,1,,,,,
0.489,PCA,0.707106781186548,,,,,
0.489,K's tau,2.04498977505112,,,,,
0.489,Winsor,1,,,,,
0.489,Quad,1,,,,,
0.489,Ball,1,,,,,
0.489,Shell,0,,,,,
0.489,LR,1,,,,,
0.49,PCA,0.707106781186548,,,,,
0.49,K's tau,2.04081632653061,,,,,
0.49,Winsor,1,,,,,
0.49,Quad,1,,,,,
0.49,Ball,1,,,,,
0.49,Shell,0,,,,,
0.49,LR,1,,,,,
0.491,PCA,0.707106781186548,,,,,
0.491,K's tau,2.03665987780041,,,,,
0.491,Winsor,1,,,,,
0.491,Quad,1,,,,,
0.491,Ball,1,,,,,
0.491,Shell,0,,,,,
0.491,LR,1,,,,,
0.492,PCA,0.707106781186548,,,,,
0.492,K's tau,2.03252032520325,,,,,
0.492,Winsor,1,,,,,
0.492,Quad,1,,,,,
0.492,Ball,1,,,,,
0.492,Shell,0,,,,,
0.492,LR,1,,,,,
0.493,PCA,0.707106781186548,,,,,
0.493,K's tau,2.02839756592292,,,,,
0.493,Winsor,1,,,,,
0.493,Quad,1,,,,,
0.493,Ball,1,,,,,
0.493,Shell,0,,,,,
0.493,LR,1,,,,,
0.494,PCA,0.707106781186548,,,,,
0.494,K's tau,2.02429149797571,,,,,
0.494,Winsor,1,,,,,
0.494,Quad,1,,,,,
0.494,Ball,1,,,,,
0.494,Shell,0,,,,,
0.494,LR,1,,,,,
0.495,PCA,0.707106781186548,,,,,
0.495,K's tau,2.02020202020202,,,,,
0.495,Winsor,1,,,,,
0.495,Quad,1,,,,,
0.495,Ball,1,,,,,
0.495,Shell,0,,,,,
0.495,LR,1,,,,,
0.496,PCA,0.707106781186548,,,,,
0.496,K's tau,2.01612903225806,,,,,
0.496,Winsor,1,,,,,
0.496,Quad,1,,,,,
0.496,Ball,1,,,,,
0.496,Shell,0,,,,,
0.496,LR,1,,,,,
0.497,PCA,0.707106781186548,,,,,
0.497,K's tau,2.01207243460765,,,,,
0.497,Winsor,1,,,,,
0.497,Quad,1,,,,,
0.497,Ball,1,,,,,
0.497,Shell,0,,,,,
0.497,LR,1,,,,,
0.498,PCA,0.707106781186548,,,,,
0.498,K's tau,2.00803212851406,,,,,
0.498,Winsor,1,,,,,
0.498,Quad,1,,,,,
0.498,Ball,1,,,,,
0.498,Shell,0,,,,,
0.498,LR,1,,,,,
0.499,PCA,0.707106781186548,,,,,
0.499,K's tau,2.00400801603206,,,,,
0.499,Winsor,1,,,,,
0.499,Quad,1,,,,,
0.499,Ball,1,,,,,
0.499,Shell,0,,,,,
0.499,LR,1,,,,,
0.5,PCA,0.707106781186548,,,,,
0.5,K's tau,2,,,,,
0.5,Winsor,1,,,,,
0.5,Quad,1,,,,,
0.5,Ball,1,,,,,
0.5,Shell,0,,,,,
0.5,LR,1,,,,,
0.501,PCA,0.707106781186548,,,,,
0.501,K's tau,1.99600798403194,,,,,
0.501,Winsor,1,,,,,
0.501,Quad,1,,,,,
0.501,Ball,1,,,,,
0.501,Shell,0,,,,,
0.501,LR,1,,,,,
0.502,PCA,0.707106781186548,,,,,
0.502,K's tau,1.99203187250996,,,,,
0.502,Winsor,1,,,,,
0.502,Quad,1,,,,,
0.502,Ball,1,,,,,
0.502,Shell,0,,,,,
0.502,LR,1,,,,,
0.503,PCA,0.707106781186548,,,,,
0.503,K's tau,1.98807157057654,,,,,
0.503,Winsor,1,,,,,
0.503,Quad,1,,,,,
0.503,Ball,1,,,,,
0.503,Shell,0,,,,,
0.503,LR,1,,,,,
0.504,PCA,0.707106781186548,,,,,
0.504,K's tau,1.98412698412698,,,,,
0.504,Winsor,1,,,,,
0.504,Quad,1,,,,,
0.504,Ball,1,,,,,
0.504,Shell,0,,,,,
0.504,LR,1,,,,,
0.505,PCA,0.707106781186548,,,,,
0.505,K's tau,1.98019801980198,,,,,
0.505,Winsor,1,,,,,
0.505,Quad,1,,,,,
0.505,Ball,1,,,,,
0.505,Shell,0,,,,,
0.505,LR,1,,,,,
0.506,PCA,0.707106781186548,,,,,
0.506,K's tau,1.97628458498024,,,,,
0.506,Winsor,1,,,,,
0.506,Quad,1,,,,,
0.506,Ball,1,,,,,
0.506,Shell,0,,,,,
0.506,LR,1,,,,,
0.507,PCA,0.707106781186548,,,,,
0.507,K's tau,1.9723865877712,,,,,
0.507,Winsor,1,,,,,
0.507,Quad,1,,,,,
0.507,Ball,1,,,,,
0.507,Shell,0,,,,,
0.507,LR,1,,,,,
0.508,PCA,0.707106781186548,,,,,
0.508,K's tau,1.96850393700787,,,,,
0.508,Winsor,1,,,,,
0.508,Quad,1,,,,,
0.508,Ball,1,,,,,
0.508,Shell,0,,,,,
0.508,LR,1,,,,,
0.509,PCA,0.707106781186548,,,,,
0.509,K's tau,1.96463654223969,,,,,
0.509,Winsor,1,,,,,
0.509,Quad,1,,,,,
0.509,Ball,1,,,,,
0.509,Shell,0,,,,,
0.509,LR,1,,,,,
0.51,PCA,0.707106781186548,,,,,
0.51,K's tau,1.96078431372549,,,,,
0.51,Winsor,1,,,,,
0.51,Quad,1,,,,,
0.51,Ball,1,,,,,
0.51,Shell,0,,,,,
0.51,LR,1,,,,,
0.511,PCA,0.707106781186548,,,,,
0.511,K's tau,1.95694716242661,,,,,
0.511,Winsor,1,,,,,
0.511,Quad,1,,,,,
0.511,Ball,1,,,,,
0.511,Shell,0,,,,,
0.511,LR,1,,,,,
0.512,PCA,0.707106781186548,,,,,
0.512,K's tau,1.953125,,,,,
0.512,Winsor,1,,,,,
0.512,Quad,1,,,,,
0.512,Ball,1,,,,,
0.512,Shell,0,,,,,
0.512,LR,1,,,,,
0.513,PCA,0.707106781186548,,,,,
0.513,K's tau,1.94931773879142,,,,,
0.513,Winsor,1,,,,,
0.513,Quad,1,,,,,
0.513,Ball,1,,,,,
0.513,Shell,0,,,,,
0.513,LR,1,,,,,
0.514,PCA,0.707106781186548,,,,,
0.514,K's tau,1.94552529182879,,,,,
0.514,Winsor,1,,,,,
0.514,Quad,1,,,,,
0.514,Ball,1,,,,,
0.514,Shell,0,,,,,
0.514,LR,1,,,,,
0.515,PCA,0.707106781186548,,,,,
0.515,K's tau,1.94174757281553,,,,,
0.515,Winsor,1,,,,,
0.515,Quad,1,,,,,
0.515,Ball,1,,,,,
0.515,Shell,0,,,,,
0.515,LR,1,,,,,
0.516,PCA,0.707106781186548,,,,,
0.516,K's tau,1.93798449612403,,,,,
0.516,Winsor,1,,,,,
0.516,Quad,1,,,,,
0.516,Ball,1,,,,,
0.516,Shell,0,,,,,
0.516,LR,1,,,,,
0.517,PCA,0.707106781186548,,,,,
0.517,K's tau,1.93423597678917,,,,,
0.517,Winsor,1,,,,,
0.517,Quad,1,,,,,
0.517,Ball,1,,,,,
0.517,Shell,0,,,,,
0.517,LR,1,,,,,
0.518,PCA,0.707106781186548,,,,,
0.518,K's tau,1.93050193050193,,,,,
0.518,Winsor,1,,,,,
0.518,Quad,1,,,,,
0.518,Ball,1,,,,,
0.518,Shell,0,,,,,
0.518,LR,1,,,,,
0.519,PCA,0.707106781186548,,,,,
0.519,K's tau,1.92678227360308,,,,,
0.519,Winsor,1,,,,,
0.519,Quad,1,,,,,
0.519,Ball,1,,,,,
0.519,Shell,0,,,,,
0.519,LR,1,,,,,
0.52,PCA,0.707106781186548,,,,,
0.52,K's tau,1.92307692307692,,,,,
0.52,Winsor,1,,,,,
0.52,Quad,1,,,,,
0.52,Ball,1,,,,,
0.52,Shell,0,,,,,
0.52,LR,1,,,,,
0.521,PCA,0.707106781186548,,,,,
0.521,K's tau,1.91938579654511,,,,,
0.521,Winsor,1,,,,,
0.521,Quad,1,,,,,
0.521,Ball,1,,,,,
0.521,Shell,0,,,,,
0.521,LR,1,,,,,
0.522,PCA,0.707106781186548,,,,,
0.522,K's tau,1.91570881226054,,,,,
0.522,Winsor,1,,,,,
0.522,Quad,1,,,,,
0.522,Ball,1,,,,,
0.522,Shell,0,,,,,
0.522,LR,1,,,,,
0.523,PCA,0.707106781186548,,,,,
0.523,K's tau,1.91204588910134,,,,,
0.523,Winsor,1,,,,,
0.523,Quad,1,,,,,
0.523,Ball,1,,,,,
0.523,Shell,0,,,,,
0.523,LR,1,,,,,
0.524,PCA,0.707106781186548,,,,,
0.524,K's tau,1.90839694656489,,,,,
0.524,Winsor,1,,,,,
0.524,Quad,1,,,,,
0.524,Ball,1,,,,,
0.524,Shell,0,,,,,
0.524,LR,1,,,,,
0.525,PCA,0.707106781186548,,,,,
0.525,K's tau,1.9047619047619,,,,,
0.525,Winsor,1,,,,,
0.525,Quad,1,,,,,
0.525,Ball,1,,,,,
0.525,Shell,0,,,,,
0.525,LR,1,,,,,
0.526,PCA,0.707106781186548,,,,,
0.526,K's tau,1.90114068441065,,,,,
0.526,Winsor,1,,,,,
0.526,Quad,1,,,,,
0.526,Ball,1,,,,,
0.526,Shell,0,,,,,
0.526,LR,1,,,,,
0.527,PCA,0.707106781186548,,,,,
0.527,K's tau,1.89753320683112,,,,,
0.527,Winsor,1,,,,,
0.527,Quad,1,,,,,
0.527,Ball,1,,,,,
0.527,Shell,0,,,,,
0.527,LR,1,,,,,
0.528,PCA,0.707106781186548,,,,,
0.528,K's tau,1.89393939393939,,,,,
0.528,Winsor,1,,,,,
0.528,Quad,1,,,,,
0.528,Ball,1,,,,,
0.528,Shell,0,,,,,
0.528,LR,1,,,,,
0.529,PCA,0.707106781186548,,,,,
0.529,K's tau,1.89035916824197,,,,,
0.529,Winsor,1,,,,,
0.529,Quad,1,,,,,
0.529,Ball,1,,,,,
0.529,Shell,0,,,,,
0.529,LR,1,,,,,
0.53,PCA,0.707106781186548,,,,,
0.53,K's tau,1.88679245283019,,,,,
0.53,Winsor,1,,,,,
0.53,Quad,1,,,,,
0.53,Ball,1,,,,,
0.53,Shell,0,,,,,
0.53,LR,1,,,,,
0.531,PCA,0.707106781186548,,,,,
0.531,K's tau,1.88323917137476,,,,,
0.531,Winsor,1,,,,,
0.531,Quad,1,,,,,
0.531,Ball,1,,,,,
0.531,Shell,0,,,,,
0.531,LR,1,,,,,
0.532,PCA,0.707106781186548,,,,,
0.532,K's tau,1.8796992481203,,,,,
0.532,Winsor,1,,,,,
0.532,Quad,1,,,,,
0.532,Ball,1,,,,,
0.532,Shell,0,,,,,
0.532,LR,1,,,,,
0.533,PCA,0.707106781186548,,,,,
0.533,K's tau,1.87617260787992,,,,,
0.533,Winsor,1,,,,,
0.533,Quad,1,,,,,
0.533,Ball,1,,,,,
0.533,Shell,0,,,,,
0.533,LR,1,,,,,
0.534,PCA,0.707106781186548,,,,,
0.534,K's tau,1.87265917602996,,,,,
0.534,Winsor,1,,,,,
0.534,Quad,1,,,,,
0.534,Ball,1,,,,,
0.534,Shell,0,,,,,
0.534,LR,1,,,,,
0.535,PCA,0.707106781186548,,,,,
0.535,K's tau,1.86915887850467,,,,,
0.535,Winsor,1,,,,,
0.535,Quad,1,,,,,
0.535,Ball,1,,,,,
0.535,Shell,0,,,,,
0.535,LR,1,,,,,
0.536,PCA,0.707106781186548,,,,,
0.536,K's tau,1.86567164179104,,,,,
0.536,Winsor,1,,,,,
0.536,Quad,1,,,,,
0.536,Ball,1,,,,,
0.536,Shell,0,,,,,
0.536,LR,1,,,,,
0.537,PCA,0.707106781186548,,,,,
0.537,K's tau,1.86219739292365,,,,,
0.537,Winsor,1,,,,,
0.537,Quad,1,,,,,
0.537,Ball,1,,,,,
0.537,Shell,0,,,,,
0.537,LR,1,,,,,
0.538,PCA,0.707106781186548,,,,,
0.538,K's tau,1.85873605947955,,,,,
0.538,Winsor,1,,,,,
0.538,Quad,1,,,,,
0.538,Ball,1,,,,,
0.538,Shell,0,,,,,
0.538,LR,1,,,,,
0.539,PCA,0.707106781186548,,,,,
0.539,K's tau,1.85528756957328,,,,,
0.539,Winsor,1,,,,,
0.539,Quad,1,,,,,
0.539,Ball,1,,,,,
0.539,Shell,0,,,,,
0.539,LR,1,,,,,
0.54,PCA,0.707106781186548,,,,,
0.54,K's tau,1.85185185185185,,,,,
0.54,Winsor,1,,,,,
0.54,Quad,1,,,,,
0.54,Ball,1,,,,,
0.54,Shell,0,,,,,
0.54,LR,1,,,,,
0.541,PCA,0.707106781186548,,,,,
0.541,K's tau,1.84842883548983,,,,,
0.541,Winsor,1,,,,,
0.541,Quad,1,,,,,
0.541,Ball,1,,,,,
0.541,Shell,0,,,,,
0.541,LR,1,,,,,
0.542,PCA,0.707106781186548,,,,,
0.542,K's tau,1.8450184501845,,,,,
0.542,Winsor,1,,,,,
0.542,Quad,1,,,,,
0.542,Ball,1,,,,,
0.542,Shell,0,,,,,
0.542,LR,1,,,,,
0.543,PCA,0.707106781186548,,,,,
0.543,K's tau,1.84162062615101,,,,,
0.543,Winsor,1,,,,,
0.543,Quad,1,,,,,
0.543,Ball,1,,,,,
0.543,Shell,0,,,,,
0.543,LR,1,,,,,
0.544,PCA,0.707106781186548,,,,,
0.544,K's tau,1.83823529411765,,,,,
0.544,Winsor,1,,,,,
0.544,Quad,1,,,,,
0.544,Ball,1,,,,,
0.544,Shell,0,,,,,
0.544,LR,1,,,,,
0.545,PCA,0.707106781186548,,,,,
0.545,K's tau,1.8348623853211,,,,,
0.545,Winsor,1,,,,,
0.545,Quad,1,,,,,
0.545,Ball,1,,,,,
0.545,Shell,0,,,,,
0.545,LR,1,,,,,
0.546,PCA,0.707106781186548,,,,,
0.546,K's tau,1.83150183150183,,,,,
0.546,Winsor,1,,,,,
0.546,Quad,1,,,,,
0.546,Ball,1,,,,,
0.546,Shell,0,,,,,
0.546,LR,1,,,,,
0.547,PCA,0.707106781186548,,,,,
0.547,K's tau,1.82815356489945,,,,,
0.547,Winsor,1,,,,,
0.547,Quad,1,,,,,
0.547,Ball,1,,,,,
0.547,Shell,0,,,,,
0.547,LR,1,,,,,
0.548,PCA,0.707106781186548,,,,,
0.548,K's tau,1.82481751824818,,,,,
0.548,Winsor,1,,,,,
0.548,Quad,1,,,,,
0.548,Ball,1,,,,,
0.548,Shell,0,,,,,
0.548,LR,1,,,,,
0.549,PCA,0.707106781186548,,,,,
0.549,K's tau,1.82149362477231,,,,,
0.549,Winsor,1,,,,,
0.549,Quad,1,,,,,
0.549,Ball,1,,,,,
0.549,Shell,0,,,,,
0.549,LR,1,,,,,
0.55,PCA,0.707106781186548,,,,,
0.55,K's tau,1.81818181818182,,,,,
0.55,Winsor,1,,,,,
0.55,Quad,1,,,,,
0.55,Ball,1,,,,,
0.55,Shell,0,,,,,
0.55,LR,1,,,,,
0.551,PCA,0.707106781186548,,,,,
0.551,K's tau,1.81488203266788,,,,,
0.551,Winsor,1,,,,,
0.551,Quad,1,,,,,
0.551,Ball,1,,,,,
0.551,Shell,0,,,,,
0.551,LR,1,,,,,
0.552,PCA,0.707106781186548,,,,,
0.552,K's tau,1.81159420289855,,,,,
0.552,Winsor,1,,,,,
0.552,Quad,1,,,,,
0.552,Ball,1,,,,,
0.552,Shell,0,,,,,
0.552,LR,1,,,,,
0.553,PCA,0.707106781186548,,,,,
0.553,K's tau,1.80831826401447,,,,,
0.553,Winsor,1,,,,,
0.553,Quad,1,,,,,
0.553,Ball,1,,,,,
0.553,Shell,0,,,,,
0.553,LR,1,,,,,
0.554,PCA,0.707106781186548,,,,,
0.554,K's tau,1.80505415162455,,,,,
0.554,Winsor,1,,,,,
0.554,Quad,1,,,,,
0.554,Ball,1,,,,,
0.554,Shell,0,,,,,
0.554,LR,1,,,,,
0.555,PCA,0.707106781186548,,,,,
0.555,K's tau,1.8018018018018,,,,,
0.555,Winsor,1,,,,,
0.555,Quad,1,,,,,
0.555,Ball,1,,,,,
0.555,Shell,0,,,,,
0.555,LR,1,,,,,
0.556,PCA,0.707106781186548,,,,,
0.556,K's tau,1.79856115107914,,,,,
0.556,Winsor,1,,,,,
0.556,Quad,1,,,,,
0.556,Ball,1,,,,,
0.556,Shell,0,,,,,
0.556,LR,1,,,,,
0.557,PCA,0.707106781186548,,,,,
0.557,K's tau,1.79533213644524,,,,,
0.557,Winsor,1,,,,,
0.557,Quad,1,,,,,
0.557,Ball,1,,,,,
0.557,Shell,0,,,,,
0.557,LR,1,,,,,
0.558,PCA,0.707106781186548,,,,,
0.558,K's tau,1.7921146953405,,,,,
0.558,Winsor,1,,,,,
0.558,Quad,1,,,,,
0.558,Ball,1,,,,,
0.558,Shell,0,,,,,
0.558,LR,1,,,,,
0.559,PCA,0.707106781186548,,,,,
0.559,K's tau,1.78890876565295,,,,,
0.559,Winsor,1,,,,,
0.559,Quad,1,,,,,
0.559,Ball,1,,,,,
0.559,Shell,0,,,,,
0.559,LR,1,,,,,
0.56,PCA,0.707106781186548,,,,,
0.56,K's tau,1.78571428571429,,,,,
0.56,Winsor,1,,,,,
0.56,Quad,1,,,,,
0.56,Ball,1,,,,,
0.56,Shell,0,,,,,
0.56,LR,1,,,,,
0.561,PCA,0.707106781186548,,,,,
0.561,K's tau,1.7825311942959,,,,,
0.561,Winsor,1,,,,,
0.561,Quad,1,,,,,
0.561,Ball,1,,,,,
0.561,Shell,0,,,,,
0.561,LR,1,,,,,
0.562,PCA,0.707106781186548,,,,,
0.562,K's tau,1.77935943060498,,,,,
0.562,Winsor,1,,,,,
0.562,Quad,1,,,,,
0.562,Ball,1,,,,,
0.562,Shell,0,,,,,
0.562,LR,1,,,,,
0.563,PCA,0.707106781186548,,,,,
0.563,K's tau,1.77619893428064,,,,,
0.563,Winsor,1,,,,,
0.563,Quad,1,,,,,
0.563,Ball,1,,,,,
0.563,Shell,0,,,,,
0.563,LR,1,,,,,
0.564,PCA,0.707106781186548,,,,,
0.564,K's tau,1.77304964539007,,,,,
0.564,Winsor,1,,,,,
0.564,Quad,1,,,,,
0.564,Ball,1,,,,,
0.564,Shell,0,,,,,
0.564,LR,1,,,,,
0.565,PCA,0.707106781186548,,,,,
0.565,K's tau,1.76991150442478,,,,,
0.565,Winsor,1,,,,,
0.565,Quad,1,,,,,
0.565,Ball,1,,,,,
0.565,Shell,0,,,,,
0.565,LR,1,,,,,
0.566,PCA,0.707106781186548,,,,,
0.566,K's tau,1.76678445229682,,,,,
0.566,Winsor,1,,,,,
0.566,Quad,1,,,,,
0.566,Ball,1,,,,,
0.566,Shell,0,,,,,
0.566,LR,1,,,,,
0.567,PCA,0.707106781186548,,,,,
0.567,K's tau,1.7636684303351,,,,,
0.567,Winsor,1,,,,,
0.567,Quad,1,,,,,
0.567,Ball,1,,,,,
0.567,Shell,0,,,,,
0.567,LR,1,,,,,
0.568,PCA,0.707106781186548,,,,,
0.568,K's tau,1.76056338028169,,,,,
0.568,Winsor,1,,,,,
0.568,Quad,1,,,,,
0.568,Ball,1,,,,,
0.568,Shell,0,,,,,
0.568,LR,1,,,,,
0.569,PCA,0.707106781186548,,,,,
0.569,K's tau,1.75746924428822,,,,,
0.569,Winsor,1,,,,,
0.569,Quad,1,,,,,
0.569,Ball,1,,,,,
0.569,Shell,0,,,,,
0.569,LR,1,,,,,
0.57,PCA,0.707106781186548,,,,,
0.57,K's tau,1.75438596491228,,,,,
0.57,Winsor,1,,,,,
0.57,Quad,1,,,,,
0.57,Ball,1,,,,,
0.57,Shell,0,,,,,
0.57,LR,1,,,,,
0.571,PCA,0.707106781186548,,,,,
0.571,K's tau,1.75131348511384,,,,,
0.571,Winsor,1,,,,,
0.571,Quad,1,,,,,
0.571,Ball,1,,,,,
0.571,Shell,0,,,,,
0.571,LR,1,,,,,
0.572,PCA,0.707106781186548,,,,,
0.572,K's tau,1.74825174825175,,,,,
0.572,Winsor,1,,,,,
0.572,Quad,1,,,,,
0.572,Ball,1,,,,,
0.572,Shell,0,,,,,
0.572,LR,1,,,,,
0.573,PCA,0.707106781186548,,,,,
0.573,K's tau,1.74520069808028,,,,,
0.573,Winsor,1,,,,,
0.573,Quad,1,,,,,
0.573,Ball,1,,,,,
0.573,Shell,0,,,,,
0.573,LR,1,,,,,
0.574,PCA,0.707106781186548,,,,,
0.574,K's tau,1.74216027874564,,,,,
0.574,Winsor,1,,,,,
0.574,Quad,1,,,,,
0.574,Ball,1,,,,,
0.574,Shell,0,,,,,
0.574,LR,1,,,,,
0.575,PCA,0.707106781186548,,,,,
0.575,K's tau,1.73913043478261,,,,,
0.575,Winsor,1,,,,,
0.575,Quad,1,,,,,
0.575,Ball,1,,,,,
0.575,Shell,0,,,,,
0.575,LR,1,,,,,
0.576,PCA,0.707106781186548,,,,,
0.576,K's tau,1.73611111111111,,,,,
0.576,Winsor,1,,,,,
0.576,Quad,1,,,,,
0.576,Ball,1,,,,,
0.576,Shell,0,,,,,
0.576,LR,1,,,,,
0.577,PCA,0.707106781186548,,,,,
0.577,K's tau,1.73310225303293,,,,,
0.577,Winsor,1,,,,,
0.577,Quad,1,,,,,
0.577,Ball,1,,,,,
0.577,Shell,0,,,,,
0.577,LR,1,,,,,
0.578,PCA,0.707106781186548,,,,,
0.578,K's tau,1.73010380622837,,,,,
0.578,Winsor,1,,,,,
0.578,Quad,1,,,,,
0.578,Ball,1,,,,,
0.578,Shell,0,,,,,
0.578,LR,1,,,,,
0.579,PCA,0.707106781186548,,,,,
0.579,K's tau,1.72711571675302,,,,,
0.579,Winsor,1,,,,,
0.579,Quad,1,,,,,
0.579,Ball,1,,,,,
0.579,Shell,0,,,,,
0.579,LR,1,,,,,
0.58,PCA,0.707106781186548,,,,,
0.58,K's tau,1.72413793103448,,,,,
0.58,Winsor,1,,,,,
0.58,Quad,1,,,,,
0.58,Ball,1,,,,,
0.58,Shell,0,,,,,
0.58,LR,1,,,,,
0.581,PCA,0.707106781186548,,,,,
0.581,K's tau,1.72117039586919,,,,,
0.581,Winsor,1,,,,,
0.581,Quad,1,,,,,
0.581,Ball,1,,,,,
0.581,Shell,0,,,,,
0.581,LR,1,,,,,
0.582,PCA,0.707106781186548,,,,,
0.582,K's tau,1.71821305841924,,,,,
0.582,Winsor,1,,,,,
0.582,Quad,1,,,,,
0.582,Ball,1,,,,,
0.582,Shell,0,,,,,
0.582,LR,1,,,,,
0.583,PCA,0.707106781186548,,,,,
0.583,K's tau,1.71526586620926,,,,,
0.583,Winsor,1,,,,,
0.583,Quad,1,,,,,
0.583,Ball,1,,,,,
0.583,Shell,0,,,,,
0.583,LR,1,,,,,
0.584,PCA,0.707106781186548,,,,,
0.584,K's tau,1.71232876712329,,,,,
0.584,Winsor,1,,,,,
0.584,Quad,1,,,,,
0.584,Ball,1,,,,,
0.584,Shell,0,,,,,
0.584,LR,1,,,,,
0.585,PCA,0.707106781186548,,,,,
0.585,K's tau,1.70940170940171,,,,,
0.585,Winsor,1,,,,,
0.585,Quad,1,,,,,
0.585,Ball,1,,,,,
0.585,Shell,0,,,,,
0.585,LR,1,,,,,
0.586,PCA,0.707106781186548,,,,,
0.586,K's tau,1.70648464163823,,,,,
0.586,Winsor,1,,,,,
0.586,Quad,1,,,,,
0.586,Ball,1,,,,,
0.586,Shell,0,,,,,
0.586,LR,1,,,,,
0.587,PCA,0.707106781186548,,,,,
0.587,K's tau,1.70357751277683,,,,,
0.587,Winsor,1,,,,,
0.587,Quad,1,,,,,
0.587,Ball,1,,,,,
0.587,Shell,0,,,,,
0.587,LR,1,,,,,
0.588,PCA,0.707106781186548,,,,,
0.588,K's tau,1.70068027210884,,,,,
0.588,Winsor,1,,,,,
0.588,Quad,1,,,,,
0.588,Ball,1,,,,,
0.588,Shell,0,,,,,
0.588,LR,1,,,,,
0.589,PCA,0.707106781186548,,,,,
0.589,K's tau,1.69779286926995,,,,,
0.589,Winsor,1,,,,,
0.589,Quad,1,,,,,
0.589,Ball,1,,,,,
0.589,Shell,0,,,,,
0.589,LR,1,,,,,
0.59,PCA,0.707106781186548,,,,,
0.59,K's tau,1.69491525423729,,,,,
0.59,Winsor,1,,,,,
0.59,Quad,1,,,,,
0.59,Ball,1,,,,,
0.59,Shell,0,,,,,
0.59,LR,1,,,,,
0.591,PCA,0.707106781186548,,,,,
0.591,K's tau,1.69204737732657,,,,,
0.591,Winsor,1,,,,,
0.591,Quad,1,,,,,
0.591,Ball,1,,,,,
0.591,Shell,0,,,,,
0.591,LR,1,,,,,
0.592,PCA,0.707106781186548,,,,,
0.592,K's tau,1.68918918918919,,,,,
0.592,Winsor,1,,,,,
0.592,Quad,1,,,,,
0.592,Ball,1,,,,,
0.592,Shell,0,,,,,
0.592,LR,1,,,,,
0.593,PCA,0.707106781186548,,,,,
0.593,K's tau,1.68634064080944,,,,,
0.593,Winsor,1,,,,,
0.593,Quad,1,,,,,
0.593,Ball,1,,,,,
0.593,Shell,0,,,,,
0.593,LR,1,,,,,
0.594,PCA,0.707106781186548,,,,,
0.594,K's tau,1.68350168350168,,,,,
0.594,Winsor,1,,,,,
0.594,Quad,1,,,,,
0.594,Ball,1,,,,,
0.594,Shell,0,,,,,
0.594,LR,1,,,,,
0.595,PCA,0.707106781186548,,,,,
0.595,K's tau,1.68067226890756,,,,,
0.595,Winsor,1,,,,,
0.595,Quad,1,,,,,
0.595,Ball,1,,,,,
0.595,Shell,0,,,,,
0.595,LR,1,,,,,
0.596,PCA,0.707106781186548,,,,,
0.596,K's tau,1.67785234899329,,,,,
0.596,Winsor,1,,,,,
0.596,Quad,1,,,,,
0.596,Ball,1,,,,,
0.596,Shell,0,,,,,
0.596,LR,1,,,,,
0.597,PCA,0.707106781186548,,,,,
0.597,K's tau,1.6750418760469,,,,,
0.597,Winsor,1,,,,,
0.597,Quad,1,,,,,
0.597,Ball,1,,,,,
0.597,Shell,0,,,,,
0.597,LR,1,,,,,
0.598,PCA,0.707106781186548,,,,,
0.598,K's tau,1.67224080267559,,,,,
0.598,Winsor,1,,,,,
0.598,Quad,1,,,,,
0.598,Ball,1,,,,,
0.598,Shell,0,,,,,
0.598,LR,1,,,,,
0.599,PCA,0.707106781186548,,,,,
0.599,K's tau,1.66944908180301,,,,,
0.599,Winsor,1,,,,,
0.599,Quad,1,,,,,
0.599,Ball,1,,,,,
0.599,Shell,0,,,,,
0.599,LR,1,,,,,
0.6,PCA,0.707106781186548,,,,,
0.6,K's tau,1.66666666666667,,,,,
0.6,Winsor,1,,,,,
0.6,Quad,1,,,,,
0.6,Ball,1,,,,,
0.6,Shell,0,,,,,
0.6,LR,1,,,,,
0.601,PCA,0.707106781186548,,,,,
0.601,K's tau,1.66389351081531,,,,,
0.601,Winsor,1,,,,,
0.601,Quad,1,,,,,
0.601,Ball,1,,,,,
0.601,Shell,0,,,,,
0.601,LR,1,,,,,
0.602,PCA,0.707106781186548,,,,,
0.602,K's tau,1.66112956810631,,,,,
0.602,Winsor,1,,,,,
0.602,Quad,1,,,,,
0.602,Ball,1,,,,,
0.602,Shell,0,,,,,
0.602,LR,1,,,,,
0.603,PCA,0.707106781186548,,,,,
0.603,K's tau,1.65837479270315,,,,,
0.603,Winsor,1,,,,,
0.603,Quad,1,,,,,
0.603,Ball,1,,,,,
0.603,Shell,0,,,,,
0.603,LR,1,,,,,
0.604,PCA,0.707106781186548,,,,,
0.604,K's tau,1.65562913907285,,,,,
0.604,Winsor,1,,,,,
0.604,Quad,1,,,,,
0.604,Ball,1,,,,,
0.604,Shell,0,,,,,
0.604,LR,1,,,,,
0.605,PCA,0.707106781186548,,,,,
0.605,K's tau,1.65289256198347,,,,,
0.605,Winsor,1,,,,,
0.605,Quad,1,,,,,
0.605,Ball,1,,,,,
0.605,Shell,0,,,,,
0.605,LR,1,,,,,
0.606,PCA,0.707106781186548,,,,,
0.606,K's tau,1.65016501650165,,,,,
0.606,Winsor,1,,,,,
0.606,Quad,1,,,,,
0.606,Ball,1,,,,,
0.606,Shell,0,,,,,
0.606,LR,1,,,,,
0.607,PCA,0.707106781186548,,,,,
0.607,K's tau,1.64744645799012,,,,,
0.607,Winsor,1,,,,,
0.607,Quad,1,,,,,
0.607,Ball,1,,,,,
0.607,Shell,0,,,,,
0.607,LR,1,,,,,
0.608,PCA,0.707106781186548,,,,,
0.608,K's tau,1.64473684210526,,,,,
0.608,Winsor,1,,,,,
0.608,Quad,1,,,,,
0.608,Ball,1,,,,,
0.608,Shell,0,,,,,
0.608,LR,1,,,,,
0.609,PCA,0.707106781186548,,,,,
0.609,K's tau,1.64203612479475,,,,,
0.609,Winsor,1,,,,,
0.609,Quad,1,,,,,
0.609,Ball,1,,,,,
0.609,Shell,0,,,,,
0.609,LR,1,,,,,
0.61,PCA,0.707106781186548,,,,,
0.61,K's tau,1.63934426229508,,,,,
0.61,Winsor,1,,,,,
0.61,Quad,1,,,,,
0.61,Ball,1,,,,,
0.61,Shell,0,,,,,
0.61,LR,1,,,,,
0.611,PCA,0.707106781186548,,,,,
0.611,K's tau,1.6366612111293,,,,,
0.611,Winsor,1,,,,,
0.611,Quad,1,,,,,
0.611,Ball,1,,,,,
0.611,Shell,0,,,,,
0.611,LR,1,,,,,
0.612,PCA,0.707106781186548,,,,,
0.612,K's tau,1.63398692810458,,,,,
0.612,Winsor,1,,,,,
0.612,Quad,1,,,,,
0.612,Ball,1,,,,,
0.612,Shell,0,,,,,
0.612,LR,1,,,,,
0.613,PCA,0.707106781186548,,,,,
0.613,K's tau,1.63132137030995,,,,,
0.613,Winsor,1,,,,,
0.613,Quad,1,,,,,
0.613,Ball,1,,,,,
0.613,Shell,0,,,,,
0.613,LR,1,,,,,
0.614,PCA,0.707106781186548,,,,,
0.614,K's tau,1.62866449511401,,,,,
0.614,Winsor,1,,,,,
0.614,Quad,1,,,,,
0.614,Ball,1,,,,,
0.614,Shell,0,,,,,
0.614,LR,1,,,,,
0.615,PCA,0.707106781186548,,,,,
0.615,K's tau,1.6260162601626,,,,,
0.615,Winsor,1,,,,,
0.615,Quad,1,,,,,
0.615,Ball,1,,,,,
0.615,Shell,0,,,,,
0.615,LR,1,,,,,
0.616,PCA,0.707106781186548,,,,,
0.616,K's tau,1.62337662337662,,,,,
0.616,Winsor,1,,,,,
0.616,Quad,1,,,,,
0.616,Ball,1,,,,,
0.616,Shell,0,,,,,
0.616,LR,1,,,,,
0.617,PCA,0.707106781186548,,,,,
0.617,K's tau,1.62074554294976,,,,,
0.617,Winsor,1,,,,,
0.617,Quad,1,,,,,
0.617,Ball,1,,,,,
0.617,Shell,0,,,,,
0.617,LR,1,,,,,
0.618,PCA,0.707106781186548,,,,,
0.618,K's tau,1.61812297734628,,,,,
0.618,Winsor,1,,,,,
0.618,Quad,1,,,,,
0.618,Ball,1,,,,,
0.618,Shell,0,,,,,
0.618,LR,1,,,,,
0.619,PCA,0.707106781186548,,,,,
0.619,K's tau,1.61550888529887,,,,,
0.619,Winsor,1,,,,,
0.619,Quad,1,,,,,
0.619,Ball,1,,,,,
0.619,Shell,0,,,,,
0.619,LR,1,,,,,
0.62,PCA,0.707106781186548,,,,,
0.62,K's tau,1.61290322580645,,,,,
0.62,Winsor,1,,,,,
0.62,Quad,1,,,,,
0.62,Ball,1,,,,,
0.62,Shell,0,,,,,
0.62,LR,1,,,,,
0.621,PCA,0.707106781186548,,,,,
0.621,K's tau,1.61030595813205,,,,,
0.621,Winsor,1,,,,,
0.621,Quad,1,,,,,
0.621,Ball,1,,,,,
0.621,Shell,0,,,,,
0.621,LR,1,,,,,
0.622,PCA,0.707106781186548,,,,,
0.622,K's tau,1.60771704180064,,,,,
0.622,Winsor,1,,,,,
0.622,Quad,1,,,,,
0.622,Ball,1,,,,,
0.622,Shell,0,,,,,
0.622,LR,1,,,,,
0.623,PCA,0.707106781186548,,,,,
0.623,K's tau,1.60513643659711,,,,,
0.623,Winsor,1,,,,,
0.623,Quad,1,,,,,
0.623,Ball,1,,,,,
0.623,Shell,0,,,,,
0.623,LR,1,,,,,
0.624,PCA,0.707106781186548,,,,,
0.624,K's tau,1.6025641025641,,,,,
0.624,Winsor,1,,,,,
0.624,Quad,1,,,,,
0.624,Ball,1,,,,,
0.624,Shell,0,,,,,
0.624,LR,1,,,,,
0.625,PCA,0.707106781186548,,,,,
0.625,K's tau,1.6,,,,,
0.625,Winsor,1,,,,,
0.625,Quad,1,,,,,
0.625,Ball,1,,,,,
0.625,Shell,0,,,,,
0.625,LR,1,,,,,
0.626,PCA,0.707106781186548,,,,,
0.626,K's tau,1.59744408945687,,,,,
0.626,Winsor,1,,,,,
0.626,Quad,1,,,,,
0.626,Ball,1,,,,,
0.626,Shell,0,,,,,
0.626,LR,1,,,,,
0.627,PCA,0.707106781186548,,,,,
0.627,K's tau,1.59489633173844,,,,,
0.627,Winsor,1,,,,,
0.627,Quad,1,,,,,
0.627,Ball,1,,,,,
0.627,Shell,0,,,,,
0.627,LR,1,,,,,
0.628,PCA,0.707106781186548,,,,,
0.628,K's tau,1.59235668789809,,,,,
0.628,Winsor,1,,,,,
0.628,Quad,1,,,,,
0.628,Ball,1,,,,,
0.628,Shell,0,,,,,
0.628,LR,1,,,,,
0.629,PCA,0.707106781186548,,,,,
0.629,K's tau,1.58982511923688,,,,,
0.629,Winsor,1,,,,,
0.629,Quad,1,,,,,
0.629,Ball,1,,,,,
0.629,Shell,0,,,,,
0.629,LR,1,,,,,
0.63,PCA,0.707106781186548,,,,,
0.63,K's tau,1.58730158730159,,,,,
0.63,Winsor,1,,,,,
0.63,Quad,1,,,,,
0.63,Ball,1,,,,,
0.63,Shell,0,,,,,
0.63,LR,1,,,,,
0.631,PCA,0.707106781186548,,,,,
0.631,K's tau,1.58478605388273,,,,,
0.631,Winsor,1,,,,,
0.631,Quad,1,,,,,
0.631,Ball,1,,,,,
0.631,Shell,0,,,,,
0.631,LR,1,,,,,
0.632,PCA,0.707106781186548,,,,,
0.632,K's tau,1.58227848101266,,,,,
0.632,Winsor,1,,,,,
0.632,Quad,1,,,,,
0.632,Ball,1,,,,,
0.632,Shell,0,,,,,
0.632,LR,1,,,,,
0.633,PCA,0.707106781186548,,,,,
0.633,K's tau,1.57977883096367,,,,,
0.633,Winsor,1,,,,,
0.633,Quad,1,,,,,
0.633,Ball,1,,,,,
0.633,Shell,0,,,,,
0.633,LR,1,,,,,
0.634,PCA,0.707106781186548,,,,,
0.634,K's tau,1.57728706624606,,,,,
0.634,Winsor,1,,,,,
0.634,Quad,1,,,,,
0.634,Ball,1,,,,,
0.634,Shell,0,,,,,
0.634,LR,1,,,,,
0.635,PCA,0.707106781186548,,,,,
0.635,K's tau,1.5748031496063,,,,,
0.635,Winsor,1,,,,,
0.635,Quad,1,,,,,
0.635,Ball,1,,,,,
0.635,Shell,0,,,,,
0.635,LR,1,,,,,
0.636,PCA,0.707106781186548,,,,,
0.636,K's tau,1.57232704402516,,,,,
0.636,Winsor,1,,,,,
0.636,Quad,1,,,,,
0.636,Ball,1,,,,,
0.636,Shell,0,,,,,
0.636,LR,1,,,,,
0.637,PCA,0.707106781186548,,,,,
0.637,K's tau,1.56985871271586,,,,,
0.637,Winsor,1,,,,,
0.637,Quad,1,,,,,
0.637,Ball,1,,,,,
0.637,Shell,0,,,,,
0.637,LR,1,,,,,
0.638,PCA,0.707106781186548,,,,,
0.638,K's tau,1.56739811912226,,,,,
0.638,Winsor,1,,,,,
0.638,Quad,1,,,,,
0.638,Ball,1,,,,,
0.638,Shell,0,,,,,
0.638,LR,1,,,,,
0.639,PCA,0.707106781186548,,,,,
0.639,K's tau,1.56494522691706,,,,,
0.639,Winsor,1,,,,,
0.639,Quad,1,,,,,
0.639,Ball,1,,,,,
0.639,Shell,0,,,,,
0.639,LR,1,,,,,
0.64,PCA,0.707106781186548,,,,,
0.64,K's tau,1.5625,,,,,
0.64,Winsor,1,,,,,
0.64,Quad,1,,,,,
0.64,Ball,1,,,,,
0.64,Shell,0,,,,,
0.64,LR,1,,,,,
0.641,PCA,0.707106781186548,,,,,
0.641,K's tau,1.5600624024961,,,,,
0.641,Winsor,1,,,,,
0.641,Quad,1,,,,,
0.641,Ball,1,,,,,
0.641,Shell,0,,,,,
0.641,LR,1,,,,,
0.642,PCA,0.707106781186548,,,,,
0.642,K's tau,1.55763239875389,,,,,
0.642,Winsor,1,,,,,
0.642,Quad,1,,,,,
0.642,Ball,1,,,,,
0.642,Shell,0,,,,,
0.642,LR,1,,,,,
0.643,PCA,0.707106781186548,,,,,
0.643,K's tau,1.5552099533437,,,,,
0.643,Winsor,1,,,,,
0.643,Quad,1,,,,,
0.643,Ball,1,,,,,
0.643,Shell,0,,,,,
0.643,LR,1,,,,,
0.644,PCA,0.707106781186548,,,,,
0.644,K's tau,1.5527950310559,,,,,
0.644,Winsor,1,,,,,
0.644,Quad,1,,,,,
0.644,Ball,1,,,,,
0.644,Shell,0,,,,,
0.644,LR,1,,,,,
0.645,PCA,0.707106781186548,,,,,
0.645,K's tau,1.55038759689922,,,,,
0.645,Winsor,1,,,,,
0.645,Quad,1,,,,,
0.645,Ball,1,,,,,
0.645,Shell,0,,,,,
0.645,LR,1,,,,,
0.646,PCA,0.707106781186548,,,,,
0.646,K's tau,1.54798761609907,,,,,
0.646,Winsor,1,,,,,
0.646,Quad,1,,,,,
0.646,Ball,1,,,,,
0.646,Shell,0,,,,,
0.646,LR,1,,,,,
0.647,PCA,0.707106781186548,,,,,
0.647,K's tau,1.54559505409583,,,,,
0.647,Winsor,1,,,,,
0.647,Quad,1,,,,,
0.647,Ball,1,,,,,
0.647,Shell,0,,,,,
0.647,LR,1,,,,,
0.648,PCA,0.707106781186548,,,,,
0.648,K's tau,1.54320987654321,,,,,
0.648,Winsor,1,,,,,
0.648,Quad,1,,,,,
0.648,Ball,1,,,,,
0.648,Shell,0,,,,,
0.648,LR,1,,,,,
0.649,PCA,0.707106781186548,,,,,
0.649,K's tau,1.54083204930663,,,,,
0.649,Winsor,1,,,,,
0.649,Quad,1,,,,,
0.649,Ball,1,,,,,
0.649,Shell,0,,,,,
0.649,LR,1,,,,,
0.65,PCA,0.707106781186548,,,,,
0.65,K's tau,1.53846153846154,,,,,
0.65,Winsor,1,,,,,
0.65,Quad,1,,,,,
0.65,Ball,1,,,,,
0.65,Shell,0,,,,,
0.65,LR,1,,,,,
0.651,PCA,0.707106781186548,,,,,
0.651,K's tau,1.53609831029186,,,,,
0.651,Winsor,1,,,,,
0.651,Quad,1,,,,,
0.651,Ball,1,,,,,
0.651,Shell,0,,,,,
0.651,LR,1,,,,,
0.652,PCA,0.707106781186548,,,,,
0.652,K's tau,1.53374233128834,,,,,
0.652,Winsor,1,,,,,
0.652,Quad,1,,,,,
0.652,Ball,1,,,,,
0.652,Shell,0,,,,,
0.652,LR,1,,,,,
0.653,PCA,0.707106781186548,,,,,
0.653,K's tau,1.53139356814701,,,,,
0.653,Winsor,1,,,,,
0.653,Quad,1,,,,,
0.653,Ball,1,,,,,
0.653,Shell,0,,,,,
0.653,LR,1,,,,,
0.654,PCA,0.707106781186548,,,,,
0.654,K's tau,1.52905198776758,,,,,
0.654,Winsor,1,,,,,
0.654,Quad,1,,,,,
0.654,Ball,1,,,,,
0.654,Shell,0,,,,,
0.654,LR,1,,,,,
0.655,PCA,0.707106781186548,,,,,
0.655,K's tau,1.52671755725191,,,,,
0.655,Winsor,1,,,,,
0.655,Quad,1,,,,,
0.655,Ball,1,,,,,
0.655,Shell,0,,,,,
0.655,LR,1,,,,,
0.656,PCA,0.707106781186548,,,,,
0.656,K's tau,1.52439024390244,,,,,
0.656,Winsor,1,,,,,
0.656,Quad,1,,,,,
0.656,Ball,1,,,,,
0.656,Shell,0,,,,,
0.656,LR,1,,,,,
0.657,PCA,0.707106781186548,,,,,
0.657,K's tau,1.5220700152207,,,,,
0.657,Winsor,1,,,,,
0.657,Quad,1,,,,,
0.657,Ball,1,,,,,
0.657,Shell,0,,,,,
0.657,LR,1,,,,,
0.658,PCA,0.707106781186548,,,,,
0.658,K's tau,1.51975683890578,,,,,
0.658,Winsor,1,,,,,
0.658,Quad,1,,,,,
0.658,Ball,1,,,,,
0.658,Shell,0,,,,,
0.658,LR,1,,,,,
0.659,PCA,0.707106781186548,,,,,
0.659,K's tau,1.51745068285281,,,,,
0.659,Winsor,1,,,,,
0.659,Quad,1,,,,,
0.659,Ball,1,,,,,
0.659,Shell,0,,,,,
0.659,LR,1,,,,,
0.66,PCA,0.707106781186548,,,,,
0.66,K's tau,1.51515151515152,,,,,
0.66,Winsor,1,,,,,
0.66,Quad,1,,,,,
0.66,Ball,1,,,,,
0.66,Shell,0,,,,,
0.66,LR,1,,,,,
0.661,PCA,0.707106781186548,,,,,
0.661,K's tau,1.51285930408472,,,,,
0.661,Winsor,1,,,,,
0.661,Quad,1,,,,,
0.661,Ball,1,,,,,
0.661,Shell,0,,,,,
0.661,LR,1,,,,,
0.662,PCA,0.707106781186548,,,,,
0.662,K's tau,1.51057401812689,,,,,
0.662,Winsor,1,,,,,
0.662,Quad,1,,,,,
0.662,Ball,1,,,,,
0.662,Shell,0,,,,,
0.662,LR,1,,,,,
0.663,PCA,0.707106781186548,,,,,
0.663,K's tau,1.50829562594268,,,,,
0.663,Winsor,1,,,,,
0.663,Quad,1,,,,,
0.663,Ball,1,,,,,
0.663,Shell,0,,,,,
0.663,LR,1,,,,,
0.664,PCA,0.707106781186548,,,,,
0.664,K's tau,1.50602409638554,,,,,
0.664,Winsor,1,,,,,
0.664,Quad,1,,,,,
0.664,Ball,1,,,,,
0.664,Shell,0,,,,,
0.664,LR,1,,,,,
0.665,PCA,0.707106781186548,,,,,
0.665,K's tau,1.50375939849624,,,,,
0.665,Winsor,1,,,,,
0.665,Quad,1,,,,,
0.665,Ball,1,,,,,
0.665,Shell,0,,,,,
0.665,LR,1,,,,,
0.666,PCA,0.707106781186548,,,,,
0.666,K's tau,1.5015015015015,,,,,
0.666,Winsor,1,,,,,
0.666,Quad,1,,,,,
0.666,Ball,1,,,,,
0.666,Shell,0,,,,,
0.666,LR,1,,,,,
0.667,PCA,0.707106781186548,,,,,
0.667,K's tau,1.49925037481259,,,,,
0.667,Winsor,1,,,,,
0.667,Quad,1,,,,,
0.667,Ball,1,,,,,
0.667,Shell,0,,,,,
0.667,LR,1,,,,,
0.668,PCA,0.707106781186548,,,,,
0.668,K's tau,1.49700598802395,,,,,
0.668,Winsor,1,,,,,
0.668,Quad,1,,,,,
0.668,Ball,1,,,,,
0.668,Shell,0,,,,,
0.668,LR,1,,,,,
0.669,PCA,0.707106781186548,,,,,
0.669,K's tau,1.49476831091181,,,,,
0.669,Winsor,1,,,,,
0.669,Quad,1,,,,,
0.669,Ball,1,,,,,
0.669,Shell,0,,,,,
0.669,LR,1,,,,,
0.67,PCA,0.707106781186548,,,,,
0.67,K's tau,1.49253731343284,,,,,
0.67,Winsor,1,,,,,
0.67,Quad,1,,,,,
0.67,Ball,1,,,,,
0.67,Shell,0,,,,,
0.67,LR,1,,,,,
0.671,PCA,0.707106781186548,,,,,
0.671,K's tau,1.4903129657228,,,,,
0.671,Winsor,1,,,,,
0.671,Quad,1,,,,,
0.671,Ball,1,,,,,
0.671,Shell,0,,,,,
0.671,LR,1,,,,,
0.672,PCA,0.707106781186548,,,,,
0.672,K's tau,1.48809523809524,,,,,
0.672,Winsor,1,,,,,
0.672,Quad,1,,,,,
0.672,Ball,1,,,,,
0.672,Shell,0,,,,,
0.672,LR,1,,,,,
0.673,PCA,0.707106781186548,,,,,
0.673,K's tau,1.48588410104012,,,,,
0.673,Winsor,1,,,,,
0.673,Quad,1,,,,,
0.673,Ball,1,,,,,
0.673,Shell,0,,,,,
0.673,LR,1,,,,,
0.674,PCA,0.707106781186548,,,,,
0.674,K's tau,1.48367952522255,,,,,
0.674,Winsor,1,,,,,
0.674,Quad,1,,,,,
0.674,Ball,1,,,,,
0.674,Shell,0,,,,,
0.674,LR,1,,,,,
0.675,PCA,0.707106781186548,,,,,
0.675,K's tau,1.48148148148148,,,,,
0.675,Winsor,1,,,,,
0.675,Quad,1,,,,,
0.675,Ball,1,,,,,
0.675,Shell,0,,,,,
0.675,LR,1,,,,,
0.676,PCA,0.707106781186548,,,,,
0.676,K's tau,1.4792899408284,,,,,
0.676,Winsor,1,,,,,
0.676,Quad,1,,,,,
0.676,Ball,1,,,,,
0.676,Shell,0,,,,,
0.676,LR,1,,,,,
0.677,PCA,0.707106781186548,,,,,
0.677,K's tau,1.47710487444609,,,,,
0.677,Winsor,1,,,,,
0.677,Quad,1,,,,,
0.677,Ball,1,,,,,
0.677,Shell,0,,,,,
0.677,LR,1,,,,,
0.678,PCA,0.707106781186548,,,,,
0.678,K's tau,1.47492625368732,,,,,
0.678,Winsor,1,,,,,
0.678,Quad,1,,,,,
0.678,Ball,1,,,,,
0.678,Shell,0,,,,,
0.678,LR,1,,,,,
0.679,PCA,0.707106781186548,,,,,
0.679,K's tau,1.47275405007364,,,,,
0.679,Winsor,1,,,,,
0.679,Quad,1,,,,,
0.679,Ball,1,,,,,
0.679,Shell,0,,,,,
0.679,LR,1,,,,,
0.68,PCA,0.707106781186548,,,,,
0.68,K's tau,1.47058823529412,,,,,
0.68,Winsor,1,,,,,
0.68,Quad,1,,,,,
0.68,Ball,1,,,,,
0.68,Shell,0,,,,,
0.68,LR,1,,,,,
0.681,PCA,0.707106781186548,,,,,
0.681,K's tau,1.46842878120411,,,,,
0.681,Winsor,1,,,,,
0.681,Quad,1,,,,,
0.681,Ball,1,,,,,
0.681,Shell,0,,,,,
0.681,LR,1,,,,,
0.682,PCA,0.707106781186548,,,,,
0.682,K's tau,1.46627565982405,,,,,
0.682,Winsor,1,,,,,
0.682,Quad,1,,,,,
0.682,Ball,1,,,,,
0.682,Shell,0,,,,,
0.682,LR,1,,,,,
0.683,PCA,0.707106781186548,,,,,
0.683,K's tau,1.46412884333821,,,,,
0.683,Winsor,1,,,,,
0.683,Quad,1,,,,,
0.683,Ball,1,,,,,
0.683,Shell,0,,,,,
0.683,LR,1,,,,,
0.684,PCA,0.707106781186548,,,,,
0.684,K's tau,1.46198830409357,,,,,
0.684,Winsor,1,,,,,
0.684,Quad,1,,,,,
0.684,Ball,1,,,,,
0.684,Shell,0,,,,,
0.684,LR,1,,,,,
0.685,PCA,0.707106781186548,,,,,
0.685,K's tau,1.45985401459854,,,,,
0.685,Winsor,1,,,,,
0.685,Quad,1,,,,,
0.685,Ball,1,,,,,
0.685,Shell,0,,,,,
0.685,LR,1,,,,,
0.686,PCA,0.707106781186548,,,,,
0.686,K's tau,1.45772594752187,,,,,
0.686,Winsor,1,,,,,
0.686,Quad,1,,,,,
0.686,Ball,1,,,,,
0.686,Shell,0,,,,,
0.686,LR,1,,,,,
0.687,PCA,0.707106781186548,,,,,
0.687,K's tau,1.45560407569141,,,,,
0.687,Winsor,1,,,,,
0.687,Quad,1,,,,,
0.687,Ball,1,,,,,
0.687,Shell,0,,,,,
0.687,LR,1,,,,,
0.688,PCA,0.707106781186548,,,,,
0.688,K's tau,1.45348837209302,,,,,
0.688,Winsor,1,,,,,
0.688,Quad,1,,,,,
0.688,Ball,1,,,,,
0.688,Shell,0,,,,,
0.688,LR,1,,,,,
0.689,PCA,0.707106781186548,,,,,
0.689,K's tau,1.45137880986938,,,,,
0.689,Winsor,1,,,,,
0.689,Quad,1,,,,,
0.689,Ball,1,,,,,
0.689,Shell,0,,,,,
0.689,LR,1,,,,,
0.69,PCA,0.707106781186548,,,,,
0.69,K's tau,1.44927536231884,,,,,
0.69,Winsor,1,,,,,
0.69,Quad,1,,,,,
0.69,Ball,1,,,,,
0.69,Shell,0,,,,,
0.69,LR,1,,,,,
0.691,PCA,0.707106781186548,,,,,
0.691,K's tau,1.44717800289436,,,,,
0.691,Winsor,1,,,,,
0.691,Quad,1,,,,,
0.691,Ball,1,,,,,
0.691,Shell,0,,,,,
0.691,LR,1,,,,,
0.692,PCA,0.707106781186548,,,,,
0.692,K's tau,1.44508670520231,,,,,
0.692,Winsor,1,,,,,
0.692,Quad,1,,,,,
0.692,Ball,1,,,,,
0.692,Shell,0,,,,,
0.692,LR,1,,,,,
0.693,PCA,0.707106781186548,,,,,
0.693,K's tau,1.44300144300144,,,,,
0.693,Winsor,1,,,,,
0.693,Quad,1,,,,,
0.693,Ball,1,,,,,
0.693,Shell,0,,,,,
0.693,LR,1,,,,,
0.694,PCA,0.707106781186548,,,,,
0.694,K's tau,1.44092219020173,,,,,
0.694,Winsor,1,,,,,
0.694,Quad,1,,,,,
0.694,Ball,1,,,,,
0.694,Shell,0,,,,,
0.694,LR,1,,,,,
0.695,PCA,0.707106781186548,,,,,
0.695,K's tau,1.43884892086331,,,,,
0.695,Winsor,1,,,,,
0.695,Quad,1,,,,,
0.695,Ball,1,,,,,
0.695,Shell,0,,,,,
0.695,LR,1,,,,,
0.696,PCA,0.707106781186548,,,,,
0.696,K's tau,1.4367816091954,,,,,
0.696,Winsor,1,,,,,
0.696,Quad,1,,,,,
0.696,Ball,1,,,,,
0.696,Shell,0,,,,,
0.696,LR,1,,,,,
0.697,PCA,0.707106781186548,,,,,
0.697,K's tau,1.43472022955524,,,,,
0.697,Winsor,1,,,,,
0.697,Quad,1,,,,,
0.697,Ball,1,,,,,
0.697,Shell,0,,,,,
0.697,LR,1,,,,,
0.698,PCA,0.707106781186548,,,,,
0.698,K's tau,1.43266475644699,,,,,
0.698,Winsor,1,,,,,
0.698,Quad,1,,,,,
0.698,Ball,1,,,,,
0.698,Shell,0,,,,,
0.698,LR,1,,,,,
0.699,PCA,0.707106781186548,,,,,
0.699,K's tau,1.43061516452074,,,,,
0.699,Winsor,1,,,,,
0.699,Quad,1,,,,,
0.699,Ball,1,,,,,
0.699,Shell,0,,,,,
0.699,LR,1,,,,,
0.7,PCA,0.707106781186548,,,,,
0.7,K's tau,1.42857142857143,,,,,
0.7,Winsor,1,,,,,
0.7,Quad,1,,,,,
0.7,Ball,1,,,,,
0.7,Shell,0,,,,,
0.7,LR,1,,,,,
0.701,PCA,0.707106781186548,,,,,
0.701,K's tau,1.4265335235378,,,,,
0.701,Winsor,1,,,,,
0.701,Quad,1,,,,,
0.701,Ball,1,,,,,
0.701,Shell,0,,,,,
0.701,LR,1,,,,,
0.702,PCA,0.707106781186548,,,,,
0.702,K's tau,1.42450142450142,,,,,
0.702,Winsor,1,,,,,
0.702,Quad,1,,,,,
0.702,Ball,1,,,,,
0.702,Shell,0,,,,,
0.702,LR,1,,,,,
0.703,PCA,0.707106781186548,,,,,
0.703,K's tau,1.42247510668563,,,,,
0.703,Winsor,1,,,,,
0.703,Quad,1,,,,,
0.703,Ball,1,,,,,
0.703,Shell,0,,,,,
0.703,LR,1,,,,,
0.704,PCA,0.707106781186548,,,,,
0.704,K's tau,1.42045454545455,,,,,
0.704,Winsor,1,,,,,
0.704,Quad,1,,,,,
0.704,Ball,1,,,,,
0.704,Shell,0,,,,,
0.704,LR,1,,,,,
0.705,PCA,0.707106781186548,,,,,
0.705,K's tau,1.41843971631206,,,,,
0.705,Winsor,1,,,,,
0.705,Quad,1,,,,,
0.705,Ball,1,,,,,
0.705,Shell,0,,,,,
0.705,LR,1,,,,,
0.706,PCA,0.707106781186548,,,,,
0.706,K's tau,1.41643059490085,,,,,
0.706,Winsor,1,,,,,
0.706,Quad,1,,,,,
0.706,Ball,1,,,,,
0.706,Shell,0,,,,,
0.706,LR,1,,,,,
0.707,PCA,0.707106781186548,,,,,
0.707,K's tau,1.41442715700141,,,,,
0.707,Winsor,1,,,,,
0.707,Quad,1,,,,,
0.707,Ball,1,,,,,
0.707,Shell,0,,,,,
0.707,LR,1,,,,,
0.708,PCA,0.707106781186548,,,,,
0.708,K's tau,1.41242937853107,,,,,
0.708,Winsor,1,,,,,
0.708,Quad,1,,,,,
0.708,Ball,1,,,,,
0.708,Shell,0,,,,,
0.708,LR,1,,,,,
0.709,PCA,0.707106781186548,,,,,
0.709,K's tau,1.41043723554302,,,,,
0.709,Winsor,1,,,,,
0.709,Quad,1,,,,,
0.709,Ball,1,,,,,
0.709,Shell,0,,,,,
0.709,LR,1,,,,,
0.71,PCA,0.707106781186548,,,,,
0.71,K's tau,1.40845070422535,,,,,
0.71,Winsor,1,,,,,
0.71,Quad,1,,,,,
0.71,Ball,1,,,,,
0.71,Shell,0,,,,,
0.71,LR,1,,,,,
0.711,PCA,0.707106781186548,,,,,
0.711,K's tau,1.40646976090014,,,,,
0.711,Winsor,1,,,,,
0.711,Quad,1,,,,,
0.711,Ball,1,,,,,
0.711,Shell,0,,,,,
0.711,LR,1,,,,,
0.712,PCA,0.707106781186548,,,,,
0.712,K's tau,1.40449438202247,,,,,
0.712,Winsor,1,,,,,
0.712,Quad,1,,,,,
0.712,Ball,1,,,,,
0.712,Shell,0,,,,,
0.712,LR,1,,,,,
0.713,PCA,0.707106781186548,,,,,
0.713,K's tau,1.40252454417952,,,,,
0.713,Winsor,1,,,,,
0.713,Quad,1,,,,,
0.713,Ball,1,,,,,
0.713,Shell,0,,,,,
0.713,LR,1,,,,,
0.714,PCA,0.707106781186548,,,,,
0.714,K's tau,1.40056022408964,,,,,
0.714,Winsor,1,,,,,
0.714,Quad,1,,,,,
0.714,Ball,1,,,,,
0.714,Shell,0,,,,,
0.714,LR,1,,,,,
0.715,PCA,0.707106781186548,,,,,
0.715,K's tau,1.3986013986014,,,,,
0.715,Winsor,1,,,,,
0.715,Quad,1,,,,,
0.715,Ball,1,,,,,
0.715,Shell,0,,,,,
0.715,LR,1,,,,,
0.716,PCA,0.707106781186548,,,,,
0.716,K's tau,1.39664804469274,,,,,
0.716,Winsor,1,,,,,
0.716,Quad,1,,,,,
0.716,Ball,1,,,,,
0.716,Shell,0,,,,,
0.716,LR,1,,,,,
0.717,PCA,0.707106781186548,,,,,
0.717,K's tau,1.39470013947001,,,,,
0.717,Winsor,1,,,,,
0.717,Quad,1,,,,,
0.717,Ball,1,,,,,
0.717,Shell,0,,,,,
0.717,LR,1,,,,,
0.718,PCA,0.707106781186548,,,,,
0.718,K's tau,1.39275766016713,,,,,
0.718,Winsor,1,,,,,
0.718,Quad,1,,,,,
0.718,Ball,1,,,,,
0.718,Shell,0,,,,,
0.718,LR,1,,,,,
0.719,PCA,0.707106781186548,,,,,
0.719,K's tau,1.39082058414465,,,,,
0.719,Winsor,1,,,,,
0.719,Quad,1,,,,,
0.719,Ball,1,,,,,
0.719,Shell,0,,,,,
0.719,LR,1,,,,,
0.72,PCA,0.707106781186548,,,,,
0.72,K's tau,1.38888888888889,,,,,
0.72,Winsor,1,,,,,
0.72,Quad,1,,,,,
0.72,Ball,1,,,,,
0.72,Shell,0,,,,,
0.72,LR,1,,,,,
0.721,PCA,0.707106781186548,,,,,
0.721,K's tau,1.3869625520111,,,,,
0.721,Winsor,1,,,,,
0.721,Quad,1,,,,,
0.721,Ball,1,,,,,
0.721,Shell,0,,,,,
0.721,LR,1,,,,,
0.722,PCA,0.707106781186548,,,,,
0.722,K's tau,1.38504155124654,,,,,
0.722,Winsor,1,,,,,
0.722,Quad,1,,,,,
0.722,Ball,1,,,,,
0.722,Shell,0,,,,,
0.722,LR,1,,,,,
0.723,PCA,0.707106781186548,,,,,
0.723,K's tau,1.38312586445367,,,,,
0.723,Winsor,1,,,,,
0.723,Quad,1,,,,,
0.723,Ball,1,,,,,
0.723,Shell,0,,,,,
0.723,LR,1,,,,,
0.724,PCA,0.707106781186548,,,,,
0.724,K's tau,1.38121546961326,,,,,
0.724,Winsor,1,,,,,
0.724,Quad,1,,,,,
0.724,Ball,1,,,,,
0.724,Shell,0,,,,,
0.724,LR,1,,,,,
0.725,PCA,0.707106781186548,,,,,
0.725,K's tau,1.37931034482759,,,,,
0.725,Winsor,1,,,,,
0.725,Quad,1,,,,,
0.725,Ball,1,,,,,
0.725,Shell,0,,,,,
0.725,LR,1,,,,,
0.726,PCA,0.707106781186548,,,,,
0.726,K's tau,1.37741046831956,,,,,
0.726,Winsor,1,,,,,
0.726,Quad,1,,,,,
0.726,Ball,1,,,,,
0.726,Shell,0,,,,,
0.726,LR,1,,,,,
0.727,PCA,0.707106781186548,,,,,
0.727,K's tau,1.37551581843191,,,,,
0.727,Winsor,1,,,,,
0.727,Quad,1,,,,,
0.727,Ball,1,,,,,
0.727,Shell,0,,,,,
0.727,LR,1,,,,,
0.728,PCA,0.707106781186548,,,,,
0.728,K's tau,1.37362637362637,,,,,
0.728,Winsor,1,,,,,
0.728,Quad,1,,,,,
0.728,Ball,1,,,,,
0.728,Shell,0,,,,,
0.728,LR,1,,,,,
0.729,PCA,0.707106781186548,,,,,
0.729,K's tau,1.37174211248285,,,,,
0.729,Winsor,1,,,,,
0.729,Quad,1,,,,,
0.729,Ball,1,,,,,
0.729,Shell,0,,,,,
0.729,LR,1,,,,,
0.73,PCA,0.707106781186548,,,,,
0.73,K's tau,1.36986301369863,,,,,
0.73,Winsor,1,,,,,
0.73,Quad,1,,,,,
0.73,Ball,1,,,,,
0.73,Shell,0,,,,,
0.73,LR,1,,,,,
0.731,PCA,0.707106781186548,,,,,
0.731,K's tau,1.36798905608755,,,,,
0.731,Winsor,1,,,,,
0.731,Quad,1,,,,,
0.731,Ball,1,,,,,
0.731,Shell,0,,,,,
0.731,LR,1,,,,,
0.732,PCA,0.707106781186548,,,,,
0.732,K's tau,1.36612021857924,,,,,
0.732,Winsor,1,,,,,
0.732,Quad,1,,,,,
0.732,Ball,1,,,,,
0.732,Shell,0,,,,,
0.732,LR,1,,,,,
0.733,PCA,0.707106781186548,,,,,
0.733,K's tau,1.36425648021828,,,,,
0.733,Winsor,1,,,,,
0.733,Quad,1,,,,,
0.733,Ball,1,,,,,
0.733,Shell,0,,,,,
0.733,LR,1,,,,,
0.734,PCA,0.707106781186548,,,,,
0.734,K's tau,1.36239782016349,,,,,
0.734,Winsor,1,,,,,
0.734,Quad,1,,,,,
0.734,Ball,1,,,,,
0.734,Shell,0,,,,,
0.734,LR,1,,,,,
0.735,PCA,0.707106781186548,,,,,
0.735,K's tau,1.36054421768707,,,,,
0.735,Winsor,1,,,,,
0.735,Quad,1,,,,,
0.735,Ball,1,,,,,
0.735,Shell,0,,,,,
0.735,LR,1,,,,,
0.736,PCA,0.707106781186548,,,,,
0.736,K's tau,1.35869565217391,,,,,
0.736,Winsor,1,,,,,
0.736,Quad,1,,,,,
0.736,Ball,1,,,,,
0.736,Shell,0,,,,,
0.736,LR,1,,,,,
0.737,PCA,0.707106781186548,,,,,
0.737,K's tau,1.35685210312076,,,,,
0.737,Winsor,1,,,,,
0.737,Quad,1,,,,,
0.737,Ball,1,,,,,
0.737,Shell,0,,,,,
0.737,LR,1,,,,,
0.738,PCA,0.707106781186548,,,,,
0.738,K's tau,1.3550135501355,,,,,
0.738,Winsor,1,,,,,
0.738,Quad,1,,,,,
0.738,Ball,1,,,,,
0.738,Shell,0,,,,,
0.738,LR,1,,,,,
0.739,PCA,0.707106781186548,,,,,
0.739,K's tau,1.3531799729364,,,,,
0.739,Winsor,1,,,,,
0.739,Quad,1,,,,,
0.739,Ball,1,,,,,
0.739,Shell,0,,,,,
0.739,LR,1,,,,,
0.74,PCA,0.707106781186548,,,,,
0.74,K's tau,1.35135135135135,,,,,
0.74,Winsor,1,,,,,
0.74,Quad,1,,,,,
0.74,Ball,1,,,,,
0.74,Shell,0,,,,,
0.74,LR,1,,,,,
0.741,PCA,0.707106781186548,,,,,
0.741,K's tau,1.34952766531714,,,,,
0.741,Winsor,1,,,,,
0.741,Quad,1,,,,,
0.741,Ball,1,,,,,
0.741,Shell,0,,,,,
0.741,LR,1,,,,,
0.742,PCA,0.707106781186548,,,,,
0.742,K's tau,1.34770889487871,,,,,
0.742,Winsor,1,,,,,
0.742,Quad,1,,,,,
0.742,Ball,1,,,,,
0.742,Shell,0,,,,,
0.742,LR,1,,,,,
0.743,PCA,0.707106781186548,,,,,
0.743,K's tau,1.34589502018843,,,,,
0.743,Winsor,1,,,,,
0.743,Quad,1,,,,,
0.743,Ball,1,,,,,
0.743,Shell,0,,,,,
0.743,LR,1,,,,,
0.744,PCA,0.707106781186548,,,,,
0.744,K's tau,1.34408602150538,,,,,
0.744,Winsor,1,,,,,
0.744,Quad,1,,,,,
0.744,Ball,1,,,,,
0.744,Shell,0,,,,,
0.744,LR,1,,,,,
0.745,PCA,0.707106781186548,,,,,
0.745,K's tau,1.34228187919463,,,,,
0.745,Winsor,1,,,,,
0.745,Quad,1,,,,,
0.745,Ball,1,,,,,
0.745,Shell,0,,,,,
0.745,LR,1,,,,,
0.746,PCA,0.707106781186548,,,,,
0.746,K's tau,1.34048257372654,,,,,
0.746,Winsor,1,,,,,
0.746,Quad,1,,,,,
0.746,Ball,1,,,,,
0.746,Shell,0,,,,,
0.746,LR,1,,,,,
0.747,PCA,0.707106781186548,,,,,
0.747,K's tau,1.33868808567604,,,,,
0.747,Winsor,1,,,,,
0.747,Quad,1,,,,,
0.747,Ball,1,,,,,
0.747,Shell,0,,,,,
0.747,LR,1,,,,,
0.748,PCA,0.707106781186548,,,,,
0.748,K's tau,1.33689839572193,,,,,
0.748,Winsor,1,,,,,
0.748,Quad,1,,,,,
0.748,Ball,1,,,,,
0.748,Shell,0,,,,,
0.748,LR,1,,,,,
0.749,PCA,0.707106781186548,,,,,
0.749,K's tau,1.3351134846462,,,,,
0.749,Winsor,1,,,,,
0.749,Quad,1,,,,,
0.749,Ball,1,,,,,
0.749,Shell,0,,,,,
0.749,LR,1,,,,,
0.75,PCA,0.707106781186548,,,,,
0.75,K's tau,1.33333333333333,,,,,
0.75,Winsor,1,,,,,
0.75,Quad,1,,,,,
0.75,Ball,1,,,,,
0.75,Shell,0,,,,,
0.75,LR,1,,,,,
0.751,PCA,0.707106781186548,,,,,
0.751,K's tau,1.33155792276964,,,,,
0.751,Winsor,1,,,,,
0.751,Quad,1,,,,,
0.751,Ball,1,,,,,
0.751,Shell,0,,,,,
0.751,LR,1,,,,,
0.752,PCA,0.707106781186548,,,,,
0.752,K's tau,1.32978723404255,,,,,
0.752,Winsor,1,,,,,
0.752,Quad,1,,,,,
0.752,Ball,1,,,,,
0.752,Shell,0,,,,,
0.752,LR,1,,,,,
0.753,PCA,0.707106781186548,,,,,
0.753,K's tau,1.32802124833997,,,,,
0.753,Winsor,1,,,,,
0.753,Quad,1,,,,,
0.753,Ball,1,,,,,
0.753,Shell,0,,,,,
0.753,LR,1,,,,,
0.754,PCA,0.707106781186548,,,,,
0.754,K's tau,1.3262599469496,,,,,
0.754,Winsor,1,,,,,
0.754,Quad,1,,,,,
0.754,Ball,1,,,,,
0.754,Shell,0,,,,,
0.754,LR,1,,,,,
0.755,PCA,0.707106781186548,,,,,
0.755,K's tau,1.32450331125828,,,,,
0.755,Winsor,1,,,,,
0.755,Quad,1,,,,,
0.755,Ball,1,,,,,
0.755,Shell,0,,,,,
0.755,LR,1,,,,,
0.756,PCA,0.707106781186548,,,,,
0.756,K's tau,1.32275132275132,,,,,
0.756,Winsor,1,,,,,
0.756,Quad,1,,,,,
0.756,Ball,1,,,,,
0.756,Shell,0,,,,,
0.756,LR,1,,,,,
0.757,PCA,0.707106781186548,,,,,
0.757,K's tau,1.32100396301189,,,,,
0.757,Winsor,1,,,,,
0.757,Quad,1,,,,,
0.757,Ball,1,,,,,
0.757,Shell,0,,,,,
0.757,LR,1,,,,,
0.758,PCA,0.707106781186548,,,,,
0.758,K's tau,1.31926121372032,,,,,
0.758,Winsor,1,,,,,
0.758,Quad,1,,,,,
0.758,Ball,1,,,,,
0.758,Shell,0,,,,,
0.758,LR,1,,,,,
0.759,PCA,0.707106781186548,,,,,
0.759,K's tau,1.31752305665349,,,,,
0.759,Winsor,1,,,,,
0.759,Quad,1,,,,,
0.759,Ball,1,,,,,
0.759,Shell,0,,,,,
0.759,LR,1,,,,,
0.76,PCA,0.707106781186548,,,,,
0.76,K's tau,1.31578947368421,,,,,
0.76,Winsor,1,,,,,
0.76,Quad,1,,,,,
0.76,Ball,1,,,,,
0.76,Shell,0,,,,,
0.76,LR,1,,,,,
0.761,PCA,0.707106781186548,,,,,
0.761,K's tau,1.31406044678055,,,,,
0.761,Winsor,1,,,,,
0.761,Quad,1,,,,,
0.761,Ball,1,,,,,
0.761,Shell,0,,,,,
0.761,LR,1,,,,,
0.762,PCA,0.707106781186548,,,,,
0.762,K's tau,1.31233595800525,,,,,
0.762,Winsor,1,,,,,
0.762,Quad,1,,,,,
0.762,Ball,1,,,,,
0.762,Shell,0,,,,,
0.762,LR,1,,,,,
0.763,PCA,0.707106781186548,,,,,
0.763,K's tau,1.31061598951507,,,,,
0.763,Winsor,1,,,,,
0.763,Quad,1,,,,,
0.763,Ball,1,,,,,
0.763,Shell,0,,,,,
0.763,LR,1,,,,,
0.764,PCA,0.707106781186548,,,,,
0.764,K's tau,1.30890052356021,,,,,
0.764,Winsor,1,,,,,
0.764,Quad,1,,,,,
0.764,Ball,1,,,,,
0.764,Shell,0,,,,,
0.764,LR,1,,,,,
0.765,PCA,0.707106781186548,,,,,
0.765,K's tau,1.30718954248366,,,,,
0.765,Winsor,1,,,,,
0.765,Quad,1,,,,,
0.765,Ball,1,,,,,
0.765,Shell,0,,,,,
0.765,LR,1,,,,,
0.766,PCA,0.707106781186548,,,,,
0.766,K's tau,1.30548302872063,,,,,
0.766,Winsor,1,,,,,
0.766,Quad,1,,,,,
0.766,Ball,1,,,,,
0.766,Shell,0,,,,,
0.766,LR,1,,,,,
0.767,PCA,0.707106781186548,,,,,
0.767,K's tau,1.30378096479791,,,,,
0.767,Winsor,1,,,,,
0.767,Quad,1,,,,,
0.767,Ball,1,,,,,
0.767,Shell,0,,,,,
0.767,LR,1,,,,,
0.768,PCA,0.707106781186548,,,,,
0.768,K's tau,1.30208333333333,,,,,
0.768,Winsor,1,,,,,
0.768,Quad,1,,,,,
0.768,Ball,1,,,,,
0.768,Shell,0,,,,,
0.768,LR,1,,,,,
0.769,PCA,0.707106781186548,,,,,
0.769,K's tau,1.30039011703511,,,,,
0.769,Winsor,1,,,,,
0.769,Quad,1,,,,,
0.769,Ball,1,,,,,
0.769,Shell,0,,,,,
0.769,LR,1,,,,,
0.77,PCA,0.707106781186548,,,,,
0.77,K's tau,1.2987012987013,,,,,
0.77,Winsor,1,,,,,
0.77,Quad,1,,,,,
0.77,Ball,1,,,,,
0.77,Shell,0,,,,,
0.77,LR,1,,,,,
0.771,PCA,0.707106781186548,,,,,
0.771,K's tau,1.2970168612192,,,,,
0.771,Winsor,1,,,,,
0.771,Quad,1,,,,,
0.771,Ball,1,,,,,
0.771,Shell,0,,,,,
0.771,LR,1,,,,,
0.772,PCA,0.707106781186548,,,,,
0.772,K's tau,1.29533678756477,,,,,
0.772,Winsor,1,,,,,
0.772,Quad,1,,,,,
0.772,Ball,1,,,,,
0.772,Shell,0,,,,,
0.772,LR,1,,,,,
0.773,PCA,0.707106781186548,,,,,
0.773,K's tau,1.29366106080207,,,,,
0.773,Winsor,1,,,,,
0.773,Quad,1,,,,,
0.773,Ball,1,,,,,
0.773,Shell,0,,,,,
0.773,LR,1,,,,,
0.774,PCA,0.707106781186548,,,,,
0.774,K's tau,1.29198966408269,,,,,
0.774,Winsor,1,,,,,
0.774,Quad,1,,,,,
0.774,Ball,1,,,,,
0.774,Shell,0,,,,,
0.774,LR,1,,,,,
0.775,PCA,0.707106781186548,,,,,
0.775,K's tau,1.29032258064516,,,,,
0.775,Winsor,1,,,,,
0.775,Quad,1,,,,,
0.775,Ball,1,,,,,
0.775,Shell,0,,,,,
0.775,LR,1,,,,,
0.776,PCA,0.707106781186548,,,,,
0.776,K's tau,1.28865979381443,,,,,
0.776,Winsor,1,,,,,
0.776,Quad,1,,,,,
0.776,Ball,1,,,,,
0.776,Shell,0,,,,,
0.776,LR,1,,,,,
0.777,PCA,0.707106781186548,,,,,
0.777,K's tau,1.28700128700129,,,,,
0.777,Winsor,1,,,,,
0.777,Quad,1,,,,,
0.777,Ball,1,,,,,
0.777,Shell,0,,,,,
0.777,LR,1,,,,,
0.778,PCA,0.707106781186548,,,,,
0.778,K's tau,1.2853470437018,,,,,
0.778,Winsor,1,,,,,
0.778,Quad,1,,,,,
0.778,Ball,1,,,,,
0.778,Shell,0,,,,,
0.778,LR,1,,,,,
0.779,PCA,0.707106781186548,,,,,
0.779,K's tau,1.28369704749679,,,,,
0.779,Winsor,1,,,,,
0.779,Quad,1,,,,,
0.779,Ball,1,,,,,
0.779,Shell,0,,,,,
0.779,LR,1,,,,,
0.78,PCA,0.707106781186548,,,,,
0.78,K's tau,1.28205128205128,,,,,
0.78,Winsor,1,,,,,
0.78,Quad,1,,,,,
0.78,Ball,1,,,,,
0.78,Shell,0,,,,,
0.78,LR,1,,,,,
0.781,PCA,0.707106781186548,,,,,
0.781,K's tau,1.28040973111396,,,,,
0.781,Winsor,1,,,,,
0.781,Quad,1,,,,,
0.781,Ball,1,,,,,
0.781,Shell,0,,,,,
0.781,LR,1,,,,,
0.782,PCA,0.707106781186548,,,,,
0.782,K's tau,1.27877237851662,,,,,
0.782,Winsor,1,,,,,
0.782,Quad,1,,,,,
0.782,Ball,1,,,,,
0.782,Shell,0,,,,,
0.782,LR,1,,,,,
0.783,PCA,0.707106781186548,,,,,
0.783,K's tau,1.27713920817369,,,,,
0.783,Winsor,1,,,,,
0.783,Quad,1,,,,,
0.783,Ball,1,,,,,
0.783,Shell,0,,,,,
0.783,LR,1,,,,,
0.784,PCA,0.707106781186548,,,,,
0.784,K's tau,1.27551020408163,,,,,
0.784,Winsor,1,,,,,
0.784,Quad,1,,,,,
0.784,Ball,1,,,,,
0.784,Shell,0,,,,,
0.784,LR,1,,,,,
0.785,PCA,0.707106781186548,,,,,
0.785,K's tau,1.27388535031847,,,,,
0.785,Winsor,1,,,,,
0.785,Quad,1,,,,,
0.785,Ball,1,,,,,
0.785,Shell,0,,,,,
0.785,LR,1,,,,,
0.786,PCA,0.707106781186548,,,,,
0.786,K's tau,1.27226463104326,,,,,
0.786,Winsor,1,,,,,
0.786,Quad,1,,,,,
0.786,Ball,1,,,,,
0.786,Shell,0,,,,,
0.786,LR,1,,,,,
0.787,PCA,0.707106781186548,,,,,
0.787,K's tau,1.27064803049555,,,,,
0.787,Winsor,1,,,,,
0.787,Quad,1,,,,,
0.787,Ball,1,,,,,
0.787,Shell,0,,,,,
0.787,LR,1,,,,,
0.788,PCA,0.707106781186548,,,,,
0.788,K's tau,1.26903553299492,,,,,
0.788,Winsor,1,,,,,
0.788,Quad,1,,,,,
0.788,Ball,1,,,,,
0.788,Shell,0,,,,,
0.788,LR,1,,,,,
0.789,PCA,0.707106781186548,,,,,
0.789,K's tau,1.26742712294043,,,,,
0.789,Winsor,1,,,,,
0.789,Quad,1,,,,,
0.789,Ball,1,,,,,
0.789,Shell,0,,,,,
0.789,LR,1,,,,,
0.79,PCA,0.707106781186548,,,,,
0.79,K's tau,1.26582278481013,,,,,
0.79,Winsor,1,,,,,
0.79,Quad,1,,,,,
0.79,Ball,1,,,,,
0.79,Shell,0,,,,,
0.79,LR,1,,,,,
0.791,PCA,0.707106781186548,,,,,
0.791,K's tau,1.26422250316056,,,,,
0.791,Winsor,1,,,,,
0.791,Quad,1,,,,,
0.791,Ball,1,,,,,
0.791,Shell,0,,,,,
0.791,LR,1,,,,,
0.792,PCA,0.707106781186548,,,,,
0.792,K's tau,1.26262626262626,,,,,
0.792,Winsor,1,,,,,
0.792,Quad,1,,,,,
0.792,Ball,1,,,,,
0.792,Shell,0,,,,,
0.792,LR,1,,,,,
0.793,PCA,0.707106781186548,,,,,
0.793,K's tau,1.26103404791929,,,,,
0.793,Winsor,1,,,,,
0.793,Quad,1,,,,,
0.793,Ball,1,,,,,
0.793,Shell,0,,,,,
0.793,LR,1,,,,,
0.794,PCA,0.707106781186548,,,,,
0.794,K's tau,1.25944584382872,,,,,
0.794,Winsor,1,,,,,
0.794,Quad,1,,,,,
0.794,Ball,1,,,,,
0.794,Shell,0,,,,,
0.794,LR,1,,,,,
0.795,PCA,0.707106781186548,,,,,
0.795,K's tau,1.25786163522013,,,,,
0.795,Winsor,1,,,,,
0.795,Quad,1,,,,,
0.795,Ball,1,,,,,
0.795,Shell,0,,,,,
0.795,LR,1,,,,,
0.796,PCA,0.707106781186548,,,,,
0.796,K's tau,1.25628140703518,,,,,
0.796,Winsor,1,,,,,
0.796,Quad,1,,,,,
0.796,Ball,1,,,,,
0.796,Shell,0,,,,,
0.796,LR,1,,,,,
0.797,PCA,0.707106781186548,,,,,
0.797,K's tau,1.25470514429109,,,,,
0.797,Winsor,1,,,,,
0.797,Quad,1,,,,,
0.797,Ball,1,,,,,
0.797,Shell,0,,,,,
0.797,LR,1,,,,,
0.798,PCA,0.707106781186548,,,,,
0.798,K's tau,1.2531328320802,,,,,
0.798,Winsor,1,,,,,
0.798,Quad,1,,,,,
0.798,Ball,1,,,,,
0.798,Shell,0,,,,,
0.798,LR,1,,,,,
0.799,PCA,0.707106781186548,,,,,
0.799,K's tau,1.25156445556946,,,,,
0.799,Winsor,1,,,,,
0.799,Quad,1,,,,,
0.799,Ball,1,,,,,
0.799,Shell,0,,,,,
0.799,LR,1,,,,,
0.8,PCA,0.707106781186548,,,,,
0.8,K's tau,1.25,,,,,
0.8,Winsor,1,,,,,
0.8,Quad,1,,,,,
0.8,Ball,1,,,,,
0.8,Shell,0,,,,,
0.8,LR,1,,,,,
0.801,PCA,0.707106781186548,,,,,
0.801,K's tau,1.24843945068664,,,,,
0.801,Winsor,1,,,,,
0.801,Quad,1,,,,,
0.801,Ball,1,,,,,
0.801,Shell,0,,,,,
0.801,LR,1,,,,,
0.802,PCA,0.707106781186548,,,,,
0.802,K's tau,1.24688279301746,,,,,
0.802,Winsor,1,,,,,
0.802,Quad,1,,,,,
0.802,Ball,1,,,,,
0.802,Shell,0,,,,,
0.802,LR,1,,,,,
0.803,PCA,0.707106781186548,,,,,
0.803,K's tau,1.2453300124533,,,,,
0.803,Winsor,1,,,,,
0.803,Quad,1,,,,,
0.803,Ball,1,,,,,
0.803,Shell,0,,,,,
0.803,LR,1,,,,,
0.804,PCA,0.707106781186548,,,,,
0.804,K's tau,1.24378109452736,,,,,
0.804,Winsor,1,,,,,
0.804,Quad,1,,,,,
0.804,Ball,1,,,,,
0.804,Shell,0,,,,,
0.804,LR,1,,,,,
0.805,PCA,0.707106781186548,,,,,
0.805,K's tau,1.24223602484472,,,,,
0.805,Winsor,1,,,,,
0.805,Quad,1,,,,,
0.805,Ball,1,,,,,
0.805,Shell,0,,,,,
0.805,LR,1,,,,,
0.806,PCA,0.707106781186548,,,,,
0.806,K's tau,1.24069478908189,,,,,
0.806,Winsor,1,,,,,
0.806,Quad,1,,,,,
0.806,Ball,1,,,,,
0.806,Shell,0,,,,,
0.806,LR,1,,,,,
0.807,PCA,0.707106781186548,,,,,
0.807,K's tau,1.23915737298637,,,,,
0.807,Winsor,1,,,,,
0.807,Quad,1,,,,,
0.807,Ball,1,,,,,
0.807,Shell,0,,,,,
0.807,LR,1,,,,,
0.808,PCA,0.707106781186548,,,,,
0.808,K's tau,1.23762376237624,,,,,
0.808,Winsor,1,,,,,
0.808,Quad,1,,,,,
0.808,Ball,1,,,,,
0.808,Shell,0,,,,,
0.808,LR,1,,,,,
0.809,PCA,0.707106781186548,,,,,
0.809,K's tau,1.23609394313968,,,,,
0.809,Winsor,1,,,,,
0.809,Quad,1,,,,,
0.809,Ball,1,,,,,
0.809,Shell,0,,,,,
0.809,LR,1,,,,,
0.81,PCA,0.707106781186548,,,,,
0.81,K's tau,1.23456790123457,,,,,
0.81,Winsor,1,,,,,
0.81,Quad,1,,,,,
0.81,Ball,1,,,,,
0.81,Shell,0,,,,,
0.81,LR,1,,,,,
0.811,PCA,0.707106781186548,,,,,
0.811,K's tau,1.23304562268804,,,,,
0.811,Winsor,1,,,,,
0.811,Quad,1,,,,,
0.811,Ball,1,,,,,
0.811,Shell,0,,,,,
0.811,LR,1,,,,,
0.812,PCA,0.707106781186548,,,,,
0.812,K's tau,1.23152709359606,,,,,
0.812,Winsor,1,,,,,
0.812,Quad,1,,,,,
0.812,Ball,1,,,,,
0.812,Shell,0,,,,,
0.812,LR,1,,,,,
0.813,PCA,0.707106781186548,,,,,
0.813,K's tau,1.230012300123,,,,,
0.813,Winsor,1,,,,,
0.813,Quad,1,,,,,
0.813,Ball,1,,,,,
0.813,Shell,0,,,,,
0.813,LR,1,,,,,
0.814,PCA,0.707106781186548,,,,,
0.814,K's tau,1.22850122850123,,,,,
0.814,Winsor,1,,,,,
0.814,Quad,1,,,,,
0.814,Ball,1,,,,,
0.814,Shell,0,,,,,
0.814,LR,1,,,,,
0.815,PCA,0.707106781186548,,,,,
0.815,K's tau,1.22699386503067,,,,,
0.815,Winsor,1,,,,,
0.815,Quad,1,,,,,
0.815,Ball,1,,,,,
0.815,Shell,0,,,,,
0.815,LR,1,,,,,
0.816,PCA,0.707106781186548,,,,,
0.816,K's tau,1.22549019607843,,,,,
0.816,Winsor,1,,,,,
0.816,Quad,1,,,,,
0.816,Ball,1,,,,,
0.816,Shell,0,,,,,
0.816,LR,1,,,,,
0.817,PCA,0.707106781186548,,,,,
0.817,K's tau,1.22399020807834,,,,,
0.817,Winsor,1,,,,,
0.817,Quad,1,,,,,
0.817,Ball,1,,,,,
0.817,Shell,0,,,,,
0.817,LR,1,,,,,
0.818,PCA,0.707106781186548,,,,,
0.818,K's tau,1.22249388753056,,,,,
0.818,Winsor,1,,,,,
0.818,Quad,1,,,,,
0.818,Ball,1,,,,,
0.818,Shell,0,,,,,
0.818,LR,1,,,,,
0.819,PCA,0.707106781186548,,,,,
0.819,K's tau,1.22100122100122,,,,,
0.819,Winsor,1,,,,,
0.819,Quad,1,,,,,
0.819,Ball,1,,,,,
0.819,Shell,0,,,,,
0.819,LR,1,,,,,
0.82,PCA,0.707106781186548,,,,,
0.82,K's tau,1.21951219512195,,,,,
0.82,Winsor,1,,,,,
0.82,Quad,1,,,,,
0.82,Ball,1,,,,,
0.82,Shell,0,,,,,
0.82,LR,1,,,,,
0.821,PCA,0.707106781186548,,,,,
0.821,K's tau,1.21802679658952,,,,,
0.821,Winsor,1,,,,,
0.821,Quad,1,,,,,
0.821,Ball,1,,,,,
0.821,Shell,0,,,,,
0.821,LR,1,,,,,
0.822,PCA,0.707106781186548,,,,,
0.822,K's tau,1.21654501216545,,,,,
0.822,Winsor,1,,,,,
0.822,Quad,1,,,,,
0.822,Ball,1,,,,,
0.822,Shell,0,,,,,
0.822,LR,1,,,,,
0.823,PCA,0.707106781186548,,,,,
0.823,K's tau,1.21506682867558,,,,,
0.823,Winsor,1,,,,,
0.823,Quad,1,,,,,
0.823,Ball,1,,,,,
0.823,Shell,0,,,,,
0.823,LR,1,,,,,
0.824,PCA,0.707106781186548,,,,,
0.824,K's tau,1.21359223300971,,,,,
0.824,Winsor,1,,,,,
0.824,Quad,1,,,,,
0.824,Ball,1,,,,,
0.824,Shell,0,,,,,
0.824,LR,1,,,,,
0.825,PCA,0.707106781186548,,,,,
0.825,K's tau,1.21212121212121,,,,,
0.825,Winsor,1,,,,,
0.825,Quad,1,,,,,
0.825,Ball,1,,,,,
0.825,Shell,0,,,,,
0.825,LR,1,,,,,
0.826,PCA,0.707106781186548,,,,,
0.826,K's tau,1.21065375302663,,,,,
0.826,Winsor,1,,,,,
0.826,Quad,1,,,,,
0.826,Ball,1,,,,,
0.826,Shell,0,,,,,
0.826,LR,1,,,,,
0.827,PCA,0.707106781186548,,,,,
0.827,K's tau,1.20918984280532,,,,,
0.827,Winsor,1,,,,,
0.827,Quad,1,,,,,
0.827,Ball,1,,,,,
0.827,Shell,0,,,,,
0.827,LR,1,,,,,
0.828,PCA,0.707106781186548,,,,,
0.828,K's tau,1.20772946859903,,,,,
0.828,Winsor,1,,,,,
0.828,Quad,1,,,,,
0.828,Ball,1,,,,,
0.828,Shell,0,,,,,
0.828,LR,1,,,,,
0.829,PCA,0.707106781186548,,,,,
0.829,K's tau,1.20627261761158,,,,,
0.829,Winsor,1,,,,,
0.829,Quad,1,,,,,
0.829,Ball,1,,,,,
0.829,Shell,0,,,,,
0.829,LR,1,,,,,
0.83,PCA,0.707106781186548,,,,,
0.83,K's tau,1.20481927710843,,,,,
0.83,Winsor,1,,,,,
0.83,Quad,1,,,,,
0.83,Ball,1,,,,,
0.83,Shell,0,,,,,
0.83,LR,1,,,,,
0.831,PCA,0.707106781186548,,,,,
0.831,K's tau,1.20336943441637,,,,,
0.831,Winsor,1,,,,,
0.831,Quad,1,,,,,
0.831,Ball,1,,,,,
0.831,Shell,0,,,,,
0.831,LR,1,,,,,
0.832,PCA,0.707106781186548,,,,,
0.832,K's tau,1.20192307692308,,,,,
0.832,Winsor,1,,,,,
0.832,Quad,1,,,,,
0.832,Ball,1,,,,,
0.832,Shell,0,,,,,
0.832,LR,1,,,,,
0.833,PCA,0.707106781186548,,,,,
0.833,K's tau,1.20048019207683,,,,,
0.833,Winsor,1,,,,,
0.833,Quad,1,,,,,
0.833,Ball,1,,,,,
0.833,Shell,0,,,,,
0.833,LR,1,,,,,
0.834,PCA,0.707106781186548,,,,,
0.834,K's tau,1.19904076738609,,,,,
0.834,Winsor,1,,,,,
0.834,Quad,1,,,,,
0.834,Ball,1,,,,,
0.834,Shell,0,,,,,
0.834,LR,1,,,,,
0.835,PCA,0.707106781186548,,,,,
0.835,K's tau,1.19760479041916,,,,,
0.835,Winsor,1,,,,,
0.835,Quad,1,,,,,
0.835,Ball,1,,,,,
0.835,Shell,0,,,,,
0.835,LR,1,,,,,
0.836,PCA,0.707106781186548,,,,,
0.836,K's tau,1.19617224880383,,,,,
0.836,Winsor,1,,,,,
0.836,Quad,1,,,,,
0.836,Ball,1,,,,,
0.836,Shell,0,,,,,
0.836,LR,1,,,,,
0.837,PCA,0.707106781186548,,,,,
0.837,K's tau,1.194743130227,,,,,
0.837,Winsor,1,,,,,
0.837,Quad,1,,,,,
0.837,Ball,1,,,,,
0.837,Shell,0,,,,,
0.837,LR,1,,,,,
0.838,PCA,0.707106781186548,,,,,
0.838,K's tau,1.19331742243437,,,,,
0.838,Winsor,1,,,,,
0.838,Quad,1,,,,,
0.838,Ball,1,,,,,
0.838,Shell,0,,,,,
0.838,LR,1,,,,,
0.839,PCA,0.707106781186548,,,,,
0.839,K's tau,1.19189511323004,,,,,
0.839,Winsor,1,,,,,
0.839,Quad,1,,,,,
0.839,Ball,1,,,,,
0.839,Shell,0,,,,,
0.839,LR,1,,,,,
0.84,PCA,0.707106781186548,,,,,
0.84,K's tau,1.19047619047619,,,,,
0.84,Winsor,1,,,,,
0.84,Quad,1,,,,,
0.84,Ball,1,,,,,
0.84,Shell,0,,,,,
0.84,LR,1,,,,,
0.841,PCA,0.707106781186548,,,,,
0.841,K's tau,1.18906064209275,,,,,
0.841,Winsor,1,,,,,
0.841,Quad,1,,,,,
0.841,Ball,1,,,,,
0.841,Shell,0,,,,,
0.841,LR,1,,,,,
0.842,PCA,0.707106781186548,,,,,
0.842,K's tau,1.18764845605701,,,,,
0.842,Winsor,1,,,,,
0.842,Quad,1,,,,,
0.842,Ball,1,,,,,
0.842,Shell,0,,,,,
0.842,LR,1,,,,,
0.843,PCA,0.707106781186548,,,,,
0.843,K's tau,1.18623962040332,,,,,
0.843,Winsor,1,,,,,
0.843,Quad,1,,,,,
0.843,Ball,1,,,,,
0.843,Shell,0,,,,,
0.843,LR,1,,,,,
0.844,PCA,0.707106781186548,,,,,
0.844,K's tau,1.18483412322275,,,,,
0.844,Winsor,1,,,,,
0.844,Quad,1,,,,,
0.844,Ball,1,,,,,
0.844,Shell,0,,,,,
0.844,LR,1,,,,,
0.845,PCA,0.707106781186548,,,,,
0.845,K's tau,1.18343195266272,,,,,
0.845,Winsor,1,,,,,
0.845,Quad,1,,,,,
0.845,Ball,1,,,,,
0.845,Shell,0,,,,,
0.845,LR,1,,,,,
0.846,PCA,0.707106781186548,,,,,
0.846,K's tau,1.18203309692671,,,,,
0.846,Winsor,1,,,,,
0.846,Quad,1,,,,,
0.846,Ball,1,,,,,
0.846,Shell,0,,,,,
0.846,LR,1,,,,,
0.847,PCA,0.707106781186548,,,,,
0.847,K's tau,1.18063754427391,,,,,
0.847,Winsor,1,,,,,
0.847,Quad,1,,,,,
0.847,Ball,1,,,,,
0.847,Shell,0,,,,,
0.847,LR,1,,,,,
0.848,PCA,0.707106781186548,,,,,
0.848,K's tau,1.17924528301887,,,,,
0.848,Winsor,1,,,,,
0.848,Quad,1,,,,,
0.848,Ball,1,,,,,
0.848,Shell,0,,,,,
0.848,LR,1,,,,,
0.849,PCA,0.707106781186548,,,,,
0.849,K's tau,1.17785630153121,,,,,
0.849,Winsor,1,,,,,
0.849,Quad,1,,,,,
0.849,Ball,1,,,,,
0.849,Shell,0,,,,,
0.849,LR,1,,,,,
0.85,PCA,0.707106781186548,,,,,
0.85,K's tau,1.17647058823529,,,,,
0.85,Winsor,1,,,,,
0.85,Quad,1,,,,,
0.85,Ball,1,,,,,
0.85,Shell,1,,,,,
0.85,LR,1,,,,,
0.851,PCA,0.707106781186548,,,,,
0.851,K's tau,1.17508813160987,,,,,
0.851,Winsor,1,,,,,
0.851,Quad,1,,,,,
0.851,Ball,1,,,,,
0.851,Shell,1,,,,,
0.851,LR,1,,,,,
0.852,PCA,0.707106781186548,,,,,
0.852,K's tau,1.17370892018779,,,,,
0.852,Winsor,1,,,,,
0.852,Quad,1,,,,,
0.852,Ball,1,,,,,
0.852,Shell,1,,,,,
0.852,LR,1,,,,,
0.853,PCA,0.707106781186548,,,,,
0.853,K's tau,1.17233294255569,,,,,
0.853,Winsor,1,,,,,
0.853,Quad,1,,,,,
0.853,Ball,1,,,,,
0.853,Shell,1,,,,,
0.853,LR,1,,,,,
0.854,PCA,0.707106781186548,,,,,
0.854,K's tau,1.17096018735363,,,,,
0.854,Winsor,1,,,,,
0.854,Quad,1,,,,,
0.854,Ball,1,,,,,
0.854,Shell,1,,,,,
0.854,LR,1,,,,,
0.855,PCA,0.707106781186548,,,,,
0.855,K's tau,1.16959064327485,,,,,
0.855,Winsor,1,,,,,
0.855,Quad,1,,,,,
0.855,Ball,1,,,,,
0.855,Shell,1,,,,,
0.855,LR,1,,,,,
0.856,PCA,0.707106781186548,,,,,
0.856,K's tau,1.16822429906542,,,,,
0.856,Winsor,1,,,,,
0.856,Quad,1,,,,,
0.856,Ball,1,,,,,
0.856,Shell,1,,,,,
0.856,LR,1,,,,,
0.857,PCA,0.707106781186548,,,,,
0.857,K's tau,1.16686114352392,,,,,
0.857,Winsor,1,,,,,
0.857,Quad,1,,,,,
0.857,Ball,1,,,,,
0.857,Shell,1,,,,,
0.857,LR,1,,,,,
0.858,PCA,0.707106781186548,,,,,
0.858,K's tau,1.16550116550117,,,,,
0.858,Winsor,1,,,,,
0.858,Quad,1,,,,,
0.858,Ball,1,,,,,
0.858,Shell,1,,,,,
0.858,LR,1,,,,,
0.859,PCA,0.707106781186548,,,,,
0.859,K's tau,1.16414435389988,,,,,
0.859,Winsor,1,,,,,
0.859,Quad,1,,,,,
0.859,Ball,1,,,,,
0.859,Shell,1,,,,,
0.859,LR,1,,,,,
0.86,PCA,0.707106781186548,,,,,
0.86,K's tau,1.16279069767442,,,,,
0.86,Winsor,1,,,,,
0.86,Quad,1,,,,,
0.86,Ball,1,,,,,
0.86,Shell,1,,,,,
0.86,LR,1,,,,,
0.861,PCA,0.707106781186548,,,,,
0.861,K's tau,1.16144018583043,,,,,
0.861,Winsor,1,,,,,
0.861,Quad,1,,,,,
0.861,Ball,1,,,,,
0.861,Shell,1,,,,,
0.861,LR,1,,,,,
0.862,PCA,0.707106781186548,,,,,
0.862,K's tau,1.16009280742459,,,,,
0.862,Winsor,1,,,,,
0.862,Quad,1,,,,,
0.862,Ball,1,,,,,
0.862,Shell,1,,,,,
0.862,LR,1,,,,,
0.863,PCA,0.707106781186548,,,,,
0.863,K's tau,1.15874855156431,,,,,
0.863,Winsor,1,,,,,
0.863,Quad,1,,,,,
0.863,Ball,1,,,,,
0.863,Shell,1,,,,,
0.863,LR,1,,,,,
0.864,PCA,0.707106781186548,,,,,
0.864,K's tau,1.15740740740741,,,,,
0.864,Winsor,1,,,,,
0.864,Quad,1,,,,,
0.864,Ball,1,,,,,
0.864,Shell,1,,,,,
0.864,LR,1,,,,,
0.865,PCA,0.707106781186548,,,,,
0.865,K's tau,1.15606936416185,,,,,
0.865,Winsor,1,,,,,
0.865,Quad,1,,,,,
0.865,Ball,1,,,,,
0.865,Shell,1,,,,,
0.865,LR,1,,,,,
0.866,PCA,0.707106781186548,,,,,
0.866,K's tau,1.15473441108545,,,,,
0.866,Winsor,1,,,,,
0.866,Quad,1,,,,,
0.866,Ball,1,,,,,
0.866,Shell,1,,,,,
0.866,LR,1,,,,,
0.867,PCA,0.707106781186548,,,,,
0.867,K's tau,1.15340253748558,,,,,
0.867,Winsor,1,,,,,
0.867,Quad,1,,,,,
0.867,Ball,1,,,,,
0.867,Shell,1,,,,,
0.867,LR,1,,,,,
0.868,PCA,0.707106781186548,,,,,
0.868,K's tau,1.15207373271889,,,,,
0.868,Winsor,1,,,,,
0.868,Quad,1,,,,,
0.868,Ball,1,,,,,
0.868,Shell,1,,,,,
0.868,LR,1,,,,,
0.869,PCA,0.707106781186548,,,,,
0.869,K's tau,1.15074798619102,,,,,
0.869,Winsor,1,,,,,
0.869,Quad,1,,,,,
0.869,Ball,1,,,,,
0.869,Shell,1,,,,,
0.869,LR,1,,,,,
0.87,PCA,0.707106781186548,,,,,
0.87,K's tau,1.14942528735632,,,,,
0.87,Winsor,1,,,,,
0.87,Quad,1,,,,,
0.87,Ball,1,,,,,
0.87,Shell,1,,,,,
0.87,LR,1,,,,,
0.871,PCA,0.707106781186548,,,,,
0.871,K's tau,1.14810562571757,,,,,
0.871,Winsor,1,,,,,
0.871,Quad,1,,,,,
0.871,Ball,1,,,,,
0.871,Shell,1,,,,,
0.871,LR,1,,,,,
0.872,PCA,0.707106781186548,,,,,
0.872,K's tau,1.14678899082569,,,,,
0.872,Winsor,1,,,,,
0.872,Quad,1,,,,,
0.872,Ball,1,,,,,
0.872,Shell,1,,,,,
0.872,LR,1,,,,,
0.873,PCA,0.707106781186548,,,,,
0.873,K's tau,1.1454753722795,,,,,
0.873,Winsor,1,,,,,
0.873,Quad,1,,,,,
0.873,Ball,1,,,,,
0.873,Shell,1,,,,,
0.873,LR,1,,,,,
0.874,PCA,0.707106781186548,,,,,
0.874,K's tau,1.1441647597254,,,,,
0.874,Winsor,1,,,,,
0.874,Quad,1,,,,,
0.874,Ball,1,,,,,
0.874,Shell,1,,,,,
0.874,LR,1,,,,,
0.875,PCA,0.707106781186548,,,,,
0.875,K's tau,1.14285714285714,,,,,
0.875,Winsor,1,,,,,
0.875,Quad,1,,,,,
0.875,Ball,1,,,,,
0.875,Shell,1,,,,,
0.875,LR,1,,,,,
0.876,PCA,0.707106781186548,,,,,
0.876,K's tau,1.14155251141553,,,,,
0.876,Winsor,1,,,,,
0.876,Quad,1,,,,,
0.876,Ball,1,,,,,
0.876,Shell,1,,,,,
0.876,LR,1,,,,,
0.877,PCA,0.707106781186548,,,,,
0.877,K's tau,1.14025085518814,,,,,
0.877,Winsor,1,,,,,
0.877,Quad,1,,,,,
0.877,Ball,1,,,,,
0.877,Shell,1,,,,,
0.877,LR,1,,,,,
0.878,PCA,0.707106781186548,,,,,
0.878,K's tau,1.13895216400911,,,,,
0.878,Winsor,1,,,,,
0.878,Quad,1,,,,,
0.878,Ball,1,,,,,
0.878,Shell,1,,,,,
0.878,LR,1,,,,,
0.879,PCA,0.707106781186548,,,,,
0.879,K's tau,1.13765642775882,,,,,
0.879,Winsor,1,,,,,
0.879,Quad,1,,,,,
0.879,Ball,1,,,,,
0.879,Shell,1,,,,,
0.879,LR,1,,,,,
0.88,PCA,0.707106781186548,,,,,
0.88,K's tau,1.13636363636364,,,,,
0.88,Winsor,1,,,,,
0.88,Quad,1,,,,,
0.88,Ball,1,,,,,
0.88,Shell,1,,,,,
0.88,LR,1,,,,,
0.881,PCA,0.707106781186548,,,,,
0.881,K's tau,1.13507377979569,,,,,
0.881,Winsor,1,,,,,
0.881,Quad,1,,,,,
0.881,Ball,1,,,,,
0.881,Shell,1,,,,,
0.881,LR,1,,,,,
0.882,PCA,0.707106781186548,,,,,
0.882,K's tau,1.13378684807256,,,,,
0.882,Winsor,1,,,,,
0.882,Quad,1,,,,,
0.882,Ball,1,,,,,
0.882,Shell,1,,,,,
0.882,LR,1,,,,,
0.883,PCA,0.707106781186548,,,,,
0.883,K's tau,1.13250283125708,,,,,
0.883,Winsor,1,,,,,
0.883,Quad,1,,,,,
0.883,Ball,1,,,,,
0.883,Shell,1,,,,,
0.883,LR,1,,,,,
0.884,PCA,0.707106781186548,,,,,
0.884,K's tau,1.13122171945701,,,,,
0.884,Winsor,1,,,,,
0.884,Quad,1,,,,,
0.884,Ball,1,,,,,
0.884,Shell,1,,,,,
0.884,LR,1,,,,,
0.885,PCA,0.707106781186548,,,,,
0.885,K's tau,1.12994350282486,,,,,
0.885,Winsor,1,,,,,
0.885,Quad,1,,,,,
0.885,Ball,1,,,,,
0.885,Shell,1,,,,,
0.885,LR,1,,,,,
0.886,PCA,0.707106781186548,,,,,
0.886,K's tau,1.12866817155756,,,,,
0.886,Winsor,1,,,,,
0.886,Quad,1,,,,,
0.886,Ball,1,,,,,
0.886,Shell,1,,,,,
0.886,LR,1,,,,,
0.887,PCA,0.707106781186548,,,,,
0.887,K's tau,1.12739571589628,,,,,
0.887,Winsor,1,,,,,
0.887,Quad,1,,,,,
0.887,Ball,1,,,,,
0.887,Shell,1,,,,,
0.887,LR,1,,,,,
0.888,PCA,0.707106781186548,,,,,
0.888,K's tau,1.12612612612613,,,,,
0.888,Winsor,1,,,,,
0.888,Quad,1,,,,,
0.888,Ball,1,,,,,
0.888,Shell,1,,,,,
0.888,LR,1,,,,,
0.889,PCA,0.707106781186548,,,,,
0.889,K's tau,1.12485939257593,,,,,
0.889,Winsor,1,,,,,
0.889,Quad,1,,,,,
0.889,Ball,1,,,,,
0.889,Shell,1,,,,,
0.889,LR,1,,,,,
0.89,PCA,0.707106781186548,,,,,
0.89,K's tau,1.12359550561798,,,,,
0.89,Winsor,1,,,,,
0.89,Quad,1,,,,,
0.89,Ball,1,,,,,
0.89,Shell,1,,,,,
0.89,LR,1,,,,,
0.891,PCA,0.707106781186548,,,,,
0.891,K's tau,1.12233445566779,,,,,
0.891,Winsor,1,,,,,
0.891,Quad,1,,,,,
0.891,Ball,1,,,,,
0.891,Shell,1,,,,,
0.891,LR,1,,,,,
0.892,PCA,0.707106781186548,,,,,
0.892,K's tau,1.12107623318386,,,,,
0.892,Winsor,1,,,,,
0.892,Quad,1,,,,,
0.892,Ball,1,,,,,
0.892,Shell,1,,,,,
0.892,LR,1,,,,,
0.893,PCA,0.707106781186548,,,,,
0.893,K's tau,1.11982082866741,,,,,
0.893,Winsor,1,,,,,
0.893,Quad,1,,,,,
0.893,Ball,1,,,,,
0.893,Shell,1,,,,,
0.893,LR,1,,,,,
0.894,PCA,0.707106781186548,,,,,
0.894,K's tau,1.11856823266219,,,,,
0.894,Winsor,1,,,,,
0.894,Quad,1,,,,,
0.894,Ball,1,,,,,
0.894,Shell,1,,,,,
0.894,LR,1,,,,,
0.895,PCA,0.707106781186548,,,,,
0.895,K's tau,1.11731843575419,,,,,
0.895,Winsor,1,,,,,
0.895,Quad,1,,,,,
0.895,Ball,1,,,,,
0.895,Shell,1,,,,,
0.895,LR,1,,,,,
0.896,PCA,0.707106781186548,,,,,
0.896,K's tau,1.11607142857143,,,,,
0.896,Winsor,1,,,,,
0.896,Quad,1,,,,,
0.896,Ball,1,,,,,
0.896,Shell,1,,,,,
0.896,LR,1,,,,,
0.897,PCA,0.707106781186548,,,,,
0.897,K's tau,1.11482720178372,,,,,
0.897,Winsor,1,,,,,
0.897,Quad,1,,,,,
0.897,Ball,1,,,,,
0.897,Shell,1,,,,,
0.897,LR,1,,,,,
0.898,PCA,0.707106781186548,,,,,
0.898,K's tau,1.11358574610245,,,,,
0.898,Winsor,1,,,,,
0.898,Quad,1,,,,,
0.898,Ball,1,,,,,
0.898,Shell,1,,,,,
0.898,LR,1,,,,,
0.899,PCA,0.707106781186548,,,,,
0.899,K's tau,1.11234705228031,,,,,
0.899,Winsor,1,,,,,
0.899,Quad,1,,,,,
0.899,Ball,1,,,,,
0.899,Shell,1,,,,,
0.899,LR,1,,,,,
0.9,PCA,0.707106781186548,,,,,
0.9,K's tau,1.11111111111111,,,,,
0.9,Winsor,1,,,,,
0.9,Quad,1,,,,,
0.9,Ball,1,,,,,
0.9,Shell,1,,,,,
0.9,LR,1,,,,,
0.901,PCA,0.707106781186548,,,,,
0.901,K's tau,1.10987791342952,,,,,
0.901,Winsor,1,,,,,
0.901,Quad,1,,,,,
0.901,Ball,1,,,,,
0.901,Shell,1,,,,,
0.901,LR,1,,,,,
0.902,PCA,0.707106781186548,,,,,
0.902,K's tau,1.10864745011086,,,,,
0.902,Winsor,1,,,,,
0.902,Quad,1,,,,,
0.902,Ball,1,,,,,
0.902,Shell,1,,,,,
0.902,LR,1,,,,,
0.903,PCA,0.707106781186548,,,,,
0.903,K's tau,1.10741971207087,,,,,
0.903,Winsor,1,,,,,
0.903,Quad,1,,,,,
0.903,Ball,1,,,,,
0.903,Shell,1,,,,,
0.903,LR,1,,,,,
0.904,PCA,0.707106781186548,,,,,
0.904,K's tau,1.10619469026549,,,,,
0.904,Winsor,1,,,,,
0.904,Quad,1,,,,,
0.904,Ball,1,,,,,
0.904,Shell,1,,,,,
0.904,LR,1,,,,,
0.905,PCA,0.707106781186548,,,,,
0.905,K's tau,1.10497237569061,,,,,
0.905,Winsor,1,,,,,
0.905,Quad,1,,,,,
0.905,Ball,1,,,,,
0.905,Shell,1,,,,,
0.905,LR,1,,,,,
0.906,PCA,0.707106781186548,,,,,
0.906,K's tau,1.1037527593819,,,,,
0.906,Winsor,1,,,,,
0.906,Quad,1,,,,,
0.906,Ball,1,,,,,
0.906,Shell,1,,,,,
0.906,LR,1,,,,,
0.907,PCA,0.707106781186548,,,,,
0.907,K's tau,1.10253583241455,,,,,
0.907,Winsor,1,,,,,
0.907,Quad,1,,,,,
0.907,Ball,1,,,,,
0.907,Shell,1,,,,,
0.907,LR,1,,,,,
0.908,PCA,0.707106781186548,,,,,
0.908,K's tau,1.10132158590308,,,,,
0.908,Winsor,1,,,,,
0.908,Quad,1,,,,,
0.908,Ball,1,,,,,
0.908,Shell,1,,,,,
0.908,LR,1,,,,,
0.909,PCA,0.707106781186548,,,,,
0.909,K's tau,1.1001100110011,,,,,
0.909,Winsor,1,,,,,
0.909,Quad,1,,,,,
0.909,Ball,1,,,,,
0.909,Shell,1,,,,,
0.909,LR,1,,,,,
0.91,PCA,0.707106781186548,,,,,
0.91,K's tau,1.0989010989011,,,,,
0.91,Winsor,1,,,,,
0.91,Quad,1,,,,,
0.91,Ball,1,,,,,
0.91,Shell,1,,,,,
0.91,LR,1,,,,,
0.911,PCA,0.707106781186548,,,,,
0.911,K's tau,1.09769484083425,,,,,
0.911,Winsor,1,,,,,
0.911,Quad,1,,,,,
0.911,Ball,1,,,,,
0.911,Shell,1,,,,,
0.911,LR,1,,,,,
0.912,PCA,0.707106781186548,,,,,
0.912,K's tau,1.09649122807018,,,,,
0.912,Winsor,1,,,,,
0.912,Quad,1,,,,,
0.912,Ball,1,,,,,
0.912,Shell,1,,,,,
0.912,LR,1,,,,,
0.913,PCA,0.707106781186548,,,,,
0.913,K's tau,1.09529025191676,,,,,
0.913,Winsor,1,,,,,
0.913,Quad,1,,,,,
0.913,Ball,1,,,,,
0.913,Shell,1,,,,,
0.913,LR,1,,,,,
0.914,PCA,0.707106781186548,,,,,
0.914,K's tau,1.09409190371991,,,,,
0.914,Winsor,1,,,,,
0.914,Quad,1,,,,,
0.914,Ball,1,,,,,
0.914,Shell,1,,,,,
0.914,LR,1,,,,,
0.915,PCA,0.707106781186548,,,,,
0.915,K's tau,1.09289617486339,,,,,
0.915,Winsor,1,,,,,
0.915,Quad,1,,,,,
0.915,Ball,1,,,,,
0.915,Shell,1,,,,,
0.915,LR,1,,,,,
0.916,PCA,0.707106781186548,,,,,
0.916,K's tau,1.09170305676856,,,,,
0.916,Winsor,1,,,,,
0.916,Quad,1,,,,,
0.916,Ball,1,,,,,
0.916,Shell,1,,,,,
0.916,LR,1,,,,,
0.917,PCA,0.707106781186548,,,,,
0.917,K's tau,1.09051254089422,,,,,
0.917,Winsor,1,,,,,
0.917,Quad,1,,,,,
0.917,Ball,1,,,,,
0.917,Shell,1,,,,,
0.917,LR,1,,,,,
0.918,PCA,0.707106781186548,,,,,
0.918,K's tau,1.08932461873638,,,,,
0.918,Winsor,1,,,,,
0.918,Quad,1,,,,,
0.918,Ball,1,,,,,
0.918,Shell,1,,,,,
0.918,LR,1,,,,,
0.919,PCA,0.707106781186548,,,,,
0.919,K's tau,1.08813928182807,,,,,
0.919,Winsor,1,,,,,
0.919,Quad,1,,,,,
0.919,Ball,1,,,,,
0.919,Shell,1,,,,,
0.919,LR,1,,,,,
0.92,PCA,0.707106781186548,,,,,
0.92,K's tau,1.08695652173913,,,,,
0.92,Winsor,1,,,,,
0.92,Quad,1,,,,,
0.92,Ball,1,,,,,
0.92,Shell,1,,,,,
0.92,LR,1,,,,,
0.921,PCA,0.707106781186548,,,,,
0.921,K's tau,1.085776330076,,,,,
0.921,Winsor,1,,,,,
0.921,Quad,1,,,,,
0.921,Ball,1,,,,,
0.921,Shell,1,,,,,
0.921,LR,1,,,,,
0.922,PCA,0.707106781186548,,,,,
0.922,K's tau,1.08459869848156,,,,,
0.922,Winsor,1,,,,,
0.922,Quad,1,,,,,
0.922,Ball,1,,,,,
0.922,Shell,1,,,,,
0.922,LR,1,,,,,
0.923,PCA,0.707106781186548,,,,,
0.923,K's tau,1.08342361863489,,,,,
0.923,Winsor,1,,,,,
0.923,Quad,1,,,,,
0.923,Ball,1,,,,,
0.923,Shell,1,,,,,
0.923,LR,1,,,,,
0.924,PCA,0.707106781186548,,,,,
0.924,K's tau,1.08225108225108,,,,,
0.924,Winsor,1,,,,,
0.924,Quad,1,,,,,
0.924,Ball,1,,,,,
0.924,Shell,1,,,,,
0.924,LR,1,,,,,
0.925,PCA,0.707106781186548,,,,,
0.925,K's tau,1.08108108108108,,,,,
0.925,Winsor,1,,,,,
0.925,Quad,1,,,,,
0.925,Ball,1,,,,,
0.925,Shell,1,,,,,
0.925,LR,1,,,,,
0.926,PCA,0.707106781186548,,,,,
0.926,K's tau,1.07991360691145,,,,,
0.926,Winsor,1,,,,,
0.926,Quad,1,,,,,
0.926,Ball,1,,,,,
0.926,Shell,1,,,,,
0.926,LR,1,,,,,
0.927,PCA,0.707106781186548,,,,,
0.927,K's tau,1.07874865156419,,,,,
0.927,Winsor,1,,,,,
0.927,Quad,1,,,,,
0.927,Ball,1,,,,,
0.927,Shell,1,,,,,
0.927,LR,1,,,,,
0.928,PCA,0.707106781186548,,,,,
0.928,K's tau,1.07758620689655,,,,,
0.928,Winsor,1,,,,,
0.928,Quad,1,,,,,
0.928,Ball,1,,,,,
0.928,Shell,1,,,,,
0.928,LR,1,,,,,
0.929,PCA,0.707106781186548,,,,,
0.929,K's tau,1.07642626480086,,,,,
0.929,Winsor,1,,,,,
0.929,Quad,1,,,,,
0.929,Ball,1,,,,,
0.929,Shell,1,,,,,
0.929,LR,1,,,,,
0.93,PCA,0.707106781186548,,,,,
0.93,K's tau,1.0752688172043,,,,,
0.93,Winsor,1,,,,,
0.93,Quad,1,,,,,
0.93,Ball,1,,,,,
0.93,Shell,1,,,,,
0.93,LR,1,,,,,
0.931,PCA,0.707106781186548,,,,,
0.931,K's tau,1.07411385606874,,,,,
0.931,Winsor,1,,,,,
0.931,Quad,1,,,,,
0.931,Ball,1,,,,,
0.931,Shell,1,,,,,
0.931,LR,1,,,,,
0.932,PCA,0.707106781186548,,,,,
0.932,K's tau,1.07296137339056,,,,,
0.932,Winsor,1,,,,,
0.932,Quad,1,,,,,
0.932,Ball,1,,,,,
0.932,Shell,1,,,,,
0.932,LR,1,,,,,
0.933,PCA,0.707106781186548,,,,,
0.933,K's tau,1.07181136120043,,,,,
0.933,Winsor,1,,,,,
0.933,Quad,1,,,,,
0.933,Ball,1,,,,,
0.933,Shell,1,,,,,
0.933,LR,1,,,,,
0.934,PCA,0.707106781186548,,,,,
0.934,K's tau,1.07066381156317,,,,,
0.934,Winsor,1,,,,,
0.934,Quad,1,,,,,
0.934,Ball,1,,,,,
0.934,Shell,1,,,,,
0.934,LR,1,,,,,
0.935,PCA,0.707106781186548,,,,,
0.935,K's tau,1.06951871657754,,,,,
0.935,Winsor,1,,,,,
0.935,Quad,1,,,,,
0.935,Ball,1,,,,,
0.935,Shell,1,,,,,
0.935,LR,1,,,,,
0.936,PCA,0.707106781186548,,,,,
0.936,K's tau,1.06837606837607,,,,,
0.936,Winsor,1,,,,,
0.936,Quad,1,,,,,
0.936,Ball,1,,,,,
0.936,Shell,1,,,,,
0.936,LR,1,,,,,
0.937,PCA,0.707106781186548,,,,,
0.937,K's tau,1.06723585912487,,,,,
0.937,Winsor,1,,,,,
0.937,Quad,1,,,,,
0.937,Ball,1,,,,,
0.937,Shell,1,,,,,
0.937,LR,1,,,,,
0.938,PCA,0.707106781186548,,,,,
0.938,K's tau,1.06609808102345,,,,,
0.938,Winsor,1,,,,,
0.938,Quad,1,,,,,
0.938,Ball,1,,,,,
0.938,Shell,1,,,,,
0.938,LR,1,,,,,
0.939,PCA,0.707106781186548,,,,,
0.939,K's tau,1.06496272630458,,,,,
0.939,Winsor,1,,,,,
0.939,Quad,1,,,,,
0.939,Ball,1,,,,,
0.939,Shell,1,,,,,
0.939,LR,1,,,,,
0.94,PCA,0.707106781186548,,,,,
0.94,K's tau,1.06382978723404,,,,,
0.94,Winsor,1,,,,,
0.94,Quad,1,,,,,
0.94,Ball,1,,,,,
0.94,Shell,1,,,,,
0.94,LR,1,,,,,
0.941,PCA,0.707106781186548,,,,,
0.941,K's tau,1.06269925611052,,,,,
0.941,Winsor,1,,,,,
0.941,Quad,1,,,,,
0.941,Ball,1,,,,,
0.941,Shell,1,,,,,
0.941,LR,1,,,,,
0.942,PCA,0.707106781186548,,,,,
0.942,K's tau,1.06157112526539,,,,,
0.942,Winsor,1,,,,,
0.942,Quad,1,,,,,
0.942,Ball,1,,,,,
0.942,Shell,1,,,,,
0.942,LR,1,,,,,
0.943,PCA,0.707106781186548,,,,,
0.943,K's tau,1.06044538706257,,,,,
0.943,Winsor,1,,,,,
0.943,Quad,1,,,,,
0.943,Ball,1,,,,,
0.943,Shell,1,,,,,
0.943,LR,1,,,,,
0.944,PCA,0.707106781186548,,,,,
0.944,K's tau,1.0593220338983,,,,,
0.944,Winsor,1,,,,,
0.944,Quad,1,,,,,
0.944,Ball,1,,,,,
0.944,Shell,1,,,,,
0.944,LR,1,,,,,
0.945,PCA,0.707106781186548,,,,,
0.945,K's tau,1.05820105820106,,,,,
0.945,Winsor,1,,,,,
0.945,Quad,1,,,,,
0.945,Ball,1,,,,,
0.945,Shell,1,,,,,
0.945,LR,1,,,,,
0.946,PCA,0.707106781186548,,,,,
0.946,K's tau,1.05708245243129,,,,,
0.946,Winsor,1,,,,,
0.946,Quad,1,,,,,
0.946,Ball,1,,,,,
0.946,Shell,1,,,,,
0.946,LR,1,,,,,
0.947,PCA,0.707106781186548,,,,,
0.947,K's tau,1.05596620908131,,,,,
0.947,Winsor,1,,,,,
0.947,Quad,1,,,,,
0.947,Ball,1,,,,,
0.947,Shell,1,,,,,
0.947,LR,1,,,,,
0.948,PCA,0.707106781186548,,,,,
0.948,K's tau,1.05485232067511,,,,,
0.948,Winsor,1,,,,,
0.948,Quad,1,,,,,
0.948,Ball,1,,,,,
0.948,Shell,1,,,,,
0.948,LR,1,,,,,
0.949,PCA,0.707106781186548,,,,,
0.949,K's tau,1.05374077976818,,,,,
0.949,Winsor,1,,,,,
0.949,Quad,1,,,,,
0.949,Ball,1,,,,,
0.949,Shell,1,,,,,
0.949,LR,1,,,,,
0.95,PCA,0.707106781186548,,,,,
0.95,K's tau,1.05263157894737,,,,,
0.95,Winsor,1,,,,,
0.95,Quad,1,,,,,
0.95,Ball,1,,,,,
0.95,Shell,1,,,,,
0.95,LR,1,,,,,
0.951,PCA,0.707106781186548,,,,,
0.951,K's tau,1.0515247108307,,,,,
0.951,Winsor,1,,,,,
0.951,Quad,1,,,,,
0.951,Ball,1,,,,,
0.951,Shell,1,,,,,
0.951,LR,1,,,,,
0.952,PCA,0.707106781186548,,,,,
0.952,K's tau,1.05042016806723,,,,,
0.952,Winsor,1,,,,,
0.952,Quad,1,,,,,
0.952,Ball,1,,,,,
0.952,Shell,1,,,,,
0.952,LR,1,,,,,
0.953,PCA,0.707106781186548,,,,,
0.953,K's tau,1.04931794333683,,,,,
0.953,Winsor,1,,,,,
0.953,Quad,1,,,,,
0.953,Ball,1,,,,,
0.953,Shell,1,,,,,
0.953,LR,1,,,,,
0.954,PCA,0.707106781186548,,,,,
0.954,K's tau,1.0482180293501,,,,,
0.954,Winsor,1,,,,,
0.954,Quad,1,,,,,
0.954,Ball,1,,,,,
0.954,Shell,1,,,,,
0.954,LR,1,,,,,
0.955,PCA,0.707106781186548,,,,,
0.955,K's tau,1.04712041884817,,,,,
0.955,Winsor,1,,,,,
0.955,Quad,1,,,,,
0.955,Ball,1,,,,,
0.955,Shell,1,,,,,
0.955,LR,1,,,,,
0.956,PCA,0.707106781186548,,,,,
0.956,K's tau,1.04602510460251,,,,,
0.956,Winsor,1,,,,,
0.956,Quad,1,,,,,
0.956,Ball,1,,,,,
0.956,Shell,1,,,,,
0.956,LR,1,,,,,
0.957,PCA,0.707106781186548,,,,,
0.957,K's tau,1.04493207941484,,,,,
0.957,Winsor,1,,,,,
0.957,Quad,1,,,,,
0.957,Ball,1,,,,,
0.957,Shell,1,,,,,
0.957,LR,1,,,,,
0.958,PCA,0.707106781186548,,,,,
0.958,K's tau,1.04384133611691,,,,,
0.958,Winsor,1,,,,,
0.958,Quad,1,,,,,
0.958,Ball,1,,,,,
0.958,Shell,1,,,,,
0.958,LR,1,,,,,
0.959,PCA,0.707106781186548,,,,,
0.959,K's tau,1.04275286757039,,,,,
0.959,Winsor,1,,,,,
0.959,Quad,1,,,,,
0.959,Ball,1,,,,,
0.959,Shell,1,,,,,
0.959,LR,1,,,,,
0.96,PCA,0.707106781186548,,,,,
0.96,K's tau,1.04166666666667,,,,,
0.96,Winsor,1,,,,,
0.96,Quad,1,,,,,
0.96,Ball,1,,,,,
0.96,Shell,1,,,,,
0.96,LR,1,,,,,
0.961,PCA,0.707106781186548,,,,,
0.961,K's tau,1.04058272632674,,,,,
0.961,Winsor,1,,,,,
0.961,Quad,1,,,,,
0.961,Ball,1,,,,,
0.961,Shell,1,,,,,
0.961,LR,1,,,,,
0.962,PCA,0.707106781186548,,,,,
0.962,K's tau,1.03950103950104,,,,,
0.962,Winsor,1,,,,,
0.962,Quad,1,,,,,
0.962,Ball,1,,,,,
0.962,Shell,1,,,,,
0.962,LR,1,,,,,
0.963,PCA,0.707106781186548,,,,,
0.963,K's tau,1.03842159916926,,,,,
0.963,Winsor,1,,,,,
0.963,Quad,1,,,,,
0.963,Ball,1,,,,,
0.963,Shell,1,,,,,
0.963,LR,1,,,,,
0.964,PCA,0.707106781186548,,,,,
0.964,K's tau,1.03734439834025,,,,,
0.964,Winsor,1,,,,,
0.964,Quad,1,,,,,
0.964,Ball,1,,,,,
0.964,Shell,1,,,,,
0.964,LR,1,,,,,
0.965,PCA,0.707106781186548,,,,,
0.965,K's tau,1.03626943005181,,,,,
0.965,Winsor,1,,,,,
0.965,Quad,1,,,,,
0.965,Ball,1,,,,,
0.965,Shell,1,,,,,
0.965,LR,1,,,,,
0.966,PCA,0.707106781186548,,,,,
0.966,K's tau,1.0351966873706,,,,,
0.966,Winsor,1,,,,,
0.966,Quad,1,,,,,
0.966,Ball,1,,,,,
0.966,Shell,1,,,,,
0.966,LR,1,,,,,
0.967,PCA,0.707106781186548,,,,,
0.967,K's tau,1.03412616339193,,,,,
0.967,Winsor,1,,,,,
0.967,Quad,1,,,,,
0.967,Ball,1,,,,,
0.967,Shell,1,,,,,
0.967,LR,1,,,,,
0.968,PCA,0.707106781186548,,,,,
0.968,K's tau,1.03305785123967,,,,,
0.968,Winsor,1,,,,,
0.968,Quad,1,,,,,
0.968,Ball,1,,,,,
0.968,Shell,1,,,,,
0.968,LR,1,,,,,
0.969,PCA,0.707106781186548,,,,,
0.969,K's tau,1.03199174406605,,,,,
0.969,Winsor,1,,,,,
0.969,Quad,1,,,,,
0.969,Ball,1,,,,,
0.969,Shell,1,,,,,
0.969,LR,1,,,,,
0.97,PCA,0.707106781186548,,,,,
0.97,K's tau,1.03092783505155,,,,,
0.97,Winsor,1,,,,,
0.97,Quad,1,,,,,
0.97,Ball,1,,,,,
0.97,Shell,1,,,,,
0.97,LR,1,,,,,
0.971,PCA,0.707106781186548,,,,,
0.971,K's tau,1.02986611740474,,,,,
0.971,Winsor,1,,,,,
0.971,Quad,1,,,,,
0.971,Ball,1,,,,,
0.971,Shell,1,,,,,
0.971,LR,1,,,,,
0.972,PCA,0.707106781186548,,,,,
0.972,K's tau,1.02880658436214,,,,,
0.972,Winsor,1,,,,,
0.972,Quad,1,,,,,
0.972,Ball,1,,,,,
0.972,Shell,1,,,,,
0.972,LR,1,,,,,
0.973,PCA,0.707106781186548,,,,,
0.973,K's tau,1.02774922918808,,,,,
0.973,Winsor,1,,,,,
0.973,Quad,1,,,,,
0.973,Ball,1,,,,,
0.973,Shell,1,,,,,
0.973,LR,1,,,,,
0.974,PCA,0.707106781186548,,,,,
0.974,K's tau,1.02669404517454,,,,,
0.974,Winsor,1,,,,,
0.974,Quad,1,,,,,
0.974,Ball,1,,,,,
0.974,Shell,1,,,,,
0.974,LR,1,,,,,
0.975,PCA,0.707106781186548,,,,,
0.975,K's tau,1.02564102564103,,,,,
0.975,Winsor,1,,,,,
0.975,Quad,1,,,,,
0.975,Ball,1,,,,,
0.975,Shell,1,,,,,
0.975,LR,1,,,,,
0.976,PCA,0.707106781186548,,,,,
0.976,K's tau,1.02459016393443,,,,,
0.976,Winsor,1,,,,,
0.976,Quad,1,,,,,
0.976,Ball,1,,,,,
0.976,Shell,1,,,,,
0.976,LR,1,,,,,
0.977,PCA,0.707106781186548,,,,,
0.977,K's tau,1.02354145342886,,,,,
0.977,Winsor,1,,,,,
0.977,Quad,1,,,,,
0.977,Ball,1,,,,,
0.977,Shell,1,,,,,
0.977,LR,1,,,,,
0.978,PCA,0.707106781186548,,,,,
0.978,K's tau,1.02249488752556,,,,,
0.978,Winsor,1,,,,,
0.978,Quad,1,,,,,
0.978,Ball,1,,,,,
0.978,Shell,1,,,,,
0.978,LR,1,,,,,
0.979,PCA,0.707106781186548,,,,,
0.979,K's tau,1.02145045965271,,,,,
0.979,Winsor,1,,,,,
0.979,Quad,1,,,,,
0.979,Ball,1,,,,,
0.979,Shell,1,,,,,
0.979,LR,1,,,,,
0.98,PCA,0.707106781186548,,,,,
0.98,K's tau,1.02040816326531,,,,,
0.98,Winsor,1,,,,,
0.98,Quad,1,,,,,
0.98,Ball,1,,,,,
0.98,Shell,1,,,,,
0.98,LR,1,,,,,
0.981,PCA,0.707106781186548,,,,,
0.981,K's tau,1.01936799184506,,,,,
0.981,Winsor,1,,,,,
0.981,Quad,1,,,,,
0.981,Ball,1,,,,,
0.981,Shell,1,,,,,
0.981,LR,1,,,,,
0.982,PCA,0.707106781186548,,,,,
0.982,K's tau,1.0183299389002,,,,,
0.982,Winsor,1,,,,,
0.982,Quad,1,,,,,
0.982,Ball,1,,,,,
0.982,Shell,1,,,,,
0.982,LR,1,,,,,
0.983,PCA,0.707106781186548,,,,,
0.983,K's tau,1.01729399796541,,,,,
0.983,Winsor,1,,,,,
0.983,Quad,1,,,,,
0.983,Ball,1,,,,,
0.983,Shell,1,,,,,
0.983,LR,1,,,,,
0.984,PCA,0.707106781186548,,,,,
0.984,K's tau,1.01626016260163,,,,,
0.984,Winsor,1,,,,,
0.984,Quad,1,,,,,
0.984,Ball,1,,,,,
0.984,Shell,1,,,,,
0.984,LR,1,,,,,
0.985,PCA,0.707106781186548,,,,,
0.985,K's tau,1.01522842639594,,,,,
0.985,Winsor,1,,,,,
0.985,Quad,1,,,,,
0.985,Ball,1,,,,,
0.985,Shell,1,,,,,
0.985,LR,1,,,,,
0.986,PCA,0.707106781186548,,,,,
0.986,K's tau,1.01419878296146,,,,,
0.986,Winsor,1,,,,,
0.986,Quad,1,,,,,
0.986,Ball,1,,,,,
0.986,Shell,1,,,,,
0.986,LR,1,,,,,
0.987,PCA,0.707106781186548,,,,,
0.987,K's tau,1.01317122593718,,,,,
0.987,Winsor,1,,,,,
0.987,Quad,1,,,,,
0.987,Ball,1,,,,,
0.987,Shell,1,,,,,
0.987,LR,1,,,,,
0.988,PCA,0.707106781186548,,,,,
0.988,K's tau,1.01214574898785,,,,,
0.988,Winsor,1,,,,,
0.988,Quad,1,,,,,
0.988,Ball,1,,,,,
0.988,Shell,1,,,,,
0.988,LR,1,,,,,
0.989,PCA,0.707106781186548,,,,,
0.989,K's tau,1.01112234580384,,,,,
0.989,Winsor,1,,,,,
0.989,Quad,1,,,,,
0.989,Ball,1,,,,,
0.989,Shell,1,,,,,
0.989,LR,1,,,,,
0.99,PCA,0.707106781186548,,,,,
0.99,K's tau,1.01010101010101,,,,,
0.99,Winsor,1,,,,,
0.99,Quad,1,,,,,
0.99,Ball,1,,,,,
0.99,Shell,1,,,,,
0.99,LR,1,,,,,
0.991,PCA,0.707106781186548,,,,,
0.991,K's tau,1.00908173562059,,,,,
0.991,Winsor,1,,,,,
0.991,Quad,1,,,,,
0.991,Ball,1,,,,,
0.991,Shell,1,,,,,
0.991,LR,1,,,,,
0.992,PCA,0.707106781186548,,,,,
0.992,K's tau,1.00806451612903,,,,,
0.992,Winsor,1,,,,,
0.992,Quad,1,,,,,
0.992,Ball,1,,,,,
0.992,Shell,1,,,,,
0.992,LR,1,,,,,
0.993,PCA,0.707106781186548,,,,,
0.993,K's tau,1.00704934541793,,,,,
0.993,Winsor,1,,,,,
0.993,Quad,1,,,,,
0.993,Ball,1,,,,,
0.993,Shell,1,,,,,
0.993,LR,1,,,,,
0.994,PCA,0.707106781186548,,,,,
0.994,K's tau,1.00603621730382,,,,,
0.994,Winsor,1,,,,,
0.994,Quad,1,,,,,
0.994,Ball,1,,,,,
0.994,Shell,1,,,,,
0.994,LR,1,,,,,
0.995,PCA,0.707106781186548,,,,,
0.995,K's tau,1.00502512562814,,,,,
0.995,Winsor,1,,,,,
0.995,Quad,1,,,,,
0.995,Ball,1,,,,,
0.995,Shell,1,,,,,
0.995,LR,1,,,,,
0.996,PCA,0.707106781186548,,,,,
0.996,K's tau,1.00401606425703,,,,,
0.996,Winsor,1,,,,,
0.996,Quad,1,,,,,
0.996,Ball,1,,,,,
0.996,Shell,1,,,,,
0.996,LR,1,,,,,
0.997,PCA,0.707106781186548,,,,,
0.997,K's tau,1.00300902708124,,,,,
0.997,Winsor,1,,,,,
0.997,Quad,1,,,,,
0.997,Ball,1,,,,,
0.997,Shell,1,,,,,
0.997,LR,1,,,,,
0.998,PCA,0.707106781186548,,,,,
0.998,K's tau,1.00200400801603,,,,,
0.998,Winsor,1,,,,,
0.998,Quad,1,,,,,
0.998,Ball,1,,,,,
0.998,Shell,1,,,,,
0.998,LR,1,,,,,
0.999,PCA,0.707106781186548,,,,,
0.999,K's tau,1.001001001001,,,,,
0.999,Winsor,1,,,,,
0.999,Quad,1,,,,,
0.999,Ball,1,,,,,
0.999,Shell,1,,,,,
0.999,LR,1,,,,,
1,PCA,0.707106781186548,,,,,
1,K's tau,1,,,,,
1,Winsor,1,,,,,
1,Quad,1,,,,,
1,Ball,1,,,,,
1,Shell,1,,,,,
1,LR,1,,,,,
1.001,PCA,0.707106781186548,,,,,
1.001,K's tau,0.999000999000999,,,,,
1.001,Winsor,1,,,,,
1.001,Quad,1,,,,,
1.001,Ball,1,,,,,
1.001,Shell,1,,,,,
1.001,LR,1,,,,,
1.002,PCA,0.707106781186548,,,,,
1.002,K's tau,0.998003992015968,,,,,
1.002,Winsor,1,,,,,
1.002,Quad,1,,,,,
1.002,Ball,1,,,,,
1.002,Shell,1,,,,,
1.002,LR,1,,,,,
1.003,PCA,0.707106781186548,,,,,
1.003,K's tau,0.997008973080758,,,,,
1.003,Winsor,1,,,,,
1.003,Quad,1,,,,,
1.003,Ball,1,,,,,
1.003,Shell,1,,,,,
1.003,LR,1,,,,,
1.004,PCA,0.707106781186548,,,,,
1.004,K's tau,0.99601593625498,,,,,
1.004,Winsor,1,,,,,
1.004,Quad,1,,,,,
1.004,Ball,1,,,,,
1.004,Shell,1,,,,,
1.004,LR,1,,,,,
1.005,PCA,0.707106781186548,,,,,
1.005,K's tau,0.995024875621891,,,,,
1.005,Winsor,1,,,,,
1.005,Quad,1,,,,,
1.005,Ball,1,,,,,
1.005,Shell,1,,,,,
1.005,LR,1,,,,,
1.006,PCA,0.707106781186548,,,,,
1.006,K's tau,0.99403578528827,,,,,
1.006,Winsor,1,,,,,
1.006,Quad,1,,,,,
1.006,Ball,1,,,,,
1.006,Shell,1,,,,,
1.006,LR,1,,,,,
1.007,PCA,0.707106781186548,,,,,
1.007,K's tau,0.99304865938431,,,,,
1.007,Winsor,1,,,,,
1.007,Quad,1,,,,,
1.007,Ball,1,,,,,
1.007,Shell,1,,,,,
1.007,LR,1,,,,,
1.008,PCA,0.707106781186548,,,,,
1.008,K's tau,0.992063492063492,,,,,
1.008,Winsor,1,,,,,
1.008,Quad,1,,,,,
1.008,Ball,1,,,,,
1.008,Shell,1,,,,,
1.008,LR,1,,,,,
1.009,PCA,0.707106781186548,,,,,
1.009,K's tau,0.991080277502478,,,,,
1.009,Winsor,1,,,,,
1.009,Quad,1,,,,,
1.009,Ball,1,,,,,
1.009,Shell,1,,,,,
1.009,LR,1,,,,,
1.01,PCA,0.707106781186548,,,,,
1.01,K's tau,0.99009900990099,,,,,
1.01,Winsor,1,,,,,
1.01,Quad,1,,,,,
1.01,Ball,1,,,,,
1.01,Shell,1,,,,,
1.01,LR,1,,,,,
1.011,PCA,0.707106781186548,,,,,
1.011,K's tau,0.989119683481701,,,,,
1.011,Winsor,1,,,,,
1.011,Quad,1,,,,,
1.011,Ball,1,,,,,
1.011,Shell,1,,,,,
1.011,LR,1,,,,,
1.012,PCA,0.707106781186548,,,,,
1.012,K's tau,0.988142292490119,,,,,
1.012,Winsor,1,,,,,
1.012,Quad,1,,,,,
1.012,Ball,1,,,,,
1.012,Shell,1,,,,,
1.012,LR,1,,,,,
1.013,PCA,0.707106781186548,,,,,
1.013,K's tau,0.987166831194472,,,,,
1.013,Winsor,1,,,,,
1.013,Quad,1,,,,,
1.013,Ball,1,,,,,
1.013,Shell,1,,,,,
1.013,LR,1,,,,,
1.014,PCA,0.707106781186548,,,,,
1.014,K's tau,0.986193293885602,,,,,
1.014,Winsor,1,,,,,
1.014,Quad,1,,,,,
1.014,Ball,1,,,,,
1.014,Shell,1,,,,,
1.014,LR,1,,,,,
1.015,PCA,0.707106781186548,,,,,
1.015,K's tau,0.985221674876847,,,,,
1.015,Winsor,1,,,,,
1.015,Quad,1,,,,,
1.015,Ball,1,,,,,
1.015,Shell,1,,,,,
1.015,LR,1,,,,,
1.016,PCA,0.707106781186548,,,,,
1.016,K's tau,0.984251968503937,,,,,
1.016,Winsor,1,,,,,
1.016,Quad,1,,,,,
1.016,Ball,1,,,,,
1.016,Shell,1,,,,,
1.016,LR,1,,,,,
1.017,PCA,0.707106781186548,,,,,
1.017,K's tau,0.983284169124877,,,,,
1.017,Winsor,1,,,,,
1.017,Quad,1,,,,,
1.017,Ball,1,,,,,
1.017,Shell,1,,,,,
1.017,LR,1,,,,,
1.018,PCA,0.707106781186548,,,,,
1.018,K's tau,0.982318271119843,,,,,
1.018,Winsor,1,,,,,
1.018,Quad,1,,,,,
1.018,Ball,1,,,,,
1.018,Shell,1,,,,,
1.018,LR,1,,,,,
1.019,PCA,0.707106781186548,,,,,
1.019,K's tau,0.98135426889107,,,,,
1.019,Winsor,1,,,,,
1.019,Quad,1,,,,,
1.019,Ball,1,,,,,
1.019,Shell,1,,,,,
1.019,LR,1,,,,,
1.02,PCA,0.707106781186548,,,,,
1.02,K's tau,0.980392156862745,,,,,
1.02,Winsor,1,,,,,
1.02,Quad,1,,,,,
1.02,Ball,1,,,,,
1.02,Shell,1,,,,,
1.02,LR,1,,,,,
1.021,PCA,0.707106781186548,,,,,
1.021,K's tau,0.979431929480901,,,,,
1.021,Winsor,1,,,,,
1.021,Quad,1,,,,,
1.021,Ball,1,,,,,
1.021,Shell,1,,,,,
1.021,LR,1,,,,,
1.022,PCA,0.707106781186548,,,,,
1.022,K's tau,0.978473581213307,,,,,
1.022,Winsor,1,,,,,
1.022,Quad,1,,,,,
1.022,Ball,1,,,,,
1.022,Shell,1,,,,,
1.022,LR,1,,,,,
1.023,PCA,0.707106781186548,,,,,
1.023,K's tau,0.977517106549364,,,,,
1.023,Winsor,1,,,,,
1.023,Quad,1,,,,,
1.023,Ball,1,,,,,
1.023,Shell,1,,,,,
1.023,LR,1,,,,,
1.024,PCA,0.707106781186548,,,,,
1.024,K's tau,0.9765625,,,,,
1.024,Winsor,1,,,,,
1.024,Quad,1,,,,,
1.024,Ball,1,,,,,
1.024,Shell,1,,,,,
1.024,LR,1,,,,,
1.025,PCA,0.707106781186548,,,,,
1.025,K's tau,0.975609756097561,,,,,
1.025,Winsor,1,,,,,
1.025,Quad,1,,,,,
1.025,Ball,1,,,,,
1.025,Shell,1,,,,,
1.025,LR,1,,,,,
1.026,PCA,0.707106781186548,,,,,
1.026,K's tau,0.974658869395711,,,,,
1.026,Winsor,1,,,,,
1.026,Quad,1,,,,,
1.026,Ball,1,,,,,
1.026,Shell,1,,,,,
1.026,LR,1,,,,,
1.027,PCA,0.707106781186548,,,,,
1.027,K's tau,0.973709834469328,,,,,
1.027,Winsor,1,,,,,
1.027,Quad,1,,,,,
1.027,Ball,1,,,,,
1.027,Shell,1,,,,,
1.027,LR,1,,,,,
1.028,PCA,0.707106781186548,,,,,
1.028,K's tau,0.972762645914397,,,,,
1.028,Winsor,1,,,,,
1.028,Quad,1,,,,,
1.028,Ball,1,,,,,
1.028,Shell,1,,,,,
1.028,LR,1,,,,,
1.029,PCA,0.707106781186548,,,,,
1.029,K's tau,0.97181729834791,,,,,
1.029,Winsor,1,,,,,
1.029,Quad,1,,,,,
1.029,Ball,1,,,,,
1.029,Shell,1,,,,,
1.029,LR,1,,,,,
1.03,PCA,0.707106781186548,,,,,
1.03,K's tau,0.970873786407767,,,,,
1.03,Winsor,1,,,,,
1.03,Quad,1,,,,,
1.03,Ball,1,,,,,
1.03,Shell,1,,,,,
1.03,LR,1,,,,,
1.031,PCA,0.707106781186548,,,,,
1.031,K's tau,0.969932104752667,,,,,
1.031,Winsor,1,,,,,
1.031,Quad,1,,,,,
1.031,Ball,1,,,,,
1.031,Shell,1,,,,,
1.031,LR,1,,,,,
1.032,PCA,0.707106781186548,,,,,
1.032,K's tau,0.968992248062015,,,,,
1.032,Winsor,1,,,,,
1.032,Quad,1,,,,,
1.032,Ball,1,,,,,
1.032,Shell,1,,,,,
1.032,LR,1,,,,,
1.033,PCA,0.707106781186548,,,,,
1.033,K's tau,0.968054211035818,,,,,
1.033,Winsor,1,,,,,
1.033,Quad,1,,,,,
1.033,Ball,1,,,,,
1.033,Shell,1,,,,,
1.033,LR,1,,,,,
1.034,PCA,0.707106781186548,,,,,
1.034,K's tau,0.967117988394584,,,,,
1.034,Winsor,1,,,,,
1.034,Quad,1,,,,,
1.034,Ball,1,,,,,
1.034,Shell,1,,,,,
1.034,LR,1,,,,,
1.035,PCA,0.707106781186548,,,,,
1.035,K's tau,0.966183574879227,,,,,
1.035,Winsor,1,,,,,
1.035,Quad,1,,,,,
1.035,Ball,1,,,,,
1.035,Shell,1,,,,,
1.035,LR,1,,,,,
1.036,PCA,0.707106781186548,,,,,
1.036,K's tau,0.965250965250965,,,,,
1.036,Winsor,1,,,,,
1.036,Quad,1,,,,,
1.036,Ball,1,,,,,
1.036,Shell,1,,,,,
1.036,LR,1,,,,,
1.037,PCA,0.707106781186548,,,,,
1.037,K's tau,0.964320154291225,,,,,
1.037,Winsor,1,,,,,
1.037,Quad,1,,,,,
1.037,Ball,1,,,,,
1.037,Shell,1,,,,,
1.037,LR,1,,,,,
1.038,PCA,0.707106781186548,,,,,
1.038,K's tau,0.963391136801541,,,,,
1.038,Winsor,1,,,,,
1.038,Quad,1,,,,,
1.038,Ball,1,,,,,
1.038,Shell,1,,,,,
1.038,LR,1,,,,,
1.039,PCA,0.707106781186548,,,,,
1.039,K's tau,0.962463907603465,,,,,
1.039,Winsor,1,,,,,
1.039,Quad,1,,,,,
1.039,Ball,1,,,,,
1.039,Shell,1,,,,,
1.039,LR,1,,,,,
1.04,PCA,0.707106781186548,,,,,
1.04,K's tau,0.961538461538461,,,,,
1.04,Winsor,1,,,,,
1.04,Quad,1,,,,,
1.04,Ball,1,,,,,
1.04,Shell,1,,,,,
1.04,LR,1,,,,,
1.041,PCA,0.707106781186548,,,,,
1.041,K's tau,0.960614793467819,,,,,
1.041,Winsor,1,,,,,
1.041,Quad,1,,,,,
1.041,Ball,1,,,,,
1.041,Shell,1,,,,,
1.041,LR,1,,,,,
1.042,PCA,0.707106781186548,,,,,
1.042,K's tau,0.959692898272553,,,,,
1.042,Winsor,1,,,,,
1.042,Quad,1,,,,,
1.042,Ball,1,,,,,
1.042,Shell,1,,,,,
1.042,LR,1,,,,,
1.043,PCA,0.707106781186548,,,,,
1.043,K's tau,0.958772770853308,,,,,
1.043,Winsor,1,,,,,
1.043,Quad,1,,,,,
1.043,Ball,1,,,,,
1.043,Shell,1,,,,,
1.043,LR,1,,,,,
1.044,PCA,0.707106781186548,,,,,
1.044,K's tau,0.957854406130268,,,,,
1.044,Winsor,1,,,,,
1.044,Quad,1,,,,,
1.044,Ball,1,,,,,
1.044,Shell,1,,,,,
1.044,LR,1,,,,,
1.045,PCA,0.707106781186548,,,,,
1.045,K's tau,0.956937799043062,,,,,
1.045,Winsor,1,,,,,
1.045,Quad,1,,,,,
1.045,Ball,1,,,,,
1.045,Shell,1,,,,,
1.045,LR,1,,,,,
1.046,PCA,0.707106781186548,,,,,
1.046,K's tau,0.956022944550669,,,,,
1.046,Winsor,1,,,,,
1.046,Quad,1,,,,,
1.046,Ball,1,,,,,
1.046,Shell,1,,,,,
1.046,LR,1,,,,,
1.047,PCA,0.707106781186548,,,,,
1.047,K's tau,0.955109837631328,,,,,
1.047,Winsor,1,,,,,
1.047,Quad,1,,,,,
1.047,Ball,1,,,,,
1.047,Shell,1,,,,,
1.047,LR,1,,,,,
1.048,PCA,0.707106781186548,,,,,
1.048,K's tau,0.954198473282443,,,,,
1.048,Winsor,1,,,,,
1.048,Quad,1,,,,,
1.048,Ball,1,,,,,
1.048,Shell,1,,,,,
1.048,LR,1,,,,,
1.049,PCA,0.707106781186548,,,,,
1.049,K's tau,0.953288846520496,,,,,
1.049,Winsor,1,,,,,
1.049,Quad,1,,,,,
1.049,Ball,1,,,,,
1.049,Shell,1,,,,,
1.049,LR,1,,,,,
1.05,PCA,0.707106781186548,,,,,
1.05,K's tau,0.952380952380952,,,,,
1.05,Winsor,1,,,,,
1.05,Quad,1,,,,,
1.05,Ball,1,,,,,
1.05,Shell,1,,,,,
1.05,LR,1,,,,,
1.051,PCA,0.707106781186548,,,,,
1.051,K's tau,0.951474785918173,,,,,
1.051,Winsor,1,,,,,
1.051,Quad,1,,,,,
1.051,Ball,1,,,,,
1.051,Shell,1,,,,,
1.051,LR,1,,,,,
1.052,PCA,0.707106781186548,,,,,
1.052,K's tau,0.950570342205323,,,,,
1.052,Winsor,1,,,,,
1.052,Quad,1,,,,,
1.052,Ball,1,,,,,
1.052,Shell,1,,,,,
1.052,LR,1,,,,,
1.053,PCA,0.707106781186548,,,,,
1.053,K's tau,0.949667616334283,,,,,
1.053,Winsor,1,,,,,
1.053,Quad,1,,,,,
1.053,Ball,1,,,,,
1.053,Shell,1,,,,,
1.053,LR,1,,,,,
1.054,PCA,0.707106781186548,,,,,
1.054,K's tau,0.94876660341556,,,,,
1.054,Winsor,1,,,,,
1.054,Quad,1,,,,,
1.054,Ball,1,,,,,
1.054,Shell,1,,,,,
1.054,LR,1,,,,,
1.055,PCA,0.707106781186548,,,,,
1.055,K's tau,0.947867298578199,,,,,
1.055,Winsor,1,,,,,
1.055,Quad,1,,,,,
1.055,Ball,1,,,,,
1.055,Shell,1,,,,,
1.055,LR,1,,,,,
1.056,PCA,0.707106781186548,,,,,
1.056,K's tau,0.946969696969697,,,,,
1.056,Winsor,1,,,,,
1.056,Quad,1,,,,,
1.056,Ball,1,,,,,
1.056,Shell,1,,,,,
1.056,LR,1,,,,,
1.057,PCA,0.707106781186548,,,,,
1.057,K's tau,0.946073793755913,,,,,
1.057,Winsor,1,,,,,
1.057,Quad,1,,,,,
1.057,Ball,1,,,,,
1.057,Shell,1,,,,,
1.057,LR,1,,,,,
1.058,PCA,0.707106781186548,,,,,
1.058,K's tau,0.945179584120983,,,,,
1.058,Winsor,1,,,,,
1.058,Quad,1,,,,,
1.058,Ball,1,,,,,
1.058,Shell,1,,,,,
1.058,LR,1,,,,,
1.059,PCA,0.707106781186548,,,,,
1.059,K's tau,0.944287063267233,,,,,
1.059,Winsor,1,,,,,
1.059,Quad,1,,,,,
1.059,Ball,1,,,,,
1.059,Shell,1,,,,,
1.059,LR,1,,,,,
1.06,PCA,0.707106781186548,,,,,
1.06,K's tau,0.943396226415094,,,,,
1.06,Winsor,1,,,,,
1.06,Quad,1,,,,,
1.06,Ball,1,,,,,
1.06,Shell,1,,,,,
1.06,LR,1,,,,,
1.061,PCA,0.707106781186548,,,,,
1.061,K's tau,0.942507068803016,,,,,
1.061,Winsor,1,,,,,
1.061,Quad,1,,,,,
1.061,Ball,1,,,,,
1.061,Shell,1,,,,,
1.061,LR,1,,,,,
1.062,PCA,0.707106781186548,,,,,
1.062,K's tau,0.941619585687382,,,,,
1.062,Winsor,1,,,,,
1.062,Quad,1,,,,,
1.062,Ball,1,,,,,
1.062,Shell,1,,,,,
1.062,LR,1,,,,,
1.063,PCA,0.707106781186548,,,,,
1.063,K's tau,0.940733772342427,,,,,
1.063,Winsor,1,,,,,
1.063,Quad,1,,,,,
1.063,Ball,1,,,,,
1.063,Shell,1,,,,,
1.063,LR,1,,,,,
1.064,PCA,0.707106781186548,,,,,
1.064,K's tau,0.93984962406015,,,,,
1.064,Winsor,1,,,,,
1.064,Quad,1,,,,,
1.064,Ball,1,,,,,
1.064,Shell,1,,,,,
1.064,LR,1,,,,,
1.065,PCA,0.707106781186548,,,,,
1.065,K's tau,0.938967136150235,,,,,
1.065,Winsor,1,,,,,
1.065,Quad,1,,,,,
1.065,Ball,1,,,,,
1.065,Shell,1,,,,,
1.065,LR,1,,,,,
1.066,PCA,0.707106781186548,,,,,
1.066,K's tau,0.938086303939962,,,,,
1.066,Winsor,1,,,,,
1.066,Quad,1,,,,,
1.066,Ball,1,,,,,
1.066,Shell,1,,,,,
1.066,LR,1,,,,,
1.067,PCA,0.707106781186548,,,,,
1.067,K's tau,0.937207122774133,,,,,
1.067,Winsor,1,,,,,
1.067,Quad,1,,,,,
1.067,Ball,1,,,,,
1.067,Shell,1,,,,,
1.067,LR,1,,,,,
1.068,PCA,0.707106781186548,,,,,
1.068,K's tau,0.936329588014981,,,,,
1.068,Winsor,1,,,,,
1.068,Quad,1,,,,,
1.068,Ball,1,,,,,
1.068,Shell,1,,,,,
1.068,LR,1,,,,,
1.069,PCA,0.707106781186548,,,,,
1.069,K's tau,0.935453695042095,,,,,
1.069,Winsor,1,,,,,
1.069,Quad,1,,,,,
1.069,Ball,1,,,,,
1.069,Shell,1,,,,,
1.069,LR,1,,,,,
1.07,PCA,0.707106781186548,,,,,
1.07,K's tau,0.934579439252336,,,,,
1.07,Winsor,1,,,,,
1.07,Quad,1,,,,,
1.07,Ball,1,,,,,
1.07,Shell,1,,,,,
1.07,LR,1,,,,,
1.071,PCA,0.707106781186548,,,,,
1.071,K's tau,0.933706816059757,,,,,
1.071,Winsor,1,,,,,
1.071,Quad,1,,,,,
1.071,Ball,1,,,,,
1.071,Shell,1,,,,,
1.071,LR,1,,,,,
1.072,PCA,0.707106781186548,,,,,
1.072,K's tau,0.932835820895522,,,,,
1.072,Winsor,1,,,,,
1.072,Quad,1,,,,,
1.072,Ball,1,,,,,
1.072,Shell,1,,,,,
1.072,LR,1,,,,,
1.073,PCA,0.707106781186548,,,,,
1.073,K's tau,0.931966449207829,,,,,
1.073,Winsor,1,,,,,
1.073,Quad,1,,,,,
1.073,Ball,1,,,,,
1.073,Shell,1,,,,,
1.073,LR,1,,,,,
1.074,PCA,0.707106781186548,,,,,
1.074,K's tau,0.931098696461825,,,,,
1.074,Winsor,1,,,,,
1.074,Quad,1,,,,,
1.074,Ball,1,,,,,
1.074,Shell,1,,,,,
1.074,LR,1,,,,,
1.075,PCA,0.707106781186548,,,,,
1.075,K's tau,0.930232558139535,,,,,
1.075,Winsor,1,,,,,
1.075,Quad,1,,,,,
1.075,Ball,1,,,,,
1.075,Shell,1,,,,,
1.075,LR,1,,,,,
1.076,PCA,0.707106781186548,,,,,
1.076,K's tau,0.929368029739777,,,,,
1.076,Winsor,1,,,,,
1.076,Quad,1,,,,,
1.076,Ball,1,,,,,
1.076,Shell,1,,,,,
1.076,LR,1,,,,,
1.077,PCA,0.707106781186548,,,,,
1.077,K's tau,0.928505106778087,,,,,
1.077,Winsor,1,,,,,
1.077,Quad,1,,,,,
1.077,Ball,1,,,,,
1.077,Shell,1,,,,,
1.077,LR,1,,,,,
1.078,PCA,0.707106781186548,,,,,
1.078,K's tau,0.927643784786642,,,,,
1.078,Winsor,1,,,,,
1.078,Quad,1,,,,,
1.078,Ball,1,,,,,
1.078,Shell,1,,,,,
1.078,LR,1,,,,,
1.079,PCA,0.707106781186548,,,,,
1.079,K's tau,0.92678405931418,,,,,
1.079,Winsor,1,,,,,
1.079,Quad,1,,,,,
1.079,Ball,1,,,,,
1.079,Shell,1,,,,,
1.079,LR,1,,,,,
1.08,PCA,0.707106781186548,,,,,
1.08,K's tau,0.925925925925926,,,,,
1.08,Winsor,1,,,,,
1.08,Quad,1,,,,,
1.08,Ball,1,,,,,
1.08,Shell,1,,,,,
1.08,LR,1,,,,,
1.081,PCA,0.707106781186548,,,,,
1.081,K's tau,0.925069380203515,,,,,
1.081,Winsor,1,,,,,
1.081,Quad,1,,,,,
1.081,Ball,1,,,,,
1.081,Shell,1,,,,,
1.081,LR,1,,,,,
1.082,PCA,0.707106781186548,,,,,
1.082,K's tau,0.924214417744917,,,,,
1.082,Winsor,1,,,,,
1.082,Quad,1,,,,,
1.082,Ball,1,,,,,
1.082,Shell,1,,,,,
1.082,LR,1,,,,,
1.083,PCA,0.707106781186548,,,,,
1.083,K's tau,0.923361034164358,,,,,
1.083,Winsor,1,,,,,
1.083,Quad,1,,,,,
1.083,Ball,1,,,,,
1.083,Shell,1,,,,,
1.083,LR,1,,,,,
1.084,PCA,0.707106781186548,,,,,
1.084,K's tau,0.922509225092251,,,,,
1.084,Winsor,1,,,,,
1.084,Quad,1,,,,,
1.084,Ball,1,,,,,
1.084,Shell,1,,,,,
1.084,LR,1,,,,,
1.085,PCA,0.707106781186548,,,,,
1.085,K's tau,0.921658986175115,,,,,
1.085,Winsor,1,,,,,
1.085,Quad,1,,,,,
1.085,Ball,1,,,,,
1.085,Shell,1,,,,,
1.085,LR,1,,,,,
1.086,PCA,0.707106781186548,,,,,
1.086,K's tau,0.920810313075506,,,,,
1.086,Winsor,1,,,,,
1.086,Quad,1,,,,,
1.086,Ball,1,,,,,
1.086,Shell,1,,,,,
1.086,LR,1,,,,,
1.087,PCA,0.707106781186548,,,,,
1.087,K's tau,0.919963201471941,,,,,
1.087,Winsor,1,,,,,
1.087,Quad,1,,,,,
1.087,Ball,1,,,,,
1.087,Shell,1,,,,,
1.087,LR,1,,,,,
1.088,PCA,0.707106781186548,,,,,
1.088,K's tau,0.919117647058824,,,,,
1.088,Winsor,1,,,,,
1.088,Quad,1,,,,,
1.088,Ball,1,,,,,
1.088,Shell,1,,,,,
1.088,LR,1,,,,,
1.089,PCA,0.707106781186548,,,,,
1.089,K's tau,0.918273645546373,,,,,
1.089,Winsor,1,,,,,
1.089,Quad,1,,,,,
1.089,Ball,1,,,,,
1.089,Shell,1,,,,,
1.089,LR,1,,,,,
1.09,PCA,0.707106781186548,,,,,
1.09,K's tau,0.91743119266055,,,,,
1.09,Winsor,1,,,,,
1.09,Quad,1,,,,,
1.09,Ball,1,,,,,
1.09,Shell,1,,,,,
1.09,LR,1,,,,,
1.091,PCA,0.707106781186548,,,,,
1.091,K's tau,0.916590284142988,,,,,
1.091,Winsor,1,,,,,
1.091,Quad,1,,,,,
1.091,Ball,1,,,,,
1.091,Shell,1,,,,,
1.091,LR,1,,,,,
1.092,PCA,0.707106781186548,,,,,
1.092,K's tau,0.915750915750916,,,,,
1.092,Winsor,1,,,,,
1.092,Quad,1,,,,,
1.092,Ball,1,,,,,
1.092,Shell,1,,,,,
1.092,LR,1,,,,,
1.093,PCA,0.707106781186548,,,,,
1.093,K's tau,0.914913083257091,,,,,
1.093,Winsor,1,,,,,
1.093,Quad,1,,,,,
1.093,Ball,1,,,,,
1.093,Shell,1,,,,,
1.093,LR,1,,,,,
1.094,PCA,0.707106781186548,,,,,
1.094,K's tau,0.914076782449726,,,,,
1.094,Winsor,1,,,,,
1.094,Quad,1,,,,,
1.094,Ball,1,,,,,
1.094,Shell,1,,,,,
1.094,LR,1,,,,,
1.095,PCA,0.707106781186548,,,,,
1.095,K's tau,0.91324200913242,,,,,
1.095,Winsor,1,,,,,
1.095,Quad,1,,,,,
1.095,Ball,1,,,,,
1.095,Shell,1,,,,,
1.095,LR,1,,,,,
1.096,PCA,0.707106781186548,,,,,
1.096,K's tau,0.912408759124087,,,,,
1.096,Winsor,1,,,,,
1.096,Quad,1,,,,,
1.096,Ball,1,,,,,
1.096,Shell,1,,,,,
1.096,LR,1,,,,,
1.097,PCA,0.707106781186548,,,,,
1.097,K's tau,0.911577028258888,,,,,
1.097,Winsor,1,,,,,
1.097,Quad,1,,,,,
1.097,Ball,1,,,,,
1.097,Shell,1,,,,,
1.097,LR,1,,,,,
1.098,PCA,0.707106781186548,,,,,
1.098,K's tau,0.910746812386157,,,,,
1.098,Winsor,1,,,,,
1.098,Quad,1,,,,,
1.098,Ball,1,,,,,
1.098,Shell,1,,,,,
1.098,LR,1,,,,,
1.099,PCA,0.707106781186548,,,,,
1.099,K's tau,0.909918107370337,,,,,
1.099,Winsor,1,,,,,
1.099,Quad,1,,,,,
1.099,Ball,1,,,,,
1.099,Shell,1,,,,,
1.099,LR,1,,,,,
1.1,PCA,0.707106781186548,,,,,
1.1,K's tau,0.909090909090909,,,,,
1.1,Winsor,1,,,,,
1.1,Quad,1,,,,,
1.1,Ball,1,,,,,
1.1,Shell,1,,,,,
1.1,LR,1,,,,,
1.101,PCA,0.707106781186548,,,,,
1.101,K's tau,0.908265213442325,,,,,
1.101,Winsor,1,,,,,
1.101,Quad,1,,,,,
1.101,Ball,1,,,,,
1.101,Shell,1,,,,,
1.101,LR,1,,,,,
1.102,PCA,0.707106781186548,,,,,
1.102,K's tau,0.907441016333938,,,,,
1.102,Winsor,1,,,,,
1.102,Quad,1,,,,,
1.102,Ball,1,,,,,
1.102,Shell,1,,,,,
1.102,LR,1,,,,,
1.103,PCA,0.707106781186548,,,,,
1.103,K's tau,0.906618313689937,,,,,
1.103,Winsor,1,,,,,
1.103,Quad,1,,,,,
1.103,Ball,1,,,,,
1.103,Shell,1,,,,,
1.103,LR,1,,,,,
1.104,PCA,0.707106781186548,,,,,
1.104,K's tau,0.905797101449275,,,,,
1.104,Winsor,1,,,,,
1.104,Quad,1,,,,,
1.104,Ball,1,,,,,
1.104,Shell,1,,,,,
1.104,LR,1,,,,,
1.105,PCA,0.707106781186548,,,,,
1.105,K's tau,0.904977375565611,,,,,
1.105,Winsor,1,,,,,
1.105,Quad,1,,,,,
1.105,Ball,1,,,,,
1.105,Shell,1,,,,,
1.105,LR,1,,,,,
1.106,PCA,0.707106781186548,,,,,
1.106,K's tau,0.904159132007233,,,,,
1.106,Winsor,1,,,,,
1.106,Quad,1,,,,,
1.106,Ball,1,,,,,
1.106,Shell,1,,,,,
1.106,LR,1,,,,,
1.107,PCA,0.707106781186548,,,,,
1.107,K's tau,0.903342366757001,,,,,
1.107,Winsor,1,,,,,
1.107,Quad,1,,,,,
1.107,Ball,1,,,,,
1.107,Shell,1,,,,,
1.107,LR,1,,,,,
1.108,PCA,0.707106781186548,,,,,
1.108,K's tau,0.902527075812274,,,,,
1.108,Winsor,1,,,,,
1.108,Quad,1,,,,,
1.108,Ball,1,,,,,
1.108,Shell,1,,,,,
1.108,LR,1,,,,,
1.109,PCA,0.707106781186548,,,,,
1.109,K's tau,0.901713255184851,,,,,
1.109,Winsor,1,,,,,
1.109,Quad,1,,,,,
1.109,Ball,1,,,,,
1.109,Shell,1,,,,,
1.109,LR,1,,,,,
1.11,PCA,0.707106781186548,,,,,
1.11,K's tau,0.900900900900901,,,,,
1.11,Winsor,1,,,,,
1.11,Quad,1,,,,,
1.11,Ball,1,,,,,
1.11,Shell,1,,,,,
1.11,LR,1,,,,,
1.111,PCA,0.707106781186548,,,,,
1.111,K's tau,0.9000900090009,,,,,
1.111,Winsor,1,,,,,
1.111,Quad,1,,,,,
1.111,Ball,1,,,,,
1.111,Shell,1,,,,,
1.111,LR,1,,,,,
1.112,PCA,0.707106781186548,,,,,
1.112,K's tau,0.899280575539568,,,,,
1.112,Winsor,1,,,,,
1.112,Quad,1,,,,,
1.112,Ball,1,,,,,
1.112,Shell,1,,,,,
1.112,LR,1,,,,,
1.113,PCA,0.707106781186548,,,,,
1.113,K's tau,0.898472596585804,,,,,
1.113,Winsor,1,,,,,
1.113,Quad,1,,,,,
1.113,Ball,1,,,,,
1.113,Shell,1,,,,,
1.113,LR,1,,,,,
1.114,PCA,0.707106781186548,,,,,
1.114,K's tau,0.897666068222621,,,,,
1.114,Winsor,1,,,,,
1.114,Quad,1,,,,,
1.114,Ball,1,,,,,
1.114,Shell,1,,,,,
1.114,LR,1,,,,,
1.115,PCA,0.707106781186548,,,,,
1.115,K's tau,0.896860986547085,,,,,
1.115,Winsor,1,,,,,
1.115,Quad,1,,,,,
1.115,Ball,1,,,,,
1.115,Shell,1,,,,,
1.115,LR,1,,,,,
1.116,PCA,0.707106781186548,,,,,
1.116,K's tau,0.896057347670251,,,,,
1.116,Winsor,1,,,,,
1.116,Quad,1,,,,,
1.116,Ball,1,,,,,
1.116,Shell,1,,,,,
1.116,LR,1,,,,,
1.117,PCA,0.707106781186548,,,,,
1.117,K's tau,0.895255147717099,,,,,
1.117,Winsor,1,,,,,
1.117,Quad,1,,,,,
1.117,Ball,1,,,,,
1.117,Shell,1,,,,,
1.117,LR,1,,,,,
1.118,PCA,0.707106781186548,,,,,
1.118,K's tau,0.894454382826476,,,,,
1.118,Winsor,1,,,,,
1.118,Quad,1,,,,,
1.118,Ball,1,,,,,
1.118,Shell,1,,,,,
1.118,LR,1,,,,,
1.119,PCA,0.707106781186548,,,,,
1.119,K's tau,0.893655049151028,,,,,
1.119,Winsor,1,,,,,
1.119,Quad,1,,,,,
1.119,Ball,1,,,,,
1.119,Shell,1,,,,,
1.119,LR,1,,,,,
1.12,PCA,0.707106781186548,,,,,
1.12,K's tau,0.892857142857143,,,,,
1.12,Winsor,1,,,,,
1.12,Quad,1,,,,,
1.12,Ball,1,,,,,
1.12,Shell,1,,,,,
1.12,LR,1,,,,,
1.121,PCA,0.707106781186548,,,,,
1.121,K's tau,0.892060660124889,,,,,
1.121,Winsor,1,,,,,
1.121,Quad,1,,,,,
1.121,Ball,1,,,,,
1.121,Shell,1,,,,,
1.121,LR,1,,,,,
1.122,PCA,0.707106781186548,,,,,
1.122,K's tau,0.89126559714795,,,,,
1.122,Winsor,1,,,,,
1.122,Quad,1,,,,,
1.122,Ball,1,,,,,
1.122,Shell,1,,,,,
1.122,LR,1,,,,,
1.123,PCA,0.707106781186548,,,,,
1.123,K's tau,0.890471950133571,,,,,
1.123,Winsor,1,,,,,
1.123,Quad,1,,,,,
1.123,Ball,1,,,,,
1.123,Shell,1,,,,,
1.123,LR,1,,,,,
1.124,PCA,0.707106781186548,,,,,
1.124,K's tau,0.889679715302491,,,,,
1.124,Winsor,1,,,,,
1.124,Quad,1,,,,,
1.124,Ball,1,,,,,
1.124,Shell,1,,,,,
1.124,LR,1,,,,,
1.125,PCA,0.707106781186548,,,,,
1.125,K's tau,0.888888888888889,,,,,
1.125,Winsor,1,,,,,
1.125,Quad,1,,,,,
1.125,Ball,1,,,,,
1.125,Shell,1,,,,,
1.125,LR,1,,,,,
1.126,PCA,0.707106781186548,,,,,
1.126,K's tau,0.88809946714032,,,,,
1.126,Winsor,1,,,,,
1.126,Quad,1,,,,,
1.126,Ball,1,,,,,
1.126,Shell,1,,,,,
1.126,LR,1,,,,,
1.127,PCA,0.707106781186548,,,,,
1.127,K's tau,0.887311446317657,,,,,
1.127,Winsor,1,,,,,
1.127,Quad,1,,,,,
1.127,Ball,1,,,,,
1.127,Shell,1,,,,,
1.127,LR,1,,,,,
1.128,PCA,0.707106781186548,,,,,
1.128,K's tau,0.886524822695036,,,,,
1.128,Winsor,1,,,,,
1.128,Quad,1,,,,,
1.128,Ball,1,,,,,
1.128,Shell,1,,,,,
1.128,LR,1,,,,,
1.129,PCA,0.707106781186548,,,,,
1.129,K's tau,0.885739592559787,,,,,
1.129,Winsor,1,,,,,
1.129,Quad,1,,,,,
1.129,Ball,1,,,,,
1.129,Shell,1,,,,,
1.129,LR,1,,,,,
1.13,PCA,0.707106781186548,,,,,
1.13,K's tau,0.884955752212389,,,,,
1.13,Winsor,1,,,,,
1.13,Quad,1,,,,,
1.13,Ball,1,,,,,
1.13,Shell,1,,,,,
1.13,LR,1,,,,,
1.131,PCA,0.707106781186548,,,,,
1.131,K's tau,0.884173297966401,,,,,
1.131,Winsor,1,,,,,
1.131,Quad,1,,,,,
1.131,Ball,1,,,,,
1.131,Shell,1,,,,,
1.131,LR,1,,,,,
1.132,PCA,0.707106781186548,,,,,
1.132,K's tau,0.88339222614841,,,,,
1.132,Winsor,1,,,,,
1.132,Quad,1,,,,,
1.132,Ball,1,,,,,
1.132,Shell,1,,,,,
1.132,LR,1,,,,,
1.133,PCA,0.707106781186548,,,,,
1.133,K's tau,0.88261253309797,,,,,
1.133,Winsor,1,,,,,
1.133,Quad,1,,,,,
1.133,Ball,1,,,,,
1.133,Shell,1,,,,,
1.133,LR,1,,,,,
1.134,PCA,0.707106781186548,,,,,
1.134,K's tau,0.881834215167548,,,,,
1.134,Winsor,1,,,,,
1.134,Quad,1,,,,,
1.134,Ball,1,,,,,
1.134,Shell,1,,,,,
1.134,LR,1,,,,,
1.135,PCA,0.707106781186548,,,,,
1.135,K's tau,0.881057268722467,,,,,
1.135,Winsor,1,,,,,
1.135,Quad,1,,,,,
1.135,Ball,1,,,,,
1.135,Shell,1,,,,,
1.135,LR,1,,,,,
1.136,PCA,0.707106781186548,,,,,
1.136,K's tau,0.880281690140845,,,,,
1.136,Winsor,1,,,,,
1.136,Quad,1,,,,,
1.136,Ball,1,,,,,
1.136,Shell,1,,,,,
1.136,LR,1,,,,,
1.137,PCA,0.707106781186548,,,,,
1.137,K's tau,0.879507475813544,,,,,
1.137,Winsor,1,,,,,
1.137,Quad,1,,,,,
1.137,Ball,1,,,,,
1.137,Shell,1,,,,,
1.137,LR,1,,,,,
1.138,PCA,0.707106781186548,,,,,
1.138,K's tau,0.878734622144112,,,,,
1.138,Winsor,1,,,,,
1.138,Quad,1,,,,,
1.138,Ball,1,,,,,
1.138,Shell,1,,,,,
1.138,LR,1,,,,,
1.139,PCA,0.707106781186548,,,,,
1.139,K's tau,0.877963125548727,,,,,
1.139,Winsor,1,,,,,
1.139,Quad,1,,,,,
1.139,Ball,1,,,,,
1.139,Shell,1,,,,,
1.139,LR,1,,,,,
1.14,PCA,0.707106781186548,,,,,
1.14,K's tau,0.87719298245614,,,,,
1.14,Winsor,1,,,,,
1.14,Quad,1,,,,,
1.14,Ball,1,,,,,
1.14,Shell,1,,,,,
1.14,LR,1,,,,,
1.141,PCA,0.707106781186548,,,,,
1.141,K's tau,0.876424189307625,,,,,
1.141,Winsor,1,,,,,
1.141,Quad,1,,,,,
1.141,Ball,1,,,,,
1.141,Shell,1,,,,,
1.141,LR,1,,,,,
1.142,PCA,0.707106781186548,,,,,
1.142,K's tau,0.875656742556918,,,,,
1.142,Winsor,1,,,,,
1.142,Quad,1,,,,,
1.142,Ball,1,,,,,
1.142,Shell,1,,,,,
1.142,LR,1,,,,,
1.143,PCA,0.707106781186548,,,,,
1.143,K's tau,0.874890638670166,,,,,
1.143,Winsor,1,,,,,
1.143,Quad,1,,,,,
1.143,Ball,1,,,,,
1.143,Shell,1,,,,,
1.143,LR,1,,,,,
1.144,PCA,0.707106781186548,,,,,
1.144,K's tau,0.874125874125874,,,,,
1.144,Winsor,1,,,,,
1.144,Quad,1,,,,,
1.144,Ball,1,,,,,
1.144,Shell,1,,,,,
1.144,LR,1,,,,,
1.145,PCA,0.707106781186548,,,,,
1.145,K's tau,0.873362445414847,,,,,
1.145,Winsor,1,,,,,
1.145,Quad,1,,,,,
1.145,Ball,1,,,,,
1.145,Shell,1,,,,,
1.145,LR,1,,,,,
1.146,PCA,0.707106781186548,,,,,
1.146,K's tau,0.87260034904014,,,,,
1.146,Winsor,1,,,,,
1.146,Quad,1,,,,,
1.146,Ball,1,,,,,
1.146,Shell,1,,,,,
1.146,LR,1,,,,,
1.147,PCA,0.707106781186548,,,,,
1.147,K's tau,0.871839581517001,,,,,
1.147,Winsor,1,,,,,
1.147,Quad,1,,,,,
1.147,Ball,1,,,,,
1.147,Shell,1,,,,,
1.147,LR,1,,,,,
1.148,PCA,0.707106781186548,,,,,
1.148,K's tau,0.871080139372822,,,,,
1.148,Winsor,1,,,,,
1.148,Quad,1,,,,,
1.148,Ball,1,,,,,
1.148,Shell,1,,,,,
1.148,LR,1,,,,,
1.149,PCA,0.707106781186548,,,,,
1.149,K's tau,0.870322019147084,,,,,
1.149,Winsor,1,,,,,
1.149,Quad,1,,,,,
1.149,Ball,1,,,,,
1.149,Shell,1,,,,,
1.149,LR,1,,,,,
1.15,PCA,0.707106781186548,,,,,
1.15,K's tau,0.869565217391304,,,,,
1.15,Winsor,1,,,,,
1.15,Quad,1,,,,,
1.15,Ball,1,,,,,
1.15,Shell,1,,,,,
1.15,LR,1,,,,,
1.151,PCA,0.707106781186548,,,,,
1.151,K's tau,0.868809730668984,,,,,
1.151,Winsor,1,,,,,
1.151,Quad,1,,,,,
1.151,Ball,1,,,,,
1.151,Shell,1,,,,,
1.151,LR,1,,,,,
1.152,PCA,0.707106781186548,,,,,
1.152,K's tau,0.868055555555556,,,,,
1.152,Winsor,1,,,,,
1.152,Quad,1,,,,,
1.152,Ball,1,,,,,
1.152,Shell,1,,,,,
1.152,LR,1,,,,,
1.153,PCA,0.707106781186548,,,,,
1.153,K's tau,0.867302688638335,,,,,
1.153,Winsor,1,,,,,
1.153,Quad,1,,,,,
1.153,Ball,1,,,,,
1.153,Shell,1,,,,,
1.153,LR,1,,,,,
1.154,PCA,0.707106781186548,,,,,
1.154,K's tau,0.866551126516464,,,,,
1.154,Winsor,1,,,,,
1.154,Quad,1,,,,,
1.154,Ball,1,,,,,
1.154,Shell,1,,,,,
1.154,LR,1,,,,,
1.155,PCA,0.707106781186548,,,,,
1.155,K's tau,0.865800865800866,,,,,
1.155,Winsor,1,,,,,
1.155,Quad,1,,,,,
1.155,Ball,1,,,,,
1.155,Shell,1,,,,,
1.155,LR,1,,,,,
1.156,PCA,0.707106781186548,,,,,
1.156,K's tau,0.865051903114187,,,,,
1.156,Winsor,1,,,,,
1.156,Quad,1,,,,,
1.156,Ball,1,,,,,
1.156,Shell,1,,,,,
1.156,LR,1,,,,,
1.157,PCA,0.707106781186548,,,,,
1.157,K's tau,0.864304235090752,,,,,
1.157,Winsor,1,,,,,
1.157,Quad,1,,,,,
1.157,Ball,1,,,,,
1.157,Shell,1,,,,,
1.157,LR,1,,,,,
1.158,PCA,0.707106781186548,,,,,
1.158,K's tau,0.863557858376511,,,,,
1.158,Winsor,1,,,,,
1.158,Quad,1,,,,,
1.158,Ball,1,,,,,
1.158,Shell,1,,,,,
1.158,LR,1,,,,,
1.159,PCA,0.707106781186548,,,,,
1.159,K's tau,0.862812769628991,,,,,
1.159,Winsor,1,,,,,
1.159,Quad,1,,,,,
1.159,Ball,1,,,,,
1.159,Shell,1,,,,,
1.159,LR,1,,,,,
1.16,PCA,0.707106781186548,,,,,
1.16,K's tau,0.862068965517241,,,,,
1.16,Winsor,1,,,,,
1.16,Quad,1,,,,,
1.16,Ball,1,,,,,
1.16,Shell,1,,,,,
1.16,LR,1,,,,,
1.161,PCA,0.707106781186548,,,,,
1.161,K's tau,0.861326442721792,,,,,
1.161,Winsor,1,,,,,
1.161,Quad,1,,,,,
1.161,Ball,1,,,,,
1.161,Shell,1,,,,,
1.161,LR,1,,,,,
1.162,PCA,0.707106781186548,,,,,
1.162,K's tau,0.860585197934596,,,,,
1.162,Winsor,1,,,,,
1.162,Quad,1,,,,,
1.162,Ball,1,,,,,
1.162,Shell,1,,,,,
1.162,LR,1,,,,,
1.163,PCA,0.707106781186548,,,,,
1.163,K's tau,0.859845227858985,,,,,
1.163,Winsor,1,,,,,
1.163,Quad,1,,,,,
1.163,Ball,1,,,,,
1.163,Shell,1,,,,,
1.163,LR,1,,,,,
1.164,PCA,0.707106781186548,,,,,
1.164,K's tau,0.859106529209622,,,,,
1.164,Winsor,1,,,,,
1.164,Quad,1,,,,,
1.164,Ball,1,,,,,
1.164,Shell,1,,,,,
1.164,LR,1,,,,,
1.165,PCA,0.707106781186548,,,,,
1.165,K's tau,0.858369098712446,,,,,
1.165,Winsor,1,,,,,
1.165,Quad,1,,,,,
1.165,Ball,1,,,,,
1.165,Shell,1,,,,,
1.165,LR,1,,,,,
1.166,PCA,0.707106781186548,,,,,
1.166,K's tau,0.857632933104631,,,,,
1.166,Winsor,1,,,,,
1.166,Quad,1,,,,,
1.166,Ball,1,,,,,
1.166,Shell,1,,,,,
1.166,LR,1,,,,,
1.167,PCA,0.707106781186548,,,,,
1.167,K's tau,0.856898029134533,,,,,
1.167,Winsor,1,,,,,
1.167,Quad,1,,,,,
1.167,Ball,1,,,,,
1.167,Shell,1,,,,,
1.167,LR,1,,,,,
1.168,PCA,0.707106781186548,,,,,
1.168,K's tau,0.856164383561644,,,,,
1.168,Winsor,1,,,,,
1.168,Quad,1,,,,,
1.168,Ball,1,,,,,
1.168,Shell,1,,,,,
1.168,LR,1,,,,,
1.169,PCA,0.707106781186548,,,,,
1.169,K's tau,0.855431993156544,,,,,
1.169,Winsor,1,,,,,
1.169,Quad,1,,,,,
1.169,Ball,1,,,,,
1.169,Shell,1,,,,,
1.169,LR,1,,,,,
1.17,PCA,0.707106781186548,,,,,
1.17,K's tau,0.854700854700855,,,,,
1.17,Winsor,1,,,,,
1.17,Quad,1,,,,,
1.17,Ball,1,,,,,
1.17,Shell,1,,,,,
1.17,LR,1,,,,,
1.171,PCA,0.707106781186548,,,,,
1.171,K's tau,0.85397096498719,,,,,
1.171,Winsor,1,,,,,
1.171,Quad,1,,,,,
1.171,Ball,1,,,,,
1.171,Shell,1,,,,,
1.171,LR,1,,,,,
1.172,PCA,0.707106781186548,,,,,
1.172,K's tau,0.853242320819113,,,,,
1.172,Winsor,1,,,,,
1.172,Quad,1,,,,,
1.172,Ball,1,,,,,
1.172,Shell,1,,,,,
1.172,LR,1,,,,,
1.173,PCA,0.707106781186548,,,,,
1.173,K's tau,0.852514919011083,,,,,
1.173,Winsor,1,,,,,
1.173,Quad,1,,,,,
1.173,Ball,1,,,,,
1.173,Shell,1,,,,,
1.173,LR,1,,,,,
1.174,PCA,0.707106781186548,,,,,
1.174,K's tau,0.851788756388416,,,,,
1.174,Winsor,1,,,,,
1.174,Quad,1,,,,,
1.174,Ball,1,,,,,
1.174,Shell,1,,,,,
1.174,LR,1,,,,,
1.175,PCA,0.707106781186548,,,,,
1.175,K's tau,0.851063829787234,,,,,
1.175,Winsor,1,,,,,
1.175,Quad,1,,,,,
1.175,Ball,1,,,,,
1.175,Shell,1,,,,,
1.175,LR,1,,,,,
1.176,PCA,0.707106781186548,,,,,
1.176,K's tau,0.850340136054422,,,,,
1.176,Winsor,1,,,,,
1.176,Quad,1,,,,,
1.176,Ball,1,,,,,
1.176,Shell,1,,,,,
1.176,LR,1,,,,,
1.177,PCA,0.707106781186548,,,,,
1.177,K's tau,0.849617672047579,,,,,
1.177,Winsor,1,,,,,
1.177,Quad,1,,,,,
1.177,Ball,1,,,,,
1.177,Shell,1,,,,,
1.177,LR,1,,,,,
1.178,PCA,0.707106781186548,,,,,
1.178,K's tau,0.848896434634975,,,,,
1.178,Winsor,1,,,,,
1.178,Quad,1,,,,,
1.178,Ball,1,,,,,
1.178,Shell,1,,,,,
1.178,LR,1,,,,,
1.179,PCA,0.707106781186548,,,,,
1.179,K's tau,0.848176420695505,,,,,
1.179,Winsor,1,,,,,
1.179,Quad,1,,,,,
1.179,Ball,1,,,,,
1.179,Shell,1,,,,,
1.179,LR,1,,,,,
1.18,PCA,0.707106781186548,,,,,
1.18,K's tau,0.847457627118644,,,,,
1.18,Winsor,1,,,,,
1.18,Quad,1,,,,,
1.18,Ball,1,,,,,
1.18,Shell,1,,,,,
1.18,LR,1,,,,,
1.181,PCA,0.707106781186548,,,,,
1.181,K's tau,0.846740050804403,,,,,
1.181,Winsor,1,,,,,
1.181,Quad,1,,,,,
1.181,Ball,1,,,,,
1.181,Shell,1,,,,,
1.181,LR,1,,,,,
1.182,PCA,0.707106781186548,,,,,
1.182,K's tau,0.846023688663283,,,,,
1.182,Winsor,1,,,,,
1.182,Quad,1,,,,,
1.182,Ball,1,,,,,
1.182,Shell,1,,,,,
1.182,LR,1,,,,,
1.183,PCA,0.707106781186548,,,,,
1.183,K's tau,0.84530853761623,,,,,
1.183,Winsor,1,,,,,
1.183,Quad,1,,,,,
1.183,Ball,1,,,,,
1.183,Shell,1,,,,,
1.183,LR,1,,,,,
1.184,PCA,0.707106781186548,,,,,
1.184,K's tau,0.844594594594595,,,,,
1.184,Winsor,1,,,,,
1.184,Quad,1,,,,,
1.184,Ball,1,,,,,
1.184,Shell,1,,,,,
1.184,LR,1,,,,,
1.185,PCA,0.707106781186548,,,,,
1.185,K's tau,0.843881856540084,,,,,
1.185,Winsor,1,,,,,
1.185,Quad,1,,,,,
1.185,Ball,1,,,,,
1.185,Shell,1,,,,,
1.185,LR,1,,,,,
1.186,PCA,0.707106781186548,,,,,
1.186,K's tau,0.843170320404722,,,,,
1.186,Winsor,1,,,,,
1.186,Quad,1,,,,,
1.186,Ball,1,,,,,
1.186,Shell,1,,,,,
1.186,LR,1,,,,,
1.187,PCA,0.707106781186548,,,,,
1.187,K's tau,0.8424599831508,,,,,
1.187,Winsor,1,,,,,
1.187,Quad,1,,,,,
1.187,Ball,1,,,,,
1.187,Shell,1,,,,,
1.187,LR,1,,,,,
1.188,PCA,0.707106781186548,,,,,
1.188,K's tau,0.841750841750842,,,,,
1.188,Winsor,1,,,,,
1.188,Quad,1,,,,,
1.188,Ball,1,,,,,
1.188,Shell,1,,,,,
1.188,LR,1,,,,,
1.189,PCA,0.707106781186548,,,,,
1.189,K's tau,0.841042893187553,,,,,
1.189,Winsor,1,,,,,
1.189,Quad,1,,,,,
1.189,Ball,1,,,,,
1.189,Shell,1,,,,,
1.189,LR,1,,,,,
1.19,PCA,0.707106781186548,,,,,
1.19,K's tau,0.840336134453782,,,,,
1.19,Winsor,1,,,,,
1.19,Quad,1,,,,,
1.19,Ball,1,,,,,
1.19,Shell,1,,,,,
1.19,LR,1,,,,,
1.191,PCA,0.707106781186548,,,,,
1.191,K's tau,0.839630562552477,,,,,
1.191,Winsor,1,,,,,
1.191,Quad,1,,,,,
1.191,Ball,1,,,,,
1.191,Shell,1,,,,,
1.191,LR,1,,,,,
1.192,PCA,0.707106781186548,,,,,
1.192,K's tau,0.838926174496644,,,,,
1.192,Winsor,1,,,,,
1.192,Quad,1,,,,,
1.192,Ball,1,,,,,
1.192,Shell,1,,,,,
1.192,LR,1,,,,,
1.193,PCA,0.707106781186548,,,,,
1.193,K's tau,0.838222967309304,,,,,
1.193,Winsor,1,,,,,
1.193,Quad,1,,,,,
1.193,Ball,1,,,,,
1.193,Shell,1,,,,,
1.193,LR,1,,,,,
1.194,PCA,0.707106781186548,,,,,
1.194,K's tau,0.837520938023451,,,,,
1.194,Winsor,1,,,,,
1.194,Quad,1,,,,,
1.194,Ball,1,,,,,
1.194,Shell,1,,,,,
1.194,LR,1,,,,,
1.195,PCA,0.707106781186548,,,,,
1.195,K's tau,0.836820083682008,,,,,
1.195,Winsor,1,,,,,
1.195,Quad,1,,,,,
1.195,Ball,1,,,,,
1.195,Shell,1,,,,,
1.195,LR,1,,,,,
1.196,PCA,0.707106781186548,,,,,
1.196,K's tau,0.836120401337793,,,,,
1.196,Winsor,1,,,,,
1.196,Quad,1,,,,,
1.196,Ball,1,,,,,
1.196,Shell,1,,,,,
1.196,LR,1,,,,,
1.197,PCA,0.707106781186548,,,,,
1.197,K's tau,0.835421888053467,,,,,
1.197,Winsor,1,,,,,
1.197,Quad,1,,,,,
1.197,Ball,1,,,,,
1.197,Shell,1,,,,,
1.197,LR,1,,,,,
1.198,PCA,0.707106781186548,,,,,
1.198,K's tau,0.834724540901503,,,,,
1.198,Winsor,1,,,,,
1.198,Quad,1,,,,,
1.198,Ball,1,,,,,
1.198,Shell,1,,,,,
1.198,LR,1,,,,,
1.199,PCA,0.707106781186548,,,,,
1.199,K's tau,0.834028356964137,,,,,
1.199,Winsor,1,,,,,
1.199,Quad,1,,,,,
1.199,Ball,1,,,,,
1.199,Shell,1,,,,,
1.199,LR,1,,,,,
1.2,PCA,0.707106781186548,,,,,
1.2,K's tau,0.833333333333333,,,,,
1.2,Winsor,1,,,,,
1.2,Quad,1,,,,,
1.2,Ball,1,,,,,
1.2,Shell,1,,,,,
1.2,LR,1,,,,,
1.201,PCA,0.707106781186548,,,,,
1.201,K's tau,0.832639467110741,,,,,
1.201,Winsor,1,,,,,
1.201,Quad,1,,,,,
1.201,Ball,1,,,,,
1.201,Shell,1,,,,,
1.201,LR,1,,,,,
1.202,PCA,0.707106781186548,,,,,
1.202,K's tau,0.831946755407654,,,,,
1.202,Winsor,1,,,,,
1.202,Quad,1,,,,,
1.202,Ball,1,,,,,
1.202,Shell,1,,,,,
1.202,LR,1,,,,,
1.203,PCA,0.707106781186548,,,,,
1.203,K's tau,0.831255195344971,,,,,
1.203,Winsor,1,,,,,
1.203,Quad,1,,,,,
1.203,Ball,1,,,,,
1.203,Shell,1,,,,,
1.203,LR,1,,,,,
1.204,PCA,0.707106781186548,,,,,
1.204,K's tau,0.830564784053156,,,,,
1.204,Winsor,1,,,,,
1.204,Quad,1,,,,,
1.204,Ball,1,,,,,
1.204,Shell,1,,,,,
1.204,LR,1,,,,,
1.205,PCA,0.707106781186548,,,,,
1.205,K's tau,0.829875518672199,,,,,
1.205,Winsor,1,,,,,
1.205,Quad,1,,,,,
1.205,Ball,1,,,,,
1.205,Shell,1,,,,,
1.205,LR,1,,,,,
1.206,PCA,0.707106781186548,,,,,
1.206,K's tau,0.829187396351576,,,,,
1.206,Winsor,1,,,,,
1.206,Quad,1,,,,,
1.206,Ball,1,,,,,
1.206,Shell,1,,,,,
1.206,LR,1,,,,,
1.207,PCA,0.707106781186548,,,,,
1.207,K's tau,0.828500414250207,,,,,
1.207,Winsor,1,,,,,
1.207,Quad,1,,,,,
1.207,Ball,1,,,,,
1.207,Shell,1,,,,,
1.207,LR,1,,,,,
1.208,PCA,0.707106781186548,,,,,
1.208,K's tau,0.827814569536424,,,,,
1.208,Winsor,1,,,,,
1.208,Quad,1,,,,,
1.208,Ball,1,,,,,
1.208,Shell,1,,,,,
1.208,LR,1,,,,,
1.209,PCA,0.707106781186548,,,,,
1.209,K's tau,0.827129859387924,,,,,
1.209,Winsor,1,,,,,
1.209,Quad,1,,,,,
1.209,Ball,1,,,,,
1.209,Shell,1,,,,,
1.209,LR,1,,,,,
1.21,PCA,0.707106781186548,,,,,
1.21,K's tau,0.826446280991736,,,,,
1.21,Winsor,1,,,,,
1.21,Quad,1,,,,,
1.21,Ball,1,,,,,
1.21,Shell,1,,,,,
1.21,LR,1,,,,,
1.211,PCA,0.707106781186548,,,,,
1.211,K's tau,0.825763831544178,,,,,
1.211,Winsor,1,,,,,
1.211,Quad,1,,,,,
1.211,Ball,1,,,,,
1.211,Shell,1,,,,,
1.211,LR,1,,,,,
1.212,PCA,0.707106781186548,,,,,
1.212,K's tau,0.825082508250825,,,,,
1.212,Winsor,1,,,,,
1.212,Quad,1,,,,,
1.212,Ball,1,,,,,
1.212,Shell,1,,,,,
1.212,LR,1,,,,,
1.213,PCA,0.707106781186548,,,,,
1.213,K's tau,0.824402308326463,,,,,
1.213,Winsor,1,,,,,
1.213,Quad,1,,,,,
1.213,Ball,1,,,,,
1.213,Shell,1,,,,,
1.213,LR,1,,,,,
1.214,PCA,0.707106781186548,,,,,
1.214,K's tau,0.823723228995058,,,,,
1.214,Winsor,1,,,,,
1.214,Quad,1,,,,,
1.214,Ball,1,,,,,
1.214,Shell,1,,,,,
1.214,LR,1,,,,,
1.215,PCA,0.707106781186548,,,,,
1.215,K's tau,0.823045267489712,,,,,
1.215,Winsor,1,,,,,
1.215,Quad,1,,,,,
1.215,Ball,1,,,,,
1.215,Shell,1,,,,,
1.215,LR,1,,,,,
1.216,PCA,0.707106781186548,,,,,
1.216,K's tau,0.822368421052632,,,,,
1.216,Winsor,1,,,,,
1.216,Quad,1,,,,,
1.216,Ball,1,,,,,
1.216,Shell,1,,,,,
1.216,LR,1,,,,,
1.217,PCA,0.707106781186548,,,,,
1.217,K's tau,0.821692686935086,,,,,
1.217,Winsor,1,,,,,
1.217,Quad,1,,,,,
1.217,Ball,1,,,,,
1.217,Shell,1,,,,,
1.217,LR,1,,,,,
1.218,PCA,0.707106781186548,,,,,
1.218,K's tau,0.821018062397373,,,,,
1.218,Winsor,1,,,,,
1.218,Quad,1,,,,,
1.218,Ball,1,,,,,
1.218,Shell,1,,,,,
1.218,LR,1,,,,,
1.219,PCA,0.707106781186548,,,,,
1.219,K's tau,0.820344544708778,,,,,
1.219,Winsor,1,,,,,
1.219,Quad,1,,,,,
1.219,Ball,1,,,,,
1.219,Shell,1,,,,,
1.219,LR,1,,,,,
1.22,PCA,0.707106781186548,,,,,
1.22,K's tau,0.819672131147541,,,,,
1.22,Winsor,1,,,,,
1.22,Quad,1,,,,,
1.22,Ball,1,,,,,
1.22,Shell,1,,,,,
1.22,LR,1,,,,,
1.221,PCA,0.707106781186548,,,,,
1.221,K's tau,0.819000819000819,,,,,
1.221,Winsor,1,,,,,
1.221,Quad,1,,,,,
1.221,Ball,1,,,,,
1.221,Shell,1,,,,,
1.221,LR,1,,,,,
1.222,PCA,0.707106781186548,,,,,
1.222,K's tau,0.818330605564648,,,,,
1.222,Winsor,1,,,,,
1.222,Quad,1,,,,,
1.222,Ball,1,,,,,
1.222,Shell,1,,,,,
1.222,LR,1,,,,,
1.223,PCA,0.707106781186548,,,,,
1.223,K's tau,0.817661488143908,,,,,
1.223,Winsor,1,,,,,
1.223,Quad,1,,,,,
1.223,Ball,1,,,,,
1.223,Shell,1,,,,,
1.223,LR,1,,,,,
1.224,PCA,0.707106781186548,,,,,
1.224,K's tau,0.816993464052288,,,,,
1.224,Winsor,1,,,,,
1.224,Quad,1,,,,,
1.224,Ball,1,,,,,
1.224,Shell,1,,,,,
1.224,LR,1,,,,,
1.225,PCA,0.707106781186548,,,,,
1.225,K's tau,0.816326530612245,,,,,
1.225,Winsor,1,,,,,
1.225,Quad,1,,,,,
1.225,Ball,1,,,,,
1.225,Shell,1,,,,,
1.225,LR,1,,,,,
1.226,PCA,0.707106781186548,,,,,
1.226,K's tau,0.815660685154976,,,,,
1.226,Winsor,1,,,,,
1.226,Quad,1,,,,,
1.226,Ball,1,,,,,
1.226,Shell,1,,,,,
1.226,LR,1,,,,,
1.227,PCA,0.707106781186548,,,,,
1.227,K's tau,0.814995925020375,,,,,
1.227,Winsor,1,,,,,
1.227,Quad,1,,,,,
1.227,Ball,1,,,,,
1.227,Shell,1,,,,,
1.227,LR,1,,,,,
1.228,PCA,0.707106781186548,,,,,
1.228,K's tau,0.814332247557003,,,,,
1.228,Winsor,1,,,,,
1.228,Quad,1,,,,,
1.228,Ball,1,,,,,
1.228,Shell,1,,,,,
1.228,LR,1,,,,,
1.229,PCA,0.707106781186548,,,,,
1.229,K's tau,0.81366965012205,,,,,
1.229,Winsor,1,,,,,
1.229,Quad,1,,,,,
1.229,Ball,1,,,,,
1.229,Shell,1,,,,,
1.229,LR,1,,,,,
1.23,PCA,0.707106781186548,,,,,
1.23,K's tau,0.813008130081301,,,,,
1.23,Winsor,1,,,,,
1.23,Quad,1,,,,,
1.23,Ball,1,,,,,
1.23,Shell,1,,,,,
1.23,LR,1,,,,,
1.231,PCA,0.707106781186548,,,,,
1.231,K's tau,0.812347684809098,,,,,
1.231,Winsor,1,,,,,
1.231,Quad,1,,,,,
1.231,Ball,1,,,,,
1.231,Shell,1,,,,,
1.231,LR,1,,,,,
1.232,PCA,0.707106781186548,,,,,
1.232,K's tau,0.811688311688312,,,,,
1.232,Winsor,1,,,,,
1.232,Quad,1,,,,,
1.232,Ball,1,,,,,
1.232,Shell,1,,,,,
1.232,LR,1,,,,,
1.233,PCA,0.707106781186548,,,,,
1.233,K's tau,0.8110300081103,,,,,
1.233,Winsor,1,,,,,
1.233,Quad,1,,,,,
1.233,Ball,1,,,,,
1.233,Shell,1,,,,,
1.233,LR,1,,,,,
1.234,PCA,0.707106781186548,,,,,
1.234,K's tau,0.810372771474878,,,,,
1.234,Winsor,1,,,,,
1.234,Quad,1,,,,,
1.234,Ball,1,,,,,
1.234,Shell,1,,,,,
1.234,LR,1,,,,,
1.235,PCA,0.707106781186548,,,,,
1.235,K's tau,0.809716599190283,,,,,
1.235,Winsor,1,,,,,
1.235,Quad,1,,,,,
1.235,Ball,1,,,,,
1.235,Shell,1,,,,,
1.235,LR,1,,,,,
1.236,PCA,0.707106781186548,,,,,
1.236,K's tau,0.809061488673139,,,,,
1.236,Winsor,1,,,,,
1.236,Quad,1,,,,,
1.236,Ball,1,,,,,
1.236,Shell,1,,,,,
1.236,LR,1,,,,,
1.237,PCA,0.707106781186548,,,,,
1.237,K's tau,0.808407437348424,,,,,
1.237,Winsor,1,,,,,
1.237,Quad,1,,,,,
1.237,Ball,1,,,,,
1.237,Shell,1,,,,,
1.237,LR,1,,,,,
1.238,PCA,0.707106781186548,,,,,
1.238,K's tau,0.807754442649435,,,,,
1.238,Winsor,1,,,,,
1.238,Quad,1,,,,,
1.238,Ball,1,,,,,
1.238,Shell,1,,,,,
1.238,LR,1,,,,,
1.239,PCA,0.707106781186548,,,,,
1.239,K's tau,0.807102502017756,,,,,
1.239,Winsor,1,,,,,
1.239,Quad,1,,,,,
1.239,Ball,1,,,,,
1.239,Shell,1,,,,,
1.239,LR,1,,,,,
1.24,PCA,0.707106781186548,,,,,
1.24,K's tau,0.806451612903226,,,,,
1.24,Winsor,1,,,,,
1.24,Quad,1,,,,,
1.24,Ball,1,,,,,
1.24,Shell,1,,,,,
1.24,LR,1,,,,,
1.241,PCA,0.707106781186548,,,,,
1.241,K's tau,0.8058017727639,,,,,
1.241,Winsor,1,,,,,
1.241,Quad,1,,,,,
1.241,Ball,1,,,,,
1.241,Shell,1,,,,,
1.241,LR,1,,,,,
1.242,PCA,0.707106781186548,,,,,
1.242,K's tau,0.805152979066023,,,,,
1.242,Winsor,1,,,,,
1.242,Quad,1,,,,,
1.242,Ball,1,,,,,
1.242,Shell,1,,,,,
1.242,LR,1,,,,,
1.243,PCA,0.707106781186548,,,,,
1.243,K's tau,0.80450522928399,,,,,
1.243,Winsor,1,,,,,
1.243,Quad,1,,,,,
1.243,Ball,1,,,,,
1.243,Shell,1,,,,,
1.243,LR,1,,,,,
1.244,PCA,0.707106781186548,,,,,
1.244,K's tau,0.803858520900322,,,,,
1.244,Winsor,1,,,,,
1.244,Quad,1,,,,,
1.244,Ball,1,,,,,
1.244,Shell,1,,,,,
1.244,LR,1,,,,,
1.245,PCA,0.707106781186548,,,,,
1.245,K's tau,0.803212851405622,,,,,
1.245,Winsor,1,,,,,
1.245,Quad,1,,,,,
1.245,Ball,1,,,,,
1.245,Shell,1,,,,,
1.245,LR,1,,,,,
1.246,PCA,0.707106781186548,,,,,
1.246,K's tau,0.802568218298555,,,,,
1.246,Winsor,1,,,,,
1.246,Quad,1,,,,,
1.246,Ball,1,,,,,
1.246,Shell,1,,,,,
1.246,LR,1,,,,,
1.247,PCA,0.707106781186548,,,,,
1.247,K's tau,0.801924619085806,,,,,
1.247,Winsor,1,,,,,
1.247,Quad,1,,,,,
1.247,Ball,1,,,,,
1.247,Shell,1,,,,,
1.247,LR,1,,,,,
1.248,PCA,0.707106781186548,,,,,
1.248,K's tau,0.801282051282051,,,,,
1.248,Winsor,1,,,,,
1.248,Quad,1,,,,,
1.248,Ball,1,,,,,
1.248,Shell,1,,,,,
1.248,LR,1,,,,,
1.249,PCA,0.707106781186548,,,,,
1.249,K's tau,0.800640512409928,,,,,
1.249,Winsor,1,,,,,
1.249,Quad,1,,,,,
1.249,Ball,1,,,,,
1.249,Shell,1,,,,,
1.249,LR,1,,,,,
1.25,PCA,0.707106781186548,,,,,
1.25,K's tau,0.8,,,,,
1.25,Winsor,1,,,,,
1.25,Quad,1,,,,,
1.25,Ball,1,,,,,
1.25,Shell,1,,,,,
1.25,LR,1,,,,,
1.251,PCA,0.707106781186548,,,,,
1.251,K's tau,0.799360511590727,,,,,
1.251,Winsor,1,,,,,
1.251,Quad,1,,,,,
1.251,Ball,1,,,,,
1.251,Shell,1,,,,,
1.251,LR,1,,,,,
1.252,PCA,0.707106781186548,,,,,
1.252,K's tau,0.798722044728435,,,,,
1.252,Winsor,1,,,,,
1.252,Quad,1,,,,,
1.252,Ball,1,,,,,
1.252,Shell,1,,,,,
1.252,LR,1,,,,,
1.253,PCA,0.707106781186548,,,,,
1.253,K's tau,0.798084596967279,,,,,
1.253,Winsor,1,,,,,
1.253,Quad,1,,,,,
1.253,Ball,1,,,,,
1.253,Shell,1,,,,,
1.253,LR,1,,,,,
1.254,PCA,0.707106781186548,,,,,
1.254,K's tau,0.797448165869219,,,,,
1.254,Winsor,1,,,,,
1.254,Quad,1,,,,,
1.254,Ball,1,,,,,
1.254,Shell,1,,,,,
1.254,LR,1,,,,,
1.255,PCA,0.707106781186548,,,,,
1.255,K's tau,0.796812749003984,,,,,
1.255,Winsor,1,,,,,
1.255,Quad,1,,,,,
1.255,Ball,1,,,,,
1.255,Shell,1,,,,,
1.255,LR,1,,,,,
1.256,PCA,0.707106781186548,,,,,
1.256,K's tau,0.796178343949045,,,,,
1.256,Winsor,1,,,,,
1.256,Quad,1,,,,,
1.256,Ball,1,,,,,
1.256,Shell,1,,,,,
1.256,LR,1,,,,,
1.257,PCA,0.707106781186548,,,,,
1.257,K's tau,0.795544948289578,,,,,
1.257,Winsor,1,,,,,
1.257,Quad,1,,,,,
1.257,Ball,1,,,,,
1.257,Shell,1,,,,,
1.257,LR,1,,,,,
1.258,PCA,0.707106781186548,,,,,
1.258,K's tau,0.794912559618442,,,,,
1.258,Winsor,1,,,,,
1.258,Quad,1,,,,,
1.258,Ball,1,,,,,
1.258,Shell,1,,,,,
1.258,LR,1,,,,,
1.259,PCA,0.707106781186548,,,,,
1.259,K's tau,0.79428117553614,,,,,
1.259,Winsor,1,,,,,
1.259,Quad,1,,,,,
1.259,Ball,1,,,,,
1.259,Shell,1,,,,,
1.259,LR,1,,,,,
1.26,PCA,0.707106781186548,,,,,
1.26,K's tau,0.793650793650794,,,,,
1.26,Winsor,1,,,,,
1.26,Quad,1,,,,,
1.26,Ball,1,,,,,
1.26,Shell,1,,,,,
1.26,LR,1,,,,,
1.261,PCA,0.707106781186548,,,,,
1.261,K's tau,0.793021411578113,,,,,
1.261,Winsor,1,,,,,
1.261,Quad,1,,,,,
1.261,Ball,1,,,,,
1.261,Shell,1,,,,,
1.261,LR,1,,,,,
1.262,PCA,0.707106781186548,,,,,
1.262,K's tau,0.792393026941363,,,,,
1.262,Winsor,1,,,,,
1.262,Quad,1,,,,,
1.262,Ball,1,,,,,
1.262,Shell,1,,,,,
1.262,LR,1,,,,,
1.263,PCA,0.707106781186548,,,,,
1.263,K's tau,0.791765637371338,,,,,
1.263,Winsor,1,,,,,
1.263,Quad,1,,,,,
1.263,Ball,1,,,,,
1.263,Shell,1,,,,,
1.263,LR,1,,,,,
1.264,PCA,0.707106781186548,,,,,
1.264,K's tau,0.791139240506329,,,,,
1.264,Winsor,1,,,,,
1.264,Quad,1,,,,,
1.264,Ball,1,,,,,
1.264,Shell,1,,,,,
1.264,LR,1,,,,,
1.265,PCA,0.707106781186548,,,,,
1.265,K's tau,0.790513833992095,,,,,
1.265,Winsor,1,,,,,
1.265,Quad,1,,,,,
1.265,Ball,1,,,,,
1.265,Shell,1,,,,,
1.265,LR,1,,,,,
1.266,PCA,0.707106781186548,,,,,
1.266,K's tau,0.789889415481833,,,,,
1.266,Winsor,1,,,,,
1.266,Quad,1,,,,,
1.266,Ball,1,,,,,
1.266,Shell,1,,,,,
1.266,LR,1,,,,,
1.267,PCA,0.707106781186548,,,,,
1.267,K's tau,0.789265982636148,,,,,
1.267,Winsor,1,,,,,
1.267,Quad,1,,,,,
1.267,Ball,1,,,,,
1.267,Shell,1,,,,,
1.267,LR,1,,,,,
1.268,PCA,0.707106781186548,,,,,
1.268,K's tau,0.788643533123028,,,,,
1.268,Winsor,1,,,,,
1.268,Quad,1,,,,,
1.268,Ball,1,,,,,
1.268,Shell,1,,,,,
1.268,LR,1,,,,,
1.269,PCA,0.707106781186548,,,,,
1.269,K's tau,0.788022064617809,,,,,
1.269,Winsor,1,,,,,
1.269,Quad,1,,,,,
1.269,Ball,1,,,,,
1.269,Shell,1,,,,,
1.269,LR,1,,,,,
1.27,PCA,0.707106781186548,,,,,
1.27,K's tau,0.78740157480315,,,,,
1.27,Winsor,1,,,,,
1.27,Quad,1,,,,,
1.27,Ball,1,,,,,
1.27,Shell,1,,,,,
1.27,LR,1,,,,,
1.271,PCA,0.707106781186548,,,,,
1.271,K's tau,0.786782061369001,,,,,
1.271,Winsor,1,,,,,
1.271,Quad,1,,,,,
1.271,Ball,1,,,,,
1.271,Shell,1,,,,,
1.271,LR,1,,,,,
1.272,PCA,0.707106781186548,,,,,
1.272,K's tau,0.786163522012579,,,,,
1.272,Winsor,1,,,,,
1.272,Quad,1,,,,,
1.272,Ball,1,,,,,
1.272,Shell,1,,,,,
1.272,LR,1,,,,,
1.273,PCA,0.707106781186548,,,,,
1.273,K's tau,0.785545954438335,,,,,
1.273,Winsor,1,,,,,
1.273,Quad,1,,,,,
1.273,Ball,1,,,,,
1.273,Shell,1,,,,,
1.273,LR,1,,,,,
1.274,PCA,0.707106781186548,,,,,
1.274,K's tau,0.784929356357928,,,,,
1.274,Winsor,1,,,,,
1.274,Quad,1,,,,,
1.274,Ball,1,,,,,
1.274,Shell,1,,,,,
1.274,LR,1,,,,,
1.275,PCA,0.707106781186548,,,,,
1.275,K's tau,0.784313725490196,,,,,
1.275,Winsor,1,,,,,
1.275,Quad,1,,,,,
1.275,Ball,1,,,,,
1.275,Shell,1,,,,,
1.275,LR,1,,,,,
1.276,PCA,0.707106781186548,,,,,
1.276,K's tau,0.783699059561129,,,,,
1.276,Winsor,1,,,,,
1.276,Quad,1,,,,,
1.276,Ball,1,,,,,
1.276,Shell,1,,,,,
1.276,LR,1,,,,,
1.277,PCA,0.707106781186548,,,,,
1.277,K's tau,0.783085356303837,,,,,
1.277,Winsor,1,,,,,
1.277,Quad,1,,,,,
1.277,Ball,1,,,,,
1.277,Shell,1,,,,,
1.277,LR,1,,,,,
1.278,PCA,0.707106781186548,,,,,
1.278,K's tau,0.782472613458529,,,,,
1.278,Winsor,1,,,,,
1.278,Quad,1,,,,,
1.278,Ball,1,,,,,
1.278,Shell,1,,,,,
1.278,LR,1,,,,,
1.279,PCA,0.707106781186548,,,,,
1.279,K's tau,0.781860828772478,,,,,
1.279,Winsor,1,,,,,
1.279,Quad,1,,,,,
1.279,Ball,1,,,,,
1.279,Shell,1,,,,,
1.279,LR,1,,,,,
1.28,PCA,0.707106781186548,,,,,
1.28,K's tau,0.78125,,,,,
1.28,Winsor,1,,,,,
1.28,Quad,1,,,,,
1.28,Ball,1,,,,,
1.28,Shell,1,,,,,
1.28,LR,1,,,,,
1.281,PCA,0.707106781186548,,,,,
1.281,K's tau,0.78064012490242,,,,,
1.281,Winsor,1,,,,,
1.281,Quad,1,,,,,
1.281,Ball,1,,,,,
1.281,Shell,1,,,,,
1.281,LR,1,,,,,
1.282,PCA,0.707106781186548,,,,,
1.282,K's tau,0.78003120124805,,,,,
1.282,Winsor,1,,,,,
1.282,Quad,1,,,,,
1.282,Ball,1,,,,,
1.282,Shell,1,,,,,
1.282,LR,1,,,,,
1.283,PCA,0.707106781186548,,,,,
1.283,K's tau,0.779423226812159,,,,,
1.283,Winsor,1,,,,,
1.283,Quad,1,,,,,
1.283,Ball,1,,,,,
1.283,Shell,1,,,,,
1.283,LR,1,,,,,
1.284,PCA,0.707106781186548,,,,,
1.284,K's tau,0.778816199376947,,,,,
1.284,Winsor,1,,,,,
1.284,Quad,1,,,,,
1.284,Ball,1,,,,,
1.284,Shell,1,,,,,
1.284,LR,1,,,,,
1.285,PCA,0.707106781186548,,,,,
1.285,K's tau,0.778210116731517,,,,,
1.285,Winsor,1,,,,,
1.285,Quad,1,,,,,
1.285,Ball,1,,,,,
1.285,Shell,1,,,,,
1.285,LR,1,,,,,
1.286,PCA,0.707106781186548,,,,,
1.286,K's tau,0.777604976671851,,,,,
1.286,Winsor,1,,,,,
1.286,Quad,1,,,,,
1.286,Ball,1,,,,,
1.286,Shell,1,,,,,
1.286,LR,1,,,,,
1.287,PCA,0.707106781186548,,,,,
1.287,K's tau,0.777000777000777,,,,,
1.287,Winsor,1,,,,,
1.287,Quad,1,,,,,
1.287,Ball,1,,,,,
1.287,Shell,1,,,,,
1.287,LR,1,,,,,
1.288,PCA,0.707106781186548,,,,,
1.288,K's tau,0.77639751552795,,,,,
1.288,Winsor,1,,,,,
1.288,Quad,1,,,,,
1.288,Ball,1,,,,,
1.288,Shell,1,,,,,
1.288,LR,1,,,,,
1.289,PCA,0.707106781186548,,,,,
1.289,K's tau,0.775795190069822,,,,,
1.289,Winsor,1,,,,,
1.289,Quad,1,,,,,
1.289,Ball,1,,,,,
1.289,Shell,1,,,,,
1.289,LR,1,,,,,
1.29,PCA,0.707106781186548,,,,,
1.29,K's tau,0.775193798449612,,,,,
1.29,Winsor,1,,,,,
1.29,Quad,1,,,,,
1.29,Ball,1,,,,,
1.29,Shell,1,,,,,
1.29,LR,1,,,,,
1.291,PCA,0.707106781186548,,,,,
1.291,K's tau,0.774593338497289,,,,,
1.291,Winsor,1,,,,,
1.291,Quad,1,,,,,
1.291,Ball,1,,,,,
1.291,Shell,1,,,,,
1.291,LR,1,,,,,
1.292,PCA,0.707106781186548,,,,,
1.292,K's tau,0.773993808049536,,,,,
1.292,Winsor,1,,,,,
1.292,Quad,1,,,,,
1.292,Ball,1,,,,,
1.292,Shell,1,,,,,
1.292,LR,1,,,,,
1.293,PCA,0.707106781186548,,,,,
1.293,K's tau,0.773395204949729,,,,,
1.293,Winsor,1,,,,,
1.293,Quad,1,,,,,
1.293,Ball,1,,,,,
1.293,Shell,1,,,,,
1.293,LR,1,,,,,
1.294,PCA,0.707106781186548,,,,,
1.294,K's tau,0.772797527047913,,,,,
1.294,Winsor,1,,,,,
1.294,Quad,1,,,,,
1.294,Ball,1,,,,,
1.294,Shell,1,,,,,
1.294,LR,1,,,,,
1.295,PCA,0.707106781186548,,,,,
1.295,K's tau,0.772200772200772,,,,,
1.295,Winsor,1,,,,,
1.295,Quad,1,,,,,
1.295,Ball,1,,,,,
1.295,Shell,1,,,,,
1.295,LR,1,,,,,
1.296,PCA,0.707106781186548,,,,,
1.296,K's tau,0.771604938271605,,,,,
1.296,Winsor,1,,,,,
1.296,Quad,1,,,,,
1.296,Ball,1,,,,,
1.296,Shell,1,,,,,
1.296,LR,1,,,,,
1.297,PCA,0.707106781186548,,,,,
1.297,K's tau,0.771010023130301,,,,,
1.297,Winsor,1,,,,,
1.297,Quad,1,,,,,
1.297,Ball,1,,,,,
1.297,Shell,1,,,,,
1.297,LR,1,,,,,
1.298,PCA,0.707106781186548,,,,,
1.298,K's tau,0.770416024653313,,,,,
1.298,Winsor,1,,,,,
1.298,Quad,1,,,,,
1.298,Ball,1,,,,,
1.298,Shell,1,,,,,
1.298,LR,1,,,,,
1.299,PCA,0.707106781186548,,,,,
1.299,K's tau,0.769822940723634,,,,,
1.299,Winsor,1,,,,,
1.299,Quad,1,,,,,
1.299,Ball,1,,,,,
1.299,Shell,1,,,,,
1.299,LR,1,,,,,
1.3,PCA,0.707106781186548,,,,,
1.3,K's tau,0.769230769230769,,,,,
1.3,Winsor,1,,,,,
1.3,Quad,1,,,,,
1.3,Ball,1,,,,,
1.3,Shell,1,,,,,
1.3,LR,1,,,,,
1.301,PCA,0.707106781186548,,,,,
1.301,K's tau,0.768639508070715,,,,,
1.301,Winsor,1,,,,,
1.301,Quad,1,,,,,
1.301,Ball,1,,,,,
1.301,Shell,1,,,,,
1.301,LR,1,,,,,
1.302,PCA,0.707106781186548,,,,,
1.302,K's tau,0.768049155145929,,,,,
1.302,Winsor,1,,,,,
1.302,Quad,1,,,,,
1.302,Ball,1,,,,,
1.302,Shell,1,,,,,
1.302,LR,1,,,,,
1.303,PCA,0.707106781186548,,,,,
1.303,K's tau,0.767459708365311,,,,,
1.303,Winsor,1,,,,,
1.303,Quad,1,,,,,
1.303,Ball,1,,,,,
1.303,Shell,1,,,,,
1.303,LR,1,,,,,
1.304,PCA,0.707106781186548,,,,,
1.304,K's tau,0.766871165644172,,,,,
1.304,Winsor,1,,,,,
1.304,Quad,1,,,,,
1.304,Ball,1,,,,,
1.304,Shell,1,,,,,
1.304,LR,1,,,,,
1.305,PCA,0.707106781186548,,,,,
1.305,K's tau,0.766283524904215,,,,,
1.305,Winsor,1,,,,,
1.305,Quad,1,,,,,
1.305,Ball,1,,,,,
1.305,Shell,1,,,,,
1.305,LR,1,,,,,
1.306,PCA,0.707106781186548,,,,,
1.306,K's tau,0.765696784073507,,,,,
1.306,Winsor,1,,,,,
1.306,Quad,1,,,,,
1.306,Ball,1,,,,,
1.306,Shell,1,,,,,
1.306,LR,1,,,,,
1.307,PCA,0.707106781186548,,,,,
1.307,K's tau,0.765110941086458,,,,,
1.307,Winsor,1,,,,,
1.307,Quad,1,,,,,
1.307,Ball,1,,,,,
1.307,Shell,1,,,,,
1.307,LR,1,,,,,
1.308,PCA,0.707106781186548,,,,,
1.308,K's tau,0.764525993883792,,,,,
1.308,Winsor,1,,,,,
1.308,Quad,1,,,,,
1.308,Ball,1,,,,,
1.308,Shell,1,,,,,
1.308,LR,1,,,,,
1.309,PCA,0.707106781186548,,,,,
1.309,K's tau,0.763941940412529,,,,,
1.309,Winsor,1,,,,,
1.309,Quad,1,,,,,
1.309,Ball,1,,,,,
1.309,Shell,1,,,,,
1.309,LR,1,,,,,
1.31,PCA,0.707106781186548,,,,,
1.31,K's tau,0.763358778625954,,,,,
1.31,Winsor,1,,,,,
1.31,Quad,1,,,,,
1.31,Ball,1,,,,,
1.31,Shell,1,,,,,
1.31,LR,1,,,,,
1.311,PCA,0.707106781186548,,,,,
1.311,K's tau,0.7627765064836,,,,,
1.311,Winsor,1,,,,,
1.311,Quad,1,,,,,
1.311,Ball,1,,,,,
1.311,Shell,1,,,,,
1.311,LR,1,,,,,
1.312,PCA,0.707106781186548,,,,,
1.312,K's tau,0.76219512195122,,,,,
1.312,Winsor,1,,,,,
1.312,Quad,1,,,,,
1.312,Ball,1,,,,,
1.312,Shell,1,,,,,
1.312,LR,1,,,,,
1.313,PCA,0.707106781186548,,,,,
1.313,K's tau,0.761614623000762,,,,,
1.313,Winsor,1,,,,,
1.313,Quad,1,,,,,
1.313,Ball,1,,,,,
1.313,Shell,1,,,,,
1.313,LR,1,,,,,
1.314,PCA,0.707106781186548,,,,,
1.314,K's tau,0.76103500761035,,,,,
1.314,Winsor,1,,,,,
1.314,Quad,1,,,,,
1.314,Ball,1,,,,,
1.314,Shell,1,,,,,
1.314,LR,1,,,,,
1.315,PCA,0.707106781186548,,,,,
1.315,K's tau,0.760456273764259,,,,,
1.315,Winsor,1,,,,,
1.315,Quad,1,,,,,
1.315,Ball,1,,,,,
1.315,Shell,1,,,,,
1.315,LR,1,,,,,
1.316,PCA,0.707106781186548,,,,,
1.316,K's tau,0.759878419452888,,,,,
1.316,Winsor,1,,,,,
1.316,Quad,1,,,,,
1.316,Ball,1,,,,,
1.316,Shell,1,,,,,
1.316,LR,1,,,,,
1.317,PCA,0.707106781186548,,,,,
1.317,K's tau,0.759301442672741,,,,,
1.317,Winsor,1,,,,,
1.317,Quad,1,,,,,
1.317,Ball,1,,,,,
1.317,Shell,1,,,,,
1.317,LR,1,,,,,
1.318,PCA,0.707106781186548,,,,,
1.318,K's tau,0.758725341426404,,,,,
1.318,Winsor,1,,,,,
1.318,Quad,1,,,,,
1.318,Ball,1,,,,,
1.318,Shell,1,,,,,
1.318,LR,1,,,,,
1.319,PCA,0.707106781186548,,,,,
1.319,K's tau,0.758150113722517,,,,,
1.319,Winsor,1,,,,,
1.319,Quad,1,,,,,
1.319,Ball,1,,,,,
1.319,Shell,1,,,,,
1.319,LR,1,,,,,
1.32,PCA,0.707106781186548,,,,,
1.32,K's tau,0.757575757575758,,,,,
1.32,Winsor,1,,,,,
1.32,Quad,1,,,,,
1.32,Ball,1,,,,,
1.32,Shell,1,,,,,
1.32,LR,1,,,,,
1.321,PCA,0.707106781186548,,,,,
1.321,K's tau,0.757002271006813,,,,,
1.321,Winsor,1,,,,,
1.321,Quad,1,,,,,
1.321,Ball,1,,,,,
1.321,Shell,1,,,,,
1.321,LR,1,,,,,
1.322,PCA,0.707106781186548,,,,,
1.322,K's tau,0.75642965204236,,,,,
1.322,Winsor,1,,,,,
1.322,Quad,1,,,,,
1.322,Ball,1,,,,,
1.322,Shell,1,,,,,
1.322,LR,1,,,,,
1.323,PCA,0.707106781186548,,,,,
1.323,K's tau,0.755857898715042,,,,,
1.323,Winsor,1,,,,,
1.323,Quad,1,,,,,
1.323,Ball,1,,,,,
1.323,Shell,1,,,,,
1.323,LR,1,,,,,
1.324,PCA,0.707106781186548,,,,,
1.324,K's tau,0.755287009063444,,,,,
1.324,Winsor,1,,,,,
1.324,Quad,1,,,,,
1.324,Ball,1,,,,,
1.324,Shell,1,,,,,
1.324,LR,1,,,,,
1.325,PCA,0.707106781186548,,,,,
1.325,K's tau,0.754716981132076,,,,,
1.325,Winsor,1,,,,,
1.325,Quad,1,,,,,
1.325,Ball,1,,,,,
1.325,Shell,1,,,,,
1.325,LR,1,,,,,
1.326,PCA,0.707106781186548,,,,,
1.326,K's tau,0.754147812971342,,,,,
1.326,Winsor,1,,,,,
1.326,Quad,1,,,,,
1.326,Ball,1,,,,,
1.326,Shell,1,,,,,
1.326,LR,1,,,,,
1.327,PCA,0.707106781186548,,,,,
1.327,K's tau,0.753579502637528,,,,,
1.327,Winsor,1,,,,,
1.327,Quad,1,,,,,
1.327,Ball,1,,,,,
1.327,Shell,1,,,,,
1.327,LR,1,,,,,
1.328,PCA,0.707106781186548,,,,,
1.328,K's tau,0.753012048192771,,,,,
1.328,Winsor,1,,,,,
1.328,Quad,1,,,,,
1.328,Ball,1,,,,,
1.328,Shell,1,,,,,
1.328,LR,1,,,,,
1.329,PCA,0.707106781186548,,,,,
1.329,K's tau,0.752445447705041,,,,,
1.329,Winsor,1,,,,,
1.329,Quad,1,,,,,
1.329,Ball,1,,,,,
1.329,Shell,1,,,,,
1.329,LR,1,,,,,
1.33,PCA,0.707106781186548,,,,,
1.33,K's tau,0.75187969924812,,,,,
1.33,Winsor,1,,,,,
1.33,Quad,1,,,,,
1.33,Ball,1,,,,,
1.33,Shell,1,,,,,
1.33,LR,1,,,,,
1.331,PCA,0.707106781186548,,,,,
1.331,K's tau,0.751314800901578,,,,,
1.331,Winsor,1,,,,,
1.331,Quad,1,,,,,
1.331,Ball,1,,,,,
1.331,Shell,1,,,,,
1.331,LR,1,,,,,
1.332,PCA,0.707106781186548,,,,,
1.332,K's tau,0.750750750750751,,,,,
1.332,Winsor,1,,,,,
1.332,Quad,1,,,,,
1.332,Ball,1,,,,,
1.332,Shell,1,,,,,
1.332,LR,1,,,,,
1.333,PCA,0.707106781186548,,,,,
1.333,K's tau,0.750187546886722,,,,,
1.333,Winsor,1,,,,,
1.333,Quad,1,,,,,
1.333,Ball,1,,,,,
1.333,Shell,1,,,,,
1.333,LR,1,,,,,
1.334,PCA,0.707106781186548,,,,,
1.334,K's tau,0.749625187406297,,,,,
1.334,Winsor,1,,,,,
1.334,Quad,1,,,,,
1.334,Ball,1,,,,,
1.334,Shell,1,,,,,
1.334,LR,1,,,,,
1.335,PCA,0.707106781186548,,,,,
1.335,K's tau,0.749063670411985,,,,,
1.335,Winsor,1,,,,,
1.335,Quad,1,,,,,
1.335,Ball,1,,,,,
1.335,Shell,1,,,,,
1.335,LR,1,,,,,
1.336,PCA,0.707106781186548,,,,,
1.336,K's tau,0.748502994011976,,,,,
1.336,Winsor,1,,,,,
1.336,Quad,1,,,,,
1.336,Ball,1,,,,,
1.336,Shell,1,,,,,
1.336,LR,1,,,,,
1.337,PCA,0.707106781186548,,,,,
1.337,K's tau,0.74794315632012,,,,,
1.337,Winsor,1,,,,,
1.337,Quad,1,,,,,
1.337,Ball,1,,,,,
1.337,Shell,1,,,,,
1.337,LR,1,,,,,
1.338,PCA,0.707106781186548,,,,,
1.338,K's tau,0.747384155455904,,,,,
1.338,Winsor,1,,,,,
1.338,Quad,1,,,,,
1.338,Ball,1,,,,,
1.338,Shell,1,,,,,
1.338,LR,1,,,,,
1.339,PCA,0.707106781186548,,,,,
1.339,K's tau,0.746825989544436,,,,,
1.339,Winsor,1,,,,,
1.339,Quad,1,,,,,
1.339,Ball,1,,,,,
1.339,Shell,1,,,,,
1.339,LR,1,,,,,
1.34,PCA,0.707106781186548,,,,,
1.34,K's tau,0.746268656716418,,,,,
1.34,Winsor,1,,,,,
1.34,Quad,1,,,,,
1.34,Ball,1,,,,,
1.34,Shell,1,,,,,
1.34,LR,1,,,,,
1.341,PCA,0.707106781186548,,,,,
1.341,K's tau,0.745712155108128,,,,,
1.341,Winsor,1,,,,,
1.341,Quad,1,,,,,
1.341,Ball,1,,,,,
1.341,Shell,1,,,,,
1.341,LR,1,,,,,
1.342,PCA,0.707106781186548,,,,,
1.342,K's tau,0.745156482861401,,,,,
1.342,Winsor,1,,,,,
1.342,Quad,1,,,,,
1.342,Ball,1,,,,,
1.342,Shell,1,,,,,
1.342,LR,1,,,,,
1.343,PCA,0.707106781186548,,,,,
1.343,K's tau,0.744601638123604,,,,,
1.343,Winsor,1,,,,,
1.343,Quad,1,,,,,
1.343,Ball,1,,,,,
1.343,Shell,1,,,,,
1.343,LR,1,,,,,
1.344,PCA,0.707106781186548,,,,,
1.344,K's tau,0.744047619047619,,,,,
1.344,Winsor,1,,,,,
1.344,Quad,1,,,,,
1.344,Ball,1,,,,,
1.344,Shell,1,,,,,
1.344,LR,1,,,,,
1.345,PCA,0.707106781186548,,,,,
1.345,K's tau,0.743494423791822,,,,,
1.345,Winsor,1,,,,,
1.345,Quad,1,,,,,
1.345,Ball,1,,,,,
1.345,Shell,1,,,,,
1.345,LR,1,,,,,
1.346,PCA,0.707106781186548,,,,,
1.346,K's tau,0.742942050520059,,,,,
1.346,Winsor,1,,,,,
1.346,Quad,1,,,,,
1.346,Ball,1,,,,,
1.346,Shell,1,,,,,
1.346,LR,1,,,,,
1.347,PCA,0.707106781186548,,,,,
1.347,K's tau,0.742390497401633,,,,,
1.347,Winsor,1,,,,,
1.347,Quad,1,,,,,
1.347,Ball,1,,,,,
1.347,Shell,1,,,,,
1.347,LR,1,,,,,
1.348,PCA,0.707106781186548,,,,,
1.348,K's tau,0.741839762611276,,,,,
1.348,Winsor,1,,,,,
1.348,Quad,1,,,,,
1.348,Ball,1,,,,,
1.348,Shell,1,,,,,
1.348,LR,1,,,,,
1.349,PCA,0.707106781186548,,,,,
1.349,K's tau,0.741289844329133,,,,,
1.349,Winsor,1,,,,,
1.349,Quad,1,,,,,
1.349,Ball,1,,,,,
1.349,Shell,1,,,,,
1.349,LR,1,,,,,
1.35,PCA,0.707106781186548,,,,,
1.35,K's tau,0.740740740740741,,,,,
1.35,Winsor,1,,,,,
1.35,Quad,1,,,,,
1.35,Ball,1,,,,,
1.35,Shell,1,,,,,
1.35,LR,1,,,,,
1.351,PCA,0.707106781186548,,,,,
1.351,K's tau,0.74019245003701,,,,,
1.351,Winsor,1,,,,,
1.351,Quad,1,,,,,
1.351,Ball,1,,,,,
1.351,Shell,1,,,,,
1.351,LR,1,,,,,
1.352,PCA,0.707106781186548,,,,,
1.352,K's tau,0.739644970414201,,,,,
1.352,Winsor,1,,,,,
1.352,Quad,1,,,,,
1.352,Ball,1,,,,,
1.352,Shell,1,,,,,
1.352,LR,1,,,,,
1.353,PCA,0.707106781186548,,,,,
1.353,K's tau,0.73909830007391,,,,,
1.353,Winsor,1,,,,,
1.353,Quad,1,,,,,
1.353,Ball,1,,,,,
1.353,Shell,1,,,,,
1.353,LR,1,,,,,
1.354,PCA,0.707106781186548,,,,,
1.354,K's tau,0.738552437223043,,,,,
1.354,Winsor,1,,,,,
1.354,Quad,1,,,,,
1.354,Ball,1,,,,,
1.354,Shell,1,,,,,
1.354,LR,1,,,,,
1.355,PCA,0.707106781186548,,,,,
1.355,K's tau,0.738007380073801,,,,,
1.355,Winsor,1,,,,,
1.355,Quad,1,,,,,
1.355,Ball,1,,,,,
1.355,Shell,1,,,,,
1.355,LR,1,,,,,
1.356,PCA,0.707106781186548,,,,,
1.356,K's tau,0.737463126843658,,,,,
1.356,Winsor,1,,,,,
1.356,Quad,1,,,,,
1.356,Ball,1,,,,,
1.356,Shell,1,,,,,
1.356,LR,1,,,,,
1.357,PCA,0.707106781186548,,,,,
1.357,K's tau,0.736919675755343,,,,,
1.357,Winsor,1,,,,,
1.357,Quad,1,,,,,
1.357,Ball,1,,,,,
1.357,Shell,1,,,,,
1.357,LR,1,,,,,
1.358,PCA,0.707106781186548,,,,,
1.358,K's tau,0.736377025036819,,,,,
1.358,Winsor,1,,,,,
1.358,Quad,1,,,,,
1.358,Ball,1,,,,,
1.358,Shell,1,,,,,
1.358,LR,1,,,,,
1.359,PCA,0.707106781186548,,,,,
1.359,K's tau,0.735835172921266,,,,,
1.359,Winsor,1,,,,,
1.359,Quad,1,,,,,
1.359,Ball,1,,,,,
1.359,Shell,1,,,,,
1.359,LR,1,,,,,
1.36,PCA,0.707106781186548,,,,,
1.36,K's tau,0.735294117647059,,,,,
1.36,Winsor,1,,,,,
1.36,Quad,1,,,,,
1.36,Ball,1,,,,,
1.36,Shell,1,,,,,
1.36,LR,1,,,,,
1.361,PCA,0.707106781186548,,,,,
1.361,K's tau,0.734753857457752,,,,,
1.361,Winsor,1,,,,,
1.361,Quad,1,,,,,
1.361,Ball,1,,,,,
1.361,Shell,1,,,,,
1.361,LR,1,,,,,
1.362,PCA,0.707106781186548,,,,,
1.362,K's tau,0.734214390602056,,,,,
1.362,Winsor,1,,,,,
1.362,Quad,1,,,,,
1.362,Ball,1,,,,,
1.362,Shell,1,,,,,
1.362,LR,1,,,,,
1.363,PCA,0.707106781186548,,,,,
1.363,K's tau,0.733675715333822,,,,,
1.363,Winsor,1,,,,,
1.363,Quad,1,,,,,
1.363,Ball,1,,,,,
1.363,Shell,1,,,,,
1.363,LR,1,,,,,
1.364,PCA,0.707106781186548,,,,,
1.364,K's tau,0.733137829912023,,,,,
1.364,Winsor,1,,,,,
1.364,Quad,1,,,,,
1.364,Ball,1,,,,,
1.364,Shell,1,,,,,
1.364,LR,1,,,,,
1.365,PCA,0.707106781186548,,,,,
1.365,K's tau,0.732600732600733,,,,,
1.365,Winsor,1,,,,,
1.365,Quad,1,,,,,
1.365,Ball,1,,,,,
1.365,Shell,1,,,,,
1.365,LR,1,,,,,
1.366,PCA,0.707106781186548,,,,,
1.366,K's tau,0.732064421669107,,,,,
1.366,Winsor,1,,,,,
1.366,Quad,1,,,,,
1.366,Ball,1,,,,,
1.366,Shell,1,,,,,
1.366,LR,1,,,,,
1.367,PCA,0.707106781186548,,,,,
1.367,K's tau,0.731528895391368,,,,,
1.367,Winsor,1,,,,,
1.367,Quad,1,,,,,
1.367,Ball,1,,,,,
1.367,Shell,1,,,,,
1.367,LR,1,,,,,
1.368,PCA,0.707106781186548,,,,,
1.368,K's tau,0.730994152046784,,,,,
1.368,Winsor,1,,,,,
1.368,Quad,1,,,,,
1.368,Ball,1,,,,,
1.368,Shell,1,,,,,
1.368,LR,1,,,,,
1.369,PCA,0.707106781186548,,,,,
1.369,K's tau,0.730460189919649,,,,,
1.369,Winsor,1,,,,,
1.369,Quad,1,,,,,
1.369,Ball,1,,,,,
1.369,Shell,1,,,,,
1.369,LR,1,,,,,
1.37,PCA,0.707106781186548,,,,,
1.37,K's tau,0.72992700729927,,,,,
1.37,Winsor,1,,,,,
1.37,Quad,1,,,,,
1.37,Ball,1,,,,,
1.37,Shell,1,,,,,
1.37,LR,1,,,,,
1.371,PCA,0.707106781186548,,,,,
1.371,K's tau,0.729394602479942,,,,,
1.371,Winsor,1,,,,,
1.371,Quad,1,,,,,
1.371,Ball,1,,,,,
1.371,Shell,1,,,,,
1.371,LR,1,,,,,
1.372,PCA,0.707106781186548,,,,,
1.372,K's tau,0.728862973760933,,,,,
1.372,Winsor,1,,,,,
1.372,Quad,1,,,,,
1.372,Ball,1,,,,,
1.372,Shell,1,,,,,
1.372,LR,1,,,,,
1.373,PCA,0.707106781186548,,,,,
1.373,K's tau,0.728332119446468,,,,,
1.373,Winsor,1,,,,,
1.373,Quad,1,,,,,
1.373,Ball,1,,,,,
1.373,Shell,1,,,,,
1.373,LR,1,,,,,
1.374,PCA,0.707106781186548,,,,,
1.374,K's tau,0.727802037845706,,,,,
1.374,Winsor,1,,,,,
1.374,Quad,1,,,,,
1.374,Ball,1,,,,,
1.374,Shell,1,,,,,
1.374,LR,1,,,,,
1.375,PCA,0.707106781186548,,,,,
1.375,K's tau,0.727272727272727,,,,,
1.375,Winsor,1,,,,,
1.375,Quad,1,,,,,
1.375,Ball,1,,,,,
1.375,Shell,1,,,,,
1.375,LR,1,,,,,
1.376,PCA,0.707106781186548,,,,,
1.376,K's tau,0.726744186046512,,,,,
1.376,Winsor,1,,,,,
1.376,Quad,1,,,,,
1.376,Ball,1,,,,,
1.376,Shell,1,,,,,
1.376,LR,1,,,,,
1.377,PCA,0.707106781186548,,,,,
1.377,K's tau,0.726216412490922,,,,,
1.377,Winsor,1,,,,,
1.377,Quad,1,,,,,
1.377,Ball,1,,,,,
1.377,Shell,1,,,,,
1.377,LR,1,,,,,
1.378,PCA,0.707106781186548,,,,,
1.378,K's tau,0.725689404934688,,,,,
1.378,Winsor,1,,,,,
1.378,Quad,1,,,,,
1.378,Ball,1,,,,,
1.378,Shell,1,,,,,
1.378,LR,1,,,,,
1.379,PCA,0.707106781186548,,,,,
1.379,K's tau,0.725163161711385,,,,,
1.379,Winsor,1,,,,,
1.379,Quad,1,,,,,
1.379,Ball,1,,,,,
1.379,Shell,1,,,,,
1.379,LR,1,,,,,
1.38,PCA,0.707106781186548,,,,,
1.38,K's tau,0.72463768115942,,,,,
1.38,Winsor,1,,,,,
1.38,Quad,1,,,,,
1.38,Ball,1,,,,,
1.38,Shell,1,,,,,
1.38,LR,1,,,,,
1.381,PCA,0.707106781186548,,,,,
1.381,K's tau,0.724112961622013,,,,,
1.381,Winsor,1,,,,,
1.381,Quad,1,,,,,
1.381,Ball,1,,,,,
1.381,Shell,1,,,,,
1.381,LR,1,,,,,
1.382,PCA,0.707106781186548,,,,,
1.382,K's tau,0.723589001447178,,,,,
1.382,Winsor,1,,,,,
1.382,Quad,1,,,,,
1.382,Ball,1,,,,,
1.382,Shell,1,,,,,
1.382,LR,1,,,,,
1.383,PCA,0.707106781186548,,,,,
1.383,K's tau,0.723065798987708,,,,,
1.383,Winsor,1,,,,,
1.383,Quad,1,,,,,
1.383,Ball,1,,,,,
1.383,Shell,1,,,,,
1.383,LR,1,,,,,
1.384,PCA,0.707106781186548,,,,,
1.384,K's tau,0.722543352601156,,,,,
1.384,Winsor,1,,,,,
1.384,Quad,1,,,,,
1.384,Ball,1,,,,,
1.384,Shell,1,,,,,
1.384,LR,1,,,,,
1.385,PCA,0.707106781186548,,,,,
1.385,K's tau,0.72202166064982,,,,,
1.385,Winsor,1,,,,,
1.385,Quad,1,,,,,
1.385,Ball,1,,,,,
1.385,Shell,1,,,,,
1.385,LR,1,,,,,
1.386,PCA,0.707106781186548,,,,,
1.386,K's tau,0.721500721500721,,,,,
1.386,Winsor,1,,,,,
1.386,Quad,1,,,,,
1.386,Ball,1,,,,,
1.386,Shell,1,,,,,
1.386,LR,1,,,,,
1.387,PCA,0.707106781186548,,,,,
1.387,K's tau,0.720980533525595,,,,,
1.387,Winsor,1,,,,,
1.387,Quad,1,,,,,
1.387,Ball,1,,,,,
1.387,Shell,1,,,,,
1.387,LR,1,,,,,
1.388,PCA,0.707106781186548,,,,,
1.388,K's tau,0.720461095100865,,,,,
1.388,Winsor,1,,,,,
1.388,Quad,1,,,,,
1.388,Ball,1,,,,,
1.388,Shell,1,,,,,
1.388,LR,1,,,,,
1.389,PCA,0.707106781186548,,,,,
1.389,K's tau,0.719942404607631,,,,,
1.389,Winsor,1,,,,,
1.389,Quad,1,,,,,
1.389,Ball,1,,,,,
1.389,Shell,1,,,,,
1.389,LR,1,,,,,
1.39,PCA,0.707106781186548,,,,,
1.39,K's tau,0.719424460431655,,,,,
1.39,Winsor,1,,,,,
1.39,Quad,1,,,,,
1.39,Ball,1,,,,,
1.39,Shell,1,,,,,
1.39,LR,1,,,,,
1.391,PCA,0.707106781186548,,,,,
1.391,K's tau,0.718907260963336,,,,,
1.391,Winsor,1,,,,,
1.391,Quad,1,,,,,
1.391,Ball,1,,,,,
1.391,Shell,1,,,,,
1.391,LR,1,,,,,
1.392,PCA,0.707106781186548,,,,,
1.392,K's tau,0.718390804597701,,,,,
1.392,Winsor,1,,,,,
1.392,Quad,1,,,,,
1.392,Ball,1,,,,,
1.392,Shell,1,,,,,
1.392,LR,1,,,,,
1.393,PCA,0.707106781186548,,,,,
1.393,K's tau,0.717875089734386,,,,,
1.393,Winsor,1,,,,,
1.393,Quad,1,,,,,
1.393,Ball,1,,,,,
1.393,Shell,1,,,,,
1.393,LR,1,,,,,
1.394,PCA,0.707106781186548,,,,,
1.394,K's tau,0.717360114777618,,,,,
1.394,Winsor,1,,,,,
1.394,Quad,1,,,,,
1.394,Ball,1,,,,,
1.394,Shell,1,,,,,
1.394,LR,1,,,,,
1.395,PCA,0.707106781186548,,,,,
1.395,K's tau,0.716845878136201,,,,,
1.395,Winsor,1,,,,,
1.395,Quad,1,,,,,
1.395,Ball,1,,,,,
1.395,Shell,1,,,,,
1.395,LR,1,,,,,
1.396,PCA,0.707106781186548,,,,,
1.396,K's tau,0.716332378223496,,,,,
1.396,Winsor,1,,,,,
1.396,Quad,1,,,,,
1.396,Ball,1,,,,,
1.396,Shell,1,,,,,
1.396,LR,1,,,,,
1.397,PCA,0.707106781186548,,,,,
1.397,K's tau,0.715819613457409,,,,,
1.397,Winsor,1,,,,,
1.397,Quad,1,,,,,
1.397,Ball,1,,,,,
1.397,Shell,1,,,,,
1.397,LR,1,,,,,
1.398,PCA,0.707106781186548,,,,,
1.398,K's tau,0.715307582260372,,,,,
1.398,Winsor,1,,,,,
1.398,Quad,1,,,,,
1.398,Ball,1,,,,,
1.398,Shell,1,,,,,
1.398,LR,1,,,,,
1.399,PCA,0.707106781186548,,,,,
1.399,K's tau,0.714796283059328,,,,,
1.399,Winsor,1,,,,,
1.399,Quad,1,,,,,
1.399,Ball,1,,,,,
1.399,Shell,1,,,,,
1.399,LR,1,,,,,
1.4,PCA,0.707106781186548,,,,,
1.4,K's tau,0.714285714285714,,,,,
1.4,Winsor,1,,,,,
1.4,Quad,1,,,,,
1.4,Ball,1,,,,,
1.4,Shell,1,,,,,
1.4,LR,1,,,,,
1.401,PCA,0.707106781186548,,,,,
1.401,K's tau,0.713775874375446,,,,,
1.401,Winsor,1,,,,,
1.401,Quad,1,,,,,
1.401,Ball,1,,,,,
1.401,Shell,1,,,,,
1.401,LR,1,,,,,
1.402,PCA,0.707106781186548,,,,,
1.402,K's tau,0.713266761768901,,,,,
1.402,Winsor,1,,,,,
1.402,Quad,1,,,,,
1.402,Ball,1,,,,,
1.402,Shell,1,,,,,
1.402,LR,1,,,,,
1.403,PCA,0.707106781186548,,,,,
1.403,K's tau,0.712758374910905,,,,,
1.403,Winsor,1,,,,,
1.403,Quad,1,,,,,
1.403,Ball,1,,,,,
1.403,Shell,1,,,,,
1.403,LR,1,,,,,
1.404,PCA,0.707106781186548,,,,,
1.404,K's tau,0.712250712250712,,,,,
1.404,Winsor,1,,,,,
1.404,Quad,1,,,,,
1.404,Ball,1,,,,,
1.404,Shell,1,,,,,
1.404,LR,1,,,,,
1.405,PCA,0.707106781186548,,,,,
1.405,K's tau,0.711743772241993,,,,,
1.405,Winsor,1,,,,,
1.405,Quad,1,,,,,
1.405,Ball,1,,,,,
1.405,Shell,1,,,,,
1.405,LR,1,,,,,
1.406,PCA,0.707106781186548,,,,,
1.406,K's tau,0.711237553342817,,,,,
1.406,Winsor,1,,,,,
1.406,Quad,1,,,,,
1.406,Ball,1,,,,,
1.406,Shell,1,,,,,
1.406,LR,1,,,,,
1.407,PCA,0.707106781186548,,,,,
1.407,K's tau,0.710732054015636,,,,,
1.407,Winsor,1,,,,,
1.407,Quad,1,,,,,
1.407,Ball,1,,,,,
1.407,Shell,1,,,,,
1.407,LR,1,,,,,
1.408,PCA,0.707106781186548,,,,,
1.408,K's tau,0.710227272727273,,,,,
1.408,Winsor,1,,,,,
1.408,Quad,1,,,,,
1.408,Ball,1,,,,,
1.408,Shell,1,,,,,
1.408,LR,1,,,,,
1.409,PCA,0.707106781186548,,,,,
1.409,K's tau,0.7097232079489,,,,,
1.409,Winsor,1,,,,,
1.409,Quad,1,,,,,
1.409,Ball,1,,,,,
1.409,Shell,1,,,,,
1.409,LR,1,,,,,
1.41,PCA,0.707106781186548,,,,,
1.41,K's tau,0.709219858156028,,,,,
1.41,Winsor,1,,,,,
1.41,Quad,1,,,,,
1.41,Ball,1,,,,,
1.41,Shell,1,,,,,
1.41,LR,1,,,,,
1.411,PCA,0.707106781186548,,,,,
1.411,K's tau,0.70871722182849,,,,,
1.411,Winsor,1,,,,,
1.411,Quad,1,,,,,
1.411,Ball,1,,,,,
1.411,Shell,1,,,,,
1.411,LR,1,,,,,
1.412,PCA,0.707106781186548,,,,,
1.412,K's tau,0.708215297450425,,,,,
1.412,Winsor,1,,,,,
1.412,Quad,1,,,,,
1.412,Ball,1,,,,,
1.412,Shell,1,,,,,
1.412,LR,1,,,,,
1.413,PCA,0.707106781186548,,,,,
1.413,K's tau,0.707714083510262,,,,,
1.413,Winsor,1,,,,,
1.413,Quad,1,,,,,
1.413,Ball,1,,,,,
1.413,Shell,1,,,,,
1.413,LR,1,,,,,
1.414,PCA,0.707106781186548,,,,,
1.414,K's tau,0.707213578500707,,,,,
1.414,Winsor,1,,,,,
1.414,Quad,1,,,,,
1.414,Ball,1,,,,,
1.414,Shell,1,,,,,
1.414,LR,1,,,,,
1.415,PCA,0.707106781186548,,,,,
1.415,K's tau,0.706713780918728,,,,,
1.415,Winsor,1,,,,,
1.415,Quad,1,,,,,
1.415,Ball,1,,,,,
1.415,Shell,1,,,,,
1.415,LR,1,,,,,
1.416,PCA,0.707106781186548,,,,,
1.416,K's tau,0.706214689265537,,,,,
1.416,Winsor,1,,,,,
1.416,Quad,1,,,,,
1.416,Ball,1,,,,,
1.416,Shell,1,,,,,
1.416,LR,1,,,,,
1.417,PCA,0.707106781186548,,,,,
1.417,K's tau,0.705716302046577,,,,,
1.417,Winsor,1,,,,,
1.417,Quad,1,,,,,
1.417,Ball,1,,,,,
1.417,Shell,1,,,,,
1.417,LR,1,,,,,
1.418,PCA,0.707106781186548,,,,,
1.418,K's tau,0.705218617771509,,,,,
1.418,Winsor,1,,,,,
1.418,Quad,1,,,,,
1.418,Ball,1,,,,,
1.418,Shell,1,,,,,
1.418,LR,1,,,,,
1.419,PCA,0.707106781186548,,,,,
1.419,K's tau,0.704721634954193,,,,,
1.419,Winsor,1,,,,,
1.419,Quad,1,,,,,
1.419,Ball,1,,,,,
1.419,Shell,1,,,,,
1.419,LR,1,,,,,
1.42,PCA,0.707106781186548,,,,,
1.42,K's tau,0.704225352112676,,,,,
1.42,Winsor,1,,,,,
1.42,Quad,1,,,,,
1.42,Ball,1,,,,,
1.42,Shell,1,,,,,
1.42,LR,1,,,,,
1.421,PCA,0.707106781186548,,,,,
1.421,K's tau,0.703729767769177,,,,,
1.421,Winsor,1,,,,,
1.421,Quad,1,,,,,
1.421,Ball,1,,,,,
1.421,Shell,1,,,,,
1.421,LR,1,,,,,
1.422,PCA,0.707106781186548,,,,,
1.422,K's tau,0.70323488045007,,,,,
1.422,Winsor,1,,,,,
1.422,Quad,1,,,,,
1.422,Ball,1,,,,,
1.422,Shell,1,,,,,
1.422,LR,1,,,,,
1.423,PCA,0.707106781186548,,,,,
1.423,K's tau,0.702740688685875,,,,,
1.423,Winsor,1,,,,,
1.423,Quad,1,,,,,
1.423,Ball,1,,,,,
1.423,Shell,1,,,,,
1.423,LR,1,,,,,
1.424,PCA,0.707106781186548,,,,,
1.424,K's tau,0.702247191011236,,,,,
1.424,Winsor,1,,,,,
1.424,Quad,1,,,,,
1.424,Ball,1,,,,,
1.424,Shell,1,,,,,
1.424,LR,1,,,,,
1.425,PCA,0.707106781186548,,,,,
1.425,K's tau,0.701754385964912,,,,,
1.425,Winsor,1,,,,,
1.425,Quad,1,,,,,
1.425,Ball,1,,,,,
1.425,Shell,1,,,,,
1.425,LR,1,,,,,
1.426,PCA,0.707106781186548,,,,,
1.426,K's tau,0.701262272089762,,,,,
1.426,Winsor,1,,,,,
1.426,Quad,1,,,,,
1.426,Ball,1,,,,,
1.426,Shell,1,,,,,
1.426,LR,1,,,,,
1.427,PCA,0.707106781186548,,,,,
1.427,K's tau,0.700770847932726,,,,,
1.427,Winsor,1,,,,,
1.427,Quad,1,,,,,
1.427,Ball,1,,,,,
1.427,Shell,1,,,,,
1.427,LR,1,,,,,
1.428,PCA,0.707106781186548,,,,,
1.428,K's tau,0.700280112044818,,,,,
1.428,Winsor,1,,,,,
1.428,Quad,1,,,,,
1.428,Ball,1,,,,,
1.428,Shell,1,,,,,
1.428,LR,1,,,,,
1.429,PCA,0.707106781186548,,,,,
1.429,K's tau,0.699790062981106,,,,,
1.429,Winsor,1,,,,,
1.429,Quad,1,,,,,
1.429,Ball,1,,,,,
1.429,Shell,1,,,,,
1.429,LR,1,,,,,
1.43,PCA,0.707106781186548,,,,,
1.43,K's tau,0.699300699300699,,,,,
1.43,Winsor,1,,,,,
1.43,Quad,1,,,,,
1.43,Ball,1,,,,,
1.43,Shell,1,,,,,
1.43,LR,1,,,,,
1.431,PCA,0.707106781186548,,,,,
1.431,K's tau,0.698812019566737,,,,,
1.431,Winsor,1,,,,,
1.431,Quad,1,,,,,
1.431,Ball,1,,,,,
1.431,Shell,1,,,,,
1.431,LR,1,,,,,
1.432,PCA,0.707106781186548,,,,,
1.432,K's tau,0.698324022346369,,,,,
1.432,Winsor,1,,,,,
1.432,Quad,1,,,,,
1.432,Ball,1,,,,,
1.432,Shell,1,,,,,
1.432,LR,1,,,,,
1.433,PCA,0.707106781186548,,,,,
1.433,K's tau,0.697836706210747,,,,,
1.433,Winsor,1,,,,,
1.433,Quad,1,,,,,
1.433,Ball,1,,,,,
1.433,Shell,1,,,,,
1.433,LR,1,,,,,
1.434,PCA,0.707106781186548,,,,,
1.434,K's tau,0.697350069735007,,,,,
1.434,Winsor,1,,,,,
1.434,Quad,1,,,,,
1.434,Ball,1,,,,,
1.434,Shell,1,,,,,
1.434,LR,1,,,,,
1.435,PCA,0.707106781186548,,,,,
1.435,K's tau,0.696864111498258,,,,,
1.435,Winsor,1,,,,,
1.435,Quad,1,,,,,
1.435,Ball,1,,,,,
1.435,Shell,1,,,,,
1.435,LR,1,,,,,
1.436,PCA,0.707106781186548,,,,,
1.436,K's tau,0.696378830083566,,,,,
1.436,Winsor,1,,,,,
1.436,Quad,1,,,,,
1.436,Ball,1,,,,,
1.436,Shell,1,,,,,
1.436,LR,1,,,,,
1.437,PCA,0.707106781186548,,,,,
1.437,K's tau,0.69589422407794,,,,,
1.437,Winsor,1,,,,,
1.437,Quad,1,,,,,
1.437,Ball,1,,,,,
1.437,Shell,1,,,,,
1.437,LR,1,,,,,
1.438,PCA,0.707106781186548,,,,,
1.438,K's tau,0.695410292072323,,,,,
1.438,Winsor,1,,,,,
1.438,Quad,1,,,,,
1.438,Ball,1,,,,,
1.438,Shell,1,,,,,
1.438,LR,1,,,,,
1.439,PCA,0.707106781186548,,,,,
1.439,K's tau,0.694927032661571,,,,,
1.439,Winsor,1,,,,,
1.439,Quad,1,,,,,
1.439,Ball,1,,,,,
1.439,Shell,1,,,,,
1.439,LR,1,,,,,
1.44,PCA,0.707106781186548,,,,,
1.44,K's tau,0.694444444444445,,,,,
1.44,Winsor,1,,,,,
1.44,Quad,1,,,,,
1.44,Ball,1,,,,,
1.44,Shell,1,,,,,
1.44,LR,1,,,,,
1.441,PCA,0.707106781186548,,,,,
1.441,K's tau,0.693962526023595,,,,,
1.441,Winsor,1,,,,,
1.441,Quad,1,,,,,
1.441,Ball,1,,,,,
1.441,Shell,1,,,,,
1.441,LR,1,,,,,
1.442,PCA,0.707106781186548,,,,,
1.442,K's tau,0.693481276005548,,,,,
1.442,Winsor,1,,,,,
1.442,Quad,1,,,,,
1.442,Ball,1,,,,,
1.442,Shell,1,,,,,
1.442,LR,1,,,,,
1.443,PCA,0.707106781186548,,,,,
1.443,K's tau,0.693000693000693,,,,,
1.443,Winsor,1,,,,,
1.443,Quad,1,,,,,
1.443,Ball,1,,,,,
1.443,Shell,1,,,,,
1.443,LR,1,,,,,
1.444,PCA,0.707106781186548,,,,,
1.444,K's tau,0.692520775623269,,,,,
1.444,Winsor,1,,,,,
1.444,Quad,1,,,,,
1.444,Ball,1,,,,,
1.444,Shell,1,,,,,
1.444,LR,1,,,,,
1.445,PCA,0.707106781186548,,,,,
1.445,K's tau,0.692041522491349,,,,,
1.445,Winsor,1,,,,,
1.445,Quad,1,,,,,
1.445,Ball,1,,,,,
1.445,Shell,1,,,,,
1.445,LR,1,,,,,
1.446,PCA,0.707106781186548,,,,,
1.446,K's tau,0.691562932226833,,,,,
1.446,Winsor,1,,,,,
1.446,Quad,1,,,,,
1.446,Ball,1,,,,,
1.446,Shell,1,,,,,
1.446,LR,1,,,,,
1.447,PCA,0.707106781186548,,,,,
1.447,K's tau,0.691085003455425,,,,,
1.447,Winsor,1,,,,,
1.447,Quad,1,,,,,
1.447,Ball,1,,,,,
1.447,Shell,1,,,,,
1.447,LR,1,,,,,
1.448,PCA,0.707106781186548,,,,,
1.448,K's tau,0.69060773480663,,,,,
1.448,Winsor,1,,,,,
1.448,Quad,1,,,,,
1.448,Ball,1,,,,,
1.448,Shell,1,,,,,
1.448,LR,1,,,,,
1.449,PCA,0.707106781186548,,,,,
1.449,K's tau,0.690131124913734,,,,,
1.449,Winsor,1,,,,,
1.449,Quad,1,,,,,
1.449,Ball,1,,,,,
1.449,Shell,1,,,,,
1.449,LR,1,,,,,
1.45,PCA,0.707106781186548,,,,,
1.45,K's tau,0.689655172413793,,,,,
1.45,Winsor,1,,,,,
1.45,Quad,1,,,,,
1.45,Ball,1,,,,,
1.45,Shell,1,,,,,
1.45,LR,1,,,,,
1.451,PCA,0.707106781186548,,,,,
1.451,K's tau,0.689179875947622,,,,,
1.451,Winsor,1,,,,,
1.451,Quad,1,,,,,
1.451,Ball,1,,,,,
1.451,Shell,1,,,,,
1.451,LR,1,,,,,
1.452,PCA,0.707106781186548,,,,,
1.452,K's tau,0.68870523415978,,,,,
1.452,Winsor,1,,,,,
1.452,Quad,1,,,,,
1.452,Ball,1,,,,,
1.452,Shell,1,,,,,
1.452,LR,1,,,,,
1.453,PCA,0.707106781186548,,,,,
1.453,K's tau,0.688231245698555,,,,,
1.453,Winsor,1,,,,,
1.453,Quad,1,,,,,
1.453,Ball,1,,,,,
1.453,Shell,1,,,,,
1.453,LR,1,,,,,
1.454,PCA,0.707106781186548,,,,,
1.454,K's tau,0.687757909215956,,,,,
1.454,Winsor,1,,,,,
1.454,Quad,1,,,,,
1.454,Ball,1,,,,,
1.454,Shell,1,,,,,
1.454,LR,1,,,,,
1.455,PCA,0.707106781186548,,,,,
1.455,K's tau,0.687285223367698,,,,,
1.455,Winsor,1,,,,,
1.455,Quad,1,,,,,
1.455,Ball,1,,,,,
1.455,Shell,1,,,,,
1.455,LR,1,,,,,
1.456,PCA,0.707106781186548,,,,,
1.456,K's tau,0.686813186813187,,,,,
1.456,Winsor,1,,,,,
1.456,Quad,1,,,,,
1.456,Ball,1,,,,,
1.456,Shell,1,,,,,
1.456,LR,1,,,,,
1.457,PCA,0.707106781186548,,,,,
1.457,K's tau,0.686341798215511,,,,,
1.457,Winsor,1,,,,,
1.457,Quad,1,,,,,
1.457,Ball,1,,,,,
1.457,Shell,1,,,,,
1.457,LR,1,,,,,
1.458,PCA,0.707106781186548,,,,,
1.458,K's tau,0.685871056241427,,,,,
1.458,Winsor,1,,,,,
1.458,Quad,1,,,,,
1.458,Ball,1,,,,,
1.458,Shell,1,,,,,
1.458,LR,1,,,,,
1.459,PCA,0.707106781186548,,,,,
1.459,K's tau,0.685400959561343,,,,,
1.459,Winsor,1,,,,,
1.459,Quad,1,,,,,
1.459,Ball,1,,,,,
1.459,Shell,1,,,,,
1.459,LR,1,,,,,
1.46,PCA,0.707106781186548,,,,,
1.46,K's tau,0.684931506849315,,,,,
1.46,Winsor,1,,,,,
1.46,Quad,1,,,,,
1.46,Ball,1,,,,,
1.46,Shell,1,,,,,
1.46,LR,1,,,,,
1.461,PCA,0.707106781186548,,,,,
1.461,K's tau,0.684462696783025,,,,,
1.461,Winsor,1,,,,,
1.461,Quad,1,,,,,
1.461,Ball,1,,,,,
1.461,Shell,1,,,,,
1.461,LR,1,,,,,
1.462,PCA,0.707106781186548,,,,,
1.462,K's tau,0.683994528043776,,,,,
1.462,Winsor,1,,,,,
1.462,Quad,1,,,,,
1.462,Ball,1,,,,,
1.462,Shell,1,,,,,
1.462,LR,1,,,,,
1.463,PCA,0.707106781186548,,,,,
1.463,K's tau,0.683526999316473,,,,,
1.463,Winsor,1,,,,,
1.463,Quad,1,,,,,
1.463,Ball,1,,,,,
1.463,Shell,1,,,,,
1.463,LR,1,,,,,
1.464,PCA,0.707106781186548,,,,,
1.464,K's tau,0.683060109289618,,,,,
1.464,Winsor,1,,,,,
1.464,Quad,1,,,,,
1.464,Ball,1,,,,,
1.464,Shell,1,,,,,
1.464,LR,1,,,,,
1.465,PCA,0.707106781186548,,,,,
1.465,K's tau,0.68259385665529,,,,,
1.465,Winsor,1,,,,,
1.465,Quad,1,,,,,
1.465,Ball,1,,,,,
1.465,Shell,1,,,,,
1.465,LR,1,,,,,
1.466,PCA,0.707106781186548,,,,,
1.466,K's tau,0.682128240109141,,,,,
1.466,Winsor,1,,,,,
1.466,Quad,1,,,,,
1.466,Ball,1,,,,,
1.466,Shell,1,,,,,
1.466,LR,1,,,,,
1.467,PCA,0.707106781186548,,,,,
1.467,K's tau,0.681663258350375,,,,,
1.467,Winsor,1,,,,,
1.467,Quad,1,,,,,
1.467,Ball,1,,,,,
1.467,Shell,1,,,,,
1.467,LR,1,,,,,
1.468,PCA,0.707106781186548,,,,,
1.468,K's tau,0.681198910081744,,,,,
1.468,Winsor,1,,,,,
1.468,Quad,1,,,,,
1.468,Ball,1,,,,,
1.468,Shell,1,,,,,
1.468,LR,1,,,,,
1.469,PCA,0.707106781186548,,,,,
1.469,K's tau,0.68073519400953,,,,,
1.469,Winsor,1,,,,,
1.469,Quad,1,,,,,
1.469,Ball,1,,,,,
1.469,Shell,1,,,,,
1.469,LR,1,,,,,
1.47,PCA,0.707106781186548,,,,,
1.47,K's tau,0.680272108843537,,,,,
1.47,Winsor,1,,,,,
1.47,Quad,1,,,,,
1.47,Ball,1,,,,,
1.47,Shell,1,,,,,
1.47,LR,1,,,,,
1.471,PCA,0.707106781186548,,,,,
1.471,K's tau,0.679809653297077,,,,,
1.471,Winsor,1,,,,,
1.471,Quad,1,,,,,
1.471,Ball,1,,,,,
1.471,Shell,1,,,,,
1.471,LR,1,,,,,
1.472,PCA,0.707106781186548,,,,,
1.472,K's tau,0.679347826086957,,,,,
1.472,Winsor,1,,,,,
1.472,Quad,1,,,,,
1.472,Ball,1,,,,,
1.472,Shell,1,,,,,
1.472,LR,1,,,,,
1.473,PCA,0.707106781186548,,,,,
1.473,K's tau,0.678886625933469,,,,,
1.473,Winsor,1,,,,,
1.473,Quad,1,,,,,
1.473,Ball,1,,,,,
1.473,Shell,1,,,,,
1.473,LR,1,,,,,
1.474,PCA,0.707106781186548,,,,,
1.474,K's tau,0.67842605156038,,,,,
1.474,Winsor,1,,,,,
1.474,Quad,1,,,,,
1.474,Ball,1,,,,,
1.474,Shell,1,,,,,
1.474,LR,1,,,,,
1.475,PCA,0.707106781186548,,,,,
1.475,K's tau,0.677966101694915,,,,,
1.475,Winsor,1,,,,,
1.475,Quad,1,,,,,
1.475,Ball,1,,,,,
1.475,Shell,1,,,,,
1.475,LR,1,,,,,
1.476,PCA,0.707106781186548,,,,,
1.476,K's tau,0.677506775067751,,,,,
1.476,Winsor,1,,,,,
1.476,Quad,1,,,,,
1.476,Ball,1,,,,,
1.476,Shell,1,,,,,
1.476,LR,1,,,,,
1.477,PCA,0.707106781186548,,,,,
1.477,K's tau,0.677048070412999,,,,,
1.477,Winsor,1,,,,,
1.477,Quad,1,,,,,
1.477,Ball,1,,,,,
1.477,Shell,1,,,,,
1.477,LR,1,,,,,
1.478,PCA,0.707106781186548,,,,,
1.478,K's tau,0.6765899864682,,,,,
1.478,Winsor,1,,,,,
1.478,Quad,1,,,,,
1.478,Ball,1,,,,,
1.478,Shell,1,,,,,
1.478,LR,1,,,,,
1.479,PCA,0.707106781186548,,,,,
1.479,K's tau,0.676132521974307,,,,,
1.479,Winsor,1,,,,,
1.479,Quad,1,,,,,
1.479,Ball,1,,,,,
1.479,Shell,1,,,,,
1.479,LR,1,,,,,
1.48,PCA,0.707106781186548,,,,,
1.48,K's tau,0.675675675675676,,,,,
1.48,Winsor,1,,,,,
1.48,Quad,1,,,,,
1.48,Ball,1,,,,,
1.48,Shell,1,,,,,
1.48,LR,1,,,,,
1.481,PCA,0.707106781186548,,,,,
1.481,K's tau,0.675219446320054,,,,,
1.481,Winsor,1,,,,,
1.481,Quad,1,,,,,
1.481,Ball,1,,,,,
1.481,Shell,1,,,,,
1.481,LR,1,,,,,
1.482,PCA,0.707106781186548,,,,,
1.482,K's tau,0.67476383265857,,,,,
1.482,Winsor,1,,,,,
1.482,Quad,1,,,,,
1.482,Ball,1,,,,,
1.482,Shell,1,,,,,
1.482,LR,1,,,,,
1.483,PCA,0.707106781186548,,,,,
1.483,K's tau,0.674308833445718,,,,,
1.483,Winsor,1,,,,,
1.483,Quad,1,,,,,
1.483,Ball,1,,,,,
1.483,Shell,1,,,,,
1.483,LR,1,,,,,
1.484,PCA,0.707106781186548,,,,,
1.484,K's tau,0.673854447439353,,,,,
1.484,Winsor,1,,,,,
1.484,Quad,1,,,,,
1.484,Ball,1,,,,,
1.484,Shell,1,,,,,
1.484,LR,1,,,,,
1.485,PCA,0.707106781186548,,,,,
1.485,K's tau,0.673400673400673,,,,,
1.485,Winsor,1,,,,,
1.485,Quad,1,,,,,
1.485,Ball,1,,,,,
1.485,Shell,1,,,,,
1.485,LR,1,,,,,
1.486,PCA,0.707106781186548,,,,,
1.486,K's tau,0.672947510094213,,,,,
1.486,Winsor,1,,,,,
1.486,Quad,1,,,,,
1.486,Ball,1,,,,,
1.486,Shell,1,,,,,
1.486,LR,1,,,,,
1.487,PCA,0.707106781186548,,,,,
1.487,K's tau,0.672494956287828,,,,,
1.487,Winsor,1,,,,,
1.487,Quad,1,,,,,
1.487,Ball,1,,,,,
1.487,Shell,1,,,,,
1.487,LR,1,,,,,
1.488,PCA,0.707106781186548,,,,,
1.488,K's tau,0.672043010752688,,,,,
1.488,Winsor,1,,,,,
1.488,Quad,1,,,,,
1.488,Ball,1,,,,,
1.488,Shell,1,,,,,
1.488,LR,1,,,,,
1.489,PCA,0.707106781186548,,,,,
1.489,K's tau,0.671591672263264,,,,,
1.489,Winsor,1,,,,,
1.489,Quad,1,,,,,
1.489,Ball,1,,,,,
1.489,Shell,1,,,,,
1.489,LR,1,,,,,
1.49,PCA,0.707106781186548,,,,,
1.49,K's tau,0.671140939597315,,,,,
1.49,Winsor,1,,,,,
1.49,Quad,1,,,,,
1.49,Ball,1,,,,,
1.49,Shell,1,,,,,
1.49,LR,1,,,,,
1.491,PCA,0.707106781186548,,,,,
1.491,K's tau,0.670690811535882,,,,,
1.491,Winsor,1,,,,,
1.491,Quad,1,,,,,
1.491,Ball,1,,,,,
1.491,Shell,1,,,,,
1.491,LR,1,,,,,
1.492,PCA,0.707106781186548,,,,,
1.492,K's tau,0.670241286863271,,,,,
1.492,Winsor,1,,,,,
1.492,Quad,1,,,,,
1.492,Ball,1,,,,,
1.492,Shell,1,,,,,
1.492,LR,1,,,,,
1.493,PCA,0.707106781186548,,,,,
1.493,K's tau,0.669792364367046,,,,,
1.493,Winsor,1,,,,,
1.493,Quad,1,,,,,
1.493,Ball,1,,,,,
1.493,Shell,1,,,,,
1.493,LR,1,,,,,
1.494,PCA,0.707106781186548,,,,,
1.494,K's tau,0.669344042838019,,,,,
1.494,Winsor,1,,,,,
1.494,Quad,1,,,,,
1.494,Ball,1,,,,,
1.494,Shell,1,,,,,
1.494,LR,1,,,,,
1.495,PCA,0.707106781186548,,,,,
1.495,K's tau,0.668896321070234,,,,,
1.495,Winsor,1,,,,,
1.495,Quad,1,,,,,
1.495,Ball,1,,,,,
1.495,Shell,1,,,,,
1.495,LR,1,,,,,
1.496,PCA,0.707106781186548,,,,,
1.496,K's tau,0.668449197860963,,,,,
1.496,Winsor,1,,,,,
1.496,Quad,1,,,,,
1.496,Ball,1,,,,,
1.496,Shell,1,,,,,
1.496,LR,1,,,,,
1.497,PCA,0.707106781186548,,,,,
1.497,K's tau,0.668002672010688,,,,,
1.497,Winsor,1,,,,,
1.497,Quad,1,,,,,
1.497,Ball,1,,,,,
1.497,Shell,1,,,,,
1.497,LR,1,,,,,
1.498,PCA,0.707106781186548,,,,,
1.498,K's tau,0.667556742323098,,,,,
1.498,Winsor,1,,,,,
1.498,Quad,1,,,,,
1.498,Ball,1,,,,,
1.498,Shell,1,,,,,
1.498,LR,1,,,,,
1.499,PCA,0.707106781186548,,,,,
1.499,K's tau,0.66711140760507,,,,,
1.499,Winsor,1,,,,,
1.499,Quad,1,,,,,
1.499,Ball,1,,,,,
1.499,Shell,1,,,,,
1.499,LR,1,,,,,
1.5,PCA,0.707106781186548,,,,,
1.5,K's tau,0.666666666666667,,,,,
1.5,Winsor,1,,,,,
1.5,Quad,1,,,,,
1.5,Ball,1,,,,,
1.5,Shell,1,,,,,
1.5,LR,1,,,,,
1.501,PCA,0.707106781186548,,,,,
1.501,K's tau,0.666222518321119,,,,,
1.501,Winsor,1,,,,,
1.501,Quad,1,,,,,
1.501,Ball,1,,,,,
1.501,Shell,1,,,,,
1.501,LR,1,,,,,
1.502,PCA,0.707106781186548,,,,,
1.502,K's tau,0.66577896138482,,,,,
1.502,Winsor,1,,,,,
1.502,Quad,1,,,,,
1.502,Ball,1,,,,,
1.502,Shell,1,,,,,
1.502,LR,1,,,,,
1.503,PCA,0.707106781186548,,,,,
1.503,K's tau,0.665335994677312,,,,,
1.503,Winsor,1,,,,,
1.503,Quad,1,,,,,
1.503,Ball,1,,,,,
1.503,Shell,1,,,,,
1.503,LR,1,,,,,
1.504,PCA,0.707106781186548,,,,,
1.504,K's tau,0.664893617021277,,,,,
1.504,Winsor,1,,,,,
1.504,Quad,1,,,,,
1.504,Ball,1,,,,,
1.504,Shell,1,,,,,
1.504,LR,1,,,,,
1.505,PCA,0.707106781186548,,,,,
1.505,K's tau,0.664451827242525,,,,,
1.505,Winsor,1,,,,,
1.505,Quad,1,,,,,
1.505,Ball,1,,,,,
1.505,Shell,1,,,,,
1.505,LR,1,,,,,
1.506,PCA,0.707106781186548,,,,,
1.506,K's tau,0.664010624169987,,,,,
1.506,Winsor,1,,,,,
1.506,Quad,1,,,,,
1.506,Ball,1,,,,,
1.506,Shell,1,,,,,
1.506,LR,1,,,,,
1.507,PCA,0.707106781186548,,,,,
1.507,K's tau,0.6635700066357,,,,,
1.507,Winsor,1,,,,,
1.507,Quad,1,,,,,
1.507,Ball,1,,,,,
1.507,Shell,1,,,,,
1.507,LR,1,,,,,
1.508,PCA,0.707106781186548,,,,,
1.508,K's tau,0.663129973474801,,,,,
1.508,Winsor,1,,,,,
1.508,Quad,1,,,,,
1.508,Ball,1,,,,,
1.508,Shell,1,,,,,
1.508,LR,1,,,,,
1.509,PCA,0.707106781186548,,,,,
1.509,K's tau,0.662690523525514,,,,,
1.509,Winsor,1,,,,,
1.509,Quad,1,,,,,
1.509,Ball,1,,,,,
1.509,Shell,1,,,,,
1.509,LR,1,,,,,
1.51,PCA,0.707106781186548,,,,,
1.51,K's tau,0.662251655629139,,,,,
1.51,Winsor,1,,,,,
1.51,Quad,1,,,,,
1.51,Ball,1,,,,,
1.51,Shell,1,,,,,
1.51,LR,1,,,,,
1.511,PCA,0.707106781186548,,,,,
1.511,K's tau,0.661813368630046,,,,,
1.511,Winsor,1,,,,,
1.511,Quad,1,,,,,
1.511,Ball,1,,,,,
1.511,Shell,1,,,,,
1.511,LR,1,,,,,
1.512,PCA,0.707106781186548,,,,,
1.512,K's tau,0.661375661375661,,,,,
1.512,Winsor,1,,,,,
1.512,Quad,1,,,,,
1.512,Ball,1,,,,,
1.512,Shell,1,,,,,
1.512,LR,1,,,,,
1.513,PCA,0.707106781186548,,,,,
1.513,K's tau,0.660938532716457,,,,,
1.513,Winsor,1,,,,,
1.513,Quad,1,,,,,
1.513,Ball,1,,,,,
1.513,Shell,1,,,,,
1.513,LR,1,,,,,
1.514,PCA,0.707106781186548,,,,,
1.514,K's tau,0.660501981505945,,,,,
1.514,Winsor,1,,,,,
1.514,Quad,1,,,,,
1.514,Ball,1,,,,,
1.514,Shell,1,,,,,
1.514,LR,1,,,,,
1.515,PCA,0.707106781186548,,,,,
1.515,K's tau,0.66006600660066,,,,,
1.515,Winsor,1,,,,,
1.515,Quad,1,,,,,
1.515,Ball,1,,,,,
1.515,Shell,1,,,,,
1.515,LR,1,,,,,
1.516,PCA,0.707106781186548,,,,,
1.516,K's tau,0.659630606860158,,,,,
1.516,Winsor,1,,,,,
1.516,Quad,1,,,,,
1.516,Ball,1,,,,,
1.516,Shell,1,,,,,
1.516,LR,1,,,,,
1.517,PCA,0.707106781186548,,,,,
1.517,K's tau,0.659195781147001,,,,,
1.517,Winsor,1,,,,,
1.517,Quad,1,,,,,
1.517,Ball,1,,,,,
1.517,Shell,1,,,,,
1.517,LR,1,,,,,
1.518,PCA,0.707106781186548,,,,,
1.518,K's tau,0.658761528326746,,,,,
1.518,Winsor,1,,,,,
1.518,Quad,1,,,,,
1.518,Ball,1,,,,,
1.518,Shell,1,,,,,
1.518,LR,1,,,,,
1.519,PCA,0.707106781186548,,,,,
1.519,K's tau,0.658327847267939,,,,,
1.519,Winsor,1,,,,,
1.519,Quad,1,,,,,
1.519,Ball,1,,,,,
1.519,Shell,1,,,,,
1.519,LR,1,,,,,
1.52,PCA,0.707106781186548,,,,,
1.52,K's tau,0.657894736842105,,,,,
1.52,Winsor,1,,,,,
1.52,Quad,1,,,,,
1.52,Ball,1,,,,,
1.52,Shell,1,,,,,
1.52,LR,1,,,,,
1.521,PCA,0.707106781186548,,,,,
1.521,K's tau,0.657462195923734,,,,,
1.521,Winsor,1,,,,,
1.521,Quad,1,,,,,
1.521,Ball,1,,,,,
1.521,Shell,1,,,,,
1.521,LR,1,,,,,
1.522,PCA,0.707106781186548,,,,,
1.522,K's tau,0.657030223390276,,,,,
1.522,Winsor,1,,,,,
1.522,Quad,1,,,,,
1.522,Ball,1,,,,,
1.522,Shell,1,,,,,
1.522,LR,1,,,,,
1.523,PCA,0.707106781186548,,,,,
1.523,K's tau,0.656598818122127,,,,,
1.523,Winsor,1,,,,,
1.523,Quad,1,,,,,
1.523,Ball,1,,,,,
1.523,Shell,1,,,,,
1.523,LR,1,,,,,
1.524,PCA,0.707106781186548,,,,,
1.524,K's tau,0.656167979002625,,,,,
1.524,Winsor,1,,,,,
1.524,Quad,1,,,,,
1.524,Ball,1,,,,,
1.524,Shell,1,,,,,
1.524,LR,1,,,,,
1.525,PCA,0.707106781186548,,,,,
1.525,K's tau,0.655737704918033,,,,,
1.525,Winsor,1,,,,,
1.525,Quad,1,,,,,
1.525,Ball,1,,,,,
1.525,Shell,1,,,,,
1.525,LR,1,,,,,
1.526,PCA,0.707106781186548,,,,,
1.526,K's tau,0.655307994757536,,,,,
1.526,Winsor,1,,,,,
1.526,Quad,1,,,,,
1.526,Ball,1,,,,,
1.526,Shell,1,,,,,
1.526,LR,1,,,,,
1.527,PCA,0.707106781186548,,,,,
1.527,K's tau,0.654878847413229,,,,,
1.527,Winsor,1,,,,,
1.527,Quad,1,,,,,
1.527,Ball,1,,,,,
1.527,Shell,1,,,,,
1.527,LR,1,,,,,
1.528,PCA,0.707106781186548,,,,,
1.528,K's tau,0.654450261780105,,,,,
1.528,Winsor,1,,,,,
1.528,Quad,1,,,,,
1.528,Ball,1,,,,,
1.528,Shell,1,,,,,
1.528,LR,1,,,,,
1.529,PCA,0.707106781186548,,,,,
1.529,K's tau,0.65402223675605,,,,,
1.529,Winsor,1,,,,,
1.529,Quad,1,,,,,
1.529,Ball,1,,,,,
1.529,Shell,1,,,,,
1.529,LR,1,,,,,
1.53,PCA,0.707106781186548,,,,,
1.53,K's tau,0.65359477124183,,,,,
1.53,Winsor,1,,,,,
1.53,Quad,1,,,,,
1.53,Ball,1,,,,,
1.53,Shell,1,,,,,
1.53,LR,1,,,,,
1.531,PCA,0.707106781186548,,,,,
1.531,K's tau,0.653167864141084,,,,,
1.531,Winsor,1,,,,,
1.531,Quad,1,,,,,
1.531,Ball,1,,,,,
1.531,Shell,1,,,,,
1.531,LR,1,,,,,
1.532,PCA,0.707106781186548,,,,,
1.532,K's tau,0.652741514360313,,,,,
1.532,Winsor,1,,,,,
1.532,Quad,1,,,,,
1.532,Ball,1,,,,,
1.532,Shell,1,,,,,
1.532,LR,1,,,,,
1.533,PCA,0.707106781186548,,,,,
1.533,K's tau,0.652315720808872,,,,,
1.533,Winsor,1,,,,,
1.533,Quad,1,,,,,
1.533,Ball,1,,,,,
1.533,Shell,1,,,,,
1.533,LR,1,,,,,
1.534,PCA,0.707106781186548,,,,,
1.534,K's tau,0.651890482398957,,,,,
1.534,Winsor,1,,,,,
1.534,Quad,1,,,,,
1.534,Ball,1,,,,,
1.534,Shell,1,,,,,
1.534,LR,1,,,,,
1.535,PCA,0.707106781186548,,,,,
1.535,K's tau,0.651465798045603,,,,,
1.535,Winsor,1,,,,,
1.535,Quad,1,,,,,
1.535,Ball,1,,,,,
1.535,Shell,1,,,,,
1.535,LR,1,,,,,
1.536,PCA,0.707106781186548,,,,,
1.536,K's tau,0.651041666666667,,,,,
1.536,Winsor,1,,,,,
1.536,Quad,1,,,,,
1.536,Ball,1,,,,,
1.536,Shell,1,,,,,
1.536,LR,1,,,,,
1.537,PCA,0.707106781186548,,,,,
1.537,K's tau,0.650618087182824,,,,,
1.537,Winsor,1,,,,,
1.537,Quad,1,,,,,
1.537,Ball,1,,,,,
1.537,Shell,1,,,,,
1.537,LR,1,,,,,
1.538,PCA,0.707106781186548,,,,,
1.538,K's tau,0.650195058517555,,,,,
1.538,Winsor,1,,,,,
1.538,Quad,1,,,,,
1.538,Ball,1,,,,,
1.538,Shell,1,,,,,
1.538,LR,1,,,,,
1.539,PCA,0.707106781186548,,,,,
1.539,K's tau,0.649772579597141,,,,,
1.539,Winsor,1,,,,,
1.539,Quad,1,,,,,
1.539,Ball,1,,,,,
1.539,Shell,1,,,,,
1.539,LR,1,,,,,
1.54,PCA,0.707106781186548,,,,,
1.54,K's tau,0.649350649350649,,,,,
1.54,Winsor,1,,,,,
1.54,Quad,1,,,,,
1.54,Ball,1,,,,,
1.54,Shell,1,,,,,
1.54,LR,1,,,,,
1.541,PCA,0.707106781186548,,,,,
1.541,K's tau,0.648929266709929,,,,,
1.541,Winsor,1,,,,,
1.541,Quad,1,,,,,
1.541,Ball,1,,,,,
1.541,Shell,1,,,,,
1.541,LR,1,,,,,
1.542,PCA,0.707106781186548,,,,,
1.542,K's tau,0.648508430609598,,,,,
1.542,Winsor,1,,,,,
1.542,Quad,1,,,,,
1.542,Ball,1,,,,,
1.542,Shell,1,,,,,
1.542,LR,1,,,,,
1.543,PCA,0.707106781186548,,,,,
1.543,K's tau,0.648088139987038,,,,,
1.543,Winsor,1,,,,,
1.543,Quad,1,,,,,
1.543,Ball,1,,,,,
1.543,Shell,1,,,,,
1.543,LR,1,,,,,
1.544,PCA,0.707106781186548,,,,,
1.544,K's tau,0.647668393782383,,,,,
1.544,Winsor,1,,,,,
1.544,Quad,1,,,,,
1.544,Ball,1,,,,,
1.544,Shell,1,,,,,
1.544,LR,1,,,,,
1.545,PCA,0.707106781186548,,,,,
1.545,K's tau,0.647249190938511,,,,,
1.545,Winsor,1,,,,,
1.545,Quad,1,,,,,
1.545,Ball,1,,,,,
1.545,Shell,1,,,,,
1.545,LR,1,,,,,
1.546,PCA,0.707106781186548,,,,,
1.546,K's tau,0.646830530401035,,,,,
1.546,Winsor,1,,,,,
1.546,Quad,1,,,,,
1.546,Ball,1,,,,,
1.546,Shell,1,,,,,
1.546,LR,1,,,,,
1.547,PCA,0.707106781186548,,,,,
1.547,K's tau,0.646412411118294,,,,,
1.547,Winsor,1,,,,,
1.547,Quad,1,,,,,
1.547,Ball,1,,,,,
1.547,Shell,1,,,,,
1.547,LR,1,,,,,
1.548,PCA,0.707106781186548,,,,,
1.548,K's tau,0.645994832041344,,,,,
1.548,Winsor,1,,,,,
1.548,Quad,1,,,,,
1.548,Ball,1,,,,,
1.548,Shell,1,,,,,
1.548,LR,1,,,,,
1.549,PCA,0.707106781186548,,,,,
1.549,K's tau,0.645577792123951,,,,,
1.549,Winsor,1,,,,,
1.549,Quad,1,,,,,
1.549,Ball,1,,,,,
1.549,Shell,1,,,,,
1.549,LR,1,,,,,
1.55,PCA,0.707106781186548,,,,,
1.55,K's tau,0.645161290322581,,,,,
1.55,Winsor,1,,,,,
1.55,Quad,1,,,,,
1.55,Ball,1,,,,,
1.55,Shell,1,,,,,
1.55,LR,1,,,,,
1.551,PCA,0.707106781186548,,,,,
1.551,K's tau,0.644745325596389,,,,,
1.551,Winsor,1,,,,,
1.551,Quad,1,,,,,
1.551,Ball,1,,,,,
1.551,Shell,1,,,,,
1.551,LR,1,,,,,
1.552,PCA,0.707106781186548,,,,,
1.552,K's tau,0.644329896907216,,,,,
1.552,Winsor,1,,,,,
1.552,Quad,1,,,,,
1.552,Ball,1,,,,,
1.552,Shell,1,,,,,
1.552,LR,1,,,,,
1.553,PCA,0.707106781186548,,,,,
1.553,K's tau,0.643915003219575,,,,,
1.553,Winsor,1,,,,,
1.553,Quad,1,,,,,
1.553,Ball,1,,,,,
1.553,Shell,1,,,,,
1.553,LR,1,,,,,
1.554,PCA,0.707106781186548,,,,,
1.554,K's tau,0.643500643500644,,,,,
1.554,Winsor,1,,,,,
1.554,Quad,1,,,,,
1.554,Ball,1,,,,,
1.554,Shell,1,,,,,
1.554,LR,1,,,,,
1.555,PCA,0.707106781186548,,,,,
1.555,K's tau,0.643086816720257,,,,,
1.555,Winsor,1,,,,,
1.555,Quad,1,,,,,
1.555,Ball,1,,,,,
1.555,Shell,1,,,,,
1.555,LR,1,,,,,
1.556,PCA,0.707106781186548,,,,,
1.556,K's tau,0.6426735218509,,,,,
1.556,Winsor,1,,,,,
1.556,Quad,1,,,,,
1.556,Ball,1,,,,,
1.556,Shell,1,,,,,
1.556,LR,1,,,,,
1.557,PCA,0.707106781186548,,,,,
1.557,K's tau,0.642260757867694,,,,,
1.557,Winsor,1,,,,,
1.557,Quad,1,,,,,
1.557,Ball,1,,,,,
1.557,Shell,1,,,,,
1.557,LR,1,,,,,
1.558,PCA,0.707106781186548,,,,,
1.558,K's tau,0.641848523748395,,,,,
1.558,Winsor,1,,,,,
1.558,Quad,1,,,,,
1.558,Ball,1,,,,,
1.558,Shell,1,,,,,
1.558,LR,1,,,,,
1.559,PCA,0.707106781186548,,,,,
1.559,K's tau,0.64143681847338,,,,,
1.559,Winsor,1,,,,,
1.559,Quad,1,,,,,
1.559,Ball,1,,,,,
1.559,Shell,1,,,,,
1.559,LR,1,,,,,
1.56,PCA,0.707106781186548,,,,,
1.56,K's tau,0.641025641025641,,,,,
1.56,Winsor,1,,,,,
1.56,Quad,1,,,,,
1.56,Ball,1,,,,,
1.56,Shell,1,,,,,
1.56,LR,1,,,,,
1.561,PCA,0.707106781186548,,,,,
1.561,K's tau,0.640614990390775,,,,,
1.561,Winsor,1,,,,,
1.561,Quad,1,,,,,
1.561,Ball,1,,,,,
1.561,Shell,1,,,,,
1.561,LR,1,,,,,
1.562,PCA,0.707106781186548,,,,,
1.562,K's tau,0.640204865556978,,,,,
1.562,Winsor,1,,,,,
1.562,Quad,1,,,,,
1.562,Ball,1,,,,,
1.562,Shell,1,,,,,
1.562,LR,1,,,,,
1.563,PCA,0.707106781186548,,,,,
1.563,K's tau,0.639795265515035,,,,,
1.563,Winsor,1,,,,,
1.563,Quad,1,,,,,
1.563,Ball,1,,,,,
1.563,Shell,1,,,,,
1.563,LR,1,,,,,
1.564,PCA,0.707106781186548,,,,,
1.564,K's tau,0.639386189258312,,,,,
1.564,Winsor,1,,,,,
1.564,Quad,1,,,,,
1.564,Ball,1,,,,,
1.564,Shell,1,,,,,
1.564,LR,1,,,,,
1.565,PCA,0.707106781186548,,,,,
1.565,K's tau,0.638977635782748,,,,,
1.565,Winsor,1,,,,,
1.565,Quad,1,,,,,
1.565,Ball,1,,,,,
1.565,Shell,1,,,,,
1.565,LR,1,,,,,
1.566,PCA,0.707106781186548,,,,,
1.566,K's tau,0.638569604086846,,,,,
1.566,Winsor,1,,,,,
1.566,Quad,1,,,,,
1.566,Ball,1,,,,,
1.566,Shell,1,,,,,
1.566,LR,1,,,,,
1.567,PCA,0.707106781186548,,,,,
1.567,K's tau,0.638162093171666,,,,,
1.567,Winsor,1,,,,,
1.567,Quad,1,,,,,
1.567,Ball,1,,,,,
1.567,Shell,1,,,,,
1.567,LR,1,,,,,
1.568,PCA,0.707106781186548,,,,,
1.568,K's tau,0.637755102040816,,,,,
1.568,Winsor,1,,,,,
1.568,Quad,1,,,,,
1.568,Ball,1,,,,,
1.568,Shell,1,,,,,
1.568,LR,1,,,,,
1.569,PCA,0.707106781186548,,,,,
1.569,K's tau,0.637348629700446,,,,,
1.569,Winsor,1,,,,,
1.569,Quad,1,,,,,
1.569,Ball,1,,,,,
1.569,Shell,1,,,,,
1.569,LR,1,,,,,
1.57,PCA,0.707106781186548,,,,,
1.57,K's tau,0.636942675159236,,,,,
1.57,Winsor,1,,,,,
1.57,Quad,1,,,,,
1.57,Ball,1,,,,,
1.57,Shell,1,,,,,
1.57,LR,1,,,,,
1.571,PCA,0.707106781186548,,,,,
1.571,K's tau,0.63653723742839,,,,,
1.571,Winsor,1,,,,,
1.571,Quad,1,,,,,
1.571,Ball,1,,,,,
1.571,Shell,1,,,,,
1.571,LR,1,,,,,
1.572,PCA,0.707106781186548,,,,,
1.572,K's tau,0.636132315521629,,,,,
1.572,Winsor,1,,,,,
1.572,Quad,1,,,,,
1.572,Ball,1,,,,,
1.572,Shell,1,,,,,
1.572,LR,1,,,,,
1.573,PCA,0.707106781186548,,,,,
1.573,K's tau,0.635727908455181,,,,,
1.573,Winsor,1,,,,,
1.573,Quad,1,,,,,
1.573,Ball,1,,,,,
1.573,Shell,1,,,,,
1.573,LR,1,,,,,
1.574,PCA,0.707106781186548,,,,,
1.574,K's tau,0.635324015247776,,,,,
1.574,Winsor,1,,,,,
1.574,Quad,1,,,,,
1.574,Ball,1,,,,,
1.574,Shell,1,,,,,
1.574,LR,1,,,,,
1.575,PCA,0.707106781186548,,,,,
1.575,K's tau,0.634920634920635,,,,,
1.575,Winsor,1,,,,,
1.575,Quad,1,,,,,
1.575,Ball,1,,,,,
1.575,Shell,1,,,,,
1.575,LR,1,,,,,
1.576,PCA,0.707106781186548,,,,,
1.576,K's tau,0.634517766497462,,,,,
1.576,Winsor,1,,,,,
1.576,Quad,1,,,,,
1.576,Ball,1,,,,,
1.576,Shell,1,,,,,
1.576,LR,1,,,,,
1.577,PCA,0.707106781186548,,,,,
1.577,K's tau,0.634115409004439,,,,,
1.577,Winsor,1,,,,,
1.577,Quad,1,,,,,
1.577,Ball,1,,,,,
1.577,Shell,1,,,,,
1.577,LR,1,,,,,
1.578,PCA,0.707106781186548,,,,,
1.578,K's tau,0.633713561470215,,,,,
1.578,Winsor,1,,,,,
1.578,Quad,1,,,,,
1.578,Ball,1,,,,,
1.578,Shell,1,,,,,
1.578,LR,1,,,,,
1.579,PCA,0.707106781186548,,,,,
1.579,K's tau,0.633312222925903,,,,,
1.579,Winsor,1,,,,,
1.579,Quad,1,,,,,
1.579,Ball,1,,,,,
1.579,Shell,1,,,,,
1.579,LR,1,,,,,
1.58,PCA,0.707106781186548,,,,,
1.58,K's tau,0.632911392405063,,,,,
1.58,Winsor,1,,,,,
1.58,Quad,1,,,,,
1.58,Ball,1,,,,,
1.58,Shell,1,,,,,
1.58,LR,1,,,,,
1.581,PCA,0.707106781186548,,,,,
1.581,K's tau,0.632511068943707,,,,,
1.581,Winsor,1,,,,,
1.581,Quad,1,,,,,
1.581,Ball,1,,,,,
1.581,Shell,1,,,,,
1.581,LR,1,,,,,
1.582,PCA,0.707106781186548,,,,,
1.582,K's tau,0.632111251580278,,,,,
1.582,Winsor,1,,,,,
1.582,Quad,1,,,,,
1.582,Ball,1,,,,,
1.582,Shell,1,,,,,
1.582,LR,1,,,,,
1.583,PCA,0.707106781186548,,,,,
1.583,K's tau,0.631711939355654,,,,,
1.583,Winsor,1,,,,,
1.583,Quad,1,,,,,
1.583,Ball,1,,,,,
1.583,Shell,1,,,,,
1.583,LR,1,,,,,
1.584,PCA,0.707106781186548,,,,,
1.584,K's tau,0.631313131313131,,,,,
1.584,Winsor,1,,,,,
1.584,Quad,1,,,,,
1.584,Ball,1,,,,,
1.584,Shell,1,,,,,
1.584,LR,1,,,,,
1.585,PCA,0.707106781186548,,,,,
1.585,K's tau,0.630914826498423,,,,,
1.585,Winsor,1,,,,,
1.585,Quad,1,,,,,
1.585,Ball,1,,,,,
1.585,Shell,1,,,,,
1.585,LR,1,,,,,
1.586,PCA,0.707106781186548,,,,,
1.586,K's tau,0.630517023959647,,,,,
1.586,Winsor,1,,,,,
1.586,Quad,1,,,,,
1.586,Ball,1,,,,,
1.586,Shell,1,,,,,
1.586,LR,1,,,,,
1.587,PCA,0.707106781186548,,,,,
1.587,K's tau,0.630119722747322,,,,,
1.587,Winsor,1,,,,,
1.587,Quad,1,,,,,
1.587,Ball,1,,,,,
1.587,Shell,1,,,,,
1.587,LR,1,,,,,
1.588,PCA,0.707106781186548,,,,,
1.588,K's tau,0.629722921914358,,,,,
1.588,Winsor,1,,,,,
1.588,Quad,1,,,,,
1.588,Ball,1,,,,,
1.588,Shell,1,,,,,
1.588,LR,1,,,,,
1.589,PCA,0.707106781186548,,,,,
1.589,K's tau,0.629326620516048,,,,,
1.589,Winsor,1,,,,,
1.589,Quad,1,,,,,
1.589,Ball,1,,,,,
1.589,Shell,1,,,,,
1.589,LR,1,,,,,
1.59,PCA,0.707106781186548,,,,,
1.59,K's tau,0.628930817610063,,,,,
1.59,Winsor,1,,,,,
1.59,Quad,1,,,,,
1.59,Ball,1,,,,,
1.59,Shell,1,,,,,
1.59,LR,1,,,,,
1.591,PCA,0.707106781186548,,,,,
1.591,K's tau,0.628535512256443,,,,,
1.591,Winsor,1,,,,,
1.591,Quad,1,,,,,
1.591,Ball,1,,,,,
1.591,Shell,1,,,,,
1.591,LR,1,,,,,
1.592,PCA,0.707106781186548,,,,,
1.592,K's tau,0.628140703517588,,,,,
1.592,Winsor,1,,,,,
1.592,Quad,1,,,,,
1.592,Ball,1,,,,,
1.592,Shell,1,,,,,
1.592,LR,1,,,,,
1.593,PCA,0.707106781186548,,,,,
1.593,K's tau,0.627746390458255,,,,,
1.593,Winsor,1,,,,,
1.593,Quad,1,,,,,
1.593,Ball,1,,,,,
1.593,Shell,1,,,,,
1.593,LR,1,,,,,
1.594,PCA,0.707106781186548,,,,,
1.594,K's tau,0.627352572145546,,,,,
1.594,Winsor,1,,,,,
1.594,Quad,1,,,,,
1.594,Ball,1,,,,,
1.594,Shell,1,,,,,
1.594,LR,1,,,,,
1.595,PCA,0.707106781186548,,,,,
1.595,K's tau,0.626959247648903,,,,,
1.595,Winsor,1,,,,,
1.595,Quad,1,,,,,
1.595,Ball,1,,,,,
1.595,Shell,1,,,,,
1.595,LR,1,,,,,
1.596,PCA,0.707106781186548,,,,,
1.596,K's tau,0.6265664160401,,,,,
1.596,Winsor,1,,,,,
1.596,Quad,1,,,,,
1.596,Ball,1,,,,,
1.596,Shell,1,,,,,
1.596,LR,1,,,,,
1.597,PCA,0.707106781186548,,,,,
1.597,K's tau,0.626174076393237,,,,,
1.597,Winsor,1,,,,,
1.597,Quad,1,,,,,
1.597,Ball,1,,,,,
1.597,Shell,1,,,,,
1.597,LR,1,,,,,
1.598,PCA,0.707106781186548,,,,,
1.598,K's tau,0.625782227784731,,,,,
1.598,Winsor,1,,,,,
1.598,Quad,1,,,,,
1.598,Ball,1,,,,,
1.598,Shell,1,,,,,
1.598,LR,1,,,,,
1.599,PCA,0.707106781186548,,,,,
1.599,K's tau,0.625390869293308,,,,,
1.599,Winsor,1,,,,,
1.599,Quad,1,,,,,
1.599,Ball,1,,,,,
1.599,Shell,1,,,,,
1.599,LR,1,,,,,
1.6,PCA,0.707106781186548,,,,,
1.6,K's tau,0.625,,,,,
1.6,Winsor,1,,,,,
1.6,Quad,1,,,,,
1.6,Ball,1,,,,,
1.6,Shell,1,,,,,
1.6,LR,1,,,,,
1.601,PCA,0.707106781186548,,,,,
1.601,K's tau,0.624609618988132,,,,,
1.601,Winsor,1,,,,,
1.601,Quad,1,,,,,
1.601,Ball,1,,,,,
1.601,Shell,1,,,,,
1.601,LR,1,,,,,
1.602,PCA,0.707106781186548,,,,,
1.602,K's tau,0.624219725343321,,,,,
1.602,Winsor,1,,,,,
1.602,Quad,1,,,,,
1.602,Ball,1,,,,,
1.602,Shell,1,,,,,
1.602,LR,1,,,,,
1.603,PCA,0.707106781186548,,,,,
1.603,K's tau,0.623830318153462,,,,,
1.603,Winsor,1,,,,,
1.603,Quad,1,,,,,
1.603,Ball,1,,,,,
1.603,Shell,1,,,,,
1.603,LR,1,,,,,
1.604,PCA,0.707106781186548,,,,,
1.604,K's tau,0.623441396508728,,,,,
1.604,Winsor,1,,,,,
1.604,Quad,1,,,,,
1.604,Ball,1,,,,,
1.604,Shell,1,,,,,
1.604,LR,1,,,,,
1.605,PCA,0.707106781186548,,,,,
1.605,K's tau,0.623052959501558,,,,,
1.605,Winsor,1,,,,,
1.605,Quad,1,,,,,
1.605,Ball,1,,,,,
1.605,Shell,1,,,,,
1.605,LR,1,,,,,
1.606,PCA,0.707106781186548,,,,,
1.606,K's tau,0.62266500622665,,,,,
1.606,Winsor,1,,,,,
1.606,Quad,1,,,,,
1.606,Ball,1,,,,,
1.606,Shell,1,,,,,
1.606,LR,1,,,,,
1.607,PCA,0.707106781186548,,,,,
1.607,K's tau,0.622277535780958,,,,,
1.607,Winsor,1,,,,,
1.607,Quad,1,,,,,
1.607,Ball,1,,,,,
1.607,Shell,1,,,,,
1.607,LR,1,,,,,
1.608,PCA,0.707106781186548,,,,,
1.608,K's tau,0.621890547263682,,,,,
1.608,Winsor,1,,,,,
1.608,Quad,1,,,,,
1.608,Ball,1,,,,,
1.608,Shell,1,,,,,
1.608,LR,1,,,,,
1.609,PCA,0.707106781186548,,,,,
1.609,K's tau,0.621504039776259,,,,,
1.609,Winsor,1,,,,,
1.609,Quad,1,,,,,
1.609,Ball,1,,,,,
1.609,Shell,1,,,,,
1.609,LR,1,,,,,
1.61,PCA,0.707106781186548,,,,,
1.61,K's tau,0.62111801242236,,,,,
1.61,Winsor,1,,,,,
1.61,Quad,1,,,,,
1.61,Ball,1,,,,,
1.61,Shell,1,,,,,
1.61,LR,1,,,,,
1.611,PCA,0.707106781186548,,,,,
1.611,K's tau,0.620732464307883,,,,,
1.611,Winsor,1,,,,,
1.611,Quad,1,,,,,
1.611,Ball,1,,,,,
1.611,Shell,1,,,,,
1.611,LR,1,,,,,
1.612,PCA,0.707106781186548,,,,,
1.612,K's tau,0.620347394540943,,,,,
1.612,Winsor,1,,,,,
1.612,Quad,1,,,,,
1.612,Ball,1,,,,,
1.612,Shell,1,,,,,
1.612,LR,1,,,,,
1.613,PCA,0.707106781186548,,,,,
1.613,K's tau,0.619962802231866,,,,,
1.613,Winsor,1,,,,,
1.613,Quad,1,,,,,
1.613,Ball,1,,,,,
1.613,Shell,1,,,,,
1.613,LR,1,,,,,
1.614,PCA,0.707106781186548,,,,,
1.614,K's tau,0.619578686493185,,,,,
1.614,Winsor,1,,,,,
1.614,Quad,1,,,,,
1.614,Ball,1,,,,,
1.614,Shell,1,,,,,
1.614,LR,1,,,,,
1.615,PCA,0.707106781186548,,,,,
1.615,K's tau,0.619195046439629,,,,,
1.615,Winsor,1,,,,,
1.615,Quad,1,,,,,
1.615,Ball,1,,,,,
1.615,Shell,1,,,,,
1.615,LR,1,,,,,
1.616,PCA,0.707106781186548,,,,,
1.616,K's tau,0.618811881188119,,,,,
1.616,Winsor,1,,,,,
1.616,Quad,1,,,,,
1.616,Ball,1,,,,,
1.616,Shell,1,,,,,
1.616,LR,1,,,,,
1.617,PCA,0.707106781186548,,,,,
1.617,K's tau,0.618429189857761,,,,,
1.617,Winsor,1,,,,,
1.617,Quad,1,,,,,
1.617,Ball,1,,,,,
1.617,Shell,1,,,,,
1.617,LR,1,,,,,
1.618,PCA,0.707106781186548,,,,,
1.618,K's tau,0.618046971569839,,,,,
1.618,Winsor,1,,,,,
1.618,Quad,1,,,,,
1.618,Ball,1,,,,,
1.618,Shell,1,,,,,
1.618,LR,1,,,,,
1.619,PCA,0.707106781186548,,,,,
1.619,K's tau,0.617665225447807,,,,,
1.619,Winsor,1,,,,,
1.619,Quad,1,,,,,
1.619,Ball,1,,,,,
1.619,Shell,1,,,,,
1.619,LR,1,,,,,
1.62,PCA,0.707106781186548,,,,,
1.62,K's tau,0.617283950617284,,,,,
1.62,Winsor,1,,,,,
1.62,Quad,1,,,,,
1.62,Ball,1,,,,,
1.62,Shell,1,,,,,
1.62,LR,1,,,,,
1.621,PCA,0.707106781186548,,,,,
1.621,K's tau,0.616903146206046,,,,,
1.621,Winsor,1,,,,,
1.621,Quad,1,,,,,
1.621,Ball,1,,,,,
1.621,Shell,1,,,,,
1.621,LR,1,,,,,
1.622,PCA,0.707106781186548,,,,,
1.622,K's tau,0.61652281134402,,,,,
1.622,Winsor,1,,,,,
1.622,Quad,1,,,,,
1.622,Ball,1,,,,,
1.622,Shell,1,,,,,
1.622,LR,1,,,,,
1.623,PCA,0.707106781186548,,,,,
1.623,K's tau,0.616142945163278,,,,,
1.623,Winsor,1,,,,,
1.623,Quad,1,,,,,
1.623,Ball,1,,,,,
1.623,Shell,1,,,,,
1.623,LR,1,,,,,
1.624,PCA,0.707106781186548,,,,,
1.624,K's tau,0.615763546798029,,,,,
1.624,Winsor,1,,,,,
1.624,Quad,1,,,,,
1.624,Ball,1,,,,,
1.624,Shell,1,,,,,
1.624,LR,1,,,,,
1.625,PCA,0.707106781186548,,,,,
1.625,K's tau,0.615384615384615,,,,,
1.625,Winsor,1,,,,,
1.625,Quad,1,,,,,
1.625,Ball,1,,,,,
1.625,Shell,1,,,,,
1.625,LR,1,,,,,
1.626,PCA,0.707106781186548,,,,,
1.626,K's tau,0.615006150061501,,,,,
1.626,Winsor,1,,,,,
1.626,Quad,1,,,,,
1.626,Ball,1,,,,,
1.626,Shell,1,,,,,
1.626,LR,1,,,,,
1.627,PCA,0.707106781186548,,,,,
1.627,K's tau,0.614628149969269,,,,,
1.627,Winsor,1,,,,,
1.627,Quad,1,,,,,
1.627,Ball,1,,,,,
1.627,Shell,1,,,,,
1.627,LR,1,,,,,
1.628,PCA,0.707106781186548,,,,,
1.628,K's tau,0.614250614250614,,,,,
1.628,Winsor,1,,,,,
1.628,Quad,1,,,,,
1.628,Ball,1,,,,,
1.628,Shell,1,,,,,
1.628,LR,1,,,,,
1.629,PCA,0.707106781186548,,,,,
1.629,K's tau,0.613873542050338,,,,,
1.629,Winsor,1,,,,,
1.629,Quad,1,,,,,
1.629,Ball,1,,,,,
1.629,Shell,1,,,,,
1.629,LR,1,,,,,
1.63,PCA,0.707106781186548,,,,,
1.63,K's tau,0.613496932515337,,,,,
1.63,Winsor,1,,,,,
1.63,Quad,1,,,,,
1.63,Ball,1,,,,,
1.63,Shell,1,,,,,
1.63,LR,1,,,,,
1.631,PCA,0.707106781186548,,,,,
1.631,K's tau,0.613120784794605,,,,,
1.631,Winsor,1,,,,,
1.631,Quad,1,,,,,
1.631,Ball,1,,,,,
1.631,Shell,1,,,,,
1.631,LR,1,,,,,
1.632,PCA,0.707106781186548,,,,,
1.632,K's tau,0.612745098039216,,,,,
1.632,Winsor,1,,,,,
1.632,Quad,1,,,,,
1.632,Ball,1,,,,,
1.632,Shell,1,,,,,
1.632,LR,1,,,,,
1.633,PCA,0.707106781186548,,,,,
1.633,K's tau,0.612369871402327,,,,,
1.633,Winsor,1,,,,,
1.633,Quad,1,,,,,
1.633,Ball,1,,,,,
1.633,Shell,1,,,,,
1.633,LR,1,,,,,
1.634,PCA,0.707106781186548,,,,,
1.634,K's tau,0.611995104039168,,,,,
1.634,Winsor,1,,,,,
1.634,Quad,1,,,,,
1.634,Ball,1,,,,,
1.634,Shell,1,,,,,
1.634,LR,1,,,,,
1.635,PCA,0.707106781186548,,,,,
1.635,K's tau,0.611620795107034,,,,,
1.635,Winsor,1,,,,,
1.635,Quad,1,,,,,
1.635,Ball,1,,,,,
1.635,Shell,1,,,,,
1.635,LR,1,,,,,
1.636,PCA,0.707106781186548,,,,,
1.636,K's tau,0.611246943765281,,,,,
1.636,Winsor,1,,,,,
1.636,Quad,1,,,,,
1.636,Ball,1,,,,,
1.636,Shell,1,,,,,
1.636,LR,1,,,,,
1.637,PCA,0.707106781186548,,,,,
1.637,K's tau,0.610873549175321,,,,,
1.637,Winsor,1,,,,,
1.637,Quad,1,,,,,
1.637,Ball,1,,,,,
1.637,Shell,1,,,,,
1.637,LR,1,,,,,
1.638,PCA,0.707106781186548,,,,,
1.638,K's tau,0.610500610500611,,,,,
1.638,Winsor,1,,,,,
1.638,Quad,1,,,,,
1.638,Ball,1,,,,,
1.638,Shell,1,,,,,
1.638,LR,1,,,,,
1.639,PCA,0.707106781186548,,,,,
1.639,K's tau,0.61012812690665,,,,,
1.639,Winsor,1,,,,,
1.639,Quad,1,,,,,
1.639,Ball,1,,,,,
1.639,Shell,1,,,,,
1.639,LR,1,,,,,
1.64,PCA,0.707106781186548,,,,,
1.64,K's tau,0.609756097560976,,,,,
1.64,Winsor,1,,,,,
1.64,Quad,1,,,,,
1.64,Ball,1,,,,,
1.64,Shell,1,,,,,
1.64,LR,1,,,,,
1.641,PCA,0.707106781186548,,,,,
1.641,K's tau,0.609384521633151,,,,,
1.641,Winsor,1,,,,,
1.641,Quad,1,,,,,
1.641,Ball,1,,,,,
1.641,Shell,1,,,,,
1.641,LR,1,,,,,
1.642,PCA,0.707106781186548,,,,,
1.642,K's tau,0.609013398294762,,,,,
1.642,Winsor,1,,,,,
1.642,Quad,1,,,,,
1.642,Ball,1,,,,,
1.642,Shell,1,,,,,
1.642,LR,1,,,,,
1.643,PCA,0.707106781186548,,,,,
1.643,K's tau,0.608642726719416,,,,,
1.643,Winsor,1,,,,,
1.643,Quad,1,,,,,
1.643,Ball,1,,,,,
1.643,Shell,1,,,,,
1.643,LR,1,,,,,
1.644,PCA,0.707106781186548,,,,,
1.644,K's tau,0.608272506082725,,,,,
1.644,Winsor,1,,,,,
1.644,Quad,1,,,,,
1.644,Ball,1,,,,,
1.644,Shell,1,,,,,
1.644,LR,1,,,,,
1.645,PCA,0.707106781186548,,,,,
1.645,K's tau,0.60790273556231,,,,,
1.645,Winsor,1,,,,,
1.645,Quad,1,,,,,
1.645,Ball,1,,,,,
1.645,Shell,1,,,,,
1.645,LR,1,,,,,
1.646,PCA,0.707106781186548,,,,,
1.646,K's tau,0.607533414337789,,,,,
1.646,Winsor,1,,,,,
1.646,Quad,1,,,,,
1.646,Ball,1,,,,,
1.646,Shell,1,,,,,
1.646,LR,1,,,,,
1.647,PCA,0.707106781186548,,,,,
1.647,K's tau,0.607164541590771,,,,,
1.647,Winsor,1,,,,,
1.647,Quad,1,,,,,
1.647,Ball,1,,,,,
1.647,Shell,1,,,,,
1.647,LR,1,,,,,
1.648,PCA,0.707106781186548,,,,,
1.648,K's tau,0.606796116504854,,,,,
1.648,Winsor,1,,,,,
1.648,Quad,1,,,,,
1.648,Ball,1,,,,,
1.648,Shell,1,,,,,
1.648,LR,1,,,,,
1.649,PCA,0.707106781186548,,,,,
1.649,K's tau,0.606428138265616,,,,,
1.649,Winsor,1,,,,,
1.649,Quad,1,,,,,
1.649,Ball,1,,,,,
1.649,Shell,1,,,,,
1.649,LR,1,,,,,
1.65,PCA,0.707106781186548,,,,,
1.65,K's tau,0.606060606060606,,,,,
1.65,Winsor,1,,,,,
1.65,Quad,1,,,,,
1.65,Ball,1,,,,,
1.65,Shell,1,,,,,
1.65,LR,1,,,,,
1.651,PCA,0.707106781186548,,,,,
1.651,K's tau,0.605693519079346,,,,,
1.651,Winsor,1,,,,,
1.651,Quad,1,,,,,
1.651,Ball,1,,,,,
1.651,Shell,1,,,,,
1.651,LR,1,,,,,
1.652,PCA,0.707106781186548,,,,,
1.652,K's tau,0.605326876513317,,,,,
1.652,Winsor,1,,,,,
1.652,Quad,1,,,,,
1.652,Ball,1,,,,,
1.652,Shell,1,,,,,
1.652,LR,1,,,,,
1.653,PCA,0.707106781186548,,,,,
1.653,K's tau,0.604960677555959,,,,,
1.653,Winsor,1,,,,,
1.653,Quad,1,,,,,
1.653,Ball,1,,,,,
1.653,Shell,1,,,,,
1.653,LR,1,,,,,
1.654,PCA,0.707106781186548,,,,,
1.654,K's tau,0.60459492140266,,,,,
1.654,Winsor,1,,,,,
1.654,Quad,1,,,,,
1.654,Ball,1,,,,,
1.654,Shell,1,,,,,
1.654,LR,1,,,,,
1.655,PCA,0.707106781186548,,,,,
1.655,K's tau,0.604229607250755,,,,,
1.655,Winsor,1,,,,,
1.655,Quad,1,,,,,
1.655,Ball,1,,,,,
1.655,Shell,1,,,,,
1.655,LR,1,,,,,
1.656,PCA,0.707106781186548,,,,,
1.656,K's tau,0.603864734299517,,,,,
1.656,Winsor,1,,,,,
1.656,Quad,1,,,,,
1.656,Ball,1,,,,,
1.656,Shell,1,,,,,
1.656,LR,1,,,,,
1.657,PCA,0.707106781186548,,,,,
1.657,K's tau,0.603500301750151,,,,,
1.657,Winsor,1,,,,,
1.657,Quad,1,,,,,
1.657,Ball,1,,,,,
1.657,Shell,1,,,,,
1.657,LR,1,,,,,
1.658,PCA,0.707106781186548,,,,,
1.658,K's tau,0.60313630880579,,,,,
1.658,Winsor,1,,,,,
1.658,Quad,1,,,,,
1.658,Ball,1,,,,,
1.658,Shell,1,,,,,
1.658,LR,1,,,,,
1.659,PCA,0.707106781186548,,,,,
1.659,K's tau,0.602772754671489,,,,,
1.659,Winsor,1,,,,,
1.659,Quad,1,,,,,
1.659,Ball,1,,,,,
1.659,Shell,1,,,,,
1.659,LR,1,,,,,
1.66,PCA,0.707106781186548,,,,,
1.66,K's tau,0.602409638554217,,,,,
1.66,Winsor,1,,,,,
1.66,Quad,1,,,,,
1.66,Ball,1,,,,,
1.66,Shell,1,,,,,
1.66,LR,1,,,,,
1.661,PCA,0.707106781186548,,,,,
1.661,K's tau,0.602046959662854,,,,,
1.661,Winsor,1,,,,,
1.661,Quad,1,,,,,
1.661,Ball,1,,,,,
1.661,Shell,1,,,,,
1.661,LR,1,,,,,
1.662,PCA,0.707106781186548,,,,,
1.662,K's tau,0.601684717208183,,,,,
1.662,Winsor,1,,,,,
1.662,Quad,1,,,,,
1.662,Ball,1,,,,,
1.662,Shell,1,,,,,
1.662,LR,1,,,,,
1.663,PCA,0.707106781186548,,,,,
1.663,K's tau,0.601322910402886,,,,,
1.663,Winsor,1,,,,,
1.663,Quad,1,,,,,
1.663,Ball,1,,,,,
1.663,Shell,1,,,,,
1.663,LR,1,,,,,
1.664,PCA,0.707106781186548,,,,,
1.664,K's tau,0.600961538461538,,,,,
1.664,Winsor,1,,,,,
1.664,Quad,1,,,,,
1.664,Ball,1,,,,,
1.664,Shell,1,,,,,
1.664,LR,1,,,,,
1.665,PCA,0.707106781186548,,,,,
1.665,K's tau,0.600600600600601,,,,,
1.665,Winsor,1,,,,,
1.665,Quad,1,,,,,
1.665,Ball,1,,,,,
1.665,Shell,1,,,,,
1.665,LR,1,,,,,
1.666,PCA,0.707106781186548,,,,,
1.666,K's tau,0.600240096038415,,,,,
1.666,Winsor,1,,,,,
1.666,Quad,1,,,,,
1.666,Ball,1,,,,,
1.666,Shell,1,,,,,
1.666,LR,1,,,,,
1.667,PCA,0.707106781186548,,,,,
1.667,K's tau,0.599880023995201,,,,,
1.667,Winsor,1,,,,,
1.667,Quad,1,,,,,
1.667,Ball,1,,,,,
1.667,Shell,1,,,,,
1.667,LR,1,,,,,
1.668,PCA,0.707106781186548,,,,,
1.668,K's tau,0.599520383693046,,,,,
1.668,Winsor,1,,,,,
1.668,Quad,1,,,,,
1.668,Ball,1,,,,,
1.668,Shell,1,,,,,
1.668,LR,1,,,,,
1.669,PCA,0.707106781186548,,,,,
1.669,K's tau,0.599161174355902,,,,,
1.669,Winsor,1,,,,,
1.669,Quad,1,,,,,
1.669,Ball,1,,,,,
1.669,Shell,1,,,,,
1.669,LR,1,,,,,
1.67,PCA,0.707106781186548,,,,,
1.67,K's tau,0.598802395209581,,,,,
1.67,Winsor,1,,,,,
1.67,Quad,1,,,,,
1.67,Ball,1,,,,,
1.67,Shell,1,,,,,
1.67,LR,1,,,,,
1.671,PCA,0.707106781186548,,,,,
1.671,K's tau,0.598444045481748,,,,,
1.671,Winsor,1,,,,,
1.671,Quad,1,,,,,
1.671,Ball,1,,,,,
1.671,Shell,1,,,,,
1.671,LR,1,,,,,
1.672,PCA,0.707106781186548,,,,,
1.672,K's tau,0.598086124401914,,,,,
1.672,Winsor,1,,,,,
1.672,Quad,1,,,,,
1.672,Ball,1,,,,,
1.672,Shell,1,,,,,
1.672,LR,1,,,,,
1.673,PCA,0.707106781186548,,,,,
1.673,K's tau,0.597728631201434,,,,,
1.673,Winsor,1,,,,,
1.673,Quad,1,,,,,
1.673,Ball,1,,,,,
1.673,Shell,1,,,,,
1.673,LR,1,,,,,
1.674,PCA,0.707106781186548,,,,,
1.674,K's tau,0.597371565113501,,,,,
1.674,Winsor,1,,,,,
1.674,Quad,1,,,,,
1.674,Ball,1,,,,,
1.674,Shell,1,,,,,
1.674,LR,1,,,,,
1.675,PCA,0.707106781186548,,,,,
1.675,K's tau,0.597014925373134,,,,,
1.675,Winsor,1,,,,,
1.675,Quad,1,,,,,
1.675,Ball,1,,,,,
1.675,Shell,1,,,,,
1.675,LR,1,,,,,
1.676,PCA,0.707106781186548,,,,,
1.676,K's tau,0.596658711217184,,,,,
1.676,Winsor,1,,,,,
1.676,Quad,1,,,,,
1.676,Ball,1,,,,,
1.676,Shell,1,,,,,
1.676,LR,1,,,,,
1.677,PCA,0.707106781186548,,,,,
1.677,K's tau,0.596302921884317,,,,,
1.677,Winsor,1,,,,,
1.677,Quad,1,,,,,
1.677,Ball,1,,,,,
1.677,Shell,1,,,,,
1.677,LR,1,,,,,
1.678,PCA,0.707106781186548,,,,,
1.678,K's tau,0.595947556615018,,,,,
1.678,Winsor,1,,,,,
1.678,Quad,1,,,,,
1.678,Ball,1,,,,,
1.678,Shell,1,,,,,
1.678,LR,1,,,,,
1.679,PCA,0.707106781186548,,,,,
1.679,K's tau,0.595592614651578,,,,,
1.679,Winsor,1,,,,,
1.679,Quad,1,,,,,
1.679,Ball,1,,,,,
1.679,Shell,1,,,,,
1.679,LR,1,,,,,
1.68,PCA,0.707106781186548,,,,,
1.68,K's tau,0.595238095238095,,,,,
1.68,Winsor,1,,,,,
1.68,Quad,1,,,,,
1.68,Ball,1,,,,,
1.68,Shell,1,,,,,
1.68,LR,1,,,,,
1.681,PCA,0.707106781186548,,,,,
1.681,K's tau,0.594883997620464,,,,,
1.681,Winsor,1,,,,,
1.681,Quad,1,,,,,
1.681,Ball,1,,,,,
1.681,Shell,1,,,,,
1.681,LR,1,,,,,
1.682,PCA,0.707106781186548,,,,,
1.682,K's tau,0.594530321046373,,,,,
1.682,Winsor,1,,,,,
1.682,Quad,1,,,,,
1.682,Ball,1,,,,,
1.682,Shell,1,,,,,
1.682,LR,1,,,,,
1.683,PCA,0.707106781186548,,,,,
1.683,K's tau,0.5941770647653,,,,,
1.683,Winsor,1,,,,,
1.683,Quad,1,,,,,
1.683,Ball,1,,,,,
1.683,Shell,1,,,,,
1.683,LR,1,,,,,
1.684,PCA,0.707106781186548,,,,,
1.684,K's tau,0.593824228028504,,,,,
1.684,Winsor,1,,,,,
1.684,Quad,1,,,,,
1.684,Ball,1,,,,,
1.684,Shell,1,,,,,
1.684,LR,1,,,,,
1.685,PCA,0.707106781186548,,,,,
1.685,K's tau,0.593471810089021,,,,,
1.685,Winsor,1,,,,,
1.685,Quad,1,,,,,
1.685,Ball,1,,,,,
1.685,Shell,1,,,,,
1.685,LR,1,,,,,
1.686,PCA,0.707106781186548,,,,,
1.686,K's tau,0.593119810201661,,,,,
1.686,Winsor,1,,,,,
1.686,Quad,1,,,,,
1.686,Ball,1,,,,,
1.686,Shell,1,,,,,
1.686,LR,1,,,,,
1.687,PCA,0.707106781186548,,,,,
1.687,K's tau,0.592768227622999,,,,,
1.687,Winsor,1,,,,,
1.687,Quad,1,,,,,
1.687,Ball,1,,,,,
1.687,Shell,1,,,,,
1.687,LR,1,,,,,
1.688,PCA,0.707106781186548,,,,,
1.688,K's tau,0.592417061611374,,,,,
1.688,Winsor,1,,,,,
1.688,Quad,1,,,,,
1.688,Ball,1,,,,,
1.688,Shell,1,,,,,
1.688,LR,1,,,,,
1.689,PCA,0.707106781186548,,,,,
1.689,K's tau,0.59206631142688,,,,,
1.689,Winsor,1,,,,,
1.689,Quad,1,,,,,
1.689,Ball,1,,,,,
1.689,Shell,1,,,,,
1.689,LR,1,,,,,
1.69,PCA,0.707106781186548,,,,,
1.69,K's tau,0.591715976331361,,,,,
1.69,Winsor,1,,,,,
1.69,Quad,1,,,,,
1.69,Ball,1,,,,,
1.69,Shell,1,,,,,
1.69,LR,1,,,,,
1.691,PCA,0.707106781186548,,,,,
1.691,K's tau,0.591366055588409,,,,,
1.691,Winsor,1,,,,,
1.691,Quad,1,,,,,
1.691,Ball,1,,,,,
1.691,Shell,1,,,,,
1.691,LR,1,,,,,
1.692,PCA,0.707106781186548,,,,,
1.692,K's tau,0.591016548463357,,,,,
1.692,Winsor,1,,,,,
1.692,Quad,1,,,,,
1.692,Ball,1,,,,,
1.692,Shell,1,,,,,
1.692,LR,1,,,,,
1.693,PCA,0.707106781186548,,,,,
1.693,K's tau,0.590667454223272,,,,,
1.693,Winsor,1,,,,,
1.693,Quad,1,,,,,
1.693,Ball,1,,,,,
1.693,Shell,1,,,,,
1.693,LR,1,,,,,
1.694,PCA,0.707106781186548,,,,,
1.694,K's tau,0.590318772136954,,,,,
1.694,Winsor,1,,,,,
1.694,Quad,1,,,,,
1.694,Ball,1,,,,,
1.694,Shell,1,,,,,
1.694,LR,1,,,,,
1.695,PCA,0.707106781186548,,,,,
1.695,K's tau,0.589970501474926,,,,,
1.695,Winsor,1,,,,,
1.695,Quad,1,,,,,
1.695,Ball,1,,,,,
1.695,Shell,1,,,,,
1.695,LR,1,,,,,
1.696,PCA,0.707106781186548,,,,,
1.696,K's tau,0.589622641509434,,,,,
1.696,Winsor,1,,,,,
1.696,Quad,1,,,,,
1.696,Ball,1,,,,,
1.696,Shell,1,,,,,
1.696,LR,1,,,,,
1.697,PCA,0.707106781186548,,,,,
1.697,K's tau,0.589275191514437,,,,,
1.697,Winsor,1,,,,,
1.697,Quad,1,,,,,
1.697,Ball,1,,,,,
1.697,Shell,1,,,,,
1.697,LR,1,,,,,
1.698,PCA,0.707106781186548,,,,,
1.698,K's tau,0.588928150765607,,,,,
1.698,Winsor,1,,,,,
1.698,Quad,1,,,,,
1.698,Ball,1,,,,,
1.698,Shell,1,,,,,
1.698,LR,1,,,,,
1.699,PCA,0.707106781186548,,,,,
1.699,K's tau,0.588581518540318,,,,,
1.699,Winsor,1,,,,,
1.699,Quad,1,,,,,
1.699,Ball,1,,,,,
1.699,Shell,1,,,,,
1.699,LR,1,,,,,
1.7,PCA,0.707106781186548,,,,,
1.7,K's tau,0.588235294117647,,,,,
1.7,Winsor,1,,,,,
1.7,Quad,1,,,,,
1.7,Ball,1,,,,,
1.7,Shell,1,,,,,
1.7,LR,1,,,,,
1.701,PCA,0.707106781186548,,,,,
1.701,K's tau,0.587889476778366,,,,,
1.701,Winsor,1,,,,,
1.701,Quad,1,,,,,
1.701,Ball,1,,,,,
1.701,Shell,1,,,,,
1.701,LR,1,,,,,
1.702,PCA,0.707106781186548,,,,,
1.702,K's tau,0.587544065804935,,,,,
1.702,Winsor,1,,,,,
1.702,Quad,1,,,,,
1.702,Ball,1,,,,,
1.702,Shell,1,,,,,
1.702,LR,1,,,,,
1.703,PCA,0.707106781186548,,,,,
1.703,K's tau,0.587199060481503,,,,,
1.703,Winsor,1,,,,,
1.703,Quad,1,,,,,
1.703,Ball,1,,,,,
1.703,Shell,1,,,,,
1.703,LR,1,,,,,
1.704,PCA,0.707106781186548,,,,,
1.704,K's tau,0.586854460093897,,,,,
1.704,Winsor,1,,,,,
1.704,Quad,1,,,,,
1.704,Ball,1,,,,,
1.704,Shell,1,,,,,
1.704,LR,1,,,,,
1.705,PCA,0.707106781186548,,,,,
1.705,K's tau,0.586510263929619,,,,,
1.705,Winsor,1,,,,,
1.705,Quad,1,,,,,
1.705,Ball,1,,,,,
1.705,Shell,1,,,,,
1.705,LR,1,,,,,
1.706,PCA,0.707106781186548,,,,,
1.706,K's tau,0.586166471277843,,,,,
1.706,Winsor,1,,,,,
1.706,Quad,1,,,,,
1.706,Ball,1,,,,,
1.706,Shell,1,,,,,
1.706,LR,1,,,,,
1.707,PCA,0.707106781186548,,,,,
1.707,K's tau,0.585823081429408,,,,,
1.707,Winsor,1,,,,,
1.707,Quad,1,,,,,
1.707,Ball,1,,,,,
1.707,Shell,1,,,,,
1.707,LR,1,,,,,
1.708,PCA,0.707106781186548,,,,,
1.708,K's tau,0.585480093676815,,,,,
1.708,Winsor,1,,,,,
1.708,Quad,1,,,,,
1.708,Ball,1,,,,,
1.708,Shell,1,,,,,
1.708,LR,1,,,,,
1.709,PCA,0.707106781186548,,,,,
1.709,K's tau,0.585137507314219,,,,,
1.709,Winsor,1,,,,,
1.709,Quad,1,,,,,
1.709,Ball,1,,,,,
1.709,Shell,1,,,,,
1.709,LR,1,,,,,
1.71,PCA,0.707106781186548,,,,,
1.71,K's tau,0.584795321637427,,,,,
1.71,Winsor,1,,,,,
1.71,Quad,1,,,,,
1.71,Ball,1,,,,,
1.71,Shell,1,,,,,
1.71,LR,1,,,,,
1.711,PCA,0.707106781186548,,,,,
1.711,K's tau,0.584453535943893,,,,,
1.711,Winsor,1,,,,,
1.711,Quad,1,,,,,
1.711,Ball,1,,,,,
1.711,Shell,1,,,,,
1.711,LR,1,,,,,
1.712,PCA,0.707106781186548,,,,,
1.712,K's tau,0.58411214953271,,,,,
1.712,Winsor,1,,,,,
1.712,Quad,1,,,,,
1.712,Ball,1,,,,,
1.712,Shell,1,,,,,
1.712,LR,1,,,,,
1.713,PCA,0.707106781186548,,,,,
1.713,K's tau,0.583771161704612,,,,,
1.713,Winsor,1,,,,,
1.713,Quad,1,,,,,
1.713,Ball,1,,,,,
1.713,Shell,1,,,,,
1.713,LR,1,,,,,
1.714,PCA,0.707106781186548,,,,,
1.714,K's tau,0.58343057176196,,,,,
1.714,Winsor,1,,,,,
1.714,Quad,1,,,,,
1.714,Ball,1,,,,,
1.714,Shell,1,,,,,
1.714,LR,1,,,,,
1.715,PCA,0.707106781186548,,,,,
1.715,K's tau,0.583090379008746,,,,,
1.715,Winsor,1,,,,,
1.715,Quad,1,,,,,
1.715,Ball,1,,,,,
1.715,Shell,1,,,,,
1.715,LR,1,,,,,
1.716,PCA,0.707106781186548,,,,,
1.716,K's tau,0.582750582750583,,,,,
1.716,Winsor,1,,,,,
1.716,Quad,1,,,,,
1.716,Ball,1,,,,,
1.716,Shell,1,,,,,
1.716,LR,1,,,,,
1.717,PCA,0.707106781186548,,,,,
1.717,K's tau,0.5824111822947,,,,,
1.717,Winsor,1,,,,,
1.717,Quad,1,,,,,
1.717,Ball,1,,,,,
1.717,Shell,1,,,,,
1.717,LR,1,,,,,
1.718,PCA,0.707106781186548,,,,,
1.718,K's tau,0.582072176949942,,,,,
1.718,Winsor,1,,,,,
1.718,Quad,1,,,,,
1.718,Ball,1,,,,,
1.718,Shell,1,,,,,
1.718,LR,1,,,,,
1.719,PCA,0.707106781186548,,,,,
1.719,K's tau,0.58173356602676,,,,,
1.719,Winsor,1,,,,,
1.719,Quad,1,,,,,
1.719,Ball,1,,,,,
1.719,Shell,1,,,,,
1.719,LR,1,,,,,
1.72,PCA,0.707106781186548,,,,,
1.72,K's tau,0.581395348837209,,,,,
1.72,Winsor,1,,,,,
1.72,Quad,1,,,,,
1.72,Ball,1,,,,,
1.72,Shell,1,,,,,
1.72,LR,1,,,,,
1.721,PCA,0.707106781186548,,,,,
1.721,K's tau,0.581057524694945,,,,,
1.721,Winsor,1,,,,,
1.721,Quad,1,,,,,
1.721,Ball,1,,,,,
1.721,Shell,1,,,,,
1.721,LR,1,,,,,
1.722,PCA,0.707106781186548,,,,,
1.722,K's tau,0.580720092915215,,,,,
1.722,Winsor,1,,,,,
1.722,Quad,1,,,,,
1.722,Ball,1,,,,,
1.722,Shell,1,,,,,
1.722,LR,1,,,,,
1.723,PCA,0.707106781186548,,,,,
1.723,K's tau,0.580383052814858,,,,,
1.723,Winsor,1,,,,,
1.723,Quad,1,,,,,
1.723,Ball,1,,,,,
1.723,Shell,1,,,,,
1.723,LR,1,,,,,
1.724,PCA,0.707106781186548,,,,,
1.724,K's tau,0.580046403712297,,,,,
1.724,Winsor,1,,,,,
1.724,Quad,1,,,,,
1.724,Ball,1,,,,,
1.724,Shell,1,,,,,
1.724,LR,1,,,,,
1.725,PCA,0.707106781186548,,,,,
1.725,K's tau,0.579710144927536,,,,,
1.725,Winsor,1,,,,,
1.725,Quad,1,,,,,
1.725,Ball,1,,,,,
1.725,Shell,1,,,,,
1.725,LR,1,,,,,
1.726,PCA,0.707106781186548,,,,,
1.726,K's tau,0.579374275782155,,,,,
1.726,Winsor,1,,,,,
1.726,Quad,1,,,,,
1.726,Ball,1,,,,,
1.726,Shell,1,,,,,
1.726,LR,1,,,,,
1.727,PCA,0.707106781186548,,,,,
1.727,K's tau,0.579038795599305,,,,,
1.727,Winsor,1,,,,,
1.727,Quad,1,,,,,
1.727,Ball,1,,,,,
1.727,Shell,1,,,,,
1.727,LR,1,,,,,
1.728,PCA,0.707106781186548,,,,,
1.728,K's tau,0.578703703703704,,,,,
1.728,Winsor,1,,,,,
1.728,Quad,1,,,,,
1.728,Ball,1,,,,,
1.728,Shell,1,,,,,
1.728,LR,1,,,,,
1.729,PCA,0.707106781186548,,,,,
1.729,K's tau,0.578368999421631,,,,,
1.729,Winsor,1,,,,,
1.729,Quad,1,,,,,
1.729,Ball,1,,,,,
1.729,Shell,1,,,,,
1.729,LR,1,,,,,
1.73,PCA,0.707106781186548,,,,,
1.73,K's tau,0.578034682080925,,,,,
1.73,Winsor,1,,,,,
1.73,Quad,1,,,,,
1.73,Ball,1,,,,,
1.73,Shell,1,,,,,
1.73,LR,1,,,,,
1.731,PCA,0.707106781186548,,,,,
1.731,K's tau,0.577700751010976,,,,,
1.731,Winsor,1,,,,,
1.731,Quad,1,,,,,
1.731,Ball,1,,,,,
1.731,Shell,1,,,,,
1.731,LR,1,,,,,
1.732,PCA,0.707106781186548,,,,,
1.732,K's tau,0.577367205542725,,,,,
1.732,Winsor,1,,,,,
1.732,Quad,1,,,,,
1.732,Ball,1,,,,,
1.732,Shell,1,,,,,
1.732,LR,1,,,,,
1.733,PCA,0.707106781186548,,,,,
1.733,K's tau,0.577034045008656,,,,,
1.733,Winsor,1,,,,,
1.733,Quad,1,,,,,
1.733,Ball,1,,,,,
1.733,Shell,1,,,,,
1.733,LR,1,,,,,
1.734,PCA,0.707106781186548,,,,,
1.734,K's tau,0.576701268742791,,,,,
1.734,Winsor,1,,,,,
1.734,Quad,1,,,,,
1.734,Ball,1,,,,,
1.734,Shell,1,,,,,
1.734,LR,1,,,,,
1.735,PCA,0.707106781186548,,,,,
1.735,K's tau,0.576368876080692,,,,,
1.735,Winsor,1,,,,,
1.735,Quad,1,,,,,
1.735,Ball,1,,,,,
1.735,Shell,1,,,,,
1.735,LR,1,,,,,
1.736,PCA,0.707106781186548,,,,,
1.736,K's tau,0.576036866359447,,,,,
1.736,Winsor,1,,,,,
1.736,Quad,1,,,,,
1.736,Ball,1,,,,,
1.736,Shell,1,,,,,
1.736,LR,1,,,,,
1.737,PCA,0.707106781186548,,,,,
1.737,K's tau,0.575705238917674,,,,,
1.737,Winsor,1,,,,,
1.737,Quad,1,,,,,
1.737,Ball,1,,,,,
1.737,Shell,1,,,,,
1.737,LR,1,,,,,
1.738,PCA,0.707106781186548,,,,,
1.738,K's tau,0.575373993095512,,,,,
1.738,Winsor,1,,,,,
1.738,Quad,1,,,,,
1.738,Ball,1,,,,,
1.738,Shell,1,,,,,
1.738,LR,1,,,,,
1.739,PCA,0.707106781186548,,,,,
1.739,K's tau,0.575043128234618,,,,,
1.739,Winsor,1,,,,,
1.739,Quad,1,,,,,
1.739,Ball,1,,,,,
1.739,Shell,1,,,,,
1.739,LR,1,,,,,
1.74,PCA,0.707106781186548,,,,,
1.74,K's tau,0.574712643678161,,,,,
1.74,Winsor,1,,,,,
1.74,Quad,1,,,,,
1.74,Ball,1,,,,,
1.74,Shell,1,,,,,
1.74,LR,1,,,,,
1.741,PCA,0.707106781186548,,,,,
1.741,K's tau,0.574382538770821,,,,,
1.741,Winsor,1,,,,,
1.741,Quad,1,,,,,
1.741,Ball,1,,,,,
1.741,Shell,1,,,,,
1.741,LR,1,,,,,
1.742,PCA,0.707106781186548,,,,,
1.742,K's tau,0.574052812858783,,,,,
1.742,Winsor,1,,,,,
1.742,Quad,1,,,,,
1.742,Ball,1,,,,,
1.742,Shell,1,,,,,
1.742,LR,1,,,,,
1.743,PCA,0.707106781186548,,,,,
1.743,K's tau,0.57372346528973,,,,,
1.743,Winsor,1,,,,,
1.743,Quad,1,,,,,
1.743,Ball,1,,,,,
1.743,Shell,1,,,,,
1.743,LR,1,,,,,
1.744,PCA,0.707106781186548,,,,,
1.744,K's tau,0.573394495412844,,,,,
1.744,Winsor,1,,,,,
1.744,Quad,1,,,,,
1.744,Ball,1,,,,,
1.744,Shell,1,,,,,
1.744,LR,1,,,,,
1.745,PCA,0.707106781186548,,,,,
1.745,K's tau,0.573065902578797,,,,,
1.745,Winsor,1,,,,,
1.745,Quad,1,,,,,
1.745,Ball,1,,,,,
1.745,Shell,1,,,,,
1.745,LR,1,,,,,
1.746,PCA,0.707106781186548,,,,,
1.746,K's tau,0.572737686139748,,,,,
1.746,Winsor,1,,,,,
1.746,Quad,1,,,,,
1.746,Ball,1,,,,,
1.746,Shell,1,,,,,
1.746,LR,1,,,,,
1.747,PCA,0.707106781186548,,,,,
1.747,K's tau,0.572409845449342,,,,,
1.747,Winsor,1,,,,,
1.747,Quad,1,,,,,
1.747,Ball,1,,,,,
1.747,Shell,1,,,,,
1.747,LR,1,,,,,
1.748,PCA,0.707106781186548,,,,,
1.748,K's tau,0.5720823798627,,,,,
1.748,Winsor,1,,,,,
1.748,Quad,1,,,,,
1.748,Ball,1,,,,,
1.748,Shell,1,,,,,
1.748,LR,1,,,,,
1.749,PCA,0.707106781186548,,,,,
1.749,K's tau,0.571755288736421,,,,,
1.749,Winsor,1,,,,,
1.749,Quad,1,,,,,
1.749,Ball,1,,,,,
1.749,Shell,1,,,,,
1.749,LR,1,,,,,
1.75,PCA,0.707106781186548,,,,,
1.75,K's tau,0.571428571428571,,,,,
1.75,Winsor,1,,,,,
1.75,Quad,1,,,,,
1.75,Ball,1,,,,,
1.75,Shell,1,,,,,
1.75,LR,1,,,,,
1.751,PCA,0.707106781186548,,,,,
1.751,K's tau,0.571102227298686,,,,,
1.751,Winsor,1,,,,,
1.751,Quad,1,,,,,
1.751,Ball,1,,,,,
1.751,Shell,1,,,,,
1.751,LR,1,,,,,
1.752,PCA,0.707106781186548,,,,,
1.752,K's tau,0.570776255707763,,,,,
1.752,Winsor,1,,,,,
1.752,Quad,1,,,,,
1.752,Ball,1,,,,,
1.752,Shell,1,,,,,
1.752,LR,1,,,,,
1.753,PCA,0.707106781186548,,,,,
1.753,K's tau,0.570450656018254,,,,,
1.753,Winsor,1,,,,,
1.753,Quad,1,,,,,
1.753,Ball,1,,,,,
1.753,Shell,1,,,,,
1.753,LR,1,,,,,
1.754,PCA,0.707106781186548,,,,,
1.754,K's tau,0.570125427594071,,,,,
1.754,Winsor,1,,,,,
1.754,Quad,1,,,,,
1.754,Ball,1,,,,,
1.754,Shell,1,,,,,
1.754,LR,1,,,,,
1.755,PCA,0.707106781186548,,,,,
1.755,K's tau,0.56980056980057,,,,,
1.755,Winsor,1,,,,,
1.755,Quad,1,,,,,
1.755,Ball,1,,,,,
1.755,Shell,1,,,,,
1.755,LR,1,,,,,
1.756,PCA,0.707106781186548,,,,,
1.756,K's tau,0.569476082004556,,,,,
1.756,Winsor,1,,,,,
1.756,Quad,1,,,,,
1.756,Ball,1,,,,,
1.756,Shell,1,,,,,
1.756,LR,1,,,,,
1.757,PCA,0.707106781186548,,,,,
1.757,K's tau,0.569151963574274,,,,,
1.757,Winsor,1,,,,,
1.757,Quad,1,,,,,
1.757,Ball,1,,,,,
1.757,Shell,1,,,,,
1.757,LR,1,,,,,
1.758,PCA,0.707106781186548,,,,,
1.758,K's tau,0.568828213879408,,,,,
1.758,Winsor,1,,,,,
1.758,Quad,1,,,,,
1.758,Ball,1,,,,,
1.758,Shell,1,,,,,
1.758,LR,1,,,,,
1.759,PCA,0.707106781186548,,,,,
1.759,K's tau,0.568504832291074,,,,,
1.759,Winsor,1,,,,,
1.759,Quad,1,,,,,
1.759,Ball,1,,,,,
1.759,Shell,1,,,,,
1.759,LR,1,,,,,
1.76,PCA,0.707106781186548,,,,,
1.76,K's tau,0.568181818181818,,,,,
1.76,Winsor,1,,,,,
1.76,Quad,1,,,,,
1.76,Ball,1,,,,,
1.76,Shell,1,,,,,
1.76,LR,1,,,,,
1.761,PCA,0.707106781186548,,,,,
1.761,K's tau,0.56785917092561,,,,,
1.761,Winsor,1,,,,,
1.761,Quad,1,,,,,
1.761,Ball,1,,,,,
1.761,Shell,1,,,,,
1.761,LR,1,,,,,
1.762,PCA,0.707106781186548,,,,,
1.762,K's tau,0.567536889897843,,,,,
1.762,Winsor,1,,,,,
1.762,Quad,1,,,,,
1.762,Ball,1,,,,,
1.762,Shell,1,,,,,
1.762,LR,1,,,,,
1.763,PCA,0.707106781186548,,,,,
1.763,K's tau,0.567214974475326,,,,,
1.763,Winsor,1,,,,,
1.763,Quad,1,,,,,
1.763,Ball,1,,,,,
1.763,Shell,1,,,,,
1.763,LR,1,,,,,
1.764,PCA,0.707106781186548,,,,,
1.764,K's tau,0.566893424036281,,,,,
1.764,Winsor,1,,,,,
1.764,Quad,1,,,,,
1.764,Ball,1,,,,,
1.764,Shell,1,,,,,
1.764,LR,1,,,,,
1.765,PCA,0.707106781186548,,,,,
1.765,K's tau,0.56657223796034,,,,,
1.765,Winsor,1,,,,,
1.765,Quad,1,,,,,
1.765,Ball,1,,,,,
1.765,Shell,1,,,,,
1.765,LR,1,,,,,
1.766,PCA,0.707106781186548,,,,,
1.766,K's tau,0.566251415628539,,,,,
1.766,Winsor,1,,,,,
1.766,Quad,1,,,,,
1.766,Ball,1,,,,,
1.766,Shell,1,,,,,
1.766,LR,1,,,,,
1.767,PCA,0.707106781186548,,,,,
1.767,K's tau,0.565930956423316,,,,,
1.767,Winsor,1,,,,,
1.767,Quad,1,,,,,
1.767,Ball,1,,,,,
1.767,Shell,1,,,,,
1.767,LR,1,,,,,
1.768,PCA,0.707106781186548,,,,,
1.768,K's tau,0.565610859728507,,,,,
1.768,Winsor,1,,,,,
1.768,Quad,1,,,,,
1.768,Ball,1,,,,,
1.768,Shell,1,,,,,
1.768,LR,1,,,,,
1.769,PCA,0.707106781186548,,,,,
1.769,K's tau,0.565291124929339,,,,,
1.769,Winsor,1,,,,,
1.769,Quad,1,,,,,
1.769,Ball,1,,,,,
1.769,Shell,1,,,,,
1.769,LR,1,,,,,
1.77,PCA,0.707106781186548,,,,,
1.77,K's tau,0.564971751412429,,,,,
1.77,Winsor,1,,,,,
1.77,Quad,1,,,,,
1.77,Ball,1,,,,,
1.77,Shell,1,,,,,
1.77,LR,1,,,,,
1.771,PCA,0.707106781186548,,,,,
1.771,K's tau,0.564652738565782,,,,,
1.771,Winsor,1,,,,,
1.771,Quad,1,,,,,
1.771,Ball,1,,,,,
1.771,Shell,1,,,,,
1.771,LR,1,,,,,
1.772,PCA,0.707106781186548,,,,,
1.772,K's tau,0.564334085778781,,,,,
1.772,Winsor,1,,,,,
1.772,Quad,1,,,,,
1.772,Ball,1,,,,,
1.772,Shell,1,,,,,
1.772,LR,1,,,,,
1.773,PCA,0.707106781186548,,,,,
1.773,K's tau,0.564015792442188,,,,,
1.773,Winsor,1,,,,,
1.773,Quad,1,,,,,
1.773,Ball,1,,,,,
1.773,Shell,1,,,,,
1.773,LR,1,,,,,
1.774,PCA,0.707106781186548,,,,,
1.774,K's tau,0.56369785794814,,,,,
1.774,Winsor,1,,,,,
1.774,Quad,1,,,,,
1.774,Ball,1,,,,,
1.774,Shell,1,,,,,
1.774,LR,1,,,,,
1.775,PCA,0.707106781186548,,,,,
1.775,K's tau,0.563380281690141,,,,,
1.775,Winsor,1,,,,,
1.775,Quad,1,,,,,
1.775,Ball,1,,,,,
1.775,Shell,1,,,,,
1.775,LR,1,,,,,
1.776,PCA,0.707106781186548,,,,,
1.776,K's tau,0.563063063063063,,,,,
1.776,Winsor,1,,,,,
1.776,Quad,1,,,,,
1.776,Ball,1,,,,,
1.776,Shell,1,,,,,
1.776,LR,1,,,,,
1.777,PCA,0.707106781186548,,,,,
1.777,K's tau,0.56274620146314,,,,,
1.777,Winsor,1,,,,,
1.777,Quad,1,,,,,
1.777,Ball,1,,,,,
1.777,Shell,1,,,,,
1.777,LR,1,,,,,
1.778,PCA,0.707106781186548,,,,,
1.778,K's tau,0.562429696287964,,,,,
1.778,Winsor,1,,,,,
1.778,Quad,1,,,,,
1.778,Ball,1,,,,,
1.778,Shell,1,,,,,
1.778,LR,1,,,,,
1.779,PCA,0.707106781186548,,,,,
1.779,K's tau,0.562113546936481,,,,,
1.779,Winsor,1,,,,,
1.779,Quad,1,,,,,
1.779,Ball,1,,,,,
1.779,Shell,1,,,,,
1.779,LR,1,,,,,
1.78,PCA,0.707106781186548,,,,,
1.78,K's tau,0.561797752808989,,,,,
1.78,Winsor,1,,,,,
1.78,Quad,1,,,,,
1.78,Ball,1,,,,,
1.78,Shell,1,,,,,
1.78,LR,1,,,,,
1.781,PCA,0.707106781186548,,,,,
1.781,K's tau,0.561482313307131,,,,,
1.781,Winsor,1,,,,,
1.781,Quad,1,,,,,
1.781,Ball,1,,,,,
1.781,Shell,1,,,,,
1.781,LR,1,,,,,
1.782,PCA,0.707106781186548,,,,,
1.782,K's tau,0.561167227833895,,,,,
1.782,Winsor,1,,,,,
1.782,Quad,1,,,,,
1.782,Ball,1,,,,,
1.782,Shell,1,,,,,
1.782,LR,1,,,,,
1.783,PCA,0.707106781186548,,,,,
1.783,K's tau,0.560852495793606,,,,,
1.783,Winsor,1,,,,,
1.783,Quad,1,,,,,
1.783,Ball,1,,,,,
1.783,Shell,1,,,,,
1.783,LR,1,,,,,
1.784,PCA,0.707106781186548,,,,,
1.784,K's tau,0.560538116591928,,,,,
1.784,Winsor,1,,,,,
1.784,Quad,1,,,,,
1.784,Ball,1,,,,,
1.784,Shell,1,,,,,
1.784,LR,1,,,,,
1.785,PCA,0.707106781186548,,,,,
1.785,K's tau,0.560224089635854,,,,,
1.785,Winsor,1,,,,,
1.785,Quad,1,,,,,
1.785,Ball,1,,,,,
1.785,Shell,1,,,,,
1.785,LR,1,,,,,
1.786,PCA,0.707106781186548,,,,,
1.786,K's tau,0.559910414333707,,,,,
1.786,Winsor,1,,,,,
1.786,Quad,1,,,,,
1.786,Ball,1,,,,,
1.786,Shell,1,,,,,
1.786,LR,1,,,,,
1.787,PCA,0.707106781186548,,,,,
1.787,K's tau,0.559597090095132,,,,,
1.787,Winsor,1,,,,,
1.787,Quad,1,,,,,
1.787,Ball,1,,,,,
1.787,Shell,1,,,,,
1.787,LR,1,,,,,
1.788,PCA,0.707106781186548,,,,,
1.788,K's tau,0.559284116331096,,,,,
1.788,Winsor,1,,,,,
1.788,Quad,1,,,,,
1.788,Ball,1,,,,,
1.788,Shell,1,,,,,
1.788,LR,1,,,,,
1.789,PCA,0.707106781186548,,,,,
1.789,K's tau,0.558971492453885,,,,,
1.789,Winsor,1,,,,,
1.789,Quad,1,,,,,
1.789,Ball,1,,,,,
1.789,Shell,1,,,,,
1.789,LR,1,,,,,
1.79,PCA,0.707106781186548,,,,,
1.79,K's tau,0.558659217877095,,,,,
1.79,Winsor,1,,,,,
1.79,Quad,1,,,,,
1.79,Ball,1,,,,,
1.79,Shell,1,,,,,
1.79,LR,1,,,,,
1.791,PCA,0.707106781186548,,,,,
1.791,K's tau,0.558347292015634,,,,,
1.791,Winsor,1,,,,,
1.791,Quad,1,,,,,
1.791,Ball,1,,,,,
1.791,Shell,1,,,,,
1.791,LR,1,,,,,
1.792,PCA,0.707106781186548,,,,,
1.792,K's tau,0.558035714285714,,,,,
1.792,Winsor,1,,,,,
1.792,Quad,1,,,,,
1.792,Ball,1,,,,,
1.792,Shell,1,,,,,
1.792,LR,1,,,,,
1.793,PCA,0.707106781186548,,,,,
1.793,K's tau,0.557724484104852,,,,,
1.793,Winsor,1,,,,,
1.793,Quad,1,,,,,
1.793,Ball,1,,,,,
1.793,Shell,1,,,,,
1.793,LR,1,,,,,
1.794,PCA,0.707106781186548,,,,,
1.794,K's tau,0.557413600891862,,,,,
1.794,Winsor,1,,,,,
1.794,Quad,1,,,,,
1.794,Ball,1,,,,,
1.794,Shell,1,,,,,
1.794,LR,1,,,,,
1.795,PCA,0.707106781186548,,,,,
1.795,K's tau,0.557103064066852,,,,,
1.795,Winsor,1,,,,,
1.795,Quad,1,,,,,
1.795,Ball,1,,,,,
1.795,Shell,1,,,,,
1.795,LR,1,,,,,
1.796,PCA,0.707106781186548,,,,,
1.796,K's tau,0.556792873051225,,,,,
1.796,Winsor,1,,,,,
1.796,Quad,1,,,,,
1.796,Ball,1,,,,,
1.796,Shell,1,,,,,
1.796,LR,1,,,,,
1.797,PCA,0.707106781186548,,,,,
1.797,K's tau,0.556483027267668,,,,,
1.797,Winsor,1,,,,,
1.797,Quad,1,,,,,
1.797,Ball,1,,,,,
1.797,Shell,1,,,,,
1.797,LR,1,,,,,
1.798,PCA,0.707106781186548,,,,,
1.798,K's tau,0.556173526140156,,,,,
1.798,Winsor,1,,,,,
1.798,Quad,1,,,,,
1.798,Ball,1,,,,,
1.798,Shell,1,,,,,
1.798,LR,1,,,,,
1.799,PCA,0.707106781186548,,,,,
1.799,K's tau,0.555864369093941,,,,,
1.799,Winsor,1,,,,,
1.799,Quad,1,,,,,
1.799,Ball,1,,,,,
1.799,Shell,1,,,,,
1.799,LR,1,,,,,
1.8,PCA,0.707106781186548,,,,,
1.8,K's tau,0.555555555555556,,,,,
1.8,Winsor,1,,,,,
1.8,Quad,1,,,,,
1.8,Ball,1,,,,,
1.8,Shell,1,,,,,
1.8,LR,1,,,,,
1.801,PCA,0.707106781186548,,,,,
1.801,K's tau,0.555247084952804,,,,,
1.801,Winsor,1,,,,,
1.801,Quad,1,,,,,
1.801,Ball,1,,,,,
1.801,Shell,1,,,,,
1.801,LR,1,,,,,
1.802,PCA,0.707106781186548,,,,,
1.802,K's tau,0.554938956714761,,,,,
1.802,Winsor,1,,,,,
1.802,Quad,1,,,,,
1.802,Ball,1,,,,,
1.802,Shell,1,,,,,
1.802,LR,1,,,,,
1.803,PCA,0.707106781186548,,,,,
1.803,K's tau,0.554631170271769,,,,,
1.803,Winsor,1,,,,,
1.803,Quad,1,,,,,
1.803,Ball,1,,,,,
1.803,Shell,1,,,,,
1.803,LR,1,,,,,
1.804,PCA,0.707106781186548,,,,,
1.804,K's tau,0.554323725055432,,,,,
1.804,Winsor,1,,,,,
1.804,Quad,1,,,,,
1.804,Ball,1,,,,,
1.804,Shell,1,,,,,
1.804,LR,1,,,,,
1.805,PCA,0.707106781186548,,,,,
1.805,K's tau,0.554016620498615,,,,,
1.805,Winsor,1,,,,,
1.805,Quad,1,,,,,
1.805,Ball,1,,,,,
1.805,Shell,1,,,,,
1.805,LR,1,,,,,
1.806,PCA,0.707106781186548,,,,,
1.806,K's tau,0.553709856035438,,,,,
1.806,Winsor,1,,,,,
1.806,Quad,1,,,,,
1.806,Ball,1,,,,,
1.806,Shell,1,,,,,
1.806,LR,1,,,,,
1.807,PCA,0.707106781186548,,,,,
1.807,K's tau,0.553403431101273,,,,,
1.807,Winsor,1,,,,,
1.807,Quad,1,,,,,
1.807,Ball,1,,,,,
1.807,Shell,1,,,,,
1.807,LR,1,,,,,
1.808,PCA,0.707106781186548,,,,,
1.808,K's tau,0.553097345132743,,,,,
1.808,Winsor,1,,,,,
1.808,Quad,1,,,,,
1.808,Ball,1,,,,,
1.808,Shell,1,,,,,
1.808,LR,1,,,,,
1.809,PCA,0.707106781186548,,,,,
1.809,K's tau,0.552791597567717,,,,,
1.809,Winsor,1,,,,,
1.809,Quad,1,,,,,
1.809,Ball,1,,,,,
1.809,Shell,1,,,,,
1.809,LR,1,,,,,
1.81,PCA,0.707106781186548,,,,,
1.81,K's tau,0.552486187845304,,,,,
1.81,Winsor,1,,,,,
1.81,Quad,1,,,,,
1.81,Ball,1,,,,,
1.81,Shell,1,,,,,
1.81,LR,1,,,,,
1.811,PCA,0.707106781186548,,,,,
1.811,K's tau,0.552181115405853,,,,,
1.811,Winsor,1,,,,,
1.811,Quad,1,,,,,
1.811,Ball,1,,,,,
1.811,Shell,1,,,,,
1.811,LR,1,,,,,
1.812,PCA,0.707106781186548,,,,,
1.812,K's tau,0.551876379690949,,,,,
1.812,Winsor,1,,,,,
1.812,Quad,1,,,,,
1.812,Ball,1,,,,,
1.812,Shell,1,,,,,
1.812,LR,1,,,,,
1.813,PCA,0.707106781186548,,,,,
1.813,K's tau,0.551571980143409,,,,,
1.813,Winsor,1,,,,,
1.813,Quad,1,,,,,
1.813,Ball,1,,,,,
1.813,Shell,1,,,,,
1.813,LR,1,,,,,
1.814,PCA,0.707106781186548,,,,,
1.814,K's tau,0.551267916207277,,,,,
1.814,Winsor,1,,,,,
1.814,Quad,1,,,,,
1.814,Ball,1,,,,,
1.814,Shell,1,,,,,
1.814,LR,1,,,,,
1.815,PCA,0.707106781186548,,,,,
1.815,K's tau,0.550964187327824,,,,,
1.815,Winsor,1,,,,,
1.815,Quad,1,,,,,
1.815,Ball,1,,,,,
1.815,Shell,1,,,,,
1.815,LR,1,,,,,
1.816,PCA,0.707106781186548,,,,,
1.816,K's tau,0.550660792951542,,,,,
1.816,Winsor,1,,,,,
1.816,Quad,1,,,,,
1.816,Ball,1,,,,,
1.816,Shell,1,,,,,
1.816,LR,1,,,,,
1.817,PCA,0.707106781186548,,,,,
1.817,K's tau,0.550357732526142,,,,,
1.817,Winsor,1,,,,,
1.817,Quad,1,,,,,
1.817,Ball,1,,,,,
1.817,Shell,1,,,,,
1.817,LR,1,,,,,
1.818,PCA,0.707106781186548,,,,,
1.818,K's tau,0.55005500550055,,,,,
1.818,Winsor,1,,,,,
1.818,Quad,1,,,,,
1.818,Ball,1,,,,,
1.818,Shell,1,,,,,
1.818,LR,1,,,,,
1.819,PCA,0.707106781186548,,,,,
1.819,K's tau,0.549752611324904,,,,,
1.819,Winsor,1,,,,,
1.819,Quad,1,,,,,
1.819,Ball,1,,,,,
1.819,Shell,1,,,,,
1.819,LR,1,,,,,
1.82,PCA,0.707106781186548,,,,,
1.82,K's tau,0.549450549450549,,,,,
1.82,Winsor,1,,,,,
1.82,Quad,1,,,,,
1.82,Ball,1,,,,,
1.82,Shell,1,,,,,
1.82,LR,1,,,,,
1.821,PCA,0.707106781186548,,,,,
1.821,K's tau,0.549148819330038,,,,,
1.821,Winsor,1,,,,,
1.821,Quad,1,,,,,
1.821,Ball,1,,,,,
1.821,Shell,1,,,,,
1.821,LR,1,,,,,
1.822,PCA,0.707106781186548,,,,,
1.822,K's tau,0.548847420417124,,,,,
1.822,Winsor,1,,,,,
1.822,Quad,1,,,,,
1.822,Ball,1,,,,,
1.822,Shell,1,,,,,
1.822,LR,1,,,,,
1.823,PCA,0.707106781186548,,,,,
1.823,K's tau,0.548546352166758,,,,,
1.823,Winsor,1,,,,,
1.823,Quad,1,,,,,
1.823,Ball,1,,,,,
1.823,Shell,1,,,,,
1.823,LR,1,,,,,
1.824,PCA,0.707106781186548,,,,,
1.824,K's tau,0.548245614035088,,,,,
1.824,Winsor,1,,,,,
1.824,Quad,1,,,,,
1.824,Ball,1,,,,,
1.824,Shell,1,,,,,
1.824,LR,1,,,,,
1.825,PCA,0.707106781186548,,,,,
1.825,K's tau,0.547945205479452,,,,,
1.825,Winsor,1,,,,,
1.825,Quad,1,,,,,
1.825,Ball,1,,,,,
1.825,Shell,1,,,,,
1.825,LR,1,,,,,
1.826,PCA,0.707106781186548,,,,,
1.826,K's tau,0.547645125958379,,,,,
1.826,Winsor,1,,,,,
1.826,Quad,1,,,,,
1.826,Ball,1,,,,,
1.826,Shell,1,,,,,
1.826,LR,1,,,,,
1.827,PCA,0.707106781186548,,,,,
1.827,K's tau,0.547345374931582,,,,,
1.827,Winsor,1,,,,,
1.827,Quad,1,,,,,
1.827,Ball,1,,,,,
1.827,Shell,1,,,,,
1.827,LR,1,,,,,
1.828,PCA,0.707106781186548,,,,,
1.828,K's tau,0.547045951859956,,,,,
1.828,Winsor,1,,,,,
1.828,Quad,1,,,,,
1.828,Ball,1,,,,,
1.828,Shell,1,,,,,
1.828,LR,1,,,,,
1.829,PCA,0.707106781186548,,,,,
1.829,K's tau,0.546746856205577,,,,,
1.829,Winsor,1,,,,,
1.829,Quad,1,,,,,
1.829,Ball,1,,,,,
1.829,Shell,1,,,,,
1.829,LR,1,,,,,
1.83,PCA,0.707106781186548,,,,,
1.83,K's tau,0.546448087431694,,,,,
1.83,Winsor,1,,,,,
1.83,Quad,1,,,,,
1.83,Ball,1,,,,,
1.83,Shell,1,,,,,
1.83,LR,1,,,,,
1.831,PCA,0.707106781186548,,,,,
1.831,K's tau,0.546149645002731,,,,,
1.831,Winsor,1,,,,,
1.831,Quad,1,,,,,
1.831,Ball,1,,,,,
1.831,Shell,1,,,,,
1.831,LR,1,,,,,
1.832,PCA,0.707106781186548,,,,,
1.832,K's tau,0.545851528384279,,,,,
1.832,Winsor,1,,,,,
1.832,Quad,1,,,,,
1.832,Ball,1,,,,,
1.832,Shell,1,,,,,
1.832,LR,1,,,,,
1.833,PCA,0.707106781186548,,,,,
1.833,K's tau,0.545553737043099,,,,,
1.833,Winsor,1,,,,,
1.833,Quad,1,,,,,
1.833,Ball,1,,,,,
1.833,Shell,1,,,,,
1.833,LR,1,,,,,
1.834,PCA,0.707106781186548,,,,,
1.834,K's tau,0.54525627044711,,,,,
1.834,Winsor,1,,,,,
1.834,Quad,1,,,,,
1.834,Ball,1,,,,,
1.834,Shell,1,,,,,
1.834,LR,1,,,,,
1.835,PCA,0.707106781186548,,,,,
1.835,K's tau,0.544959128065395,,,,,
1.835,Winsor,1,,,,,
1.835,Quad,1,,,,,
1.835,Ball,1,,,,,
1.835,Shell,1,,,,,
1.835,LR,1,,,,,
1.836,PCA,0.707106781186548,,,,,
1.836,K's tau,0.544662309368192,,,,,
1.836,Winsor,1,,,,,
1.836,Quad,1,,,,,
1.836,Ball,1,,,,,
1.836,Shell,1,,,,,
1.836,LR,1,,,,,
1.837,PCA,0.707106781186548,,,,,
1.837,K's tau,0.544365813826892,,,,,
1.837,Winsor,1,,,,,
1.837,Quad,1,,,,,
1.837,Ball,1,,,,,
1.837,Shell,1,,,,,
1.837,LR,1,,,,,
1.838,PCA,0.707106781186548,,,,,
1.838,K's tau,0.544069640914037,,,,,
1.838,Winsor,1,,,,,
1.838,Quad,1,,,,,
1.838,Ball,1,,,,,
1.838,Shell,1,,,,,
1.838,LR,1,,,,,
1.839,PCA,0.707106781186548,,,,,
1.839,K's tau,0.543773790103317,,,,,
1.839,Winsor,1,,,,,
1.839,Quad,1,,,,,
1.839,Ball,1,,,,,
1.839,Shell,1,,,,,
1.839,LR,1,,,,,
1.84,PCA,0.707106781186548,,,,,
1.84,K's tau,0.543478260869565,,,,,
1.84,Winsor,1,,,,,
1.84,Quad,1,,,,,
1.84,Ball,1,,,,,
1.84,Shell,1,,,,,
1.84,LR,1,,,,,
1.841,PCA,0.707106781186548,,,,,
1.841,K's tau,0.543183052688756,,,,,
1.841,Winsor,1,,,,,
1.841,Quad,1,,,,,
1.841,Ball,1,,,,,
1.841,Shell,1,,,,,
1.841,LR,1,,,,,
1.842,PCA,0.707106781186548,,,,,
1.842,K's tau,0.542888165038002,,,,,
1.842,Winsor,1,,,,,
1.842,Quad,1,,,,,
1.842,Ball,1,,,,,
1.842,Shell,1,,,,,
1.842,LR,1,,,,,
1.843,PCA,0.707106781186548,,,,,
1.843,K's tau,0.542593597395551,,,,,
1.843,Winsor,1,,,,,
1.843,Quad,1,,,,,
1.843,Ball,1,,,,,
1.843,Shell,1,,,,,
1.843,LR,1,,,,,
1.844,PCA,0.707106781186548,,,,,
1.844,K's tau,0.542299349240781,,,,,
1.844,Winsor,1,,,,,
1.844,Quad,1,,,,,
1.844,Ball,1,,,,,
1.844,Shell,1,,,,,
1.844,LR,1,,,,,
1.845,PCA,0.707106781186548,,,,,
1.845,K's tau,0.542005420054201,,,,,
1.845,Winsor,1,,,,,
1.845,Quad,1,,,,,
1.845,Ball,1,,,,,
1.845,Shell,1,,,,,
1.845,LR,1,,,,,
1.846,PCA,0.707106781186548,,,,,
1.846,K's tau,0.541711809317443,,,,,
1.846,Winsor,1,,,,,
1.846,Quad,1,,,,,
1.846,Ball,1,,,,,
1.846,Shell,1,,,,,
1.846,LR,1,,,,,
1.847,PCA,0.707106781186548,,,,,
1.847,K's tau,0.541418516513265,,,,,
1.847,Winsor,1,,,,,
1.847,Quad,1,,,,,
1.847,Ball,1,,,,,
1.847,Shell,1,,,,,
1.847,LR,1,,,,,
1.848,PCA,0.707106781186548,,,,,
1.848,K's tau,0.541125541125541,,,,,
1.848,Winsor,1,,,,,
1.848,Quad,1,,,,,
1.848,Ball,1,,,,,
1.848,Shell,1,,,,,
1.848,LR,1,,,,,
1.849,PCA,0.707106781186548,,,,,
1.849,K's tau,0.540832882639264,,,,,
1.849,Winsor,1,,,,,
1.849,Quad,1,,,,,
1.849,Ball,1,,,,,
1.849,Shell,1,,,,,
1.849,LR,1,,,,,
1.85,PCA,0.707106781186548,,,,,
1.85,K's tau,0.54054054054054,,,,,
1.85,Winsor,1,,,,,
1.85,Quad,1,,,,,
1.85,Ball,1,,,,,
1.85,Shell,1,,,,,
1.85,LR,1,,,,,
1.851,PCA,0.707106781186548,,,,,
1.851,K's tau,0.540248514316586,,,,,
1.851,Winsor,1,,,,,
1.851,Quad,1,,,,,
1.851,Ball,1,,,,,
1.851,Shell,1,,,,,
1.851,LR,1,,,,,
1.852,PCA,0.707106781186548,,,,,
1.852,K's tau,0.539956803455724,,,,,
1.852,Winsor,1,,,,,
1.852,Quad,1,,,,,
1.852,Ball,1,,,,,
1.852,Shell,1,,,,,
1.852,LR,1,,,,,
1.853,PCA,0.707106781186548,,,,,
1.853,K's tau,0.539665407447383,,,,,
1.853,Winsor,1,,,,,
1.853,Quad,1,,,,,
1.853,Ball,1,,,,,
1.853,Shell,1,,,,,
1.853,LR,1,,,,,
1.854,PCA,0.707106781186548,,,,,
1.854,K's tau,0.539374325782093,,,,,
1.854,Winsor,1,,,,,
1.854,Quad,1,,,,,
1.854,Ball,1,,,,,
1.854,Shell,1,,,,,
1.854,LR,1,,,,,
1.855,PCA,0.707106781186548,,,,,
1.855,K's tau,0.539083557951483,,,,,
1.855,Winsor,1,,,,,
1.855,Quad,1,,,,,
1.855,Ball,1,,,,,
1.855,Shell,1,,,,,
1.855,LR,1,,,,,
1.856,PCA,0.707106781186548,,,,,
1.856,K's tau,0.538793103448276,,,,,
1.856,Winsor,1,,,,,
1.856,Quad,1,,,,,
1.856,Ball,1,,,,,
1.856,Shell,1,,,,,
1.856,LR,1,,,,,
1.857,PCA,0.707106781186548,,,,,
1.857,K's tau,0.53850296176629,,,,,
1.857,Winsor,1,,,,,
1.857,Quad,1,,,,,
1.857,Ball,1,,,,,
1.857,Shell,1,,,,,
1.857,LR,1,,,,,
1.858,PCA,0.707106781186548,,,,,
1.858,K's tau,0.538213132400431,,,,,
1.858,Winsor,1,,,,,
1.858,Quad,1,,,,,
1.858,Ball,1,,,,,
1.858,Shell,1,,,,,
1.858,LR,1,,,,,
1.859,PCA,0.707106781186548,,,,,
1.859,K's tau,0.537923614846692,,,,,
1.859,Winsor,1,,,,,
1.859,Quad,1,,,,,
1.859,Ball,1,,,,,
1.859,Shell,1,,,,,
1.859,LR,1,,,,,
1.86,PCA,0.707106781186548,,,,,
1.86,K's tau,0.537634408602151,,,,,
1.86,Winsor,1,,,,,
1.86,Quad,1,,,,,
1.86,Ball,1,,,,,
1.86,Shell,1,,,,,
1.86,LR,1,,,,,
1.861,PCA,0.707106781186548,,,,,
1.861,K's tau,0.537345513164965,,,,,
1.861,Winsor,1,,,,,
1.861,Quad,1,,,,,
1.861,Ball,1,,,,,
1.861,Shell,1,,,,,
1.861,LR,1,,,,,
1.862,PCA,0.707106781186548,,,,,
1.862,K's tau,0.537056928034372,,,,,
1.862,Winsor,1,,,,,
1.862,Quad,1,,,,,
1.862,Ball,1,,,,,
1.862,Shell,1,,,,,
1.862,LR,1,,,,,
1.863,PCA,0.707106781186548,,,,,
1.863,K's tau,0.536768652710682,,,,,
1.863,Winsor,1,,,,,
1.863,Quad,1,,,,,
1.863,Ball,1,,,,,
1.863,Shell,1,,,,,
1.863,LR,1,,,,,
1.864,PCA,0.707106781186548,,,,,
1.864,K's tau,0.536480686695279,,,,,
1.864,Winsor,1,,,,,
1.864,Quad,1,,,,,
1.864,Ball,1,,,,,
1.864,Shell,1,,,,,
1.864,LR,1,,,,,
1.865,PCA,0.707106781186548,,,,,
1.865,K's tau,0.536193029490617,,,,,
1.865,Winsor,1,,,,,
1.865,Quad,1,,,,,
1.865,Ball,1,,,,,
1.865,Shell,1,,,,,
1.865,LR,1,,,,,
1.866,PCA,0.707106781186548,,,,,
1.866,K's tau,0.535905680600214,,,,,
1.866,Winsor,1,,,,,
1.866,Quad,1,,,,,
1.866,Ball,1,,,,,
1.866,Shell,1,,,,,
1.866,LR,1,,,,,
1.867,PCA,0.707106781186548,,,,,
1.867,K's tau,0.535618639528656,,,,,
1.867,Winsor,1,,,,,
1.867,Quad,1,,,,,
1.867,Ball,1,,,,,
1.867,Shell,1,,,,,
1.867,LR,1,,,,,
1.868,PCA,0.707106781186548,,,,,
1.868,K's tau,0.535331905781585,,,,,
1.868,Winsor,1,,,,,
1.868,Quad,1,,,,,
1.868,Ball,1,,,,,
1.868,Shell,1,,,,,
1.868,LR,1,,,,,
1.869,PCA,0.707106781186548,,,,,
1.869,K's tau,0.535045478865704,,,,,
1.869,Winsor,1,,,,,
1.869,Quad,1,,,,,
1.869,Ball,1,,,,,
1.869,Shell,1,,,,,
1.869,LR,1,,,,,
1.87,PCA,0.707106781186548,,,,,
1.87,K's tau,0.53475935828877,,,,,
1.87,Winsor,1,,,,,
1.87,Quad,1,,,,,
1.87,Ball,1,,,,,
1.87,Shell,1,,,,,
1.87,LR,1,,,,,
1.871,PCA,0.707106781186548,,,,,
1.871,K's tau,0.534473543559594,,,,,
1.871,Winsor,1,,,,,
1.871,Quad,1,,,,,
1.871,Ball,1,,,,,
1.871,Shell,1,,,,,
1.871,LR,1,,,,,
1.872,PCA,0.707106781186548,,,,,
1.872,K's tau,0.534188034188034,,,,,
1.872,Winsor,1,,,,,
1.872,Quad,1,,,,,
1.872,Ball,1,,,,,
1.872,Shell,1,,,,,
1.872,LR,1,,,,,
1.873,PCA,0.707106781186548,,,,,
1.873,K's tau,0.533902829684997,,,,,
1.873,Winsor,1,,,,,
1.873,Quad,1,,,,,
1.873,Ball,1,,,,,
1.873,Shell,1,,,,,
1.873,LR,1,,,,,
1.874,PCA,0.707106781186548,,,,,
1.874,K's tau,0.533617929562433,,,,,
1.874,Winsor,1,,,,,
1.874,Quad,1,,,,,
1.874,Ball,1,,,,,
1.874,Shell,1,,,,,
1.874,LR,1,,,,,
1.875,PCA,0.707106781186548,,,,,
1.875,K's tau,0.533333333333333,,,,,
1.875,Winsor,1,,,,,
1.875,Quad,1,,,,,
1.875,Ball,1,,,,,
1.875,Shell,1,,,,,
1.875,LR,1,,,,,
1.876,PCA,0.707106781186548,,,,,
1.876,K's tau,0.533049040511727,,,,,
1.876,Winsor,1,,,,,
1.876,Quad,1,,,,,
1.876,Ball,1,,,,,
1.876,Shell,1,,,,,
1.876,LR,1,,,,,
1.877,PCA,0.707106781186548,,,,,
1.877,K's tau,0.53276505061268,,,,,
1.877,Winsor,1,,,,,
1.877,Quad,1,,,,,
1.877,Ball,1,,,,,
1.877,Shell,1,,,,,
1.877,LR,1,,,,,
1.878,PCA,0.707106781186548,,,,,
1.878,K's tau,0.53248136315229,,,,,
1.878,Winsor,1,,,,,
1.878,Quad,1,,,,,
1.878,Ball,1,,,,,
1.878,Shell,1,,,,,
1.878,LR,1,,,,,
1.879,PCA,0.707106781186548,,,,,
1.879,K's tau,0.532197977647685,,,,,
1.879,Winsor,1,,,,,
1.879,Quad,1,,,,,
1.879,Ball,1,,,,,
1.879,Shell,1,,,,,
1.879,LR,1,,,,,
1.88,PCA,0.707106781186548,,,,,
1.88,K's tau,0.531914893617021,,,,,
1.88,Winsor,1,,,,,
1.88,Quad,1,,,,,
1.88,Ball,1,,,,,
1.88,Shell,1,,,,,
1.88,LR,1,,,,,
1.881,PCA,0.707106781186548,,,,,
1.881,K's tau,0.531632110579479,,,,,
1.881,Winsor,1,,,,,
1.881,Quad,1,,,,,
1.881,Ball,1,,,,,
1.881,Shell,1,,,,,
1.881,LR,1,,,,,
1.882,PCA,0.707106781186548,,,,,
1.882,K's tau,0.53134962805526,,,,,
1.882,Winsor,1,,,,,
1.882,Quad,1,,,,,
1.882,Ball,1,,,,,
1.882,Shell,1,,,,,
1.882,LR,1,,,,,
1.883,PCA,0.707106781186548,,,,,
1.883,K's tau,0.531067445565587,,,,,
1.883,Winsor,1,,,,,
1.883,Quad,1,,,,,
1.883,Ball,1,,,,,
1.883,Shell,1,,,,,
1.883,LR,1,,,,,
1.884,PCA,0.707106781186548,,,,,
1.884,K's tau,0.530785562632696,,,,,
1.884,Winsor,1,,,,,
1.884,Quad,1,,,,,
1.884,Ball,1,,,,,
1.884,Shell,1,,,,,
1.884,LR,1,,,,,
1.885,PCA,0.707106781186548,,,,,
1.885,K's tau,0.530503978779841,,,,,
1.885,Winsor,1,,,,,
1.885,Quad,1,,,,,
1.885,Ball,1,,,,,
1.885,Shell,1,,,,,
1.885,LR,1,,,,,
1.886,PCA,0.707106781186548,,,,,
1.886,K's tau,0.530222693531283,,,,,
1.886,Winsor,1,,,,,
1.886,Quad,1,,,,,
1.886,Ball,1,,,,,
1.886,Shell,1,,,,,
1.886,LR,1,,,,,
1.887,PCA,0.707106781186548,,,,,
1.887,K's tau,0.529941706412295,,,,,
1.887,Winsor,1,,,,,
1.887,Quad,1,,,,,
1.887,Ball,1,,,,,
1.887,Shell,1,,,,,
1.887,LR,1,,,,,
1.888,PCA,0.707106781186548,,,,,
1.888,K's tau,0.529661016949152,,,,,
1.888,Winsor,1,,,,,
1.888,Quad,1,,,,,
1.888,Ball,1,,,,,
1.888,Shell,1,,,,,
1.888,LR,1,,,,,
1.889,PCA,0.707106781186548,,,,,
1.889,K's tau,0.529380624669137,,,,,
1.889,Winsor,1,,,,,
1.889,Quad,1,,,,,
1.889,Ball,1,,,,,
1.889,Shell,1,,,,,
1.889,LR,1,,,,,
1.89,PCA,0.707106781186548,,,,,
1.89,K's tau,0.529100529100529,,,,,
1.89,Winsor,1,,,,,
1.89,Quad,1,,,,,
1.89,Ball,1,,,,,
1.89,Shell,1,,,,,
1.89,LR,1,,,,,
1.891,PCA,0.707106781186548,,,,,
1.891,K's tau,0.528820729772607,,,,,
1.891,Winsor,1,,,,,
1.891,Quad,1,,,,,
1.891,Ball,1,,,,,
1.891,Shell,1,,,,,
1.891,LR,1,,,,,
1.892,PCA,0.707106781186548,,,,,
1.892,K's tau,0.528541226215645,,,,,
1.892,Winsor,1,,,,,
1.892,Quad,1,,,,,
1.892,Ball,1,,,,,
1.892,Shell,1,,,,,
1.892,LR,1,,,,,
1.893,PCA,0.707106781186548,,,,,
1.893,K's tau,0.528262017960909,,,,,
1.893,Winsor,1,,,,,
1.893,Quad,1,,,,,
1.893,Ball,1,,,,,
1.893,Shell,1,,,,,
1.893,LR,1,,,,,
1.894,PCA,0.707106781186548,,,,,
1.894,K's tau,0.527983104540655,,,,,
1.894,Winsor,1,,,,,
1.894,Quad,1,,,,,
1.894,Ball,1,,,,,
1.894,Shell,1,,,,,
1.894,LR,1,,,,,
1.895,PCA,0.707106781186548,,,,,
1.895,K's tau,0.527704485488127,,,,,
1.895,Winsor,1,,,,,
1.895,Quad,1,,,,,
1.895,Ball,1,,,,,
1.895,Shell,1,,,,,
1.895,LR,1,,,,,
1.896,PCA,0.707106781186548,,,,,
1.896,K's tau,0.527426160337553,,,,,
1.896,Winsor,1,,,,,
1.896,Quad,1,,,,,
1.896,Ball,1,,,,,
1.896,Shell,1,,,,,
1.896,LR,1,,,,,
1.897,PCA,0.707106781186548,,,,,
1.897,K's tau,0.527148128624143,,,,,
1.897,Winsor,1,,,,,
1.897,Quad,1,,,,,
1.897,Ball,1,,,,,
1.897,Shell,1,,,,,
1.897,LR,1,,,,,
1.898,PCA,0.707106781186548,,,,,
1.898,K's tau,0.526870389884089,,,,,
1.898,Winsor,1,,,,,
1.898,Quad,1,,,,,
1.898,Ball,1,,,,,
1.898,Shell,1,,,,,
1.898,LR,1,,,,,
1.899,PCA,0.707106781186548,,,,,
1.899,K's tau,0.526592943654555,,,,,
1.899,Winsor,1,,,,,
1.899,Quad,1,,,,,
1.899,Ball,1,,,,,
1.899,Shell,1,,,,,
1.899,LR,1,,,,,
1.9,PCA,0.707106781186548,,,,,
1.9,K's tau,0.526315789473684,,,,,
1.9,Winsor,1,,,,,
1.9,Quad,1,,,,,
1.9,Ball,1,,,,,
1.9,Shell,1,,,,,
1.9,LR,1,,,,,
1.901,PCA,0.707106781186548,,,,,
1.901,K's tau,0.526038926880589,,,,,
1.901,Winsor,1,,,,,
1.901,Quad,1,,,,,
1.901,Ball,1,,,,,
1.901,Shell,1,,,,,
1.901,LR,1,,,,,
1.902,PCA,0.707106781186548,,,,,
1.902,K's tau,0.525762355415352,,,,,
1.902,Winsor,1,,,,,
1.902,Quad,1,,,,,
1.902,Ball,1,,,,,
1.902,Shell,1,,,,,
1.902,LR,1,,,,,
1.903,PCA,0.707106781186548,,,,,
1.903,K's tau,0.525486074619023,,,,,
1.903,Winsor,1,,,,,
1.903,Quad,1,,,,,
1.903,Ball,1,,,,,
1.903,Shell,1,,,,,
1.903,LR,1,,,,,
1.904,PCA,0.707106781186548,,,,,
1.904,K's tau,0.525210084033613,,,,,
1.904,Winsor,1,,,,,
1.904,Quad,1,,,,,
1.904,Ball,1,,,,,
1.904,Shell,1,,,,,
1.904,LR,1,,,,,
1.905,PCA,0.707106781186548,,,,,
1.905,K's tau,0.5249343832021,,,,,
1.905,Winsor,1,,,,,
1.905,Quad,1,,,,,
1.905,Ball,1,,,,,
1.905,Shell,1,,,,,
1.905,LR,1,,,,,
1.906,PCA,0.707106781186548,,,,,
1.906,K's tau,0.524658971668416,,,,,
1.906,Winsor,1,,,,,
1.906,Quad,1,,,,,
1.906,Ball,1,,,,,
1.906,Shell,1,,,,,
1.906,LR,1,,,,,
1.907,PCA,0.707106781186548,,,,,
1.907,K's tau,0.524383848977451,,,,,
1.907,Winsor,1,,,,,
1.907,Quad,1,,,,,
1.907,Ball,1,,,,,
1.907,Shell,1,,,,,
1.907,LR,1,,,,,
1.908,PCA,0.707106781186548,,,,,
1.908,K's tau,0.524109014675052,,,,,
1.908,Winsor,1,,,,,
1.908,Quad,1,,,,,
1.908,Ball,1,,,,,
1.908,Shell,1,,,,,
1.908,LR,1,,,,,
1.909,PCA,0.707106781186548,,,,,
1.909,K's tau,0.523834468308015,,,,,
1.909,Winsor,1,,,,,
1.909,Quad,1,,,,,
1.909,Ball,1,,,,,
1.909,Shell,1,,,,,
1.909,LR,1,,,,,
1.91,PCA,0.707106781186548,,,,,
1.91,K's tau,0.523560209424084,,,,,
1.91,Winsor,1,,,,,
1.91,Quad,1,,,,,
1.91,Ball,1,,,,,
1.91,Shell,1,,,,,
1.91,LR,1,,,,,
1.911,PCA,0.707106781186548,,,,,
1.911,K's tau,0.523286237571952,,,,,
1.911,Winsor,1,,,,,
1.911,Quad,1,,,,,
1.911,Ball,1,,,,,
1.911,Shell,1,,,,,
1.911,LR,1,,,,,
1.912,PCA,0.707106781186548,,,,,
1.912,K's tau,0.523012552301255,,,,,
1.912,Winsor,1,,,,,
1.912,Quad,1,,,,,
1.912,Ball,1,,,,,
1.912,Shell,1,,,,,
1.912,LR,1,,,,,
1.913,PCA,0.707106781186548,,,,,
1.913,K's tau,0.522739153162572,,,,,
1.913,Winsor,1,,,,,
1.913,Quad,1,,,,,
1.913,Ball,1,,,,,
1.913,Shell,1,,,,,
1.913,LR,1,,,,,
1.914,PCA,0.707106781186548,,,,,
1.914,K's tau,0.522466039707419,,,,,
1.914,Winsor,1,,,,,
1.914,Quad,1,,,,,
1.914,Ball,1,,,,,
1.914,Shell,1,,,,,
1.914,LR,1,,,,,
1.915,PCA,0.707106781186548,,,,,
1.915,K's tau,0.522193211488251,,,,,
1.915,Winsor,1,,,,,
1.915,Quad,1,,,,,
1.915,Ball,1,,,,,
1.915,Shell,1,,,,,
1.915,LR,1,,,,,
1.916,PCA,0.707106781186548,,,,,
1.916,K's tau,0.521920668058455,,,,,
1.916,Winsor,1,,,,,
1.916,Quad,1,,,,,
1.916,Ball,1,,,,,
1.916,Shell,1,,,,,
1.916,LR,1,,,,,
1.917,PCA,0.707106781186548,,,,,
1.917,K's tau,0.521648408972353,,,,,
1.917,Winsor,1,,,,,
1.917,Quad,1,,,,,
1.917,Ball,1,,,,,
1.917,Shell,1,,,,,
1.917,LR,1,,,,,
1.918,PCA,0.707106781186548,,,,,
1.918,K's tau,0.521376433785193,,,,,
1.918,Winsor,1,,,,,
1.918,Quad,1,,,,,
1.918,Ball,1,,,,,
1.918,Shell,1,,,,,
1.918,LR,1,,,,,
1.919,PCA,0.707106781186548,,,,,
1.919,K's tau,0.521104742053153,,,,,
1.919,Winsor,1,,,,,
1.919,Quad,1,,,,,
1.919,Ball,1,,,,,
1.919,Shell,1,,,,,
1.919,LR,1,,,,,
1.92,PCA,0.707106781186548,,,,,
1.92,K's tau,0.520833333333333,,,,,
1.92,Winsor,1,,,,,
1.92,Quad,1,,,,,
1.92,Ball,1,,,,,
1.92,Shell,1,,,,,
1.92,LR,1,,,,,
1.921,PCA,0.707106781186548,,,,,
1.921,K's tau,0.520562207183759,,,,,
1.921,Winsor,1,,,,,
1.921,Quad,1,,,,,
1.921,Ball,1,,,,,
1.921,Shell,1,,,,,
1.921,LR,1,,,,,
1.922,PCA,0.707106781186548,,,,,
1.922,K's tau,0.520291363163372,,,,,
1.922,Winsor,1,,,,,
1.922,Quad,1,,,,,
1.922,Ball,1,,,,,
1.922,Shell,1,,,,,
1.922,LR,1,,,,,
1.923,PCA,0.707106781186548,,,,,
1.923,K's tau,0.520020800832033,,,,,
1.923,Winsor,1,,,,,
1.923,Quad,1,,,,,
1.923,Ball,1,,,,,
1.923,Shell,1,,,,,
1.923,LR,1,,,,,
1.924,PCA,0.707106781186548,,,,,
1.924,K's tau,0.51975051975052,,,,,
1.924,Winsor,1,,,,,
1.924,Quad,1,,,,,
1.924,Ball,1,,,,,
1.924,Shell,1,,,,,
1.924,LR,1,,,,,
1.925,PCA,0.707106781186548,,,,,
1.925,K's tau,0.51948051948052,,,,,
1.925,Winsor,1,,,,,
1.925,Quad,1,,,,,
1.925,Ball,1,,,,,
1.925,Shell,1,,,,,
1.925,LR,1,,,,,
1.926,PCA,0.707106781186548,,,,,
1.926,K's tau,0.519210799584631,,,,,
1.926,Winsor,1,,,,,
1.926,Quad,1,,,,,
1.926,Ball,1,,,,,
1.926,Shell,1,,,,,
1.926,LR,1,,,,,
1.927,PCA,0.707106781186548,,,,,
1.927,K's tau,0.518941359626362,,,,,
1.927,Winsor,1,,,,,
1.927,Quad,1,,,,,
1.927,Ball,1,,,,,
1.927,Shell,1,,,,,
1.927,LR,1,,,,,
1.928,PCA,0.707106781186548,,,,,
1.928,K's tau,0.518672199170124,,,,,
1.928,Winsor,1,,,,,
1.928,Quad,1,,,,,
1.928,Ball,1,,,,,
1.928,Shell,1,,,,,
1.928,LR,1,,,,,
1.929,PCA,0.707106781186548,,,,,
1.929,K's tau,0.518403317781234,,,,,
1.929,Winsor,1,,,,,
1.929,Quad,1,,,,,
1.929,Ball,1,,,,,
1.929,Shell,1,,,,,
1.929,LR,1,,,,,
1.93,PCA,0.707106781186548,,,,,
1.93,K's tau,0.518134715025907,,,,,
1.93,Winsor,1,,,,,
1.93,Quad,1,,,,,
1.93,Ball,1,,,,,
1.93,Shell,1,,,,,
1.93,LR,1,,,,,
1.931,PCA,0.707106781186548,,,,,
1.931,K's tau,0.517866390471258,,,,,
1.931,Winsor,1,,,,,
1.931,Quad,1,,,,,
1.931,Ball,1,,,,,
1.931,Shell,1,,,,,
1.931,LR,1,,,,,
1.932,PCA,0.707106781186548,,,,,
1.932,K's tau,0.5175983436853,,,,,
1.932,Winsor,1,,,,,
1.932,Quad,1,,,,,
1.932,Ball,1,,,,,
1.932,Shell,1,,,,,
1.932,LR,1,,,,,
1.933,PCA,0.707106781186548,,,,,
1.933,K's tau,0.517330574236937,,,,,
1.933,Winsor,1,,,,,
1.933,Quad,1,,,,,
1.933,Ball,1,,,,,
1.933,Shell,1,,,,,
1.933,LR,1,,,,,
1.934,PCA,0.707106781186548,,,,,
1.934,K's tau,0.517063081695967,,,,,
1.934,Winsor,1,,,,,
1.934,Quad,1,,,,,
1.934,Ball,1,,,,,
1.934,Shell,1,,,,,
1.934,LR,1,,,,,
1.935,PCA,0.707106781186548,,,,,
1.935,K's tau,0.516795865633075,,,,,
1.935,Winsor,1,,,,,
1.935,Quad,1,,,,,
1.935,Ball,1,,,,,
1.935,Shell,1,,,,,
1.935,LR,1,,,,,
1.936,PCA,0.707106781186548,,,,,
1.936,K's tau,0.516528925619835,,,,,
1.936,Winsor,1,,,,,
1.936,Quad,1,,,,,
1.936,Ball,1,,,,,
1.936,Shell,1,,,,,
1.936,LR,1,,,,,
1.937,PCA,0.707106781186548,,,,,
1.937,K's tau,0.516262261228704,,,,,
1.937,Winsor,1,,,,,
1.937,Quad,1,,,,,
1.937,Ball,1,,,,,
1.937,Shell,1,,,,,
1.937,LR,1,,,,,
1.938,PCA,0.707106781186548,,,,,
1.938,K's tau,0.515995872033024,,,,,
1.938,Winsor,1,,,,,
1.938,Quad,1,,,,,
1.938,Ball,1,,,,,
1.938,Shell,1,,,,,
1.938,LR,1,,,,,
1.939,PCA,0.707106781186548,,,,,
1.939,K's tau,0.515729757607014,,,,,
1.939,Winsor,1,,,,,
1.939,Quad,1,,,,,
1.939,Ball,1,,,,,
1.939,Shell,1,,,,,
1.939,LR,1,,,,,
1.94,PCA,0.707106781186548,,,,,
1.94,K's tau,0.515463917525773,,,,,
1.94,Winsor,1,,,,,
1.94,Quad,1,,,,,
1.94,Ball,1,,,,,
1.94,Shell,1,,,,,
1.94,LR,1,,,,,
1.941,PCA,0.707106781186548,,,,,
1.941,K's tau,0.515198351365276,,,,,
1.941,Winsor,1,,,,,
1.941,Quad,1,,,,,
1.941,Ball,1,,,,,
1.941,Shell,1,,,,,
1.941,LR,1,,,,,
1.942,PCA,0.707106781186548,,,,,
1.942,K's tau,0.514933058702369,,,,,
1.942,Winsor,1,,,,,
1.942,Quad,1,,,,,
1.942,Ball,1,,,,,
1.942,Shell,1,,,,,
1.942,LR,1,,,,,
1.943,PCA,0.707106781186548,,,,,
1.943,K's tau,0.514668039114771,,,,,
1.943,Winsor,1,,,,,
1.943,Quad,1,,,,,
1.943,Ball,1,,,,,
1.943,Shell,1,,,,,
1.943,LR,1,,,,,
1.944,PCA,0.707106781186548,,,,,
1.944,K's tau,0.51440329218107,,,,,
1.944,Winsor,1,,,,,
1.944,Quad,1,,,,,
1.944,Ball,1,,,,,
1.944,Shell,1,,,,,
1.944,LR,1,,,,,
1.945,PCA,0.707106781186548,,,,,
1.945,K's tau,0.51413881748072,,,,,
1.945,Winsor,1,,,,,
1.945,Quad,1,,,,,
1.945,Ball,1,,,,,
1.945,Shell,1,,,,,
1.945,LR,1,,,,,
1.946,PCA,0.707106781186548,,,,,
1.946,K's tau,0.513874614594039,,,,,
1.946,Winsor,1,,,,,
1.946,Quad,1,,,,,
1.946,Ball,1,,,,,
1.946,Shell,1,,,,,
1.946,LR,1,,,,,
1.947,PCA,0.707106781186548,,,,,
1.947,K's tau,0.513610683102209,,,,,
1.947,Winsor,1,,,,,
1.947,Quad,1,,,,,
1.947,Ball,1,,,,,
1.947,Shell,1,,,,,
1.947,LR,1,,,,,
1.948,PCA,0.707106781186548,,,,,
1.948,K's tau,0.513347022587269,,,,,
1.948,Winsor,1,,,,,
1.948,Quad,1,,,,,
1.948,Ball,1,,,,,
1.948,Shell,1,,,,,
1.948,LR,1,,,,,
1.949,PCA,0.707106781186548,,,,,
1.949,K's tau,0.513083632632119,,,,,
1.949,Winsor,1,,,,,
1.949,Quad,1,,,,,
1.949,Ball,1,,,,,
1.949,Shell,1,,,,,
1.949,LR,1,,,,,
1.95,PCA,0.707106781186548,,,,,
1.95,K's tau,0.512820512820513,,,,,
1.95,Winsor,1,,,,,
1.95,Quad,1,,,,,
1.95,Ball,1,,,,,
1.95,Shell,1,,,,,
1.95,LR,1,,,,,
1.951,PCA,0.707106781186548,,,,,
1.951,K's tau,0.512557662737058,,,,,
1.951,Winsor,1,,,,,
1.951,Quad,1,,,,,
1.951,Ball,1,,,,,
1.951,Shell,1,,,,,
1.951,LR,1,,,,,
1.952,PCA,0.707106781186548,,,,,
1.952,K's tau,0.512295081967213,,,,,
1.952,Winsor,1,,,,,
1.952,Quad,1,,,,,
1.952,Ball,1,,,,,
1.952,Shell,1,,,,,
1.952,LR,1,,,,,
1.953,PCA,0.707106781186548,,,,,
1.953,K's tau,0.512032770097286,,,,,
1.953,Winsor,1,,,,,
1.953,Quad,1,,,,,
1.953,Ball,1,,,,,
1.953,Shell,1,,,,,
1.953,LR,1,,,,,
1.954,PCA,0.707106781186548,,,,,
1.954,K's tau,0.511770726714432,,,,,
1.954,Winsor,1,,,,,
1.954,Quad,1,,,,,
1.954,Ball,1,,,,,
1.954,Shell,1,,,,,
1.954,LR,1,,,,,
1.955,PCA,0.707106781186548,,,,,
1.955,K's tau,0.51150895140665,,,,,
1.955,Winsor,1,,,,,
1.955,Quad,1,,,,,
1.955,Ball,1,,,,,
1.955,Shell,1,,,,,
1.955,LR,1,,,,,
1.956,PCA,0.707106781186548,,,,,
1.956,K's tau,0.511247443762781,,,,,
1.956,Winsor,1,,,,,
1.956,Quad,1,,,,,
1.956,Ball,1,,,,,
1.956,Shell,1,,,,,
1.956,LR,1,,,,,
1.957,PCA,0.707106781186548,,,,,
1.957,K's tau,0.510986203372509,,,,,
1.957,Winsor,1,,,,,
1.957,Quad,1,,,,,
1.957,Ball,1,,,,,
1.957,Shell,1,,,,,
1.957,LR,1,,,,,
1.958,PCA,0.707106781186548,,,,,
1.958,K's tau,0.510725229826353,,,,,
1.958,Winsor,1,,,,,
1.958,Quad,1,,,,,
1.958,Ball,1,,,,,
1.958,Shell,1,,,,,
1.958,LR,1,,,,,
1.959,PCA,0.707106781186548,,,,,
1.959,K's tau,0.510464522715671,,,,,
1.959,Winsor,1,,,,,
1.959,Quad,1,,,,,
1.959,Ball,1,,,,,
1.959,Shell,1,,,,,
1.959,LR,1,,,,,
1.96,PCA,0.707106781186548,,,,,
1.96,K's tau,0.510204081632653,,,,,
1.96,Winsor,1,,,,,
1.96,Quad,1,,,,,
1.96,Ball,1,,,,,
1.96,Shell,1,,,,,
1.96,LR,1,,,,,
1.961,PCA,0.707106781186548,,,,,
1.961,K's tau,0.509943906170321,,,,,
1.961,Winsor,1,,,,,
1.961,Quad,1,,,,,
1.961,Ball,1,,,,,
1.961,Shell,1,,,,,
1.961,LR,1,,,,,
1.962,PCA,0.707106781186548,,,,,
1.962,K's tau,0.509683995922528,,,,,
1.962,Winsor,1,,,,,
1.962,Quad,1,,,,,
1.962,Ball,1,,,,,
1.962,Shell,1,,,,,
1.962,LR,1,,,,,
1.963,PCA,0.707106781186548,,,,,
1.963,K's tau,0.509424350483953,,,,,
1.963,Winsor,1,,,,,
1.963,Quad,1,,,,,
1.963,Ball,1,,,,,
1.963,Shell,1,,,,,
1.963,LR,1,,,,,
1.964,PCA,0.707106781186548,,,,,
1.964,K's tau,0.509164969450102,,,,,
1.964,Winsor,1,,,,,
1.964,Quad,1,,,,,
1.964,Ball,1,,,,,
1.964,Shell,1,,,,,
1.964,LR,1,,,,,
1.965,PCA,0.707106781186548,,,,,
1.965,K's tau,0.508905852417303,,,,,
1.965,Winsor,1,,,,,
1.965,Quad,1,,,,,
1.965,Ball,1,,,,,
1.965,Shell,1,,,,,
1.965,LR,1,,,,,
1.966,PCA,0.707106781186548,,,,,
1.966,K's tau,0.508646998982706,,,,,
1.966,Winsor,1,,,,,
1.966,Quad,1,,,,,
1.966,Ball,1,,,,,
1.966,Shell,1,,,,,
1.966,LR,1,,,,,
1.967,PCA,0.707106781186548,,,,,
1.967,K's tau,0.508388408744281,,,,,
1.967,Winsor,1,,,,,
1.967,Quad,1,,,,,
1.967,Ball,1,,,,,
1.967,Shell,1,,,,,
1.967,LR,1,,,,,
1.968,PCA,0.707106781186548,,,,,
1.968,K's tau,0.508130081300813,,,,,
1.968,Winsor,1,,,,,
1.968,Quad,1,,,,,
1.968,Ball,1,,,,,
1.968,Shell,1,,,,,
1.968,LR,1,,,,,
1.969,PCA,0.707106781186548,,,,,
1.969,K's tau,0.507872016251905,,,,,
1.969,Winsor,1,,,,,
1.969,Quad,1,,,,,
1.969,Ball,1,,,,,
1.969,Shell,1,,,,,
1.969,LR,1,,,,,
1.97,PCA,0.707106781186548,,,,,
1.97,K's tau,0.50761421319797,,,,,
1.97,Winsor,1,,,,,
1.97,Quad,1,,,,,
1.97,Ball,1,,,,,
1.97,Shell,1,,,,,
1.97,LR,1,,,,,
1.971,PCA,0.707106781186548,,,,,
1.971,K's tau,0.507356671740233,,,,,
1.971,Winsor,1,,,,,
1.971,Quad,1,,,,,
1.971,Ball,1,,,,,
1.971,Shell,1,,,,,
1.971,LR,1,,,,,
1.972,PCA,0.707106781186548,,,,,
1.972,K's tau,0.50709939148073,,,,,
1.972,Winsor,1,,,,,
1.972,Quad,1,,,,,
1.972,Ball,1,,,,,
1.972,Shell,1,,,,,
1.972,LR,1,,,,,
1.973,PCA,0.707106781186548,,,,,
1.973,K's tau,0.506842372022301,,,,,
1.973,Winsor,1,,,,,
1.973,Quad,1,,,,,
1.973,Ball,1,,,,,
1.973,Shell,1,,,,,
1.973,LR,1,,,,,
1.974,PCA,0.707106781186548,,,,,
1.974,K's tau,0.506585612968592,,,,,
1.974,Winsor,1,,,,,
1.974,Quad,1,,,,,
1.974,Ball,1,,,,,
1.974,Shell,1,,,,,
1.974,LR,1,,,,,
1.975,PCA,0.707106781186548,,,,,
1.975,K's tau,0.506329113924051,,,,,
1.975,Winsor,1,,,,,
1.975,Quad,1,,,,,
1.975,Ball,1,,,,,
1.975,Shell,1,,,,,
1.975,LR,1,,,,,
1.976,PCA,0.707106781186548,,,,,
1.976,K's tau,0.506072874493927,,,,,
1.976,Winsor,1,,,,,
1.976,Quad,1,,,,,
1.976,Ball,1,,,,,
1.976,Shell,1,,,,,
1.976,LR,1,,,,,
1.977,PCA,0.707106781186548,,,,,
1.977,K's tau,0.505816894284269,,,,,
1.977,Winsor,1,,,,,
1.977,Quad,1,,,,,
1.977,Ball,1,,,,,
1.977,Shell,1,,,,,
1.977,LR,1,,,,,
1.978,PCA,0.707106781186548,,,,,
1.978,K's tau,0.505561172901921,,,,,
1.978,Winsor,1,,,,,
1.978,Quad,1,,,,,
1.978,Ball,1,,,,,
1.978,Shell,1,,,,,
1.978,LR,1,,,,,
1.979,PCA,0.707106781186548,,,,,
1.979,K's tau,0.505305709954523,,,,,
1.979,Winsor,1,,,,,
1.979,Quad,1,,,,,
1.979,Ball,1,,,,,
1.979,Shell,1,,,,,
1.979,LR,1,,,,,
1.98,PCA,0.707106781186548,,,,,
1.98,K's tau,0.505050505050505,,,,,
1.98,Winsor,1,,,,,
1.98,Quad,1,,,,,
1.98,Ball,1,,,,,
1.98,Shell,1,,,,,
1.98,LR,1,,,,,
1.981,PCA,0.707106781186548,,,,,
1.981,K's tau,0.504795557799091,,,,,
1.981,Winsor,1,,,,,
1.981,Quad,1,,,,,
1.981,Ball,1,,,,,
1.981,Shell,1,,,,,
1.981,LR,1,,,,,
1.982,PCA,0.707106781186548,,,,,
1.982,K's tau,0.504540867810293,,,,,
1.982,Winsor,1,,,,,
1.982,Quad,1,,,,,
1.982,Ball,1,,,,,
1.982,Shell,1,,,,,
1.982,LR,1,,,,,
1.983,PCA,0.707106781186548,,,,,
1.983,K's tau,0.504286434694907,,,,,
1.983,Winsor,1,,,,,
1.983,Quad,1,,,,,
1.983,Ball,1,,,,,
1.983,Shell,1,,,,,
1.983,LR,1,,,,,
1.984,PCA,0.707106781186548,,,,,
1.984,K's tau,0.504032258064516,,,,,
1.984,Winsor,1,,,,,
1.984,Quad,1,,,,,
1.984,Ball,1,,,,,
1.984,Shell,1,,,,,
1.984,LR,1,,,,,
1.985,PCA,0.707106781186548,,,,,
1.985,K's tau,0.503778337531486,,,,,
1.985,Winsor,1,,,,,
1.985,Quad,1,,,,,
1.985,Ball,1,,,,,
1.985,Shell,1,,,,,
1.985,LR,1,,,,,
1.986,PCA,0.707106781186548,,,,,
1.986,K's tau,0.503524672708963,,,,,
1.986,Winsor,1,,,,,
1.986,Quad,1,,,,,
1.986,Ball,1,,,,,
1.986,Shell,1,,,,,
1.986,LR,1,,,,,
1.987,PCA,0.707106781186548,,,,,
1.987,K's tau,0.503271263210871,,,,,
1.987,Winsor,1,,,,,
1.987,Quad,1,,,,,
1.987,Ball,1,,,,,
1.987,Shell,1,,,,,
1.987,LR,1,,,,,
1.988,PCA,0.707106781186548,,,,,
1.988,K's tau,0.503018108651911,,,,,
1.988,Winsor,1,,,,,
1.988,Quad,1,,,,,
1.988,Ball,1,,,,,
1.988,Shell,1,,,,,
1.988,LR,1,,,,,
1.989,PCA,0.707106781186548,,,,,
1.989,K's tau,0.502765208647562,,,,,
1.989,Winsor,1,,,,,
1.989,Quad,1,,,,,
1.989,Ball,1,,,,,
1.989,Shell,1,,,,,
1.989,LR,1,,,,,
1.99,PCA,0.707106781186548,,,,,
1.99,K's tau,0.50251256281407,,,,,
1.99,Winsor,1,,,,,
1.99,Quad,1,,,,,
1.99,Ball,1,,,,,
1.99,Shell,1,,,,,
1.99,LR,1,,,,,
1.991,PCA,0.707106781186548,,,,,
1.991,K's tau,0.502260170768458,,,,,
1.991,Winsor,1,,,,,
1.991,Quad,1,,,,,
1.991,Ball,1,,,,,
1.991,Shell,1,,,,,
1.991,LR,1,,,,,
1.992,PCA,0.707106781186548,,,,,
1.992,K's tau,0.502008032128514,,,,,
1.992,Winsor,1,,,,,
1.992,Quad,1,,,,,
1.992,Ball,1,,,,,
1.992,Shell,1,,,,,
1.992,LR,1,,,,,
1.993,PCA,0.707106781186548,,,,,
1.993,K's tau,0.501756146512795,,,,,
1.993,Winsor,1,,,,,
1.993,Quad,1,,,,,
1.993,Ball,1,,,,,
1.993,Shell,1,,,,,
1.993,LR,1,,,,,
1.994,PCA,0.707106781186548,,,,,
1.994,K's tau,0.501504513540622,,,,,
1.994,Winsor,1,,,,,
1.994,Quad,1,,,,,
1.994,Ball,1,,,,,
1.994,Shell,1,,,,,
1.994,LR,1,,,,,
1.995,PCA,0.707106781186548,,,,,
1.995,K's tau,0.50125313283208,,,,,
1.995,Winsor,1,,,,,
1.995,Quad,1,,,,,
1.995,Ball,1,,,,,
1.995,Shell,1,,,,,
1.995,LR,1,,,,,
1.996,PCA,0.707106781186548,,,,,
1.996,K's tau,0.501002004008016,,,,,
1.996,Winsor,1,,,,,
1.996,Quad,1,,,,,
1.996,Ball,1,,,,,
1.996,Shell,1,,,,,
1.996,LR,1,,,,,
1.997,PCA,0.707106781186548,,,,,
1.997,K's tau,0.500751126690035,,,,,
1.997,Winsor,1,,,,,
1.997,Quad,1,,,,,
1.997,Ball,1,,,,,
1.997,Shell,1,,,,,
1.997,LR,1,,,,,
1.998,PCA,0.707106781186548,,,,,
1.998,K's tau,0.500500500500501,,,,,
1.998,Winsor,1,,,,,
1.998,Quad,1,,,,,
1.998,Ball,1,,,,,
1.998,Shell,1,,,,,
1.998,LR,1,,,,,
1.999,PCA,0.707106781186548,,,,,
1.999,K's tau,0.500250125062531,,,,,
1.999,Winsor,1,,,,,
1.999,Quad,1,,,,,
1.999,Ball,1,,,,,
1.999,Shell,1,,,,,
1.999,LR,1,,,,,
2,PCA,0.707106781186548,,,,,
2,K's tau,0.5,,,,,
2,Winsor,1,,,,,
2,Quad,1,,,,,
2,Ball,1,,,,,
2,Shell,1,,,,,
2,LR,1,,,,,
2.001,PCA,0.707106781186548,,,,,
2.001,K's tau,0.499750124937531,,,,,
2.001,Winsor,1,,,,,
2.001,Quad,1,,,,,
2.001,Ball,1,,,,,
2.001,Shell,1,,,,,
2.001,LR,1,,,,,
2.002,PCA,0.707106781186548,,,,,
2.002,K's tau,0.4995004995005,,,,,
2.002,Winsor,1,,,,,
2.002,Quad,1,,,,,
2.002,Ball,1,,,,,
2.002,Shell,1,,,,,
2.002,LR,1,,,,,
2.003,PCA,0.707106781186548,,,,,
2.003,K's tau,0.499251123315028,,,,,
2.003,Winsor,1,,,,,
2.003,Quad,1,,,,,
2.003,Ball,1,,,,,
2.003,Shell,1,,,,,
2.003,LR,1,,,,,
2.004,PCA,0.707106781186548,,,,,
2.004,K's tau,0.499001996007984,,,,,
2.004,Winsor,1,,,,,
2.004,Quad,1,,,,,
2.004,Ball,1,,,,,
2.004,Shell,1,,,,,
2.004,LR,1,,,,,
2.005,PCA,0.707106781186548,,,,,
2.005,K's tau,0.498753117206983,,,,,
2.005,Winsor,1,,,,,
2.005,Quad,1,,,,,
2.005,Ball,1,,,,,
2.005,Shell,1,,,,,
2.005,LR,1,,,,,
2.006,PCA,0.707106781186548,,,,,
2.006,K's tau,0.498504486540379,,,,,
2.006,Winsor,1,,,,,
2.006,Quad,1,,,,,
2.006,Ball,1,,,,,
2.006,Shell,1,,,,,
2.006,LR,1,,,,,
2.007,PCA,0.707106781186548,,,,,
2.007,K's tau,0.49825610363727,,,,,
2.007,Winsor,1,,,,,
2.007,Quad,1,,,,,
2.007,Ball,1,,,,,
2.007,Shell,1,,,,,
2.007,LR,1,,,,,
2.008,PCA,0.707106781186548,,,,,
2.008,K's tau,0.49800796812749,,,,,
2.008,Winsor,1,,,,,
2.008,Quad,1,,,,,
2.008,Ball,1,,,,,
2.008,Shell,1,,,,,
2.008,LR,1,,,,,
2.009,PCA,0.707106781186548,,,,,
2.009,K's tau,0.497760079641613,,,,,
2.009,Winsor,1,,,,,
2.009,Quad,1,,,,,
2.009,Ball,1,,,,,
2.009,Shell,1,,,,,
2.009,LR,1,,,,,
2.01,PCA,0.707106781186548,,,,,
2.01,K's tau,0.497512437810945,,,,,
2.01,Winsor,1,,,,,
2.01,Quad,1,,,,,
2.01,Ball,1,,,,,
2.01,Shell,1,,,,,
2.01,LR,1,,,,,
2.011,PCA,0.707106781186548,,,,,
2.011,K's tau,0.497265042267529,,,,,
2.011,Winsor,1,,,,,
2.011,Quad,1,,,,,
2.011,Ball,1,,,,,
2.011,Shell,1,,,,,
2.011,LR,1,,,,,
2.012,PCA,0.707106781186548,,,,,
2.012,K's tau,0.497017892644135,,,,,
2.012,Winsor,1,,,,,
2.012,Quad,1,,,,,
2.012,Ball,1,,,,,
2.012,Shell,1,,,,,
2.012,LR,1,,,,,
2.013,PCA,0.707106781186548,,,,,
2.013,K's tau,0.496770988574267,,,,,
2.013,Winsor,1,,,,,
2.013,Quad,1,,,,,
2.013,Ball,1,,,,,
2.013,Shell,1,,,,,
2.013,LR,1,,,,,
2.014,PCA,0.707106781186548,,,,,
2.014,K's tau,0.496524329692155,,,,,
2.014,Winsor,1,,,,,
2.014,Quad,1,,,,,
2.014,Ball,1,,,,,
2.014,Shell,1,,,,,
2.014,LR,1,,,,,
2.015,PCA,0.707106781186548,,,,,
2.015,K's tau,0.496277915632754,,,,,
2.015,Winsor,1,,,,,
2.015,Quad,1,,,,,
2.015,Ball,1,,,,,
2.015,Shell,1,,,,,
2.015,LR,1,,,,,
2.016,PCA,0.707106781186548,,,,,
2.016,K's tau,0.496031746031746,,,,,
2.016,Winsor,1,,,,,
2.016,Quad,1,,,,,
2.016,Ball,1,,,,,
2.016,Shell,1,,,,,
2.016,LR,1,,,,,
2.017,PCA,0.707106781186548,,,,,
2.017,K's tau,0.495785820525533,,,,,
2.017,Winsor,1,,,,,
2.017,Quad,1,,,,,
2.017,Ball,1,,,,,
2.017,Shell,1,,,,,
2.017,LR,1,,,,,
2.018,PCA,0.707106781186548,,,,,
2.018,K's tau,0.495540138751239,,,,,
2.018,Winsor,1,,,,,
2.018,Quad,1,,,,,
2.018,Ball,1,,,,,
2.018,Shell,1,,,,,
2.018,LR,1,,,,,
2.019,PCA,0.707106781186548,,,,,
2.019,K's tau,0.495294700346706,,,,,
2.019,Winsor,1,,,,,
2.019,Quad,1,,,,,
2.019,Ball,1,,,,,
2.019,Shell,1,,,,,
2.019,LR,1,,,,,
2.02,PCA,0.707106781186548,,,,,
2.02,K's tau,0.495049504950495,,,,,
2.02,Winsor,1,,,,,
2.02,Quad,1,,,,,
2.02,Ball,1,,,,,
2.02,Shell,1,,,,,
2.02,LR,1,,,,,
2.021,PCA,0.707106781186548,,,,,
2.021,K's tau,0.49480455220188,,,,,
2.021,Winsor,1,,,,,
2.021,Quad,1,,,,,
2.021,Ball,1,,,,,
2.021,Shell,1,,,,,
2.021,LR,1,,,,,
2.022,PCA,0.707106781186548,,,,,
2.022,K's tau,0.494559841740851,,,,,
2.022,Winsor,1,,,,,
2.022,Quad,1,,,,,
2.022,Ball,1,,,,,
2.022,Shell,1,,,,,
2.022,LR,1,,,,,
2.023,PCA,0.707106781186548,,,,,
2.023,K's tau,0.494315373208107,,,,,
2.023,Winsor,1,,,,,
2.023,Quad,1,,,,,
2.023,Ball,1,,,,,
2.023,Shell,1,,,,,
2.023,LR,1,,,,,
2.024,PCA,0.707106781186548,,,,,
2.024,K's tau,0.494071146245059,,,,,
2.024,Winsor,1,,,,,
2.024,Quad,1,,,,,
2.024,Ball,1,,,,,
2.024,Shell,1,,,,,
2.024,LR,1,,,,,
2.025,PCA,0.707106781186548,,,,,
2.025,K's tau,0.493827160493827,,,,,
2.025,Winsor,1,,,,,
2.025,Quad,1,,,,,
2.025,Ball,1,,,,,
2.025,Shell,1,,,,,
2.025,LR,1,,,,,
2.026,PCA,0.707106781186548,,,,,
2.026,K's tau,0.493583415597236,,,,,
2.026,Winsor,1,,,,,
2.026,Quad,1,,,,,
2.026,Ball,1,,,,,
2.026,Shell,1,,,,,
2.026,LR,1,,,,,
2.027,PCA,0.707106781186548,,,,,
2.027,K's tau,0.493339911198816,,,,,
2.027,Winsor,1,,,,,
2.027,Quad,1,,,,,
2.027,Ball,1,,,,,
2.027,Shell,1,,,,,
2.027,LR,1,,,,,
2.028,PCA,0.707106781186548,,,,,
2.028,K's tau,0.493096646942801,,,,,
2.028,Winsor,1,,,,,
2.028,Quad,1,,,,,
2.028,Ball,1,,,,,
2.028,Shell,1,,,,,
2.028,LR,1,,,,,
2.029,PCA,0.707106781186548,,,,,
2.029,K's tau,0.492853622474125,,,,,
2.029,Winsor,1,,,,,
2.029,Quad,1,,,,,
2.029,Ball,1,,,,,
2.029,Shell,1,,,,,
2.029,LR,1,,,,,
2.03,PCA,0.707106781186548,,,,,
2.03,K's tau,0.492610837438424,,,,,
2.03,Winsor,1,,,,,
2.03,Quad,1,,,,,
2.03,Ball,1,,,,,
2.03,Shell,1,,,,,
2.03,LR,1,,,,,
2.031,PCA,0.707106781186548,,,,,
2.031,K's tau,0.492368291482029,,,,,
2.031,Winsor,1,,,,,
2.031,Quad,1,,,,,
2.031,Ball,1,,,,,
2.031,Shell,1,,,,,
2.031,LR,1,,,,,
2.032,PCA,0.707106781186548,,,,,
2.032,K's tau,0.492125984251969,,,,,
2.032,Winsor,1,,,,,
2.032,Quad,1,,,,,
2.032,Ball,1,,,,,
2.032,Shell,1,,,,,
2.032,LR,1,,,,,
2.033,PCA,0.707106781186548,,,,,
2.033,K's tau,0.491883915395967,,,,,
2.033,Winsor,1,,,,,
2.033,Quad,1,,,,,
2.033,Ball,1,,,,,
2.033,Shell,1,,,,,
2.033,LR,1,,,,,
2.034,PCA,0.707106781186548,,,,,
2.034,K's tau,0.491642084562439,,,,,
2.034,Winsor,1,,,,,
2.034,Quad,1,,,,,
2.034,Ball,1,,,,,
2.034,Shell,1,,,,,
2.034,LR,1,,,,,
2.035,PCA,0.707106781186548,,,,,
2.035,K's tau,0.491400491400492,,,,,
2.035,Winsor,1,,,,,
2.035,Quad,1,,,,,
2.035,Ball,1,,,,,
2.035,Shell,1,,,,,
2.035,LR,1,,,,,
2.036,PCA,0.707106781186548,,,,,
2.036,K's tau,0.491159135559921,,,,,
2.036,Winsor,1,,,,,
2.036,Quad,1,,,,,
2.036,Ball,1,,,,,
2.036,Shell,1,,,,,
2.036,LR,1,,,,,
2.037,PCA,0.707106781186548,,,,,
2.037,K's tau,0.490918016691213,,,,,
2.037,Winsor,1,,,,,
2.037,Quad,1,,,,,
2.037,Ball,1,,,,,
2.037,Shell,1,,,,,
2.037,LR,1,,,,,
2.038,PCA,0.707106781186548,,,,,
2.038,K's tau,0.490677134445535,,,,,
2.038,Winsor,1,,,,,
2.038,Quad,1,,,,,
2.038,Ball,1,,,,,
2.038,Shell,1,,,,,
2.038,LR,1,,,,,
2.039,PCA,0.707106781186548,,,,,
2.039,K's tau,0.490436488474743,,,,,
2.039,Winsor,1,,,,,
2.039,Quad,1,,,,,
2.039,Ball,1,,,,,
2.039,Shell,1,,,,,
2.039,LR,1,,,,,
2.04,PCA,0.707106781186548,,,,,
2.04,K's tau,0.490196078431373,,,,,
2.04,Winsor,1,,,,,
2.04,Quad,1,,,,,
2.04,Ball,1,,,,,
2.04,Shell,1,,,,,
2.04,LR,1,,,,,
2.041,PCA,0.707106781186548,,,,,
2.041,K's tau,0.489955903968643,,,,,
2.041,Winsor,1,,,,,
2.041,Quad,1,,,,,
2.041,Ball,1,,,,,
2.041,Shell,1,,,,,
2.041,LR,1,,,,,
2.042,PCA,0.707106781186548,,,,,
2.042,K's tau,0.489715964740451,,,,,
2.042,Winsor,1,,,,,
2.042,Quad,1,,,,,
2.042,Ball,1,,,,,
2.042,Shell,1,,,,,
2.042,LR,1,,,,,
2.043,PCA,0.707106781186548,,,,,
2.043,K's tau,0.489476260401371,,,,,
2.043,Winsor,1,,,,,
2.043,Quad,1,,,,,
2.043,Ball,1,,,,,
2.043,Shell,1,,,,,
2.043,LR,1,,,,,
2.044,PCA,0.707106781186548,,,,,
2.044,K's tau,0.489236790606654,,,,,
2.044,Winsor,1,,,,,
2.044,Quad,1,,,,,
2.044,Ball,1,,,,,
2.044,Shell,1,,,,,
2.044,LR,1,,,,,
2.045,PCA,0.707106781186548,,,,,
2.045,K's tau,0.488997555012225,,,,,
2.045,Winsor,1,,,,,
2.045,Quad,1,,,,,
2.045,Ball,1,,,,,
2.045,Shell,1,,,,,
2.045,LR,1,,,,,
2.046,PCA,0.707106781186548,,,,,
2.046,K's tau,0.488758553274682,,,,,
2.046,Winsor,1,,,,,
2.046,Quad,1,,,,,
2.046,Ball,1,,,,,
2.046,Shell,1,,,,,
2.046,LR,1,,,,,
2.047,PCA,0.707106781186548,,,,,
2.047,K's tau,0.488519785051295,,,,,
2.047,Winsor,1,,,,,
2.047,Quad,1,,,,,
2.047,Ball,1,,,,,
2.047,Shell,1,,,,,
2.047,LR,1,,,,,
2.048,PCA,0.707106781186548,,,,,
2.048,K's tau,0.48828125,,,,,
2.048,Winsor,1,,,,,
2.048,Quad,1,,,,,
2.048,Ball,1,,,,,
2.048,Shell,1,,,,,
2.048,LR,1,,,,,
2.049,PCA,0.707106781186548,,,,,
2.049,K's tau,0.488042947779405,,,,,
2.049,Winsor,1,,,,,
2.049,Quad,1,,,,,
2.049,Ball,1,,,,,
2.049,Shell,1,,,,,
2.049,LR,1,,,,,
2.05,PCA,0.707106781186548,,,,,
2.05,K's tau,0.487804878048781,,,,,
2.05,Winsor,1,,,,,
2.05,Quad,1,,,,,
2.05,Ball,1,,,,,
2.05,Shell,1,,,,,
2.05,LR,1,,,,,
2.051,PCA,0.707106781186548,,,,,
2.051,K's tau,0.487567040468064,,,,,
2.051,Winsor,1,,,,,
2.051,Quad,1,,,,,
2.051,Ball,1,,,,,
2.051,Shell,1,,,,,
2.051,LR,1,,,,,
2.052,PCA,0.707106781186548,,,,,
2.052,K's tau,0.487329434697856,,,,,
2.052,Winsor,1,,,,,
2.052,Quad,1,,,,,
2.052,Ball,1,,,,,
2.052,Shell,1,,,,,
2.052,LR,1,,,,,
2.053,PCA,0.707106781186548,,,,,
2.053,K's tau,0.487092060399416,,,,,
2.053,Winsor,1,,,,,
2.053,Quad,1,,,,,
2.053,Ball,1,,,,,
2.053,Shell,1,,,,,
2.053,LR,1,,,,,
2.054,PCA,0.707106781186548,,,,,
2.054,K's tau,0.486854917234664,,,,,
2.054,Winsor,1,,,,,
2.054,Quad,1,,,,,
2.054,Ball,1,,,,,
2.054,Shell,1,,,,,
2.054,LR,1,,,,,
2.055,PCA,0.707106781186548,,,,,
2.055,K's tau,0.48661800486618,,,,,
2.055,Winsor,1,,,,,
2.055,Quad,1,,,,,
2.055,Ball,1,,,,,
2.055,Shell,1,,,,,
2.055,LR,1,,,,,
2.056,PCA,0.707106781186548,,,,,
2.056,K's tau,0.486381322957198,,,,,
2.056,Winsor,1,,,,,
2.056,Quad,1,,,,,
2.056,Ball,1,,,,,
2.056,Shell,1,,,,,
2.056,LR,1,,,,,
2.057,PCA,0.707106781186548,,,,,
2.057,K's tau,0.486144871171609,,,,,
2.057,Winsor,1,,,,,
2.057,Quad,1,,,,,
2.057,Ball,1,,,,,
2.057,Shell,1,,,,,
2.057,LR,1,,,,,
2.058,PCA,0.707106781186548,,,,,
2.058,K's tau,0.485908649173955,,,,,
2.058,Winsor,1,,,,,
2.058,Quad,1,,,,,
2.058,Ball,1,,,,,
2.058,Shell,1,,,,,
2.058,LR,1,,,,,
2.059,PCA,0.707106781186548,,,,,
2.059,K's tau,0.485672656629432,,,,,
2.059,Winsor,1,,,,,
2.059,Quad,1,,,,,
2.059,Ball,1,,,,,
2.059,Shell,1,,,,,
2.059,LR,1,,,,,
2.06,PCA,0.707106781186548,,,,,
2.06,K's tau,0.485436893203884,,,,,
2.06,Winsor,1,,,,,
2.06,Quad,1,,,,,
2.06,Ball,1,,,,,
2.06,Shell,1,,,,,
2.06,LR,1,,,,,
2.061,PCA,0.707106781186548,,,,,
2.061,K's tau,0.485201358563804,,,,,
2.061,Winsor,1,,,,,
2.061,Quad,1,,,,,
2.061,Ball,1,,,,,
2.061,Shell,1,,,,,
2.061,LR,1,,,,,
2.062,PCA,0.707106781186548,,,,,
2.062,K's tau,0.484966052376334,,,,,
2.062,Winsor,1,,,,,
2.062,Quad,1,,,,,
2.062,Ball,1,,,,,
2.062,Shell,1,,,,,
2.062,LR,1,,,,,
2.063,PCA,0.707106781186548,,,,,
2.063,K's tau,0.484730974309258,,,,,
2.063,Winsor,1,,,,,
2.063,Quad,1,,,,,
2.063,Ball,1,,,,,
2.063,Shell,1,,,,,
2.063,LR,1,,,,,
2.064,PCA,0.707106781186548,,,,,
2.064,K's tau,0.484496124031008,,,,,
2.064,Winsor,1,,,,,
2.064,Quad,1,,,,,
2.064,Ball,1,,,,,
2.064,Shell,1,,,,,
2.064,LR,1,,,,,
2.065,PCA,0.707106781186548,,,,,
2.065,K's tau,0.484261501210654,,,,,
2.065,Winsor,1,,,,,
2.065,Quad,1,,,,,
2.065,Ball,1,,,,,
2.065,Shell,1,,,,,
2.065,LR,1,,,,,
2.066,PCA,0.707106781186548,,,,,
2.066,K's tau,0.484027105517909,,,,,
2.066,Winsor,1,,,,,
2.066,Quad,1,,,,,
2.066,Ball,1,,,,,
2.066,Shell,1,,,,,
2.066,LR,1,,,,,
2.067,PCA,0.707106781186548,,,,,
2.067,K's tau,0.483792936623125,,,,,
2.067,Winsor,1,,,,,
2.067,Quad,1,,,,,
2.067,Ball,1,,,,,
2.067,Shell,1,,,,,
2.067,LR,1,,,,,
2.068,PCA,0.707106781186548,,,,,
2.068,K's tau,0.483558994197292,,,,,
2.068,Winsor,1,,,,,
2.068,Quad,1,,,,,
2.068,Ball,1,,,,,
2.068,Shell,1,,,,,
2.068,LR,1,,,,,
2.069,PCA,0.707106781186548,,,,,
2.069,K's tau,0.483325277912035,,,,,
2.069,Winsor,1,,,,,
2.069,Quad,1,,,,,
2.069,Ball,1,,,,,
2.069,Shell,1,,,,,
2.069,LR,1,,,,,
2.07,PCA,0.707106781186548,,,,,
2.07,K's tau,0.483091787439614,,,,,
2.07,Winsor,1,,,,,
2.07,Quad,1,,,,,
2.07,Ball,1,,,,,
2.07,Shell,1,,,,,
2.07,LR,1,,,,,
2.071,PCA,0.707106781186548,,,,,
2.071,K's tau,0.482858522452921,,,,,
2.071,Winsor,1,,,,,
2.071,Quad,1,,,,,
2.071,Ball,1,,,,,
2.071,Shell,1,,,,,
2.071,LR,1,,,,,
2.072,PCA,0.707106781186548,,,,,
2.072,K's tau,0.482625482625483,,,,,
2.072,Winsor,1,,,,,
2.072,Quad,1,,,,,
2.072,Ball,1,,,,,
2.072,Shell,1,,,,,
2.072,LR,1,,,,,
2.073,PCA,0.707106781186548,,,,,
2.073,K's tau,0.482392667631452,,,,,
2.073,Winsor,1,,,,,
2.073,Quad,1,,,,,
2.073,Ball,1,,,,,
2.073,Shell,1,,,,,
2.073,LR,1,,,,,
2.074,PCA,0.707106781186548,,,,,
2.074,K's tau,0.482160077145612,,,,,
2.074,Winsor,1,,,,,
2.074,Quad,1,,,,,
2.074,Ball,1,,,,,
2.074,Shell,1,,,,,
2.074,LR,1,,,,,
2.075,PCA,0.707106781186548,,,,,
2.075,K's tau,0.481927710843374,,,,,
2.075,Winsor,1,,,,,
2.075,Quad,1,,,,,
2.075,Ball,1,,,,,
2.075,Shell,1,,,,,
2.075,LR,1,,,,,
2.076,PCA,0.707106781186548,,,,,
2.076,K's tau,0.481695568400771,,,,,
2.076,Winsor,1,,,,,
2.076,Quad,1,,,,,
2.076,Ball,1,,,,,
2.076,Shell,1,,,,,
2.076,LR,1,,,,,
2.077,PCA,0.707106781186548,,,,,
2.077,K's tau,0.481463649494463,,,,,
2.077,Winsor,1,,,,,
2.077,Quad,1,,,,,
2.077,Ball,1,,,,,
2.077,Shell,1,,,,,
2.077,LR,1,,,,,
2.078,PCA,0.707106781186548,,,,,
2.078,K's tau,0.481231953801732,,,,,
2.078,Winsor,1,,,,,
2.078,Quad,1,,,,,
2.078,Ball,1,,,,,
2.078,Shell,1,,,,,
2.078,LR,1,,,,,
2.079,PCA,0.707106781186548,,,,,
2.079,K's tau,0.481000481000481,,,,,
2.079,Winsor,1,,,,,
2.079,Quad,1,,,,,
2.079,Ball,1,,,,,
2.079,Shell,1,,,,,
2.079,LR,1,,,,,
2.08,PCA,0.707106781186548,,,,,
2.08,K's tau,0.480769230769231,,,,,
2.08,Winsor,1,,,,,
2.08,Quad,1,,,,,
2.08,Ball,1,,,,,
2.08,Shell,1,,,,,
2.08,LR,1,,,,,
2.081,PCA,0.707106781186548,,,,,
2.081,K's tau,0.480538202787122,,,,,
2.081,Winsor,1,,,,,
2.081,Quad,1,,,,,
2.081,Ball,1,,,,,
2.081,Shell,1,,,,,
2.081,LR,1,,,,,
2.082,PCA,0.707106781186548,,,,,
2.082,K's tau,0.48030739673391,,,,,
2.082,Winsor,1,,,,,
2.082,Quad,1,,,,,
2.082,Ball,1,,,,,
2.082,Shell,1,,,,,
2.082,LR,1,,,,,
2.083,PCA,0.707106781186548,,,,,
2.083,K's tau,0.480076812289966,,,,,
2.083,Winsor,1,,,,,
2.083,Quad,1,,,,,
2.083,Ball,1,,,,,
2.083,Shell,1,,,,,
2.083,LR,1,,,,,
2.084,PCA,0.707106781186548,,,,,
2.084,K's tau,0.479846449136277,,,,,
2.084,Winsor,1,,,,,
2.084,Quad,1,,,,,
2.084,Ball,1,,,,,
2.084,Shell,1,,,,,
2.084,LR,1,,,,,
2.085,PCA,0.707106781186548,,,,,
2.085,K's tau,0.479616306954437,,,,,
2.085,Winsor,1,,,,,
2.085,Quad,1,,,,,
2.085,Ball,1,,,,,
2.085,Shell,1,,,,,
2.085,LR,1,,,,,
2.086,PCA,0.707106781186548,,,,,
2.086,K's tau,0.479386385426654,,,,,
2.086,Winsor,1,,,,,
2.086,Quad,1,,,,,
2.086,Ball,1,,,,,
2.086,Shell,1,,,,,
2.086,LR,1,,,,,
2.087,PCA,0.707106781186548,,,,,
2.087,K's tau,0.479156684235745,,,,,
2.087,Winsor,1,,,,,
2.087,Quad,1,,,,,
2.087,Ball,1,,,,,
2.087,Shell,1,,,,,
2.087,LR,1,,,,,
2.088,PCA,0.707106781186548,,,,,
2.088,K's tau,0.478927203065134,,,,,
2.088,Winsor,1,,,,,
2.088,Quad,1,,,,,
2.088,Ball,1,,,,,
2.088,Shell,1,,,,,
2.088,LR,1,,,,,
2.089,PCA,0.707106781186548,,,,,
2.089,K's tau,0.478697941598851,,,,,
2.089,Winsor,1,,,,,
2.089,Quad,1,,,,,
2.089,Ball,1,,,,,
2.089,Shell,1,,,,,
2.089,LR,1,,,,,
2.09,PCA,0.707106781186548,,,,,
2.09,K's tau,0.478468899521531,,,,,
2.09,Winsor,1,,,,,
2.09,Quad,1,,,,,
2.09,Ball,1,,,,,
2.09,Shell,1,,,,,
2.09,LR,1,,,,,
2.091,PCA,0.707106781186548,,,,,
2.091,K's tau,0.478240076518412,,,,,
2.091,Winsor,1,,,,,
2.091,Quad,1,,,,,
2.091,Ball,1,,,,,
2.091,Shell,1,,,,,
2.091,LR,1,,,,,
2.092,PCA,0.707106781186548,,,,,
2.092,K's tau,0.478011472275335,,,,,
2.092,Winsor,1,,,,,
2.092,Quad,1,,,,,
2.092,Ball,1,,,,,
2.092,Shell,1,,,,,
2.092,LR,1,,,,,
2.093,PCA,0.707106781186548,,,,,
2.093,K's tau,0.477783086478739,,,,,
2.093,Winsor,1,,,,,
2.093,Quad,1,,,,,
2.093,Ball,1,,,,,
2.093,Shell,1,,,,,
2.093,LR,1,,,,,
2.094,PCA,0.707106781186548,,,,,
2.094,K's tau,0.477554918815664,,,,,
2.094,Winsor,1,,,,,
2.094,Quad,1,,,,,
2.094,Ball,1,,,,,
2.094,Shell,1,,,,,
2.094,LR,1,,,,,
2.095,PCA,0.707106781186548,,,,,
2.095,K's tau,0.477326968973747,,,,,
2.095,Winsor,1,,,,,
2.095,Quad,1,,,,,
2.095,Ball,1,,,,,
2.095,Shell,1,,,,,
2.095,LR,1,,,,,
2.096,PCA,0.707106781186548,,,,,
2.096,K's tau,0.477099236641221,,,,,
2.096,Winsor,1,,,,,
2.096,Quad,1,,,,,
2.096,Ball,1,,,,,
2.096,Shell,1,,,,,
2.096,LR,1,,,,,
2.097,PCA,0.707106781186548,,,,,
2.097,K's tau,0.476871721506915,,,,,
2.097,Winsor,1,,,,,
2.097,Quad,1,,,,,
2.097,Ball,1,,,,,
2.097,Shell,1,,,,,
2.097,LR,1,,,,,
2.098,PCA,0.707106781186548,,,,,
2.098,K's tau,0.476644423260248,,,,,
2.098,Winsor,1,,,,,
2.098,Quad,1,,,,,
2.098,Ball,1,,,,,
2.098,Shell,1,,,,,
2.098,LR,1,,,,,
2.099,PCA,0.707106781186548,,,,,
2.099,K's tau,0.476417341591234,,,,,
2.099,Winsor,1,,,,,
2.099,Quad,1,,,,,
2.099,Ball,1,,,,,
2.099,Shell,1,,,,,
2.099,LR,1,,,,,
2.1,PCA,0.707106781186548,,,,,
2.1,K's tau,0.476190476190476,,,,,
2.1,Winsor,1,,,,,
2.1,Quad,1,,,,,
2.1,Ball,1,,,,,
2.1,Shell,1,,,,,
2.1,LR,1,,,,,
2.101,PCA,0.707106781186548,,,,,
2.101,K's tau,0.475963826749167,,,,,
2.101,Winsor,1,,,,,
2.101,Quad,1,,,,,
2.101,Ball,1,,,,,
2.101,Shell,1,,,,,
2.101,LR,1,,,,,
2.102,PCA,0.707106781186548,,,,,
2.102,K's tau,0.475737392959087,,,,,
2.102,Winsor,1,,,,,
2.102,Quad,1,,,,,
2.102,Ball,1,,,,,
2.102,Shell,1,,,,,
2.102,LR,1,,,,,
2.103,PCA,0.707106781186548,,,,,
2.103,K's tau,0.475511174512601,,,,,
2.103,Winsor,1,,,,,
2.103,Quad,1,,,,,
2.103,Ball,1,,,,,
2.103,Shell,1,,,,,
2.103,LR,1,,,,,
2.104,PCA,0.707106781186548,,,,,
2.104,K's tau,0.475285171102662,,,,,
2.104,Winsor,1,,,,,
2.104,Quad,1,,,,,
2.104,Ball,1,,,,,
2.104,Shell,1,,,,,
2.104,LR,1,,,,,
2.105,PCA,0.707106781186548,,,,,
2.105,K's tau,0.475059382422803,,,,,
2.105,Winsor,1,,,,,
2.105,Quad,1,,,,,
2.105,Ball,1,,,,,
2.105,Shell,1,,,,,
2.105,LR,1,,,,,
2.106,PCA,0.707106781186548,,,,,
2.106,K's tau,0.474833808167142,,,,,
2.106,Winsor,1,,,,,
2.106,Quad,1,,,,,
2.106,Ball,1,,,,,
2.106,Shell,1,,,,,
2.106,LR,1,,,,,
2.107,PCA,0.707106781186548,,,,,
2.107,K's tau,0.474608448030375,,,,,
2.107,Winsor,1,,,,,
2.107,Quad,1,,,,,
2.107,Ball,1,,,,,
2.107,Shell,1,,,,,
2.107,LR,1,,,,,
2.108,PCA,0.707106781186548,,,,,
2.108,K's tau,0.47438330170778,,,,,
2.108,Winsor,1,,,,,
2.108,Quad,1,,,,,
2.108,Ball,1,,,,,
2.108,Shell,1,,,,,
2.108,LR,1,,,,,
2.109,PCA,0.707106781186548,,,,,
2.109,K's tau,0.474158368895211,,,,,
2.109,Winsor,1,,,,,
2.109,Quad,1,,,,,
2.109,Ball,1,,,,,
2.109,Shell,1,,,,,
2.109,LR,1,,,,,
2.11,PCA,0.707106781186548,,,,,
2.11,K's tau,0.4739336492891,,,,,
2.11,Winsor,1,,,,,
2.11,Quad,1,,,,,
2.11,Ball,1,,,,,
2.11,Shell,1,,,,,
2.11,LR,1,,,,,
2.111,PCA,0.707106781186548,,,,,
2.111,K's tau,0.473709142586452,,,,,
2.111,Winsor,1,,,,,
2.111,Quad,1,,,,,
2.111,Ball,1,,,,,
2.111,Shell,1,,,,,
2.111,LR,1,,,,,
2.112,PCA,0.707106781186548,,,,,
2.112,K's tau,0.473484848484849,,,,,
2.112,Winsor,1,,,,,
2.112,Quad,1,,,,,
2.112,Ball,1,,,,,
2.112,Shell,1,,,,,
2.112,LR,1,,,,,
2.113,PCA,0.707106781186548,,,,,
2.113,K's tau,0.473260766682442,,,,,
2.113,Winsor,1,,,,,
2.113,Quad,1,,,,,
2.113,Ball,1,,,,,
2.113,Shell,1,,,,,
2.113,LR,1,,,,,
2.114,PCA,0.707106781186548,,,,,
2.114,K's tau,0.473036896877957,,,,,
2.114,Winsor,1,,,,,
2.114,Quad,1,,,,,
2.114,Ball,1,,,,,
2.114,Shell,1,,,,,
2.114,LR,1,,,,,
2.115,PCA,0.707106781186548,,,,,
2.115,K's tau,0.472813238770686,,,,,
2.115,Winsor,1,,,,,
2.115,Quad,1,,,,,
2.115,Ball,1,,,,,
2.115,Shell,1,,,,,
2.115,LR,1,,,,,
2.116,PCA,0.707106781186548,,,,,
2.116,K's tau,0.472589792060492,,,,,
2.116,Winsor,1,,,,,
2.116,Quad,1,,,,,
2.116,Ball,1,,,,,
2.116,Shell,1,,,,,
2.116,LR,1,,,,,
2.117,PCA,0.707106781186548,,,,,
2.117,K's tau,0.472366556447804,,,,,
2.117,Winsor,1,,,,,
2.117,Quad,1,,,,,
2.117,Ball,1,,,,,
2.117,Shell,1,,,,,
2.117,LR,1,,,,,
2.118,PCA,0.707106781186548,,,,,
2.118,K's tau,0.472143531633617,,,,,
2.118,Winsor,1,,,,,
2.118,Quad,1,,,,,
2.118,Ball,1,,,,,
2.118,Shell,1,,,,,
2.118,LR,1,,,,,
2.119,PCA,0.707106781186548,,,,,
2.119,K's tau,0.47192071731949,,,,,
2.119,Winsor,1,,,,,
2.119,Quad,1,,,,,
2.119,Ball,1,,,,,
2.119,Shell,1,,,,,
2.119,LR,1,,,,,
2.12,PCA,0.707106781186548,,,,,
2.12,K's tau,0.471698113207547,,,,,
2.12,Winsor,1,,,,,
2.12,Quad,1,,,,,
2.12,Ball,1,,,,,
2.12,Shell,1,,,,,
2.12,LR,1,,,,,
2.121,PCA,0.707106781186548,,,,,
2.121,K's tau,0.471475719000472,,,,,
2.121,Winsor,1,,,,,
2.121,Quad,1,,,,,
2.121,Ball,1,,,,,
2.121,Shell,1,,,,,
2.121,LR,1,,,,,
2.122,PCA,0.707106781186548,,,,,
2.122,K's tau,0.471253534401508,,,,,
2.122,Winsor,1,,,,,
2.122,Quad,1,,,,,
2.122,Ball,1,,,,,
2.122,Shell,1,,,,,
2.122,LR,1,,,,,
2.123,PCA,0.707106781186548,,,,,
2.123,K's tau,0.471031559114461,,,,,
2.123,Winsor,1,,,,,
2.123,Quad,1,,,,,
2.123,Ball,1,,,,,
2.123,Shell,1,,,,,
2.123,LR,1,,,,,
2.124,PCA,0.707106781186548,,,,,
2.124,K's tau,0.470809792843691,,,,,
2.124,Winsor,1,,,,,
2.124,Quad,1,,,,,
2.124,Ball,1,,,,,
2.124,Shell,1,,,,,
2.124,LR,1,,,,,
2.125,PCA,0.707106781186548,,,,,
2.125,K's tau,0.470588235294118,,,,,
2.125,Winsor,1,,,,,
2.125,Quad,1,,,,,
2.125,Ball,1,,,,,
2.125,Shell,1,,,,,
2.125,LR,1,,,,,
2.126,PCA,0.707106781186548,,,,,
2.126,K's tau,0.470366886171214,,,,,
2.126,Winsor,1,,,,,
2.126,Quad,1,,,,,
2.126,Ball,1,,,,,
2.126,Shell,1,,,,,
2.126,LR,1,,,,,
2.127,PCA,0.707106781186548,,,,,
2.127,K's tau,0.470145745181006,,,,,
2.127,Winsor,1,,,,,
2.127,Quad,1,,,,,
2.127,Ball,1,,,,,
2.127,Shell,1,,,,,
2.127,LR,1,,,,,
2.128,PCA,0.707106781186548,,,,,
2.128,K's tau,0.469924812030075,,,,,
2.128,Winsor,1,,,,,
2.128,Quad,1,,,,,
2.128,Ball,1,,,,,
2.128,Shell,1,,,,,
2.128,LR,1,,,,,
2.129,PCA,0.707106781186548,,,,,
2.129,K's tau,0.469704086425552,,,,,
2.129,Winsor,1,,,,,
2.129,Quad,1,,,,,
2.129,Ball,1,,,,,
2.129,Shell,1,,,,,
2.129,LR,1,,,,,
2.13,PCA,0.707106781186548,,,,,
2.13,K's tau,0.469483568075117,,,,,
2.13,Winsor,1,,,,,
2.13,Quad,1,,,,,
2.13,Ball,1,,,,,
2.13,Shell,1,,,,,
2.13,LR,1,,,,,
2.131,PCA,0.707106781186548,,,,,
2.131,K's tau,0.469263256687002,,,,,
2.131,Winsor,1,,,,,
2.131,Quad,1,,,,,
2.131,Ball,1,,,,,
2.131,Shell,1,,,,,
2.131,LR,1,,,,,
2.132,PCA,0.707106781186548,,,,,
2.132,K's tau,0.469043151969981,,,,,
2.132,Winsor,1,,,,,
2.132,Quad,1,,,,,
2.132,Ball,1,,,,,
2.132,Shell,1,,,,,
2.132,LR,1,,,,,
2.133,PCA,0.707106781186548,,,,,
2.133,K's tau,0.46882325363338,,,,,
2.133,Winsor,1,,,,,
2.133,Quad,1,,,,,
2.133,Ball,1,,,,,
2.133,Shell,1,,,,,
2.133,LR,1,,,,,
2.134,PCA,0.707106781186548,,,,,
2.134,K's tau,0.468603561387067,,,,,
2.134,Winsor,1,,,,,
2.134,Quad,1,,,,,
2.134,Ball,1,,,,,
2.134,Shell,1,,,,,
2.134,LR,1,,,,,
2.135,PCA,0.707106781186548,,,,,
2.135,K's tau,0.468384074941452,,,,,
2.135,Winsor,1,,,,,
2.135,Quad,1,,,,,
2.135,Ball,1,,,,,
2.135,Shell,1,,,,,
2.135,LR,1,,,,,
2.136,PCA,0.707106781186548,,,,,
2.136,K's tau,0.468164794007491,,,,,
2.136,Winsor,1,,,,,
2.136,Quad,1,,,,,
2.136,Ball,1,,,,,
2.136,Shell,1,,,,,
2.136,LR,1,,,,,
2.137,PCA,0.707106781186548,,,,,
2.137,K's tau,0.467945718296678,,,,,
2.137,Winsor,1,,,,,
2.137,Quad,1,,,,,
2.137,Ball,1,,,,,
2.137,Shell,1,,,,,
2.137,LR,1,,,,,
2.138,PCA,0.707106781186548,,,,,
2.138,K's tau,0.467726847521048,,,,,
2.138,Winsor,1,,,,,
2.138,Quad,1,,,,,
2.138,Ball,1,,,,,
2.138,Shell,1,,,,,
2.138,LR,1,,,,,
2.139,PCA,0.707106781186548,,,,,
2.139,K's tau,0.467508181393174,,,,,
2.139,Winsor,1,,,,,
2.139,Quad,1,,,,,
2.139,Ball,1,,,,,
2.139,Shell,1,,,,,
2.139,LR,1,,,,,
2.14,PCA,0.707106781186548,,,,,
2.14,K's tau,0.467289719626168,,,,,
2.14,Winsor,1,,,,,
2.14,Quad,1,,,,,
2.14,Ball,1,,,,,
2.14,Shell,1,,,,,
2.14,LR,1,,,,,
2.141,PCA,0.707106781186548,,,,,
2.141,K's tau,0.467071461933676,,,,,
2.141,Winsor,1,,,,,
2.141,Quad,1,,,,,
2.141,Ball,1,,,,,
2.141,Shell,1,,,,,
2.141,LR,1,,,,,
2.142,PCA,0.707106781186548,,,,,
2.142,K's tau,0.466853408029879,,,,,
2.142,Winsor,1,,,,,
2.142,Quad,1,,,,,
2.142,Ball,1,,,,,
2.142,Shell,1,,,,,
2.142,LR,1,,,,,
2.143,PCA,0.707106781186548,,,,,
2.143,K's tau,0.466635557629491,,,,,
2.143,Winsor,1,,,,,
2.143,Quad,1,,,,,
2.143,Ball,1,,,,,
2.143,Shell,1,,,,,
2.143,LR,1,,,,,
2.144,PCA,0.707106781186548,,,,,
2.144,K's tau,0.466417910447761,,,,,
2.144,Winsor,1,,,,,
2.144,Quad,1,,,,,
2.144,Ball,1,,,,,
2.144,Shell,1,,,,,
2.144,LR,1,,,,,
2.145,PCA,0.707106781186548,,,,,
2.145,K's tau,0.466200466200466,,,,,
2.145,Winsor,1,,,,,
2.145,Quad,1,,,,,
2.145,Ball,1,,,,,
2.145,Shell,1,,,,,
2.145,LR,1,,,,,
2.146,PCA,0.707106781186548,,,,,
2.146,K's tau,0.465983224603914,,,,,
2.146,Winsor,1,,,,,
2.146,Quad,1,,,,,
2.146,Ball,1,,,,,
2.146,Shell,1,,,,,
2.146,LR,1,,,,,
2.147,PCA,0.707106781186548,,,,,
2.147,K's tau,0.465766185374942,,,,,
2.147,Winsor,1,,,,,
2.147,Quad,1,,,,,
2.147,Ball,1,,,,,
2.147,Shell,1,,,,,
2.147,LR,1,,,,,
2.148,PCA,0.707106781186548,,,,,
2.148,K's tau,0.465549348230913,,,,,
2.148,Winsor,1,,,,,
2.148,Quad,1,,,,,
2.148,Ball,1,,,,,
2.148,Shell,1,,,,,
2.148,LR,1,,,,,
2.149,PCA,0.707106781186548,,,,,
2.149,K's tau,0.465332712889716,,,,,
2.149,Winsor,1,,,,,
2.149,Quad,1,,,,,
2.149,Ball,1,,,,,
2.149,Shell,1,,,,,
2.149,LR,1,,,,,
2.15,PCA,0.707106781186548,,,,,
2.15,K's tau,0.465116279069768,,,,,
2.15,Winsor,1,,,,,
2.15,Quad,1,,,,,
2.15,Ball,1,,,,,
2.15,Shell,1,,,,,
2.15,LR,1,,,,,
2.151,PCA,0.707106781186548,,,,,
2.151,K's tau,0.464900046490005,,,,,
2.151,Winsor,0.99953509995351,,,,,
2.151,Quad,0.999070416039073,,,,,
2.151,Ball,0,,,,,
2.151,Shell,1,,,,,
2.151,LR,0.9995,,,,,
2.152,PCA,0.707106781186548,,,,,
2.152,K's tau,0.464684014869889,,,,,
2.152,Winsor,0.99907063197026,,,,,
2.152,Quad,0.998142127665455,,,,,
2.152,Ball,0,,,,,
2.152,Shell,1,,,,,
2.152,LR,0.999,,,,,
2.153,PCA,0.707106781186548,,,,,
2.153,K's tau,0.464468183929401,,,,,
2.153,Winsor,0.998606595448212,,,,,
2.153,Quad,0.997215132472668,,,,,
2.153,Ball,0,,,,,
2.153,Shell,1,,,,,
2.153,LR,0.9985,,,,,
2.154,PCA,0.707106781186548,,,,,
2.154,K's tau,0.464252553389044,,,,,
2.154,Winsor,0.998142989786444,,,,,
2.154,Quad,0.996289428059821,,,,,
2.154,Ball,0,,,,,
2.154,Shell,1,,,,,
2.154,LR,0.998,,,,,
2.155,PCA,0.707106781186548,,,,,
2.155,K's tau,0.464037122969838,,,,,
2.155,Winsor,0.997679814385151,,,,,
2.155,Quad,0.995365012031589,,,,,
2.155,Ball,0,,,,,
2.155,Shell,1,,,,,
2.155,LR,0.9975,,,,,
2.156,PCA,0.707106781186548,,,,,
2.156,K's tau,0.463821892393321,,,,,
2.156,Winsor,0.99721706864564,,,,,
2.156,Quad,0.994441881998203,,,,,
2.156,Ball,0,,,,,
2.156,Shell,1,,,,,
2.156,LR,0.997,,,,,
2.157,PCA,0.707106781186548,,,,,
2.157,K's tau,0.463606861381549,,,,,
2.157,Winsor,0.996754751970329,,,,,
2.157,Quad,0.993520035575432,,,,,
2.157,Ball,0,,,,,
2.157,Shell,1,,,,,
2.157,LR,0.9965,,,,,
2.158,PCA,0.707106781186548,,,,,
2.158,K's tau,0.46339202965709,,,,,
2.158,Winsor,0.996292863762743,,,,,
2.158,Quad,0.992599470384568,,,,,
2.158,Ball,0,,,,,
2.158,Shell,1,,,,,
2.158,LR,0.996,,,,,
2.159,PCA,0.707106781186548,,,,,
2.159,K's tau,0.463177396943029,,,,,
2.159,Winsor,0.995831403427513,,,,,
2.159,Quad,0.99168018405241,,,,,
2.159,Ball,0,,,,,
2.159,Shell,1,,,,,
2.159,LR,0.9955,,,,,
2.16,PCA,0.707106781186548,,,,,
2.16,K's tau,0.462962962962963,,,,,
2.16,Winsor,0.99537037037037,,,,,
2.16,Quad,0.990762174211248,,,,,
2.16,Ball,0,,,,,
2.16,Shell,1,,,,,
2.16,LR,0.995,,,,,
2.161,PCA,0.707106781186548,,,,,
2.161,K's tau,0.462748727441,,,,,
2.161,Winsor,0.994909763998149,,,,,
2.161,Quad,0.989845438498852,,,,,
2.161,Ball,0,,,,,
2.161,Shell,1,,,,,
2.161,LR,0.9945,,,,,
2.162,PCA,0.707106781186548,,,,,
2.162,K's tau,0.462534690101758,,,,,
2.162,Winsor,0.994449583718779,,,,,
2.162,Quad,0.988929974558453,,,,,
2.162,Ball,0,,,,,
2.162,Shell,1,,,,,
2.162,LR,0.994,,,,,
2.163,PCA,0.707106781186548,,,,,
2.163,K's tau,0.462320850670365,,,,,
2.163,Winsor,0.993989828941285,,,,,
2.163,Quad,0.988015780038726,,,,,
2.163,Ball,0,,,,,
2.163,Shell,1,,,,,
2.163,LR,0.9935,,,,,
2.164,PCA,0.707106781186548,,,,,
2.164,K's tau,0.462107208872459,,,,,
2.164,Winsor,0.993530499075786,,,,,
2.164,Quad,0.98710285259378,,,,,
2.164,Ball,0,,,,,
2.164,Shell,1,,,,,
2.164,LR,0.993,,,,,
2.165,PCA,0.707106781186548,,,,,
2.165,K's tau,0.46189376443418,,,,,
2.165,Winsor,0.993071593533487,,,,,
2.165,Quad,0.98619118988314,,,,,
2.165,Ball,0,,,,,
2.165,Shell,1,,,,,
2.165,LR,0.9925,,,,,
2.166,PCA,0.707106781186548,,,,,
2.166,K's tau,0.461680517082179,,,,,
2.166,Winsor,0.992613111726685,,,,,
2.166,Quad,0.985280789571733,,,,,
2.166,Ball,0,,,,,
2.166,Shell,1,,,,,
2.166,LR,0.992,,,,,
2.167,PCA,0.707106781186548,,,,,
2.167,K's tau,0.461467466543609,,,,,
2.167,Winsor,0.992155053068759,,,,,
2.167,Quad,0.984371649329871,,,,,
2.167,Ball,0,,,,,
2.167,Shell,1,,,,,
2.167,LR,0.9915,,,,,
2.168,PCA,0.707106781186548,,,,,
2.168,K's tau,0.461254612546126,,,,,
2.168,Winsor,0.99169741697417,,,,,
2.168,Quad,0.983463766833241,,,,,
2.168,Ball,0,,,,,
2.168,Shell,1,,,,,
2.168,LR,0.991,,,,,
2.169,PCA,0.707106781186548,,,,,
2.169,K's tau,0.461041954817888,,,,,
2.169,Winsor,0.99124020285846,,,,,
2.169,Quad,0.982557139762881,,,,,
2.169,Ball,0,,,,,
2.169,Shell,1,,,,,
2.169,LR,0.9905,,,,,
2.17,PCA,0.707106781186548,,,,,
2.17,K's tau,0.460829493087558,,,,,
2.17,Winsor,0.990783410138249,,,,,
2.17,Quad,0.981651765805177,,,,,
2.17,Ball,0,,,,,
2.17,Shell,1,,,,,
2.17,LR,0.99,,,,,
2.171,PCA,0.707106781186548,,,,,
2.171,K's tau,0.460617227084293,,,,,
2.171,Winsor,0.99032703823123,,,,,
2.171,Quad,0.98074764265184,,,,,
2.171,Ball,0,,,,,
2.171,Shell,1,,,,,
2.171,LR,0.9895,,,,,
2.172,PCA,0.707106781186548,,,,,
2.172,K's tau,0.460405156537753,,,,,
2.172,Winsor,0.989871086556169,,,,,
2.172,Quad,0.979844767999892,,,,,
2.172,Ball,0,,,,,
2.172,Shell,1,,,,,
2.172,LR,0.989,,,,,
2.173,PCA,0.707106781186548,,,,,
2.173,K's tau,0.460193281178095,,,,,
2.173,Winsor,0.989415554532904,,,,,
2.173,Quad,0.978943139551653,,,,,
2.173,Ball,0,,,,,
2.173,Shell,1,,,,,
2.173,LR,0.9885,,,,,
2.174,PCA,0.707106781186548,,,,,
2.174,K's tau,0.459981600735971,,,,,
2.174,Winsor,0.988960441582337,,,,,
2.174,Quad,0.978042755014731,,,,,
2.174,Ball,0,,,,,
2.174,Shell,1,,,,,
2.174,LR,0.988,,,,,
2.175,PCA,0.707106781186548,,,,,
2.175,K's tau,0.459770114942529,,,,,
2.175,Winsor,0.988505747126437,,,,,
2.175,Quad,0.977143612101995,,,,,
2.175,Ball,0,,,,,
2.175,Shell,1,,,,,
2.175,LR,0.9875,,,,,
2.176,PCA,0.707106781186548,,,,,
2.176,K's tau,0.459558823529412,,,,,
2.176,Winsor,0.988051470588235,,,,,
2.176,Quad,0.976245708531575,,,,,
2.176,Ball,0,,,,,
2.176,Shell,1,,,,,
2.176,LR,0.987,,,,,
2.177,PCA,0.707106781186548,,,,,
2.177,K's tau,0.459347726228755,,,,,
2.177,Winsor,0.987597611391824,,,,,
2.177,Quad,0.975349042026835,,,,,
2.177,Ball,0,,,,,
2.177,Shell,1,,,,,
2.177,LR,0.9865,,,,,
2.178,PCA,0.707106781186548,,,,,
2.178,K's tau,0.459136822773186,,,,,
2.178,Winsor,0.987144168962351,,,,,
2.178,Quad,0.97445361031637,,,,,
2.178,Ball,0,,,,,
2.178,Shell,1,,,,,
2.178,LR,0.986,,,,,
2.179,PCA,0.707106781186548,,,,,
2.179,K's tau,0.458926112895824,,,,,
2.179,Winsor,0.986691142726021,,,,,
2.179,Quad,0.973559411133981,,,,,
2.179,Ball,0,,,,,
2.179,Shell,1,,,,,
2.179,LR,0.9855,,,,,
2.18,PCA,0.707106781186548,,,,,
2.18,K's tau,0.458715596330275,,,,,
2.18,Winsor,0.986238532110092,,,,,
2.18,Quad,0.972666442218669,,,,,
2.18,Ball,0,,,,,
2.18,Shell,1,,,,,
2.18,LR,0.985,,,,,
2.181,PCA,0.707106781186548,,,,,
2.181,K's tau,0.458505272810637,,,,,
2.181,Winsor,0.98578633654287,,,,,
2.181,Quad,0.971774701314613,,,,,
2.181,Ball,0,,,,,
2.181,Shell,1,,,,,
2.181,LR,0.9845,,,,,
2.182,PCA,0.707106781186548,,,,,
2.182,K's tau,0.458295142071494,,,,,
2.182,Winsor,0.985334555453712,,,,,
2.182,Quad,0.970884186171165,,,,,
2.182,Ball,0,,,,,
2.182,Shell,1,,,,,
2.182,LR,0.984,,,,,
2.183,PCA,0.707106781186548,,,,,
2.183,K's tau,0.458085203847916,,,,,
2.183,Winsor,0.984883188273019,,,,,
2.183,Quad,0.969994894542826,,,,,
2.183,Ball,0,,,,,
2.183,Shell,1,,,,,
2.183,LR,0.9835,,,,,
2.184,PCA,0.707106781186548,,,,,
2.184,K's tau,0.457875457875458,,,,,
2.184,Winsor,0.984432234432234,,,,,
2.184,Quad,0.969106824189242,,,,,
2.184,Ball,0,,,,,
2.184,Shell,1,,,,,
2.184,LR,0.983,,,,,
2.185,PCA,0.707106781186548,,,,,
2.185,K's tau,0.45766590389016,,,,,
2.185,Winsor,0.983981693363844,,,,,
2.185,Quad,0.968219972875179,,,,,
2.185,Ball,0,,,,,
2.185,Shell,1,,,,,
2.185,LR,0.9825,,,,,
2.186,PCA,0.707106781186548,,,,,
2.186,K's tau,0.457456541628545,,,,,
2.186,Winsor,0.983531564501372,,,,,
2.186,Quad,0.967334338370517,,,,,
2.186,Ball,0,,,,,
2.186,Shell,1,,,,,
2.186,LR,0.982,,,,,
2.187,PCA,0.707106781186548,,,,,
2.187,K's tau,0.457247370827618,,,,,
2.187,Winsor,0.983081847279378,,,,,
2.187,Quad,0.966449918450235,,,,,
2.187,Ball,0,,,,,
2.187,Shell,1,,,,,
2.187,LR,0.9815,,,,,
2.188,PCA,0.707106781186548,,,,,
2.188,K's tau,0.457038391224863,,,,,
2.188,Winsor,0.982632541133455,,,,,
2.188,Quad,0.965566710894392,,,,,
2.188,Ball,0,,,,,
2.188,Shell,1,,,,,
2.188,LR,0.981,,,,,
2.189,PCA,0.707106781186548,,,,,
2.189,K's tau,0.456829602558246,,,,,
2.189,Winsor,0.982183645500229,,,,,
2.189,Quad,0.964684713488119,,,,,
2.189,Ball,0,,,,,
2.189,Shell,1,,,,,
2.189,LR,0.9805,,,,,
2.19,PCA,0.707106781186548,,,,,
2.19,K's tau,0.45662100456621,,,,,
2.19,Winsor,0.981735159817352,,,,,
2.19,Quad,0.963803924021601,,,,,
2.19,Ball,0,,,,,
2.19,Shell,1,,,,,
2.19,LR,0.98,,,,,
2.191,PCA,0.707106781186548,,,,,
2.191,K's tau,0.456412596987677,,,,,
2.191,Winsor,0.981287083523505,,,,,
2.191,Quad,0.962924340290067,,,,,
2.191,Ball,0,,,,,
2.191,Shell,1,,,,,
2.191,LR,0.9795,,,,,
2.192,PCA,0.707106781186548,,,,,
2.192,K's tau,0.456204379562044,,,,,
2.192,Winsor,0.980839416058394,,,,,
2.192,Quad,0.962045960093772,,,,,
2.192,Ball,0,,,,,
2.192,Shell,1,,,,,
2.192,LR,0.979,,,,,
2.193,PCA,0.707106781186548,,,,,
2.193,K's tau,0.455996352029184,,,,,
2.193,Winsor,0.980392156862745,,,,,
2.193,Quad,0.961168781237986,,,,,
2.193,Ball,0,,,,,
2.193,Shell,1,,,,,
2.193,LR,0.9785,,,,,
2.194,PCA,0.707106781186548,,,,,
2.194,K's tau,0.455788514129444,,,,,
2.194,Winsor,0.979945305378305,,,,,
2.194,Quad,0.960292801532978,,,,,
2.194,Ball,0,,,,,
2.194,Shell,1,,,,,
2.194,LR,0.978,,,,,
2.195,PCA,0.707106781186548,,,,,
2.195,K's tau,0.455580865603645,,,,,
2.195,Winsor,0.979498861047836,,,,,
2.195,Quad,0.959418018794008,,,,,
2.195,Ball,0,,,,,
2.195,Shell,1,,,,,
2.195,LR,0.9775,,,,,
2.196,PCA,0.707106781186548,,,,,
2.196,K's tau,0.455373406193078,,,,,
2.196,Winsor,0.979052823315118,,,,,
2.196,Quad,0.958544430841305,,,,,
2.196,Ball,0,,,,,
2.196,Shell,1,,,,,
2.196,LR,0.977,,,,,
2.197,PCA,0.707106781186548,,,,,
2.197,K's tau,0.455166135639509,,,,,
2.197,Winsor,0.978607191624943,,,,,
2.197,Quad,0.957672035500058,,,,,
2.197,Ball,0,,,,,
2.197,Shell,1,,,,,
2.197,LR,0.9765,,,,,
2.198,PCA,0.707106781186548,,,,,
2.198,K's tau,0.454959053685168,,,,,
2.198,Winsor,0.978161965423112,,,,,
2.198,Quad,0.956800830600405,,,,,
2.198,Ball,0,,,,,
2.198,Shell,1,,,,,
2.198,LR,0.976,,,,,
2.199,PCA,0.707106781186548,,,,,
2.199,K's tau,0.45475216007276,,,,,
2.199,Winsor,0.977717144156435,,,,,
2.199,Quad,0.955930813977415,,,,,
2.199,Ball,0,,,,,
2.199,Shell,1,,,,,
2.199,LR,0.9755,,,,,
2.2,PCA,0.707106781186548,,,,,
2.2,K's tau,0.454545454545455,,,,,
2.2,Winsor,0.977272727272727,,,,,
2.2,Quad,0.955061983471074,,,,,
2.2,Ball,0,,,,,
2.2,Shell,1,,,,,
2.2,LR,0.975,,,,,
2.201,PCA,0.707106781186548,,,,,
2.201,K's tau,0.454338936846888,,,,,
2.201,Winsor,0.976828714220809,,,,,
2.201,Quad,0.954194336926279,,,,,
2.201,Ball,0,,,,,
2.201,Shell,1,,,,,
2.201,LR,0.9745,,,,,
2.202,PCA,0.707106781186548,,,,,
2.202,K's tau,0.454132606721163,,,,,
2.202,Winsor,0.9763851044505,,,,,
2.202,Quad,0.953327872192813,,,,,
2.202,Ball,0,,,,,
2.202,Shell,1,,,,,
2.202,LR,0.974,,,,,
2.203,PCA,0.707106781186548,,,,,
2.203,K's tau,0.453926463912846,,,,,
2.203,Winsor,0.975941897412619,,,,,
2.203,Quad,0.952462587125343,,,,,
2.203,Ball,0,,,,,
2.203,Shell,1,,,,,
2.203,LR,0.9735,,,,,
2.204,PCA,0.707106781186548,,,,,
2.204,K's tau,0.453720508166969,,,,,
2.204,Winsor,0.975499092558984,,,,,
2.204,Quad,0.951598479583401,,,,,
2.204,Ball,0,,,,,
2.204,Shell,1,,,,,
2.204,LR,0.973,,,,,
2.205,PCA,0.707106781186548,,,,,
2.205,K's tau,0.453514739229025,,,,,
2.205,Winsor,0.975056689342404,,,,,
2.205,Quad,0.950735547431369,,,,,
2.205,Ball,0,,,,,
2.205,Shell,1,,,,,
2.205,LR,0.9725,,,,,
2.206,PCA,0.707106781186548,,,,,
2.206,K's tau,0.453309156844968,,,,,
2.206,Winsor,0.974614687216682,,,,,
2.206,Quad,0.94987378853847,,,,,
2.206,Ball,0,,,,,
2.206,Shell,1,,,,,
2.206,LR,0.972,,,,,
2.207,PCA,0.707106781186548,,,,,
2.207,K's tau,0.453103760761214,,,,,
2.207,Winsor,0.974173085636611,,,,,
2.207,Quad,0.949013200778755,,,,,
2.207,Ball,0,,,,,
2.207,Shell,1,,,,,
2.207,LR,0.9715,,,,,
2.208,PCA,0.707106781186548,,,,,
2.208,K's tau,0.452898550724638,,,,,
2.208,Winsor,0.973731884057971,,,,,
2.208,Quad,0.948153782031086,,,,,
2.208,Ball,0,,,,,
2.208,Shell,1,,,,,
2.208,LR,0.971,,,,,
2.209,PCA,0.707106781186548,,,,,
2.209,K's tau,0.452693526482571,,,,,
2.209,Winsor,0.973291081937528,,,,,
2.209,Quad,0.947295530179125,,,,,
2.209,Ball,0,,,,,
2.209,Shell,1,,,,,
2.209,LR,0.9705,,,,,
2.21,PCA,0.707106781186548,,,,,
2.21,K's tau,0.452488687782805,,,,,
2.21,Winsor,0.972850678733032,,,,,
2.21,Quad,0.94643844311132,,,,,
2.21,Ball,0,,,,,
2.21,Shell,1,,,,,
2.21,LR,0.97,,,,,
2.211,PCA,0.707106781186548,,,,,
2.211,K's tau,0.452284034373587,,,,,
2.211,Winsor,0.972410673903211,,,,,
2.211,Quad,0.945582518720897,,,,,
2.211,Ball,0,,,,,
2.211,Shell,1,,,,,
2.211,LR,0.9695,,,,,
2.212,PCA,0.707106781186548,,,,,
2.212,K's tau,0.452079566003617,,,,,
2.212,Winsor,0.971971066907776,,,,,
2.212,Quad,0.94472775490584,,,,,
2.212,Ball,0,,,,,
2.212,Shell,1,,,,,
2.212,LR,0.969,,,,,
2.213,PCA,0.707106781186548,,,,,
2.213,K's tau,0.451875282422052,,,,,
2.213,Winsor,0.971531857207411,,,,,
2.213,Quad,0.943874149568881,,,,,
2.213,Ball,0,,,,,
2.213,Shell,1,,,,,
2.213,LR,0.9685,,,,,
2.214,PCA,0.707106781186548,,,,,
2.214,K's tau,0.451671183378501,,,,,
2.214,Winsor,0.971093044263776,,,,,
2.214,Quad,0.943021700617488,,,,,
2.214,Ball,0,,,,,
2.214,Shell,1,,,,,
2.214,LR,0.968,,,,,
2.215,PCA,0.707106781186548,,,,,
2.215,K's tau,0.451467268623025,,,,,
2.215,Winsor,0.970654627539503,,,,,
2.215,Quad,0.942170405963852,,,,,
2.215,Ball,0,,,,,
2.215,Shell,1,,,,,
2.215,LR,0.9675,,,,,
2.216,PCA,0.707106781186548,,,,,
2.216,K's tau,0.451263537906137,,,,,
2.216,Winsor,0.970216606498195,,,,,
2.216,Quad,0.941320263524873,,,,,
2.216,Ball,0,,,,,
2.216,Shell,1,,,,,
2.216,LR,0.967,,,,,
2.217,PCA,0.707106781186548,,,,,
2.217,K's tau,0.4510599909788,,,,,
2.217,Winsor,0.96977898060442,,,,,
2.217,Quad,0.940471271222149,,,,,
2.217,Ball,0,,,,,
2.217,Shell,1,,,,,
2.217,LR,0.9665,,,,,
2.218,PCA,0.707106781186548,,,,,
2.218,K's tau,0.450856627592426,,,,,
2.218,Winsor,0.969341749323715,,,,,
2.218,Quad,0.93962342698196,,,,,
2.218,Ball,0,,,,,
2.218,Shell,1,,,,,
2.218,LR,0.966,,,,,
2.219,PCA,0.707106781186548,,,,,
2.219,K's tau,0.450653447498873,,,,,
2.219,Winsor,0.968904912122578,,,,,
2.219,Quad,0.93877672873526,,,,,
2.219,Ball,0,,,,,
2.219,Shell,1,,,,,
2.219,LR,0.9655,,,,,
2.22,PCA,0.707106781186548,,,,,
2.22,K's tau,0.450450450450451,,,,,
2.22,Winsor,0.968468468468469,,,,,
2.22,Quad,0.937931174417661,,,,,
2.22,Ball,0,,,,,
2.22,Shell,1,,,,,
2.22,LR,0.965,,,,,
2.221,PCA,0.707106781186548,,,,,
2.221,K's tau,0.45024763619991,,,,,
2.221,Winsor,0.968032417829806,,,,,
2.221,Quad,0.937086761969421,,,,,
2.221,Ball,0,,,,,
2.221,Shell,1,,,,,
2.221,LR,0.9645,,,,,
2.222,PCA,0.707106781186548,,,,,
2.222,K's tau,0.45004500450045,,,,,
2.222,Winsor,0.967596759675968,,,,,
2.222,Quad,0.936243489335432,,,,,
2.222,Ball,0,,,,,
2.222,Shell,1,,,,,
2.222,LR,0.964,,,,,
2.223,PCA,0.707106781186548,,,,,
2.223,K's tau,0.449842555105713,,,,,
2.223,Winsor,0.967161493477283,,,,,
2.223,Quad,0.935401354465208,,,,,
2.223,Ball,0,,,,,
2.223,Shell,1,,,,,
2.223,LR,0.9635,,,,,
2.224,PCA,0.707106781186548,,,,,
2.224,K's tau,0.449640287769784,,,,,
2.224,Winsor,0.966726618705036,,,,,
2.224,Quad,0.934560355312872,,,,,
2.224,Ball,0,,,,,
2.224,Shell,1,,,,,
2.224,LR,0.963,,,,,
2.225,PCA,0.707106781186548,,,,,
2.225,K's tau,0.449438202247191,,,,,
2.225,Winsor,0.966292134831461,,,,,
2.225,Quad,0.933720489837142,,,,,
2.225,Ball,0,,,,,
2.225,Shell,1,,,,,
2.225,LR,0.9625,,,,,
2.226,PCA,0.707106781186548,,,,,
2.226,K's tau,0.449236298292902,,,,,
2.226,Winsor,0.965858041329739,,,,,
2.226,Quad,0.932881756001321,,,,,
2.226,Ball,0,,,,,
2.226,Shell,1,,,,,
2.226,LR,0.962,,,,,
2.227,PCA,0.707106781186548,,,,,
2.227,K's tau,0.449034575662326,,,,,
2.227,Winsor,0.965424337674001,,,,,
2.227,Quad,0.932044151773283,,,,,
2.227,Ball,0,,,,,
2.227,Shell,1,,,,,
2.227,LR,0.9615,,,,,
2.228,PCA,0.707106781186548,,,,,
2.228,K's tau,0.448833034111311,,,,,
2.228,Winsor,0.964991023339318,,,,,
2.228,Quad,0.931207675125464,,,,,
2.228,Ball,0,,,,,
2.228,Shell,1,,,,,
2.228,LR,0.961,,,,,
2.229,PCA,0.707106781186548,,,,,
2.229,K's tau,0.448631673396142,,,,,
2.229,Winsor,0.964558097801705,,,,,
2.229,Quad,0.930372324034843,,,,,
2.229,Ball,0,,,,,
2.229,Shell,1,,,,,
2.229,LR,0.9605,,,,,
2.23,PCA,0.707106781186548,,,,,
2.23,K's tau,0.448430493273543,,,,,
2.23,Winsor,0.964125560538117,,,,,
2.23,Quad,0.929538096482937,,,,,
2.23,Ball,0,,,,,
2.23,Shell,1,,,,,
2.23,LR,0.96,,,,,
2.231,PCA,0.707106781186548,,,,,
2.231,K's tau,0.448229493500672,,,,,
2.231,Winsor,0.963693411026446,,,,,
2.231,Quad,0.928704990455786,,,,,
2.231,Ball,0,,,,,
2.231,Shell,1,,,,,
2.231,LR,0.9595,,,,,
2.232,PCA,0.707106781186548,,,,,
2.232,K's tau,0.448028673835126,,,,,
2.232,Winsor,0.96326164874552,,,,,
2.232,Quad,0.927873003943937,,,,,
2.232,Ball,0,,,,,
2.232,Shell,1,,,,,
2.232,LR,0.959,,,,,
2.233,PCA,0.707106781186548,,,,,
2.233,K's tau,0.447828034034931,,,,,
2.233,Winsor,0.962830273175101,,,,,
2.233,Quad,0.927042134942439,,,,,
2.233,Ball,0,,,,,
2.233,Shell,1,,,,,
2.233,LR,0.9585,,,,,
2.234,PCA,0.707106781186548,,,,,
2.234,K's tau,0.44762757385855,,,,,
2.234,Winsor,0.962399283795882,,,,,
2.234,Quad,0.926212381450826,,,,,
2.234,Ball,0,,,,,
2.234,Shell,1,,,,,
2.234,LR,0.958,,,,,
2.235,PCA,0.707106781186548,,,,,
2.235,K's tau,0.447427293064877,,,,,
2.235,Winsor,0.961968680089485,,,,,
2.235,Quad,0.925383741473107,,,,,
2.235,Ball,0,,,,,
2.235,Shell,1,,,,,
2.235,LR,0.9575,,,,,
2.236,PCA,0.707106781186548,,,,,
2.236,K's tau,0.447227191413238,,,,,
2.236,Winsor,0.961538461538461,,,,,
2.236,Quad,0.924556213017752,,,,,
2.236,Ball,0,,,,,
2.236,Shell,1,,,,,
2.236,LR,0.957,,,,,
2.237,PCA,0.707106781186548,,,,,
2.237,K's tau,0.447027268663389,,,,,
2.237,Winsor,0.961108627626285,,,,,
2.237,Quad,0.923729794097682,,,,,
2.237,Ball,0,,,,,
2.237,Shell,1,,,,,
2.237,LR,0.9565,,,,,
2.238,PCA,0.707106781186548,,,,,
2.238,K's tau,0.446827524575514,,,,,
2.238,Winsor,0.960679177837355,,,,,
2.238,Quad,0.922904482730256,,,,,
2.238,Ball,0,,,,,
2.238,Shell,1,,,,,
2.238,LR,0.956,,,,,
2.239,PCA,0.707106781186548,,,,,
2.239,K's tau,0.446627958910228,,,,,
2.239,Winsor,0.96025011165699,,,,,
2.239,Quad,0.922080276937261,,,,,
2.239,Ball,0,,,,,
2.239,Shell,1,,,,,
2.239,LR,0.9555,,,,,
2.24,PCA,0.707106781186548,,,,,
2.24,K's tau,0.446428571428571,,,,,
2.24,Winsor,0.959821428571429,,,,,
2.24,Quad,0.921257174744898,,,,,
2.24,Ball,0,,,,,
2.24,Shell,1,,,,,
2.24,LR,0.955,,,,,
2.241,PCA,0.707106781186548,,,,,
2.241,K's tau,0.446229361892013,,,,,
2.241,Winsor,0.959393128067827,,,,,
2.241,Quad,0.92043517418377,,,,,
2.241,Ball,0,,,,,
2.241,Shell,1,,,,,
2.241,LR,0.9545,,,,,
2.242,PCA,0.707106781186548,,,,,
2.242,K's tau,0.446030330062444,,,,,
2.242,Winsor,0.958965209634255,,,,,
2.242,Quad,0.919614273288871,,,,,
2.242,Ball,0,,,,,
2.242,Shell,1,,,,,
2.242,LR,0.954,,,,,
2.243,PCA,0.707106781186548,,,,,
2.243,K's tau,0.445831475702185,,,,,
2.243,Winsor,0.958537672759697,,,,,
2.243,Quad,0.918794470099576,,,,,
2.243,Ball,0,,,,,
2.243,Shell,1,,,,,
2.243,LR,0.9535,,,,,
2.244,PCA,0.707106781186548,,,,,
2.244,K's tau,0.445632798573975,,,,,
2.244,Winsor,0.958110516934046,,,,,
2.244,Quad,0.917975762659626,,,,,
2.244,Ball,0,,,,,
2.244,Shell,1,,,,,
2.244,LR,0.953,,,,,
2.245,PCA,0.707106781186548,,,,,
2.245,K's tau,0.44543429844098,,,,,
2.245,Winsor,0.957683741648107,,,,,
2.245,Quad,0.917158149017118,,,,,
2.245,Ball,0,,,,,
2.245,Shell,1,,,,,
2.245,LR,0.9525,,,,,
2.246,PCA,0.707106781186548,,,,,
2.246,K's tau,0.445235975066785,,,,,
2.246,Winsor,0.957257346393589,,,,,
2.246,Quad,0.916341627224495,,,,,
2.246,Ball,0,,,,,
2.246,Shell,1,,,,,
2.246,LR,0.952,,,,,
2.247,PCA,0.707106781186548,,,,,
2.247,K's tau,0.445037828215398,,,,,
2.247,Winsor,0.956831330663106,,,,,
2.247,Quad,0.915526195338531,,,,,
2.247,Ball,0,,,,,
2.247,Shell,1,,,,,
2.247,LR,0.9515,,,,,
2.248,PCA,0.707106781186548,,,,,
2.248,K's tau,0.444839857651246,,,,,
2.248,Winsor,0.956405693950178,,,,,
2.248,Quad,0.914711851420322,,,,,
2.248,Ball,0,,,,,
2.248,Shell,1,,,,,
2.248,LR,0.951,,,,,
2.249,PCA,0.707106781186548,,,,,
2.249,K's tau,0.444642063139173,,,,,
2.249,Winsor,0.955980435749222,,,,,
2.249,Quad,0.913898593535272,,,,,
2.249,Ball,0,,,,,
2.249,Shell,1,,,,,
2.249,LR,0.9505,,,,,
2.25,PCA,0.707106781186548,,,,,
2.25,K's tau,0.444444444444444,,,,,
2.25,Winsor,0.955555555555556,,,,,
2.25,Quad,0.913086419753086,,,,,
2.25,Ball,0,,,,,
2.25,Shell,1,,,,,
2.25,LR,0.95,,,,,
2.251,PCA,0.707106781186548,,,,,
2.251,K's tau,0.444247001332741,,,,,
2.251,Winsor,0.955131052865393,,,,,
2.251,Quad,0.912275328147754,,,,,
2.251,Ball,0,,,,,
2.251,Shell,1,,,,,
2.251,LR,0.9495,,,,,
2.252,PCA,0.707106781186548,,,,,
2.252,K's tau,0.44404973357016,,,,,
2.252,Winsor,0.954706927175844,,,,,
2.252,Quad,0.911465316797542,,,,,
2.252,Ball,0,,,,,
2.252,Shell,1,,,,,
2.252,LR,0.949,,,,,
2.253,PCA,0.707106781186548,,,,,
2.253,K's tau,0.443852640923214,,,,,
2.253,Winsor,0.954283177984909,,,,,
2.253,Quad,0.910656383784978,,,,,
2.253,Ball,0,,,,,
2.253,Shell,1,,,,,
2.253,LR,0.9485,,,,,
2.254,PCA,0.707106781186548,,,,,
2.254,K's tau,0.443655723158829,,,,,
2.254,Winsor,0.953859804791482,,,,,
2.254,Quad,0.909848527196844,,,,,
2.254,Ball,0,,,,,
2.254,Shell,1,,,,,
2.254,LR,0.948,,,,,
2.255,PCA,0.707106781186548,,,,,
2.255,K's tau,0.443458980044346,,,,,
2.255,Winsor,0.953436807095344,,,,,
2.255,Quad,0.909041745124164,,,,,
2.255,Ball,0,,,,,
2.255,Shell,1,,,,,
2.255,LR,0.9475,,,,,
2.256,PCA,0.707106781186548,,,,,
2.256,K's tau,0.443262411347518,,,,,
2.256,Winsor,0.953014184397163,,,,,
2.256,Quad,0.90823603566219,,,,,
2.256,Ball,0,,,,,
2.256,Shell,1,,,,,
2.256,LR,0.947,,,,,
2.257,PCA,0.707106781186548,,,,,
2.257,K's tau,0.443066016836509,,,,,
2.257,Winsor,0.952591936198494,,,,,
2.257,Quad,0.907431396910395,,,,,
2.257,Ball,0,,,,,
2.257,Shell,1,,,,,
2.257,LR,0.9465,,,,,
2.258,PCA,0.707106781186548,,,,,
2.258,K's tau,0.442869796279894,,,,,
2.258,Winsor,0.952170062001771,,,,,
2.258,Quad,0.906627826972457,,,,,
2.258,Ball,0,,,,,
2.258,Shell,1,,,,,
2.258,LR,0.946,,,,,
2.259,PCA,0.707106781186548,,,,,
2.259,K's tau,0.442673749446658,,,,,
2.259,Winsor,0.951748561310314,,,,,
2.259,Quad,0.905825323956253,,,,,
2.259,Ball,0,,,,,
2.259,Shell,1,,,,,
2.259,LR,0.9455,,,,,
2.26,PCA,0.707106781186548,,,,,
2.26,K's tau,0.442477876106195,,,,,
2.26,Winsor,0.951327433628319,,,,,
2.26,Quad,0.905023885973843,,,,,
2.26,Ball,0,,,,,
2.26,Shell,1,,,,,
2.26,LR,0.945,,,,,
2.261,PCA,0.707106781186548,,,,,
2.261,K's tau,0.442282176028306,,,,,
2.261,Winsor,0.950906678460858,,,,,
2.261,Quad,0.904223511141462,,,,,
2.261,Ball,0,,,,,
2.261,Shell,1,,,,,
2.261,LR,0.9445,,,,,
2.262,PCA,0.707106781186548,,,,,
2.262,K's tau,0.442086648983201,,,,,
2.262,Winsor,0.950486295313882,,,,,
2.262,Quad,0.903424197579507,,,,,
2.262,Ball,0,,,,,
2.262,Shell,1,,,,,
2.262,LR,0.944,,,,,
2.263,PCA,0.707106781186548,,,,,
2.263,K's tau,0.441891294741494,,,,,
2.263,Winsor,0.950066283694211,,,,,
2.263,Quad,0.90262594341253,,,,,
2.263,Ball,0,,,,,
2.263,Shell,1,,,,,
2.263,LR,0.9435,,,,,
2.264,PCA,0.707106781186548,,,,,
2.264,K's tau,0.441696113074205,,,,,
2.264,Winsor,0.949646643109541,,,,,
2.264,Quad,0.901828746769219,,,,,
2.264,Ball,0,,,,,
2.264,Shell,1,,,,,
2.264,LR,0.943,,,,,
2.265,PCA,0.707106781186548,,,,,
2.265,K's tau,0.44150110375276,,,,,
2.265,Winsor,0.949227373068433,,,,,
2.265,Quad,0.901032605782398,,,,,
2.265,Ball,0,,,,,
2.265,Shell,1,,,,,
2.265,LR,0.9425,,,,,
2.266,PCA,0.707106781186548,,,,,
2.266,K's tau,0.441306266548985,,,,,
2.266,Winsor,0.948808473080318,,,,,
2.266,Quad,0.900237518589004,,,,,
2.266,Ball,0,,,,,
2.266,Shell,1,,,,,
2.266,LR,0.942,,,,,
2.267,PCA,0.707106781186548,,,,,
2.267,K's tau,0.441111601235113,,,,,
2.267,Winsor,0.948389942655492,,,,,
2.267,Quad,0.899443483330087,,,,,
2.267,Ball,0,,,,,
2.267,Shell,1,,,,,
2.267,LR,0.9415,,,,,
2.268,PCA,0.707106781186548,,,,,
2.268,K's tau,0.440917107583774,,,,,
2.268,Winsor,0.947971781305115,,,,,
2.268,Quad,0.898650498150792,,,,,
2.268,Ball,0,,,,,
2.268,Shell,1,,,,,
2.268,LR,0.941,,,,,
2.269,PCA,0.707106781186548,,,,,
2.269,K's tau,0.440722785368004,,,,,
2.269,Winsor,0.947553988541208,,,,,
2.269,Quad,0.897858561200351,,,,,
2.269,Ball,0,,,,,
2.269,Shell,1,,,,,
2.269,LR,0.9405,,,,,
2.27,PCA,0.707106781186548,,,,,
2.27,K's tau,0.440528634361233,,,,,
2.27,Winsor,0.947136563876652,,,,,
2.27,Quad,0.897067670632071,,,,,
2.27,Ball,0,,,,,
2.27,Shell,1,,,,,
2.27,LR,0.94,,,,,
2.271,PCA,0.707106781186548,,,,,
2.271,K's tau,0.440334654337296,,,,,
2.271,Winsor,0.946719506825187,,,,,
2.271,Quad,0.896277824603326,,,,,
2.271,Ball,0,,,,,
2.271,Shell,1,,,,,
2.271,LR,0.9395,,,,,
2.272,PCA,0.707106781186548,,,,,
2.272,K's tau,0.440140845070423,,,,,
2.272,Winsor,0.946302816901408,,,,,
2.272,Quad,0.895489021275541,,,,,
2.272,Ball,0,,,,,
2.272,Shell,1,,,,,
2.272,LR,0.939,,,,,
2.273,PCA,0.707106781186548,,,,,
2.273,K's tau,0.43994720633524,,,,,
2.273,Winsor,0.945886493620766,,,,,
2.273,Quad,0.894701258814187,,,,,
2.273,Ball,0,,,,,
2.273,Shell,1,,,,,
2.273,LR,0.9385,,,,,
2.274,PCA,0.707106781186548,,,,,
2.274,K's tau,0.439753737906772,,,,,
2.274,Winsor,0.94547053649956,,,,,
2.274,Quad,0.893914535388766,,,,,
2.274,Ball,0,,,,,
2.274,Shell,1,,,,,
2.274,LR,0.938,,,,,
2.275,PCA,0.707106781186548,,,,,
2.275,K's tau,0.43956043956044,,,,,
2.275,Winsor,0.945054945054945,,,,,
2.275,Quad,0.893128849172805,,,,,
2.275,Ball,0,,,,,
2.275,Shell,1,,,,,
2.275,LR,0.9375,,,,,
2.276,PCA,0.707106781186548,,,,,
2.276,K's tau,0.439367311072056,,,,,
2.276,Winsor,0.944639718804921,,,,,
2.276,Quad,0.89234419834384,,,,,
2.276,Ball,0,,,,,
2.276,Shell,1,,,,,
2.276,LR,0.937,,,,,
2.277,PCA,0.707106781186548,,,,,
2.277,K's tau,0.439174352217831,,,,,
2.277,Winsor,0.944224857268336,,,,,
2.277,Quad,0.891560581083409,,,,,
2.277,Ball,0,,,,,
2.277,Shell,1,,,,,
2.277,LR,0.9365,,,,,
2.278,PCA,0.707106781186548,,,,,
2.278,K's tau,0.438981562774363,,,,,
2.278,Winsor,0.943810359964881,,,,,
2.278,Quad,0.890777995577039,,,,,
2.278,Ball,0,,,,,
2.278,Shell,1,,,,,
2.278,LR,0.936,,,,,
2.279,PCA,0.707106781186548,,,,,
2.279,K's tau,0.438788942518649,,,,,
2.279,Winsor,0.943396226415094,,,,,
2.279,Quad,0.88999644001424,,,,,
2.279,Ball,0,,,,,
2.279,Shell,1,,,,,
2.279,LR,0.9355,,,,,
2.28,PCA,0.707106781186548,,,,,
2.28,K's tau,0.43859649122807,,,,,
2.28,Winsor,0.942982456140351,,,,,
2.28,Quad,0.889215912588489,,,,,
2.28,Ball,0,,,,,
2.28,Shell,1,,,,,
2.28,LR,0.935,,,,,
2.281,PCA,0.707106781186548,,,,,
2.281,K's tau,0.438404208680403,,,,,
2.281,Winsor,0.942569048662867,,,,,
2.281,Quad,0.888436411497223,,,,,
2.281,Ball,0,,,,,
2.281,Shell,1,,,,,
2.281,LR,0.9345,,,,,
2.282,PCA,0.707106781186548,,,,,
2.282,K's tau,0.438212094653813,,,,,
2.282,Winsor,0.942156003505697,,,,,
2.282,Quad,0.887657934941826,,,,,
2.282,Ball,0,,,,,
2.282,Shell,1,,,,,
2.282,LR,0.934,,,,,
2.283,PCA,0.707106781186548,,,,,
2.283,K's tau,0.438020148926851,,,,,
2.283,Winsor,0.941743320192729,,,,,
2.283,Quad,0.886880481127625,,,,,
2.283,Ball,0,,,,,
2.283,Shell,1,,,,,
2.283,LR,0.9335,,,,,
2.284,PCA,0.707106781186548,,,,,
2.284,K's tau,0.437828371278459,,,,,
2.284,Winsor,0.941330998248687,,,,,
2.284,Quad,0.886104048263869,,,,,
2.284,Ball,0,,,,,
2.284,Shell,1,,,,,
2.284,LR,0.933,,,,,
2.285,PCA,0.707106781186548,,,,,
2.285,K's tau,0.437636761487965,,,,,
2.285,Winsor,0.940919037199125,,,,,
2.285,Quad,0.885328634563728,,,,,
2.285,Ball,0,,,,,
2.285,Shell,1,,,,,
2.285,LR,0.9325,,,,,
2.286,PCA,0.707106781186548,,,,,
2.286,K's tau,0.437445319335083,,,,,
2.286,Winsor,0.940507436570429,,,,,
2.286,Quad,0.884554238244279,,,,,
2.286,Ball,0,,,,,
2.286,Shell,1,,,,,
2.286,LR,0.932,,,,,
2.287,PCA,0.707106781186548,,,,,
2.287,K's tau,0.437254044599913,,,,,
2.287,Winsor,0.940096195889812,,,,,
2.287,Quad,0.883780857526496,,,,,
2.287,Ball,0,,,,,
2.287,Shell,1,,,,,
2.287,LR,0.9315,,,,,
2.288,PCA,0.707106781186548,,,,,
2.288,K's tau,0.437062937062937,,,,,
2.288,Winsor,0.939685314685315,,,,,
2.288,Quad,0.883008490635239,,,,,
2.288,Ball,0,,,,,
2.288,Shell,1,,,,,
2.288,LR,0.931,,,,,
2.289,PCA,0.707106781186548,,,,,
2.289,K's tau,0.436871996505024,,,,,
2.289,Winsor,0.939274792485802,,,,,
2.289,Quad,0.882237135799246,,,,,
2.289,Ball,0,,,,,
2.289,Shell,1,,,,,
2.289,LR,0.9305,,,,,
2.29,PCA,0.707106781186548,,,,,
2.29,K's tau,0.436681222707424,,,,,
2.29,Winsor,0.938864628820961,,,,,
2.29,Quad,0.88146679125112,,,,,
2.29,Ball,0,,,,,
2.29,Shell,1,,,,,
2.29,LR,0.93,,,,,
2.291,PCA,0.707106781186548,,,,,
2.291,K's tau,0.436490615451768,,,,,
2.291,Winsor,0.938454823221301,,,,,
2.291,Quad,0.880697455227323,,,,,
2.291,Ball,0,,,,,
2.291,Shell,1,,,,,
2.291,LR,0.9295,,,,,
2.292,PCA,0.707106781186548,,,,,
2.292,K's tau,0.43630017452007,,,,,
2.292,Winsor,0.93804537521815,,,,,
2.292,Quad,0.87992912596816,,,,,
2.292,Ball,0,,,,,
2.292,Shell,1,,,,,
2.292,LR,0.929,,,,,
2.293,PCA,0.707106781186548,,,,,
2.293,K's tau,0.436109899694723,,,,,
2.293,Winsor,0.937636284343655,,,,,
2.293,Quad,0.879161801717775,,,,,
2.293,Ball,0,,,,,
2.293,Shell,1,,,,,
2.293,LR,0.9285,,,,,
2.294,PCA,0.707106781186548,,,,,
2.294,K's tau,0.4359197907585,,,,,
2.294,Winsor,0.937227550130776,,,,,
2.294,Quad,0.878395480724136,,,,,
2.294,Ball,0,,,,,
2.294,Shell,1,,,,,
2.294,LR,0.928,,,,,
2.295,PCA,0.707106781186548,,,,,
2.295,K's tau,0.435729847494553,,,,,
2.295,Winsor,0.93681917211329,,,,,
2.295,Quad,0.87763016123903,,,,,
2.295,Ball,0,,,,,
2.295,Shell,1,,,,,
2.295,LR,0.9275,,,,,
2.296,PCA,0.707106781186548,,,,,
2.296,K's tau,0.435540069686411,,,,,
2.296,Winsor,0.936411149825784,,,,,
2.296,Quad,0.876865841518047,,,,,
2.296,Ball,0,,,,,
2.296,Shell,1,,,,,
2.296,LR,0.927,,,,,
2.297,PCA,0.707106781186548,,,,,
2.297,K's tau,0.43535045711798,,,,,
2.297,Winsor,0.936003482803657,,,,,
2.297,Quad,0.876102519820576,,,,,
2.297,Ball,0,,,,,
2.297,Shell,1,,,,,
2.297,LR,0.9265,,,,,
2.298,PCA,0.707106781186548,,,,,
2.298,K's tau,0.435161009573542,,,,,
2.298,Winsor,0.935596170583116,,,,,
2.298,Quad,0.875340194409791,,,,,
2.298,Ball,0,,,,,
2.298,Shell,1,,,,,
2.298,LR,0.926,,,,,
2.299,PCA,0.707106781186548,,,,,
2.299,K's tau,0.434971726837756,,,,,
2.299,Winsor,0.935189212701174,,,,,
2.299,Quad,0.874578863552643,,,,,
2.299,Ball,0,,,,,
2.299,Shell,1,,,,,
2.299,LR,0.9255,,,,,
2.3,PCA,0.707106781186548,,,,,
2.3,K's tau,0.434782608695652,,,,,
2.3,Winsor,0.934782608695652,,,,,
2.3,Quad,0.873818525519849,,,,,
2.3,Ball,0,,,,,
2.3,Shell,1,,,,,
2.3,LR,0.925,,,,,
2.301,PCA,0.707106781186548,,,,,
2.301,K's tau,0.434593654932638,,,,,
2.301,Winsor,0.934376358105172,,,,,
2.301,Quad,0.873059178585884,,,,,
2.301,Ball,0,,,,,
2.301,Shell,1,,,,,
2.301,LR,0.9245,,,,,
2.302,PCA,0.707106781186548,,,,,
2.302,K's tau,0.434404865334492,,,,,
2.302,Winsor,0.933970460469157,,,,,
2.302,Quad,0.87230082102897,,,,,
2.302,Ball,0,,,,,
2.302,Shell,1,,,,,
2.302,LR,0.924,,,,,
2.303,PCA,0.707106781186548,,,,,
2.303,K's tau,0.434216239687364,,,,,
2.303,Winsor,0.933564915327833,,,,,
2.303,Quad,0.871543451131065,,,,,
2.303,Ball,0,,,,,
2.303,Shell,1,,,,,
2.303,LR,0.9235,,,,,
2.304,PCA,0.707106781186548,,,,,
2.304,K's tau,0.434027777777778,,,,,
2.304,Winsor,0.933159722222222,,,,,
2.304,Quad,0.870787067177855,,,,,
2.304,Ball,0,,,,,
2.304,Shell,1,,,,,
2.304,LR,0.923,,,,,
2.305,PCA,0.707106781186548,,,,,
2.305,K's tau,0.433839479392625,,,,,
2.305,Winsor,0.932754880694143,,,,,
2.305,Quad,0.870031667458745,,,,,
2.305,Ball,0,,,,,
2.305,Shell,1,,,,,
2.305,LR,0.9225,,,,,
2.306,PCA,0.707106781186548,,,,,
2.306,K's tau,0.433651344319167,,,,,
2.306,Winsor,0.93235039028621,,,,,
2.306,Quad,0.869277250266848,,,,,
2.306,Ball,0,,,,,
2.306,Shell,1,,,,,
2.306,LR,0.922,,,,,
2.307,PCA,0.707106781186548,,,,,
2.307,K's tau,0.433463372345037,,,,,
2.307,Winsor,0.931946250541829,,,,,
2.307,Quad,0.868523813898974,,,,,
2.307,Ball,0,,,,,
2.307,Shell,1,,,,,
2.307,LR,0.9215,,,,,
2.308,PCA,0.707106781186548,,,,,
2.308,K's tau,0.433275563258232,,,,,
2.308,Winsor,0.931542461005199,,,,,
2.308,Quad,0.867771356655623,,,,,
2.308,Ball,0,,,,,
2.308,Shell,1,,,,,
2.308,LR,0.921,,,,,
2.309,PCA,0.707106781186548,,,,,
2.309,K's tau,0.43308791684712,,,,,
2.309,Winsor,0.931139021221308,,,,,
2.309,Quad,0.867019876840976,,,,,
2.309,Ball,0,,,,,
2.309,Shell,1,,,,,
2.309,LR,0.9205,,,,,
2.31,PCA,0.707106781186548,,,,,
2.31,K's tau,0.432900432900433,,,,,
2.31,Winsor,0.930735930735931,,,,,
2.31,Quad,0.866269372762879,,,,,
2.31,Ball,0,,,,,
2.31,Shell,1,,,,,
2.31,LR,0.92,,,,,
2.311,PCA,0.707106781186548,,,,,
2.311,K's tau,0.43271311120727,,,,,
2.311,Winsor,0.93033318909563,,,,,
2.311,Quad,0.865519842732845,,,,,
2.311,Ball,0,,,,,
2.311,Shell,1,,,,,
2.311,LR,0.9195,,,,,
2.312,PCA,0.707106781186548,,,,,
2.312,K's tau,0.432525951557093,,,,,
2.312,Winsor,0.929930795847751,,,,,
2.312,Quad,0.864771285066031,,,,,
2.312,Ball,0,,,,,
2.312,Shell,1,,,,,
2.312,LR,0.919,,,,,
2.313,PCA,0.707106781186548,,,,,
2.313,K's tau,0.432338953739732,,,,,
2.313,Winsor,0.929528750540424,,,,,
2.313,Quad,0.864023698081241,,,,,
2.313,Ball,0,,,,,
2.313,Shell,1,,,,,
2.313,LR,0.9185,,,,,
2.314,PCA,0.707106781186548,,,,,
2.314,K's tau,0.432152117545376,,,,,
2.314,Winsor,0.929127052722558,,,,,
2.314,Quad,0.863277080100908,,,,,
2.314,Ball,0,,,,,
2.314,Shell,1,,,,,
2.314,LR,0.918,,,,,
2.315,PCA,0.707106781186548,,,,,
2.315,K's tau,0.431965442764579,,,,,
2.315,Winsor,0.928725701943845,,,,,
2.315,Quad,0.862531429451087,,,,,
2.315,Ball,0,,,,,
2.315,Shell,1,,,,,
2.315,LR,0.9175,,,,,
2.316,PCA,0.707106781186548,,,,,
2.316,K's tau,0.431778929188256,,,,,
2.316,Winsor,0.92832469775475,,,,,
2.316,Quad,0.861786744461447,,,,,
2.316,Ball,0,,,,,
2.316,Shell,1,,,,,
2.316,LR,0.917,,,,,
2.317,PCA,0.707106781186548,,,,,
2.317,K's tau,0.431592576607682,,,,,
2.317,Winsor,0.927924039706517,,,,,
2.317,Quad,0.861043023465262,,,,,
2.317,Ball,0,,,,,
2.317,Shell,1,,,,,
2.317,LR,0.9165,,,,,
2.318,PCA,0.707106781186548,,,,,
2.318,K's tau,0.431406384814495,,,,,
2.318,Winsor,0.927523727351165,,,,,
2.318,Quad,0.860300264799398,,,,,
2.318,Ball,0,,,,,
2.318,Shell,1,,,,,
2.318,LR,0.916,,,,,
2.319,PCA,0.707106781186548,,,,,
2.319,K's tau,0.43122035360069,,,,,
2.319,Winsor,0.927123760241483,,,,,
2.319,Quad,0.859558466804308,,,,,
2.319,Ball,0,,,,,
2.319,Shell,1,,,,,
2.319,LR,0.9155,,,,,
2.32,PCA,0.707106781186548,,,,,
2.32,K's tau,0.431034482758621,,,,,
2.32,Winsor,0.926724137931035,,,,,
2.32,Quad,0.858817627824019,,,,,
2.32,Ball,0,,,,,
2.32,Shell,1,,,,,
2.32,LR,0.915,,,,,
2.321,PCA,0.707106781186548,,,,,
2.321,K's tau,0.430848772081,,,,,
2.321,Winsor,0.926324859974149,,,,,
2.321,Quad,0.858077746206127,,,,,
2.321,Ball,0,,,,,
2.321,Shell,1,,,,,
2.321,LR,0.9145,,,,,
2.322,PCA,0.707106781186548,,,,,
2.322,K's tau,0.430663221360896,,,,,
2.322,Winsor,0.925925925925926,,,,,
2.322,Quad,0.857338820301784,,,,,
2.322,Ball,0,,,,,
2.322,Shell,1,,,,,
2.322,LR,0.914,,,,,
2.323,PCA,0.707106781186548,,,,,
2.323,K's tau,0.430477830391735,,,,,
2.323,Winsor,0.92552733534223,,,,,
2.323,Quad,0.856600848465688,,,,,
2.323,Ball,0,,,,,
2.323,Shell,1,,,,,
2.323,LR,0.9135,,,,,
2.324,PCA,0.707106781186548,,,,,
2.324,K's tau,0.430292598967298,,,,,
2.324,Winsor,0.92512908777969,,,,,
2.324,Quad,0.855863829056082,,,,,
2.324,Ball,0,,,,,
2.324,Shell,1,,,,,
2.324,LR,0.913,,,,,
2.325,PCA,0.707106781186548,,,,,
2.325,K's tau,0.430107526881721,,,,,
2.325,Winsor,0.924731182795699,,,,,
2.325,Quad,0.855127760434733,,,,,
2.325,Ball,0,,,,,
2.325,Shell,1,,,,,
2.325,LR,0.9125,,,,,
2.326,PCA,0.707106781186548,,,,,
2.326,K's tau,0.429922613929493,,,,,
2.326,Winsor,0.924333619948409,,,,,
2.326,Quad,0.854392640966931,,,,,
2.326,Ball,0,,,,,
2.326,Shell,1,,,,,
2.326,LR,0.912,,,,,
2.327,PCA,0.707106781186548,,,,,
2.327,K's tau,0.429737859905458,,,,,
2.327,Winsor,0.923936398796734,,,,,
2.327,Quad,0.853658469021477,,,,,
2.327,Ball,0,,,,,
2.327,Shell,1,,,,,
2.327,LR,0.9115,,,,,
2.328,PCA,0.707106781186548,,,,,
2.328,K's tau,0.429553264604811,,,,,
2.328,Winsor,0.923539518900344,,,,,
2.328,Quad,0.852925242970678,,,,,
2.328,Ball,0,,,,,
2.328,Shell,1,,,,,
2.328,LR,0.911,,,,,
2.329,PCA,0.707106781186548,,,,,
2.329,K's tau,0.4293688278231,,,,,
2.329,Winsor,0.923142979819665,,,,,
2.329,Quad,0.852192961190331,,,,,
2.329,Ball,0,,,,,
2.329,Shell,1,,,,,
2.329,LR,0.9105,,,,,
2.33,PCA,0.707106781186548,,,,,
2.33,K's tau,0.429184549356223,,,,,
2.33,Winsor,0.92274678111588,,,,,
2.33,Quad,0.851461622059718,,,,,
2.33,Ball,0,,,,,
2.33,Shell,1,,,,,
2.33,LR,0.91,,,,,
2.331,PCA,0.707106781186548,,,,,
2.331,K's tau,0.429000429000429,,,,,
2.331,Winsor,0.922350922350922,,,,,
2.331,Quad,0.850731223961597,,,,,
2.331,Ball,0,,,,,
2.331,Shell,1,,,,,
2.331,LR,0.9095,,,,,
2.332,PCA,0.707106781186548,,,,,
2.332,K's tau,0.428816466552316,,,,,
2.332,Winsor,0.921955403087479,,,,,
2.332,Quad,0.850001765282195,,,,,
2.332,Ball,0,,,,,
2.332,Shell,1,,,,,
2.332,LR,0.909,,,,,
2.333,PCA,0.707106781186548,,,,,
2.333,K's tau,0.42863266180883,,,,,
2.333,Winsor,0.921560222888984,,,,,
2.333,Quad,0.849273244411194,,,,,
2.333,Ball,0,,,,,
2.333,Shell,1,,,,,
2.333,LR,0.9085,,,,,
2.334,PCA,0.707106781186548,,,,,
2.334,K's tau,0.428449014567267,,,,,
2.334,Winsor,0.921165381319623,,,,,
2.334,Quad,0.848545659741727,,,,,
2.334,Ball,0,,,,,
2.334,Shell,1,,,,,
2.334,LR,0.908,,,,,
2.335,PCA,0.707106781186548,,,,,
2.335,K's tau,0.428265524625268,,,,,
2.335,Winsor,0.920770877944326,,,,,
2.335,Quad,0.847819009670364,,,,,
2.335,Ball,0,,,,,
2.335,Shell,1,,,,,
2.335,LR,0.9075,,,,,
2.336,PCA,0.707106781186548,,,,,
2.336,K's tau,0.428082191780822,,,,,
2.336,Winsor,0.920376712328767,,,,,
2.336,Quad,0.84709329259711,,,,,
2.336,Ball,0,,,,,
2.336,Shell,1,,,,,
2.336,LR,0.907,,,,,
2.337,PCA,0.707106781186548,,,,,
2.337,K's tau,0.427899015832264,,,,,
2.337,Winsor,0.919982884039367,,,,,
2.337,Quad,0.846368506925391,,,,,
2.337,Ball,0,,,,,
2.337,Shell,1,,,,,
2.337,LR,0.9065,,,,,
2.338,PCA,0.707106781186548,,,,,
2.338,K's tau,0.427715996578272,,,,,
2.338,Winsor,0.919589392643285,,,,,
2.338,Quad,0.845644651062046,,,,,
2.338,Ball,0,,,,,
2.338,Shell,1,,,,,
2.338,LR,0.906,,,,,
2.339,PCA,0.707106781186548,,,,,
2.339,K's tau,0.427533133817871,,,,,
2.339,Winsor,0.919196237708422,,,,,
2.339,Quad,0.844921723417319,,,,,
2.339,Ball,0,,,,,
2.339,Shell,1,,,,,
2.339,LR,0.9055,,,,,
2.34,PCA,0.707106781186548,,,,,
2.34,K's tau,0.427350427350427,,,,,
2.34,Winsor,0.918803418803419,,,,,
2.34,Quad,0.844199722404851,,,,,
2.34,Ball,0,,,,,
2.34,Shell,1,,,,,
2.34,LR,0.905,,,,,
2.341,PCA,0.707106781186548,,,,,
2.341,K's tau,0.427167876975651,,,,,
2.341,Winsor,0.918410935497651,,,,,
2.341,Quad,0.84347864644167,,,,,
2.341,Ball,0,,,,,
2.341,Shell,1,,,,,
2.341,LR,0.9045,,,,,
2.342,PCA,0.707106781186548,,,,,
2.342,K's tau,0.426985482493595,,,,,
2.342,Winsor,0.91801878736123,,,,,
2.342,Quad,0.842758493948183,,,,,
2.342,Ball,0,,,,,
2.342,Shell,1,,,,,
2.342,LR,0.904,,,,,
2.343,PCA,0.707106781186548,,,,,
2.343,K's tau,0.426803243704652,,,,,
2.343,Winsor,0.917626973965002,,,,,
2.343,Quad,0.842039263348167,,,,,
2.343,Ball,0,,,,,
2.343,Shell,1,,,,,
2.343,LR,0.9035,,,,,
2.344,PCA,0.707106781186548,,,,,
2.344,K's tau,0.426621160409556,,,,,
2.344,Winsor,0.917235494880546,,,,,
2.344,Quad,0.84132095306876,,,,,
2.344,Ball,0,,,,,
2.344,Shell,1,,,,,
2.344,LR,0.903,,,,,
2.345,PCA,0.707106781186548,,,,,
2.345,K's tau,0.426439232409382,,,,,
2.345,Winsor,0.916844349680171,,,,,
2.345,Quad,0.840603561540455,,,,,
2.345,Ball,0,,,,,
2.345,Shell,1,,,,,
2.345,LR,0.9025,,,,,
2.346,PCA,0.707106781186548,,,,,
2.346,K's tau,0.426257459505541,,,,,
2.346,Winsor,0.916453537936914,,,,,
2.346,Quad,0.839887087197087,,,,,
2.346,Ball,0,,,,,
2.346,Shell,1,,,,,
2.346,LR,0.902,,,,,
2.347,PCA,0.707106781186548,,,,,
2.347,K's tau,0.426075841499787,,,,,
2.347,Winsor,0.916063059224542,,,,,
2.347,Quad,0.839171528475827,,,,,
2.347,Ball,0,,,,,
2.347,Shell,1,,,,,
2.347,LR,0.9015,,,,,
2.348,PCA,0.707106781186548,,,,,
2.348,K's tau,0.425894378194208,,,,,
2.348,Winsor,0.915672913117547,,,,,
2.348,Quad,0.838456883817175,,,,,
2.348,Ball,0,,,,,
2.348,Shell,1,,,,,
2.348,LR,0.901,,,,,
2.349,PCA,0.707106781186548,,,,,
2.349,K's tau,0.42571306939123,,,,,
2.349,Winsor,0.915283099191145,,,,,
2.349,Quad,0.837743151664948,,,,,
2.349,Ball,0,,,,,
2.349,Shell,1,,,,,
2.349,LR,0.9005,,,,,
2.35,PCA,0.707106781186548,,,,,
2.35,K's tau,0.425531914893617,,,,,
2.35,Winsor,0.914893617021277,,,,,
2.35,Quad,0.837030330466275,,,,,
2.35,Ball,0,,,,,
2.35,Shell,1,,,,,
2.35,LR,0.9,,,,,
2.351,PCA,0.707106781186548,,,,,
2.351,K's tau,0.425350914504466,,,,,
2.351,Winsor,0.914504466184602,,,,,
2.351,Quad,0.836318418671585,,,,,
2.351,Ball,0,,,,,
2.351,Shell,1,,,,,
2.351,LR,0.8995,,,,,
2.352,PCA,0.707106781186548,,,,,
2.352,K's tau,0.425170068027211,,,,,
2.352,Winsor,0.914115646258503,,,,,
2.352,Quad,0.835607414734601,,,,,
2.352,Ball,0,,,,,
2.352,Shell,1,,,,,
2.352,LR,0.899,,,,,
2.353,PCA,0.707106781186548,,,,,
2.353,K's tau,0.424989375265618,,,,,
2.353,Winsor,0.91372715682108,,,,,
2.353,Quad,0.834897317112334,,,,,
2.353,Ball,0,,,,,
2.353,Shell,1,,,,,
2.353,LR,0.8985,,,,,
2.354,PCA,0.707106781186548,,,,,
2.354,K's tau,0.424808836023789,,,,,
2.354,Winsor,0.913338997451147,,,,,
2.354,Quad,0.834188124265067,,,,,
2.354,Ball,0,,,,,
2.354,Shell,1,,,,,
2.354,LR,0.898,,,,,
2.355,PCA,0.707106781186548,,,,,
2.355,K's tau,0.424628450106157,,,,,
2.355,Winsor,0.912951167728238,,,,,
2.355,Quad,0.833479834656353,,,,,
2.355,Ball,0,,,,,
2.355,Shell,1,,,,,
2.355,LR,0.8975,,,,,
2.356,PCA,0.707106781186548,,,,,
2.356,K's tau,0.424448217317487,,,,,
2.356,Winsor,0.912563667232598,,,,,
2.356,Quad,0.832772446753007,,,,,
2.356,Ball,0,,,,,
2.356,Shell,1,,,,,
2.356,LR,0.897,,,,,
2.357,PCA,0.707106781186548,,,,,
2.357,K's tau,0.424268137462877,,,,,
2.357,Winsor,0.912176495545185,,,,,
2.357,Quad,0.832065959025094,,,,,
2.357,Ball,0,,,,,
2.357,Shell,1,,,,,
2.357,LR,0.8965,,,,,
2.358,PCA,0.707106781186548,,,,,
2.358,K's tau,0.424088210347752,,,,,
2.358,Winsor,0.911789652247668,,,,,
2.358,Quad,0.831360369945923,,,,,
2.358,Ball,0,,,,,
2.358,Shell,1,,,,,
2.358,LR,0.896,,,,,
2.359,PCA,0.707106781186548,,,,,
2.359,K's tau,0.423908435777872,,,,,
2.359,Winsor,0.911403136922425,,,,,
2.359,Quad,0.830655677992036,,,,,
2.359,Ball,0,,,,,
2.359,Shell,1,,,,,
2.359,LR,0.8955,,,,,
2.36,PCA,0.707106781186548,,,,,
2.36,K's tau,0.423728813559322,,,,,
2.36,Winsor,0.911016949152542,,,,,
2.36,Quad,0.829951881643206,,,,,
2.36,Ball,0,,,,,
2.36,Shell,1,,,,,
2.36,LR,0.895,,,,,
2.361,PCA,0.707106781186548,,,,,
2.361,K's tau,0.423549343498518,,,,,
2.361,Winsor,0.910631088521813,,,,,
2.361,Quad,0.829248979382422,,,,,
2.361,Ball,0,,,,,
2.361,Shell,1,,,,,
2.361,LR,0.8945,,,,,
2.362,PCA,0.707106781186548,,,,,
2.362,K's tau,0.423370025402202,,,,,
2.362,Winsor,0.910245554614733,,,,,
2.362,Quad,0.828546969695884,,,,,
2.362,Ball,0,,,,,
2.362,Shell,1,,,,,
2.362,LR,0.894,,,,,
2.363,PCA,0.707106781186548,,,,,
2.363,K's tau,0.423190859077444,,,,,
2.363,Winsor,0.909860347016504,,,,,
2.363,Quad,0.827845851072994,,,,,
2.363,Ball,0,,,,,
2.363,Shell,1,,,,,
2.363,LR,0.8935,,,,,
2.364,PCA,0.707106781186548,,,,,
2.364,K's tau,0.423011844331641,,,,,
2.364,Winsor,0.909475465313029,,,,,
2.364,Quad,0.82714562200635,,,,,
2.364,Ball,0,,,,,
2.364,Shell,1,,,,,
2.364,LR,0.893,,,,,
2.365,PCA,0.707106781186548,,,,,
2.365,K's tau,0.422832980972516,,,,,
2.365,Winsor,0.909090909090909,,,,,
2.365,Quad,0.826446280991736,,,,,
2.365,Ball,0,,,,,
2.365,Shell,1,,,,,
2.365,LR,0.8925,,,,,
2.366,PCA,0.707106781186548,,,,,
2.366,K's tau,0.422654268808115,,,,,
2.366,Winsor,0.908706677937447,,,,,
2.366,Quad,0.825747826528112,,,,,
2.366,Ball,0,,,,,
2.366,Shell,1,,,,,
2.366,LR,0.892,,,,,
2.367,PCA,0.707106781186548,,,,,
2.367,K's tau,0.42247570764681,,,,,
2.367,Winsor,0.908322771440642,,,,,
2.367,Quad,0.825050257117609,,,,,
2.367,Ball,0,,,,,
2.367,Shell,1,,,,,
2.367,LR,0.8915,,,,,
2.368,PCA,0.707106781186548,,,,,
2.368,K's tau,0.422297297297297,,,,,
2.368,Winsor,0.907939189189189,,,,,
2.368,Quad,0.824353571265522,,,,,
2.368,Ball,0,,,,,
2.368,Shell,1,,,,,
2.368,LR,0.891,,,,,
2.369,PCA,0.707106781186548,,,,,
2.369,K's tau,0.422119037568594,,,,,
2.369,Winsor,0.907555930772478,,,,,
2.369,Quad,0.823657767480299,,,,,
2.369,Ball,0,,,,,
2.369,Shell,1,,,,,
2.369,LR,0.8905,,,,,
2.37,PCA,0.707106781186548,,,,,
2.37,K's tau,0.421940928270042,,,,,
2.37,Winsor,0.907172995780591,,,,,
2.37,Quad,0.822962844273532,,,,,
2.37,Ball,0,,,,,
2.37,Shell,1,,,,,
2.37,LR,0.89,,,,,
2.371,PCA,0.707106781186548,,,,,
2.371,K's tau,0.421762969211303,,,,,
2.371,Winsor,0.906790383804302,,,,,
2.371,Quad,0.822268800159953,,,,,
2.371,Ball,0,,,,,
2.371,Shell,1,,,,,
2.371,LR,0.8895,,,,,
2.372,PCA,0.707106781186548,,,,,
2.372,K's tau,0.421585160202361,,,,,
2.372,Winsor,0.906408094435076,,,,,
2.372,Quad,0.821575633657425,,,,,
2.372,Ball,0,,,,,
2.372,Shell,1,,,,,
2.372,LR,0.889,,,,,
2.373,PCA,0.707106781186548,,,,,
2.373,K's tau,0.421407501053519,,,,,
2.373,Winsor,0.906026127265065,,,,,
2.373,Quad,0.820883343286933,,,,,
2.373,Ball,0,,,,,
2.373,Shell,1,,,,,
2.373,LR,0.8885,,,,,
2.374,PCA,0.707106781186548,,,,,
2.374,K's tau,0.4212299915754,,,,,
2.374,Winsor,0.905644481887111,,,,,
2.374,Quad,0.820191927572573,,,,,
2.374,Ball,0,,,,,
2.374,Shell,1,,,,,
2.374,LR,0.888,,,,,
2.375,PCA,0.707106781186548,,,,,
2.375,K's tau,0.421052631578947,,,,,
2.375,Winsor,0.905263157894737,,,,,
2.375,Quad,0.819501385041551,,,,,
2.375,Ball,0,,,,,
2.375,Shell,1,,,,,
2.375,LR,0.8875,,,,,
2.376,PCA,0.707106781186548,,,,,
2.376,K's tau,0.420875420875421,,,,,
2.376,Winsor,0.904882154882155,,,,,
2.376,Quad,0.818811714224172,,,,,
2.376,Ball,0,,,,,
2.376,Shell,1,,,,,
2.376,LR,0.887,,,,,
2.377,PCA,0.707106781186548,,,,,
2.377,K's tau,0.420698359276399,,,,,
2.377,Winsor,0.904501472444258,,,,,
2.377,Quad,0.81812291365383,,,,,
2.377,Ball,0,,,,,
2.377,Shell,1,,,,,
2.377,LR,0.8865,,,,,
2.378,PCA,0.707106781186548,,,,,
2.378,K's tau,0.420521446593776,,,,,
2.378,Winsor,0.904121110176619,,,,,
2.378,Quad,0.817434981867002,,,,,
2.378,Ball,0,,,,,
2.378,Shell,1,,,,,
2.378,LR,0.886,,,,,
2.379,PCA,0.707106781186548,,,,,
2.379,K's tau,0.420344682639765,,,,,
2.379,Winsor,0.903741067675494,,,,,
2.379,Quad,0.816747917403242,,,,,
2.379,Ball,0,,,,,
2.379,Shell,1,,,,,
2.379,LR,0.8855,,,,,
2.38,PCA,0.707106781186548,,,,,
2.38,K's tau,0.420168067226891,,,,,
2.38,Winsor,0.903361344537815,,,,,
2.38,Quad,0.816061718805169,,,,,
2.38,Ball,0,,,,,
2.38,Shell,1,,,,,
2.38,LR,0.885,,,,,
2.381,PCA,0.707106781186548,,,,,
2.381,K's tau,0.419991600167997,,,,,
2.381,Winsor,0.902981940361193,,,,,
2.381,Quad,0.815376384618465,,,,,
2.381,Ball,0,,,,,
2.381,Shell,1,,,,,
2.381,LR,0.8845,,,,,
2.382,PCA,0.707106781186548,,,,,
2.382,K's tau,0.419815281276239,,,,,
2.382,Winsor,0.902602854743913,,,,,
2.382,Quad,0.814691913391861,,,,,
2.382,Ball,0,,,,,
2.382,Shell,1,,,,,
2.382,LR,0.884,,,,,
2.383,PCA,0.707106781186548,,,,,
2.383,K's tau,0.419639110365086,,,,,
2.383,Winsor,0.902224087284935,,,,,
2.383,Quad,0.814008303677134,,,,,
2.383,Ball,0,,,,,
2.383,Shell,1,,,,,
2.383,LR,0.8835,,,,,
2.384,PCA,0.707106781186548,,,,,
2.384,K's tau,0.419463087248322,,,,,
2.384,Winsor,0.901845637583893,,,,,
2.384,Quad,0.813325554029098,,,,,
2.384,Ball,0,,,,,
2.384,Shell,1,,,,,
2.384,LR,0.883,,,,,
2.385,PCA,0.707106781186548,,,,,
2.385,K's tau,0.419287211740042,,,,,
2.385,Winsor,0.90146750524109,,,,,
2.385,Quad,0.812643663005595,,,,,
2.385,Ball,0,,,,,
2.385,Shell,1,,,,,
2.385,LR,0.8825,,,,,
2.386,PCA,0.707106781186548,,,,,
2.386,K's tau,0.419111483654652,,,,,
2.386,Winsor,0.901089689857502,,,,,
2.386,Quad,0.811962629167489,,,,,
2.386,Ball,0,,,,,
2.386,Shell,1,,,,,
2.386,LR,0.882,,,,,
2.387,PCA,0.707106781186548,,,,,
2.387,K's tau,0.418935902806871,,,,,
2.387,Winsor,0.900712191034772,,,,,
2.387,Quad,0.811282451078659,,,,,
2.387,Ball,0,,,,,
2.387,Shell,1,,,,,
2.387,LR,0.8815,,,,,
2.388,PCA,0.707106781186548,,,,,
2.388,K's tau,0.418760469011725,,,,,
2.388,Winsor,0.900335008375209,,,,,
2.388,Quad,0.810603127305988,,,,,
2.388,Ball,0,,,,,
2.388,Shell,1,,,,,
2.388,LR,0.881,,,,,
2.389,PCA,0.707106781186548,,,,,
2.389,K's tau,0.418585182084554,,,,,
2.389,Winsor,0.899958141481792,,,,,
2.389,Quad,0.80992465641936,,,,,
2.389,Ball,0,,,,,
2.389,Shell,1,,,,,
2.389,LR,0.8805,,,,,
2.39,PCA,0.707106781186548,,,,,
2.39,K's tau,0.418410041841004,,,,,
2.39,Winsor,0.899581589958159,,,,,
2.39,Quad,0.809247036991649,,,,,
2.39,Ball,0,,,,,
2.39,Shell,1,,,,,
2.39,LR,0.88,,,,,
2.391,PCA,0.707106781186548,,,,,
2.391,K's tau,0.418235048097031,,,,,
2.391,Winsor,0.899205353408616,,,,,
2.391,Quad,0.808570267598713,,,,,
2.391,Ball,0,,,,,
2.391,Shell,1,,,,,
2.391,LR,0.8795,,,,,
2.392,PCA,0.707106781186548,,,,,
2.392,K's tau,0.418060200668896,,,,,
2.392,Winsor,0.898829431438127,,,,,
2.392,Quad,0.807894346819387,,,,,
2.392,Ball,0,,,,,
2.392,Shell,1,,,,,
2.392,LR,0.879,,,,,
2.393,PCA,0.707106781186548,,,,,
2.393,K's tau,0.417885499373172,,,,,
2.393,Winsor,0.898453823652319,,,,,
2.393,Quad,0.807219273235473,,,,,
2.393,Ball,0,,,,,
2.393,Shell,1,,,,,
2.393,LR,0.8785,,,,,
2.394,PCA,0.707106781186548,,,,,
2.394,K's tau,0.417710944026734,,,,,
2.394,Winsor,0.898078529657477,,,,,
2.394,Quad,0.806545045431736,,,,,
2.394,Ball,0,,,,,
2.394,Shell,1,,,,,
2.394,LR,0.878,,,,,
2.395,PCA,0.707106781186548,,,,,
2.395,K's tau,0.417536534446764,,,,,
2.395,Winsor,0.897703549060543,,,,,
2.395,Quad,0.805871661995894,,,,,
2.395,Ball,0,,,,,
2.395,Shell,1,,,,,
2.395,LR,0.8775,,,,,
2.396,PCA,0.707106781186548,,,,,
2.396,K's tau,0.417362270450751,,,,,
2.396,Winsor,0.897328881469115,,,,,
2.396,Quad,0.805199121518614,,,,,
2.396,Ball,0,,,,,
2.396,Shell,1,,,,,
2.396,LR,0.877,,,,,
2.397,PCA,0.707106781186548,,,,,
2.397,K's tau,0.417188151856487,,,,,
2.397,Winsor,0.896954526491448,,,,,
2.397,Quad,0.804527422593497,,,,,
2.397,Ball,0,,,,,
2.397,Shell,1,,,,,
2.397,LR,0.8765,,,,,
2.398,PCA,0.707106781186548,,,,,
2.398,K's tau,0.417014178482068,,,,,
2.398,Winsor,0.896580483736447,,,,,
2.398,Quad,0.803856563817081,,,,,
2.398,Ball,0,,,,,
2.398,Shell,1,,,,,
2.398,LR,0.876,,,,,
2.399,PCA,0.707106781186548,,,,,
2.399,K's tau,0.416840350145894,,,,,
2.399,Winsor,0.896206752813672,,,,,
2.399,Quad,0.803186543788827,,,,,
2.399,Ball,0,,,,,
2.399,Shell,1,,,,,
2.399,LR,0.8755,,,,,
2.4,PCA,0.707106781186548,,,,,
2.4,K's tau,0.416666666666667,,,,,
2.4,Winsor,0.895833333333333,,,,,
2.4,Quad,0.802517361111111,,,,,
2.4,Ball,0,,,,,
2.4,Shell,1,,,,,
2.4,LR,0.875,,,,,
2.401,PCA,0.707106781186548,,,,,
2.401,K's tau,0.41649312786339,,,,,
2.401,Winsor,0.895460224906289,,,,,
2.401,Quad,0.801849014389222,,,,,
2.401,Ball,0,,,,,
2.401,Shell,1,,,,,
2.401,LR,0.8745,,,,,
2.402,PCA,0.707106781186548,,,,,
2.402,K's tau,0.416319733555371,,,,,
2.402,Winsor,0.895087427144047,,,,,
2.402,Quad,0.801181502231349,,,,,
2.402,Ball,0,,,,,
2.402,Shell,1,,,,,
2.402,LR,0.874,,,,,
2.403,PCA,0.707106781186548,,,,,
2.403,K's tau,0.416146483562214,,,,,
2.403,Winsor,0.89471493965876,,,,,
2.403,Quad,0.800514823248578,,,,,
2.403,Ball,0,,,,,
2.403,Shell,1,,,,,
2.403,LR,0.8735,,,,,
2.404,PCA,0.707106781186548,,,,,
2.404,K's tau,0.415973377703827,,,,,
2.404,Winsor,0.894342762063228,,,,,
2.404,Quad,0.799848976054884,,,,,
2.404,Ball,0,,,,,
2.404,Shell,1,,,,,
2.404,LR,0.873,,,,,
2.405,PCA,0.707106781186548,,,,,
2.405,K's tau,0.415800415800416,,,,,
2.405,Winsor,0.893970893970894,,,,,
2.405,Quad,0.799183959267119,,,,,
2.405,Ball,0,,,,,
2.405,Shell,1,,,,,
2.405,LR,0.8725,,,,,
2.406,PCA,0.707106781186548,,,,,
2.406,K's tau,0.415627597672486,,,,,
2.406,Winsor,0.893599334995844,,,,,
2.406,Quad,0.798519771505014,,,,,
2.406,Ball,0,,,,,
2.406,Shell,1,,,,,
2.406,LR,0.872,,,,,
2.407,PCA,0.707106781186548,,,,,
2.407,K's tau,0.415454923140839,,,,,
2.407,Winsor,0.893228084752804,,,,,
2.407,Quad,0.797856411391163,,,,,
2.407,Ball,0,,,,,
2.407,Shell,1,,,,,
2.407,LR,0.8715,,,,,
2.408,PCA,0.707106781186548,,,,,
2.408,K's tau,0.415282392026578,,,,,
2.408,Winsor,0.892857142857143,,,,,
2.408,Quad,0.79719387755102,,,,,
2.408,Ball,0,,,,,
2.408,Shell,1,,,,,
2.408,LR,0.871,,,,,
2.409,PCA,0.707106781186548,,,,,
2.409,K's tau,0.4151100041511,,,,,
2.409,Winsor,0.892486508924865,,,,,
2.409,Quad,0.796532168612893,,,,,
2.409,Ball,0,,,,,
2.409,Shell,1,,,,,
2.409,LR,0.8705,,,,,
2.41,PCA,0.707106781186548,,,,,
2.41,K's tau,0.4149377593361,,,,,
2.41,Winsor,0.892116182572614,,,,,
2.41,Quad,0.795871283207934,,,,,
2.41,Ball,0,,,,,
2.41,Shell,1,,,,,
2.41,LR,0.87,,,,,
2.411,PCA,0.707106781186548,,,,,
2.411,K's tau,0.414765657403567,,,,,
2.411,Winsor,0.891746163417669,,,,,
2.411,Quad,0.795211219970132,,,,,
2.411,Ball,0,,,,,
2.411,Shell,1,,,,,
2.411,LR,0.8695,,,,,
2.412,PCA,0.707106781186548,,,,,
2.412,K's tau,0.414593698175788,,,,,
2.412,Winsor,0.891376451077944,,,,,
2.412,Quad,0.79455197753631,,,,,
2.412,Ball,0,,,,,
2.412,Shell,1,,,,,
2.412,LR,0.869,,,,,
2.413,PCA,0.707106781186548,,,,,
2.413,K's tau,0.414421881475342,,,,,
2.413,Winsor,0.891007045171985,,,,,
2.413,Quad,0.793893554546112,,,,,
2.413,Ball,0,,,,,
2.413,Shell,1,,,,,
2.413,LR,0.8685,,,,,
2.414,PCA,0.707106781186548,,,,,
2.414,K's tau,0.414250207125104,,,,,
2.414,Winsor,0.890637945318973,,,,,
2.414,Quad,0.793235949642002,,,,,
2.414,Ball,0,,,,,
2.414,Shell,1,,,,,
2.414,LR,0.868,,,,,
2.415,PCA,0.707106781186548,,,,,
2.415,K's tau,0.41407867494824,,,,,
2.415,Winsor,0.890269151138716,,,,,
2.415,Quad,0.79257916146925,,,,,
2.415,Ball,0,,,,,
2.415,Shell,1,,,,,
2.415,LR,0.8675,,,,,
2.416,PCA,0.707106781186548,,,,,
2.416,K's tau,0.413907284768212,,,,,
2.416,Winsor,0.889900662251656,,,,,
2.416,Quad,0.791923188675935,,,,,
2.416,Ball,0,,,,,
2.416,Shell,1,,,,,
2.416,LR,0.867,,,,,
2.417,PCA,0.707106781186548,,,,,
2.417,K's tau,0.413736036408771,,,,,
2.417,Winsor,0.889532478278858,,,,,
2.417,Quad,0.791268029912927,,,,,
2.417,Ball,0,,,,,
2.417,Shell,1,,,,,
2.417,LR,0.8665,,,,,
2.418,PCA,0.707106781186548,,,,,
2.418,K's tau,0.413564929693962,,,,,
2.418,Winsor,0.889164598842018,,,,,
2.418,Quad,0.790613683833887,,,,,
2.418,Ball,0,,,,,
2.418,Shell,1,,,,,
2.418,LR,0.866,,,,,
2.419,PCA,0.707106781186548,,,,,
2.419,K's tau,0.413393964448119,,,,,
2.419,Winsor,0.888797023563456,,,,,
2.419,Quad,0.789960149095259,,,,,
2.419,Ball,0,,,,,
2.419,Shell,1,,,,,
2.419,LR,0.8655,,,,,
2.42,PCA,0.707106781186548,,,,,
2.42,K's tau,0.413223140495868,,,,,
2.42,Winsor,0.888429752066116,,,,,
2.42,Quad,0.78930742435626,,,,,
2.42,Ball,0,,,,,
2.42,Shell,1,,,,,
2.42,LR,0.865,,,,,
2.421,PCA,0.707106781186548,,,,,
2.421,K's tau,0.413052457662123,,,,,
2.421,Winsor,0.888062783973565,,,,,
2.421,Quad,0.788655508278878,,,,,
2.421,Ball,0,,,,,
2.421,Shell,1,,,,,
2.421,LR,0.8645,,,,,
2.422,PCA,0.707106781186548,,,,,
2.422,K's tau,0.412881915772089,,,,,
2.422,Winsor,0.887696118909992,,,,,
2.422,Quad,0.788004399527862,,,,,
2.422,Ball,0,,,,,
2.422,Shell,1,,,,,
2.422,LR,0.864,,,,,
2.423,PCA,0.707106781186548,,,,,
2.423,K's tau,0.412711514651259,,,,,
2.423,Winsor,0.887329756500206,,,,,
2.423,Quad,0.787354096770716,,,,,
2.423,Ball,0,,,,,
2.423,Shell,1,,,,,
2.423,LR,0.8635,,,,,
2.424,PCA,0.707106781186548,,,,,
2.424,K's tau,0.412541254125413,,,,,
2.424,Winsor,0.886963696369637,,,,,
2.424,Quad,0.78670459867769,,,,,
2.424,Ball,0,,,,,
2.424,Shell,1,,,,,
2.424,LR,0.863,,,,,
2.425,PCA,0.707106781186548,,,,,
2.425,K's tau,0.412371134020619,,,,,
2.425,Winsor,0.88659793814433,,,,,
2.425,Quad,0.786055903921777,,,,,
2.425,Ball,0,,,,,
2.425,Shell,1,,,,,
2.425,LR,0.8625,,,,,
2.426,PCA,0.707106781186548,,,,,
2.426,K's tau,0.412201154163232,,,,,
2.426,Winsor,0.886232481450948,,,,,
2.426,Quad,0.785408011178705,,,,,
2.426,Ball,0,,,,,
2.426,Shell,1,,,,,
2.426,LR,0.862,,,,,
2.427,PCA,0.707106781186548,,,,,
2.427,K's tau,0.412031314379893,,,,,
2.427,Winsor,0.88586732591677,,,,,
2.427,Quad,0.784760919126928,,,,,
2.427,Ball,0,,,,,
2.427,Shell,1,,,,,
2.427,LR,0.8615,,,,,
2.428,PCA,0.707106781186548,,,,,
2.428,K's tau,0.411861614497529,,,,,
2.428,Winsor,0.885502471169687,,,,,
2.428,Quad,0.784114626447622,,,,,
2.428,Ball,0,,,,,
2.428,Shell,1,,,,,
2.428,LR,0.861,,,,,
2.429,PCA,0.707106781186548,,,,,
2.429,K's tau,0.411692054343351,,,,,
2.429,Winsor,0.885137916838205,,,,,
2.429,Quad,0.783469131824677,,,,,
2.429,Ball,0,,,,,
2.429,Shell,1,,,,,
2.429,LR,0.8605,,,,,
2.43,PCA,0.707106781186548,,,,,
2.43,K's tau,0.411522633744856,,,,,
2.43,Winsor,0.88477366255144,,,,,
2.43,Quad,0.78282443394469,,,,,
2.43,Ball,0,,,,,
2.43,Shell,1,,,,,
2.43,LR,0.86,,,,,
2.431,PCA,0.707106781186548,,,,,
2.431,K's tau,0.411353352529823,,,,,
2.431,Winsor,0.88440970793912,,,,,
2.431,Quad,0.782180531496959,,,,,
2.431,Ball,0,,,,,
2.431,Shell,1,,,,,
2.431,LR,0.8595,,,,,
2.432,PCA,0.707106781186548,,,,,
2.432,K's tau,0.411184210526316,,,,,
2.432,Winsor,0.884046052631579,,,,,
2.432,Quad,0.781537423173476,,,,,
2.432,Ball,0,,,,,
2.432,Shell,1,,,,,
2.432,LR,0.859,,,,,
2.433,PCA,0.707106781186548,,,,,
2.433,K's tau,0.41101520756268,,,,,
2.433,Winsor,0.883682696259762,,,,,
2.433,Quad,0.780895107668922,,,,,
2.433,Ball,0,,,,,
2.433,Shell,1,,,,,
2.433,LR,0.8585,,,,,
2.434,PCA,0.707106781186548,,,,,
2.434,K's tau,0.410846343467543,,,,,
2.434,Winsor,0.883319638455218,,,,,
2.434,Quad,0.780253583680657,,,,,
2.434,Ball,0,,,,,
2.434,Shell,1,,,,,
2.434,LR,0.858,,,,,
2.435,PCA,0.707106781186548,,,,,
2.435,K's tau,0.410677618069815,,,,,
2.435,Winsor,0.882956878850103,,,,,
2.435,Quad,0.779612849908715,,,,,
2.435,Ball,0,,,,,
2.435,Shell,1,,,,,
2.435,LR,0.8575,,,,,
2.436,PCA,0.707106781186548,,,,,
2.436,K's tau,0.410509031198686,,,,,
2.436,Winsor,0.882594417077176,,,,,
2.436,Quad,0.7789729050558,,,,,
2.436,Ball,0,,,,,
2.436,Shell,1,,,,,
2.436,LR,0.857,,,,,
2.437,PCA,0.707106781186548,,,,,
2.437,K's tau,0.410340582683627,,,,,
2.437,Winsor,0.882232252769799,,,,,
2.437,Quad,0.778333747827274,,,,,
2.437,Ball,0,,,,,
2.437,Shell,1,,,,,
2.437,LR,0.8565,,,,,
2.438,PCA,0.707106781186548,,,,,
2.438,K's tau,0.410172272354389,,,,,
2.438,Winsor,0.881870385561936,,,,,
2.438,Quad,0.777695376931158,,,,,
2.438,Ball,0,,,,,
2.438,Shell,1,,,,,
2.438,LR,0.856,,,,,
2.439,PCA,0.707106781186548,,,,,
2.439,K's tau,0.410004100041,,,,,
2.439,Winsor,0.881508815088151,,,,,
2.439,Quad,0.777057791078116,,,,,
2.439,Ball,0,,,,,
2.439,Shell,1,,,,,
2.439,LR,0.8555,,,,,
2.44,PCA,0.707106781186548,,,,,
2.44,K's tau,0.409836065573771,,,,,
2.44,Winsor,0.881147540983607,,,,,
2.44,Quad,0.776420988981457,,,,,
2.44,Ball,0,,,,,
2.44,Shell,1,,,,,
2.44,LR,0.855,,,,,
2.441,PCA,0.707106781186548,,,,,
2.441,K's tau,0.409668168783286,,,,,
2.441,Winsor,0.880786562884064,,,,,
2.441,Quad,0.775784969357123,,,,,
2.441,Ball,0,,,,,
2.441,Shell,1,,,,,
2.441,LR,0.8545,,,,,
2.442,PCA,0.707106781186548,,,,,
2.442,K's tau,0.40950040950041,,,,,
2.442,Winsor,0.88042588042588,,,,,
2.442,Quad,0.775149730923687,,,,,
2.442,Ball,0,,,,,
2.442,Shell,1,,,,,
2.442,LR,0.854,,,,,
2.443,PCA,0.707106781186548,,,,,
2.443,K's tau,0.409332787556283,,,,,
2.443,Winsor,0.880065493246009,,,,,
2.443,Quad,0.774515272402341,,,,,
2.443,Ball,0,,,,,
2.443,Shell,1,,,,,
2.443,LR,0.8535,,,,,
2.444,PCA,0.707106781186548,,,,,
2.444,K's tau,0.409165302782324,,,,,
2.444,Winsor,0.879705400981997,,,,,
2.444,Quad,0.773881592516896,,,,,
2.444,Ball,0,,,,,
2.444,Shell,1,,,,,
2.444,LR,0.853,,,,,
2.445,PCA,0.707106781186548,,,,,
2.445,K's tau,0.408997955010225,,,,,
2.445,Winsor,0.879345603271984,,,,,
2.445,Quad,0.773248689993769,,,,,
2.445,Ball,0,,,,,
2.445,Shell,1,,,,,
2.445,LR,0.8525,,,,,
2.446,PCA,0.707106781186548,,,,,
2.446,K's tau,0.408830744071954,,,,,
2.446,Winsor,0.878986099754702,,,,,
2.446,Quad,0.772616563561982,,,,,
2.446,Ball,0,,,,,
2.446,Shell,1,,,,,
2.446,LR,0.852,,,,,
2.447,PCA,0.707106781186548,,,,,
2.447,K's tau,0.408663669799755,,,,,
2.447,Winsor,0.878626890069473,,,,,
2.447,Quad,0.771985211953154,,,,,
2.447,Ball,0,,,,,
2.447,Shell,1,,,,,
2.447,LR,0.8515,,,,,
2.448,PCA,0.707106781186548,,,,,
2.448,K's tau,0.408496732026144,,,,,
2.448,Winsor,0.878267973856209,,,,,
2.448,Quad,0.771354633901491,,,,,
2.448,Ball,0,,,,,
2.448,Shell,1,,,,,
2.448,LR,0.851,,,,,
2.449,PCA,0.707106781186548,,,,,
2.449,K's tau,0.408329930583912,,,,,
2.449,Winsor,0.877909350755411,,,,,
2.449,Quad,0.770724828143786,,,,,
2.449,Ball,0,,,,,
2.449,Shell,1,,,,,
2.449,LR,0.8505,,,,,
2.45,PCA,0.707106781186548,,,,,
2.45,K's tau,0.408163265306123,,,,,
2.45,Winsor,0.877551020408163,,,,,
2.45,Quad,0.770095793419409,,,,,
2.45,Ball,0,,,,,
2.45,Shell,1,,,,,
2.45,LR,0.85,,,,,
2.451,PCA,0.707106781186548,,,,,
2.451,K's tau,0.407996736026112,,,,,
2.451,Winsor,0.87719298245614,,,,,
2.451,Quad,0.769467528470299,,,,,
2.451,Ball,0,,,,,
2.451,Shell,1,,,,,
2.451,LR,0.8495,,,,,
2.452,PCA,0.707106781186548,,,,,
2.452,K's tau,0.407830342577488,,,,,
2.452,Winsor,0.876835236541599,,,,,
2.452,Quad,0.768840032040961,,,,,
2.452,Ball,0,,,,,
2.452,Shell,1,,,,,
2.452,LR,0.849,,,,,
2.453,PCA,0.707106781186548,,,,,
2.453,K's tau,0.40766408479413,,,,,
2.453,Winsor,0.876477782307379,,,,,
2.453,Quad,0.768213302878461,,,,,
2.453,Ball,0,,,,,
2.453,Shell,1,,,,,
2.453,LR,0.8485,,,,,
2.454,PCA,0.707106781186548,,,,,
2.454,K's tau,0.407497962510188,,,,,
2.454,Winsor,0.876120619396903,,,,,
2.454,Quad,0.767587339732413,,,,,
2.454,Ball,0,,,,,
2.454,Shell,1,,,,,
2.454,LR,0.848,,,,,
2.455,PCA,0.707106781186548,,,,,
2.455,K's tau,0.407331975560082,,,,,
2.455,Winsor,0.875763747454175,,,,,
2.455,Quad,0.76696214135498,,,,,
2.455,Ball,0,,,,,
2.455,Shell,1,,,,,
2.455,LR,0.8475,,,,,
2.456,PCA,0.707106781186548,,,,,
2.456,K's tau,0.407166123778502,,,,,
2.456,Winsor,0.875407166123778,,,,,
2.456,Quad,0.766337706500865,,,,,
2.456,Ball,0,,,,,
2.456,Shell,1,,,,,
2.456,LR,0.847,,,,,
2.457,PCA,0.707106781186548,,,,,
2.457,K's tau,0.407000407000407,,,,,
2.457,Winsor,0.875050875050875,,,,,
2.457,Quad,0.765714033927302,,,,,
2.457,Ball,0,,,,,
2.457,Shell,1,,,,,
2.457,LR,0.8465,,,,,
2.458,PCA,0.707106781186548,,,,,
2.458,K's tau,0.406834825061025,,,,,
2.458,Winsor,0.874694873881204,,,,,
2.458,Quad,0.765091122394056,,,,,
2.458,Ball,0,,,,,
2.458,Shell,1,,,,,
2.458,LR,0.846,,,,,
2.459,PCA,0.707106781186548,,,,,
2.459,K's tau,0.406669377795852,,,,,
2.459,Winsor,0.874339162261082,,,,,
2.459,Quad,0.764468970663411,,,,,
2.459,Ball,0,,,,,
2.459,Shell,1,,,,,
2.459,LR,0.8455,,,,,
2.46,PCA,0.707106781186548,,,,,
2.46,K's tau,0.40650406504065,,,,,
2.46,Winsor,0.873983739837398,,,,,
2.46,Quad,0.763847577500165,,,,,
2.46,Ball,0,,,,,
2.46,Shell,1,,,,,
2.46,LR,0.845,,,,,
2.461,PCA,0.707106781186548,,,,,
2.461,K's tau,0.406338886631451,,,,,
2.461,Winsor,0.873628606257619,,,,,
2.461,Quad,0.76322694167163,,,,,
2.461,Ball,0,,,,,
2.461,Shell,1,,,,,
2.461,LR,0.8445,,,,,
2.462,PCA,0.707106781186548,,,,,
2.462,K's tau,0.406173842404549,,,,,
2.462,Winsor,0.873273761169781,,,,,
2.462,Quad,0.762607061947615,,,,,
2.462,Ball,0,,,,,
2.462,Shell,1,,,,,
2.462,LR,0.844,,,,,
2.463,PCA,0.707106781186548,,,,,
2.463,K's tau,0.406008932196508,,,,,
2.463,Winsor,0.872919204222493,,,,,
2.463,Quad,0.761987937100431,,,,,
2.463,Ball,0,,,,,
2.463,Shell,1,,,,,
2.463,LR,0.8435,,,,,
2.464,PCA,0.707106781186548,,,,,
2.464,K's tau,0.405844155844156,,,,,
2.464,Winsor,0.872564935064935,,,,,
2.464,Quad,0.761369565904874,,,,,
2.464,Ball,0,,,,,
2.464,Shell,1,,,,,
2.464,LR,0.843,,,,,
2.465,PCA,0.707106781186548,,,,,
2.465,K's tau,0.405679513184584,,,,,
2.465,Winsor,0.872210953346856,,,,,
2.465,Quad,0.760751947138231,,,,,
2.465,Ball,0,,,,,
2.465,Shell,1,,,,,
2.465,LR,0.8425,,,,,
2.466,PCA,0.707106781186548,,,,,
2.466,K's tau,0.40551500405515,,,,,
2.466,Winsor,0.871857258718573,,,,,
2.466,Quad,0.760135079580264,,,,,
2.466,Ball,0,,,,,
2.466,Shell,1,,,,,
2.466,LR,0.842,,,,,
2.467,PCA,0.707106781186548,,,,,
2.467,K's tau,0.405350628293474,,,,,
2.467,Winsor,0.871503850830969,,,,,
2.467,Quad,0.759518962013208,,,,,
2.467,Ball,0,,,,,
2.467,Shell,1,,,,,
2.467,LR,0.8415,,,,,
2.468,PCA,0.707106781186548,,,,,
2.468,K's tau,0.405186385737439,,,,,
2.468,Winsor,0.871150729335494,,,,,
2.468,Quad,0.758903593221764,,,,,
2.468,Ball,0,,,,,
2.468,Shell,1,,,,,
2.468,LR,0.841,,,,,
2.469,PCA,0.707106781186548,,,,,
2.469,K's tau,0.405022276225192,,,,,
2.469,Winsor,0.870797893884164,,,,,
2.469,Quad,0.758288971993095,,,,,
2.469,Ball,0,,,,,
2.469,Shell,1,,,,,
2.469,LR,0.8405,,,,,
2.47,PCA,0.707106781186548,,,,,
2.47,K's tau,0.404858299595142,,,,,
2.47,Winsor,0.870445344129555,,,,,
2.47,Quad,0.757675097116819,,,,,
2.47,Ball,0,,,,,
2.47,Shell,1,,,,,
2.47,LR,0.84,,,,,
2.471,PCA,0.707106781186548,,,,,
2.471,K's tau,0.404694455685957,,,,,
2.471,Winsor,0.870093079724808,,,,,
2.471,Quad,0.757061967385001,,,,,
2.471,Ball,0,,,,,
2.471,Shell,1,,,,,
2.471,LR,0.8395,,,,,
2.472,PCA,0.707106781186548,,,,,
2.472,K's tau,0.40453074433657,,,,,
2.472,Winsor,0.869741100323625,,,,,
2.472,Quad,0.756449581592149,,,,,
2.472,Ball,0,,,,,
2.472,Shell,1,,,,,
2.472,LR,0.839,,,,,
2.473,PCA,0.707106781186548,,,,,
2.473,K's tau,0.404367165386171,,,,,
2.473,Winsor,0.869389405580267,,,,,
2.473,Quad,0.75583793853521,,,,,
2.473,Ball,0,,,,,
2.473,Shell,1,,,,,
2.473,LR,0.8385,,,,,
2.474,PCA,0.707106781186548,,,,,
2.474,K's tau,0.404203718674212,,,,,
2.474,Winsor,0.869037995149555,,,,,
2.474,Quad,0.755227037013559,,,,,
2.474,Ball,0,,,,,
2.474,Shell,1,,,,,
2.474,LR,0.838,,,,,
2.475,PCA,0.707106781186548,,,,,
2.475,K's tau,0.404040404040404,,,,,
2.475,Winsor,0.868686868686869,,,,,
2.475,Quad,0.754616875828997,,,,,
2.475,Ball,0,,,,,
2.475,Shell,1,,,,,
2.475,LR,0.8375,,,,,
2.476,PCA,0.707106781186548,,,,,
2.476,K's tau,0.403877221324717,,,,,
2.476,Winsor,0.868336025848142,,,,,
2.476,Quad,0.754007453785745,,,,,
2.476,Ball,0,,,,,
2.476,Shell,1,,,,,
2.476,LR,0.837,,,,,
2.477,PCA,0.707106781186548,,,,,
2.477,K's tau,0.40371417036738,,,,,
2.477,Winsor,0.867985466289867,,,,,
2.477,Quad,0.753398769690438,,,,,
2.477,Ball,0,,,,,
2.477,Shell,1,,,,,
2.477,LR,0.8365,,,,,
2.478,PCA,0.707106781186548,,,,,
2.478,K's tau,0.403551251008878,,,,,
2.478,Winsor,0.867635189669088,,,,,
2.478,Quad,0.752790822352114,,,,,
2.478,Ball,0,,,,,
2.478,Shell,1,,,,,
2.478,LR,0.836,,,,,
2.479,PCA,0.707106781186548,,,,,
2.479,K's tau,0.403388463089956,,,,,
2.479,Winsor,0.867285195643405,,,,,
2.479,Quad,0.752183610582219,,,,,
2.479,Ball,0,,,,,
2.479,Shell,1,,,,,
2.479,LR,0.8355,,,,,
2.48,PCA,0.707106781186548,,,,,
2.48,K's tau,0.403225806451613,,,,,
2.48,Winsor,0.866935483870968,,,,,
2.48,Quad,0.751577133194589,,,,,
2.48,Ball,0,,,,,
2.48,Shell,1,,,,,
2.48,LR,0.835,,,,,
2.481,PCA,0.707106781186548,,,,,
2.481,K's tau,0.403063280935107,,,,,
2.481,Winsor,0.86658605401048,,,,,
2.481,Quad,0.750971389005454,,,,,
2.481,Ball,0,,,,,
2.481,Shell,1,,,,,
2.481,LR,0.8345,,,,,
2.482,PCA,0.707106781186548,,,,,
2.482,K's tau,0.40290088638195,,,,,
2.482,Winsor,0.866236905721193,,,,,
2.482,Quad,0.750366376833426,,,,,
2.482,Ball,0,,,,,
2.482,Shell,1,,,,,
2.482,LR,0.834,,,,,
2.483,PCA,0.707106781186548,,,,,
2.483,K's tau,0.402738622633911,,,,,
2.483,Winsor,0.865888038662908,,,,,
2.483,Quad,0.749762095499497,,,,,
2.483,Ball,0,,,,,
2.483,Shell,1,,,,,
2.483,LR,0.8335,,,,,
2.484,PCA,0.707106781186548,,,,,
2.484,K's tau,0.402576489533011,,,,,
2.484,Winsor,0.865539452495974,,,,,
2.484,Quad,0.749158543827031,,,,,
2.484,Ball,0,,,,,
2.484,Shell,1,,,,,
2.484,LR,0.833,,,,,
2.485,PCA,0.707106781186548,,,,,
2.485,K's tau,0.402414486921529,,,,,
2.485,Winsor,0.865191146881288,,,,,
2.485,Quad,0.748555720641758,,,,,
2.485,Ball,0,,,,,
2.485,Shell,1,,,,,
2.485,LR,0.8325,,,,,
2.486,PCA,0.707106781186548,,,,,
2.486,K's tau,0.402252614641995,,,,,
2.486,Winsor,0.86484312148029,,,,,
2.486,Quad,0.747953624771771,,,,,
2.486,Ball,0,,,,,
2.486,Shell,1,,,,,
2.486,LR,0.832,,,,,
2.487,PCA,0.707106781186548,,,,,
2.487,K's tau,0.402090872537193,,,,,
2.487,Winsor,0.864495375954966,,,,,
2.487,Quad,0.747352255047518,,,,,
2.487,Ball,0,,,,,
2.487,Shell,1,,,,,
2.487,LR,0.8315,,,,,
2.488,PCA,0.707106781186548,,,,,
2.488,K's tau,0.401929260450161,,,,,
2.488,Winsor,0.864147909967846,,,,,
2.488,Quad,0.746751610301796,,,,,
2.488,Ball,0,,,,,
2.488,Shell,1,,,,,
2.488,LR,0.831,,,,,
2.489,PCA,0.707106781186548,,,,,
2.489,K's tau,0.401767778224187,,,,,
2.489,Winsor,0.863800723182001,,,,,
2.489,Quad,0.746151689369748,,,,,
2.489,Ball,0,,,,,
2.489,Shell,1,,,,,
2.489,LR,0.8305,,,,,
2.49,PCA,0.707106781186548,,,,,
2.49,K's tau,0.401606425702811,,,,,
2.49,Winsor,0.863453815261044,,,,,
2.49,Quad,0.745552491088854,,,,,
2.49,Ball,0,,,,,
2.49,Shell,1,,,,,
2.49,LR,0.83,,,,,
2.491,PCA,0.707106781186548,,,,,
2.491,K's tau,0.401445202729827,,,,,
2.491,Winsor,0.863107185869129,,,,,
2.491,Quad,0.744954014298927,,,,,
2.491,Ball,0,,,,,
2.491,Shell,1,,,,,
2.491,LR,0.8295,,,,,
2.492,PCA,0.707106781186548,,,,,
2.492,K's tau,0.401284109149278,,,,,
2.492,Winsor,0.862760834670947,,,,,
2.492,Quad,0.744356257842109,,,,,
2.492,Ball,0,,,,,
2.492,Shell,1,,,,,
2.492,LR,0.829,,,,,
2.493,PCA,0.707106781186548,,,,,
2.493,K's tau,0.401123144805455,,,,,
2.493,Winsor,0.862414761331729,,,,,
2.493,Quad,0.743759220562863,,,,,
2.493,Ball,0,,,,,
2.493,Shell,1,,,,,
2.493,LR,0.8285,,,,,
2.494,PCA,0.707106781186548,,,,,
2.494,K's tau,0.400962309542903,,,,,
2.494,Winsor,0.862068965517242,,,,,
2.494,Quad,0.743162901307967,,,,,
2.494,Ball,0,,,,,
2.494,Shell,1,,,,,
2.494,LR,0.828,,,,,
2.495,PCA,0.707106781186548,,,,,
2.495,K's tau,0.400801603206413,,,,,
2.495,Winsor,0.861723446893788,,,,,
2.495,Quad,0.74256729892651,,,,,
2.495,Ball,0,,,,,
2.495,Shell,1,,,,,
2.495,LR,0.8275,,,,,
2.496,PCA,0.707106781186548,,,,,
2.496,K's tau,0.400641025641026,,,,,
2.496,Winsor,0.861378205128205,,,,,
2.496,Quad,0.741972412269888,,,,,
2.496,Ball,0,,,,,
2.496,Shell,1,,,,,
2.496,LR,0.827,,,,,
2.497,PCA,0.707106781186548,,,,,
2.497,K's tau,0.40048057669203,,,,,
2.497,Winsor,0.861033239887865,,,,,
2.497,Quad,0.741378240191795,,,,,
2.497,Ball,0,,,,,
2.497,Shell,1,,,,,
2.497,LR,0.8265,,,,,
2.498,PCA,0.707106781186548,,,,,
2.498,K's tau,0.400320256204964,,,,,
2.498,Winsor,0.860688550840673,,,,,
2.498,Quad,0.740784781548217,,,,,
2.498,Ball,0,,,,,
2.498,Shell,1,,,,,
2.498,LR,0.826,,,,,
2.499,PCA,0.707106781186548,,,,,
2.499,K's tau,0.40016006402561,,,,,
2.499,Winsor,0.860344137655062,,,,,
2.499,Quad,0.740192035197433,,,,,
2.499,Ball,0,,,,,
2.499,Shell,1,,,,,
2.499,LR,0.8255,,,,,
2.5,PCA,0.707106781186548,,,,,
2.5,K's tau,0.4,,,,,
2.5,Winsor,0.86,,,,,
2.5,Quad,0.7396,,,,,
2.5,Ball,0,,,,,
2.5,Shell,1,,,,,
2.5,LR,0.825,,,,,
2.501,PCA,0.707106781186548,,,,,
2.501,K's tau,0.39984006397441,,,,,
2.501,Winsor,0.859656137544982,,,,,
2.501,Quad,0.739008674818757,,,,,
2.501,Ball,0,,,,,
2.501,Shell,1,,,,,
2.501,LR,0.8245,,,,,
2.502,PCA,0.707106781186548,,,,,
2.502,K's tau,0.399680255795364,,,,,
2.502,Winsor,0.859312549960032,,,,,
2.502,Quad,0.738418058518813,,,,,
2.502,Ball,0,,,,,
2.502,Shell,1,,,,,
2.502,LR,0.824,,,,,
2.503,PCA,0.707106781186548,,,,,
2.503,K's tau,0.399520575309629,,,,,
2.503,Winsor,0.858969236915701,,,,,
2.503,Quad,0.737828149967542,,,,,
2.503,Ball,0,,,,,
2.503,Shell,1,,,,,
2.503,LR,0.8235,,,,,
2.504,PCA,0.707106781186548,,,,,
2.504,K's tau,0.399361022364217,,,,,
2.504,Winsor,0.858626198083067,,,,,
2.504,Quad,0.737238948034582,,,,,
2.504,Ball,0,,,,,
2.504,Shell,1,,,,,
2.504,LR,0.823,,,,,
2.505,PCA,0.707106781186548,,,,,
2.505,K's tau,0.399201596806387,,,,,
2.505,Winsor,0.858283433133733,,,,,
2.505,Quad,0.736650451591826,,,,,
2.505,Ball,0,,,,,
2.505,Shell,1,,,,,
2.505,LR,0.8225,,,,,
2.506,PCA,0.707106781186548,,,,,
2.506,K's tau,0.399042298483639,,,,,
2.506,Winsor,0.857940941739825,,,,,
2.506,Quad,0.736062659513417,,,,,
2.506,Ball,0,,,,,
2.506,Shell,1,,,,,
2.506,LR,0.822,,,,,
2.507,PCA,0.707106781186548,,,,,
2.507,K's tau,0.398883127243718,,,,,
2.507,Winsor,0.857598723573993,,,,,
2.507,Quad,0.735475570675742,,,,,
2.507,Ball,0,,,,,
2.507,Shell,1,,,,,
2.507,LR,0.8215,,,,,
2.508,PCA,0.707106781186548,,,,,
2.508,K's tau,0.398724082934609,,,,,
2.508,Winsor,0.85725677830941,,,,,
2.508,Quad,0.734889183957429,,,,,
2.508,Ball,0,,,,,
2.508,Shell,1,,,,,
2.508,LR,0.821,,,,,
2.509,PCA,0.707106781186548,,,,,
2.509,K's tau,0.398565165404544,,,,,
2.509,Winsor,0.856915105619769,,,,,
2.509,Quad,0.734303498239339,,,,,
2.509,Ball,0,,,,,
2.509,Shell,1,,,,,
2.509,LR,0.8205,,,,,
2.51,PCA,0.707106781186548,,,,,
2.51,K's tau,0.398406374501992,,,,,
2.51,Winsor,0.856573705179283,,,,,
2.51,Quad,0.733718512404565,,,,,
2.51,Ball,0,,,,,
2.51,Shell,1,,,,,
2.51,LR,0.82,,,,,
2.511,PCA,0.707106781186548,,,,,
2.511,K's tau,0.398247710075667,,,,,
2.511,Winsor,0.856232576662684,,,,,
2.511,Quad,0.73313422533842,,,,,
2.511,Ball,0,,,,,
2.511,Shell,1,,,,,
2.511,LR,0.8195,,,,,
2.512,PCA,0.707106781186548,,,,,
2.512,K's tau,0.398089171974522,,,,,
2.512,Winsor,0.855891719745223,,,,,
2.512,Quad,0.732550635928435,,,,,
2.512,Ball,0,,,,,
2.512,Shell,1,,,,,
2.512,LR,0.819,,,,,
2.513,PCA,0.707106781186548,,,,,
2.513,K's tau,0.397930760047752,,,,,
2.513,Winsor,0.855551134102666,,,,,
2.513,Quad,0.731967743064358,,,,,
2.513,Ball,0,,,,,
2.513,Shell,1,,,,,
2.513,LR,0.8185,,,,,
2.514,PCA,0.707106781186548,,,,,
2.514,K's tau,0.397772474144789,,,,,
2.514,Winsor,0.855210819411297,,,,,
2.514,Quad,0.731385545638142,,,,,
2.514,Ball,0,,,,,
2.514,Shell,1,,,,,
2.514,LR,0.818,,,,,
2.515,PCA,0.707106781186548,,,,,
2.515,K's tau,0.397614314115308,,,,,
2.515,Winsor,0.854870775347913,,,,,
2.515,Quad,0.730804042543941,,,,,
2.515,Ball,0,,,,,
2.515,Shell,1,,,,,
2.515,LR,0.8175,,,,,
2.516,PCA,0.707106781186548,,,,,
2.516,K's tau,0.397456279809221,,,,,
2.516,Winsor,0.854531001589825,,,,,
2.516,Quad,0.73022323267811,,,,,
2.516,Ball,0,,,,,
2.516,Shell,1,,,,,
2.516,LR,0.817,,,,,
2.517,PCA,0.707106781186548,,,,,
2.517,K's tau,0.397298371076679,,,,,
2.517,Winsor,0.854191497814859,,,,,
2.517,Quad,0.729643114939192,,,,,
2.517,Ball,0,,,,,
2.517,Shell,1,,,,,
2.517,LR,0.8165,,,,,
2.518,PCA,0.707106781186548,,,,,
2.518,K's tau,0.39714058776807,,,,,
2.518,Winsor,0.85385226370135,,,,,
2.518,Quad,0.72906368822792,,,,,
2.518,Ball,0,,,,,
2.518,Shell,1,,,,,
2.518,LR,0.816,,,,,
2.519,PCA,0.707106781186548,,,,,
2.519,K's tau,0.396982929734022,,,,,
2.519,Winsor,0.853513298928146,,,,,
2.519,Quad,0.728484951447207,,,,,
2.519,Ball,0,,,,,
2.519,Shell,1,,,,,
2.519,LR,0.8155,,,,,
2.52,PCA,0.707106781186548,,,,,
2.52,K's tau,0.396825396825397,,,,,
2.52,Winsor,0.853174603174603,,,,,
2.52,Quad,0.727906903502142,,,,,
2.52,Ball,0,,,,,
2.52,Shell,1,,,,,
2.52,LR,0.815,,,,,
2.521,PCA,0.707106781186548,,,,,
2.521,K's tau,0.396667988893296,,,,,
2.521,Winsor,0.852836176120587,,,,,
2.521,Quad,0.727329543299985,,,,,
2.521,Ball,0,,,,,
2.521,Shell,1,,,,,
2.521,LR,0.8145,,,,,
2.522,PCA,0.707106781186548,,,,,
2.522,K's tau,0.396510705789056,,,,,
2.522,Winsor,0.852498017446471,,,,,
2.522,Quad,0.726752869750164,,,,,
2.522,Ball,0,,,,,
2.522,Shell,1,,,,,
2.522,LR,0.814,,,,,
2.523,PCA,0.707106781186548,,,,,
2.523,K's tau,0.396353547364249,,,,,
2.523,Winsor,0.852160126833135,,,,,
2.523,Quad,0.726176881764265,,,,,
2.523,Ball,0,,,,,
2.523,Shell,1,,,,,
2.523,LR,0.8135,,,,,
2.524,PCA,0.707106781186548,,,,,
2.524,K's tau,0.396196513470682,,,,,
2.524,Winsor,0.851822503961965,,,,,
2.524,Quad,0.725601578256032,,,,,
2.524,Ball,0,,,,,
2.524,Shell,1,,,,,
2.524,LR,0.813,,,,,
2.525,PCA,0.707106781186548,,,,,
2.525,K's tau,0.396039603960396,,,,,
2.525,Winsor,0.851485148514852,,,,,
2.525,Quad,0.725026958141359,,,,,
2.525,Ball,0,,,,,
2.525,Shell,1,,,,,
2.525,LR,0.8125,,,,,
2.526,PCA,0.707106781186548,,,,,
2.526,K's tau,0.395882818685669,,,,,
2.526,Winsor,0.851148060174188,,,,,
2.526,Quad,0.724453020338284,,,,,
2.526,Ball,0,,,,,
2.526,Shell,1,,,,,
2.526,LR,0.812,,,,,
2.527,PCA,0.707106781186548,,,,,
2.527,K's tau,0.395726157499011,,,,,
2.527,Winsor,0.850811238622873,,,,,
2.527,Quad,0.723879763766987,,,,,
2.527,Ball,0,,,,,
2.527,Shell,1,,,,,
2.527,LR,0.8115,,,,,
2.528,PCA,0.707106781186548,,,,,
2.528,K's tau,0.395569620253165,,,,,
2.528,Winsor,0.850474683544304,,,,,
2.528,Quad,0.723307187349784,,,,,
2.528,Ball,0,,,,,
2.528,Shell,1,,,,,
2.528,LR,0.811,,,,,
2.529,PCA,0.707106781186548,,,,,
2.529,K's tau,0.395413206801107,,,,,
2.529,Winsor,0.85013839462238,,,,,
2.529,Quad,0.722735290011118,,,,,
2.529,Ball,0,,,,,
2.529,Shell,1,,,,,
2.529,LR,0.8105,,,,,
2.53,PCA,0.707106781186548,,,,,
2.53,K's tau,0.395256916996047,,,,,
2.53,Winsor,0.849802371541502,,,,,
2.53,Quad,0.722164070677561,,,,,
2.53,Ball,0,,,,,
2.53,Shell,1,,,,,
2.53,LR,0.81,,,,,
2.531,PCA,0.707106781186548,,,,,
2.531,K's tau,0.395100750691426,,,,,
2.531,Winsor,0.849466613986567,,,,,
2.531,Quad,0.721593528277803,,,,,
2.531,Ball,0,,,,,
2.531,Shell,1,,,,,
2.531,LR,0.8095,,,,,
2.532,PCA,0.707106781186548,,,,,
2.532,K's tau,0.394944707740916,,,,,
2.532,Winsor,0.84913112164297,,,,,
2.532,Quad,0.721023661742648,,,,,
2.532,Ball,0,,,,,
2.532,Shell,1,,,,,
2.532,LR,0.809,,,,,
2.533,PCA,0.707106781186548,,,,,
2.533,K's tau,0.394788787998421,,,,,
2.533,Winsor,0.848795894196605,,,,,
2.533,Quad,0.720454470005014,,,,,
2.533,Ball,0,,,,,
2.533,Shell,1,,,,,
2.533,LR,0.8085,,,,,
2.534,PCA,0.707106781186548,,,,,
2.534,K's tau,0.394632991318074,,,,,
2.534,Winsor,0.84846093133386,,,,,
2.534,Quad,0.71988595199992,,,,,
2.534,Ball,0,,,,,
2.534,Shell,1,,,,,
2.534,LR,0.808,,,,,
2.535,PCA,0.707106781186548,,,,,
2.535,K's tau,0.394477317554241,,,,,
2.535,Winsor,0.848126232741618,,,,,
2.535,Quad,0.719318106664488,,,,,
2.535,Ball,0,,,,,
2.535,Shell,1,,,,,
2.535,LR,0.8075,,,,,
2.536,PCA,0.707106781186548,,,,,
2.536,K's tau,0.394321766561514,,,,,
2.536,Winsor,0.847791798107255,,,,,
2.536,Quad,0.718750932937933,,,,,
2.536,Ball,0,,,,,
2.536,Shell,1,,,,,
2.536,LR,0.807,,,,,
2.537,PCA,0.707106781186548,,,,,
2.537,K's tau,0.394166338194718,,,,,
2.537,Winsor,0.847457627118644,,,,,
2.537,Quad,0.718184429761563,,,,,
2.537,Ball,0,,,,,
2.537,Shell,1,,,,,
2.537,LR,0.8065,,,,,
2.538,PCA,0.707106781186548,,,,,
2.538,K's tau,0.394011032308905,,,,,
2.538,Winsor,0.847123719464145,,,,,
2.538,Quad,0.717618596078768,,,,,
2.538,Ball,0,,,,,
2.538,Shell,1,,,,,
2.538,LR,0.806,,,,,
2.539,PCA,0.707106781186548,,,,,
2.539,K's tau,0.393855848759354,,,,,
2.539,Winsor,0.846790074832611,,,,,
2.539,Quad,0.71705343083502,,,,,
2.539,Ball,0,,,,,
2.539,Shell,1,,,,,
2.539,LR,0.8055,,,,,
2.54,PCA,0.707106781186548,,,,,
2.54,K's tau,0.393700787401575,,,,,
2.54,Winsor,0.846456692913386,,,,,
2.54,Quad,0.716488932977866,,,,,
2.54,Ball,0,,,,,
2.54,Shell,1,,,,,
2.54,LR,0.805,,,,,
2.541,PCA,0.707106781186548,,,,,
2.541,K's tau,0.393545848091303,,,,,
2.541,Winsor,0.846123573396301,,,,,
2.541,Quad,0.715925101456925,,,,,
2.541,Ball,0,,,,,
2.541,Shell,1,,,,,
2.541,LR,0.8045,,,,,
2.542,PCA,0.707106781186548,,,,,
2.542,K's tau,0.3933910306845,,,,,
2.542,Winsor,0.845790715971676,,,,,
2.542,Quad,0.71536193522388,,,,,
2.542,Ball,0,,,,,
2.542,Shell,1,,,,,
2.542,LR,0.804,,,,,
2.543,PCA,0.707106781186548,,,,,
2.543,K's tau,0.393236335037358,,,,,
2.543,Winsor,0.845458120330319,,,,,
2.543,Quad,0.714799433232476,,,,,
2.543,Ball,0,,,,,
2.543,Shell,1,,,,,
2.543,LR,0.8035,,,,,
2.544,PCA,0.707106781186548,,,,,
2.544,K's tau,0.393081761006289,,,,,
2.544,Winsor,0.845125786163522,,,,,
2.544,Quad,0.714237594438511,,,,,
2.544,Ball,0,,,,,
2.544,Shell,1,,,,,
2.544,LR,0.803,,,,,
2.545,PCA,0.707106781186548,,,,,
2.545,K's tau,0.392927308447937,,,,,
2.545,Winsor,0.844793713163065,,,,,
2.545,Quad,0.713676417799839,,,,,
2.545,Ball,0,,,,,
2.545,Shell,1,,,,,
2.545,LR,0.8025,,,,,
2.546,PCA,0.707106781186548,,,,,
2.546,K's tau,0.392772977219167,,,,,
2.546,Winsor,0.84446190102121,,,,,
2.546,Quad,0.713115902276356,,,,,
2.546,Ball,0,,,,,
2.546,Shell,1,,,,,
2.546,LR,0.802,,,,,
2.547,PCA,0.707106781186548,,,,,
2.547,K's tau,0.392618767177071,,,,,
2.547,Winsor,0.844130349430703,,,,,
2.547,Quad,0.712556046830001,,,,,
2.547,Ball,0,,,,,
2.547,Shell,1,,,,,
2.547,LR,0.8015,,,,,
2.548,PCA,0.707106781186548,,,,,
2.548,K's tau,0.392464678178964,,,,,
2.548,Winsor,0.843799058084772,,,,,
2.548,Quad,0.711996850424749,,,,,
2.548,Ball,0,,,,,
2.548,Shell,1,,,,,
2.548,LR,0.801,,,,,
2.549,PCA,0.707106781186548,,,,,
2.549,K's tau,0.392310710082385,,,,,
2.549,Winsor,0.843468026677128,,,,,
2.549,Quad,0.711438312026609,,,,,
2.549,Ball,0,,,,,
2.549,Shell,1,,,,,
2.549,LR,0.8005,,,,,
2.55,PCA,0.707106781186548,,,,,
2.55,K's tau,0.392156862745098,,,,,
2.55,Winsor,0.843137254901961,,,,,
2.55,Quad,0.710880430603614,,,,,
2.55,Ball,0,,,,,
2.55,Shell,1,,,,,
2.55,LR,0.8,,,,,
2.551,PCA,0.707106781186548,,,,,
2.551,K's tau,0.392003136025088,,,,,
2.551,Winsor,0.84280674245394,,,,,
2.551,Quad,0.710323205125822,,,,,
2.551,Ball,0,,,,,
2.551,Shell,1,,,,,
2.551,LR,0.7995,,,,,
2.552,PCA,0.707106781186548,,,,,
2.552,K's tau,0.391849529780564,,,,,
2.552,Winsor,0.842476489028213,,,,,
2.552,Quad,0.709766634565305,,,,,
2.552,Ball,0,,,,,
2.552,Shell,1,,,,,
2.552,LR,0.799,,,,,
2.553,PCA,0.707106781186548,,,,,
2.553,K's tau,0.391696043869957,,,,,
2.553,Winsor,0.842146494320407,,,,,
2.553,Quad,0.709210717896152,,,,,
2.553,Ball,0,,,,,
2.553,Shell,1,,,,,
2.553,LR,0.7985,,,,,
2.554,PCA,0.707106781186548,,,,,
2.554,K's tau,0.391542678151919,,,,,
2.554,Winsor,0.841816758026625,,,,,
2.554,Quad,0.708655454094457,,,,,
2.554,Ball,0,,,,,
2.554,Shell,1,,,,,
2.554,LR,0.798,,,,,
2.555,PCA,0.707106781186548,,,,,
2.555,K's tau,0.391389432485323,,,,,
2.555,Winsor,0.841487279843444,,,,,
2.555,Quad,0.708100842138319,,,,,
2.555,Ball,0,,,,,
2.555,Shell,1,,,,,
2.555,LR,0.7975,,,,,
2.556,PCA,0.707106781186548,,,,,
2.556,K's tau,0.391236306729264,,,,,
2.556,Winsor,0.841158059467919,,,,,
2.556,Quad,0.707546881007835,,,,,
2.556,Ball,0,,,,,
2.556,Shell,1,,,,,
2.556,LR,0.797,,,,,
2.557,PCA,0.707106781186548,,,,,
2.557,K's tau,0.391083300743058,,,,,
2.557,Winsor,0.840829096597575,,,,,
2.557,Quad,0.706993569685095,,,,,
2.557,Ball,0,,,,,
2.557,Shell,1,,,,,
2.557,LR,0.7965,,,,,
2.558,PCA,0.707106781186548,,,,,
2.558,K's tau,0.390930414386239,,,,,
2.558,Winsor,0.840500390930414,,,,,
2.558,Quad,0.706440907154179,,,,,
2.558,Ball,0,,,,,
2.558,Shell,1,,,,,
2.558,LR,0.796,,,,,
2.559,PCA,0.707106781186548,,,,,
2.559,K's tau,0.390777647518562,,,,,
2.559,Winsor,0.840171942164908,,,,,
2.559,Quad,0.705888892401154,,,,,
2.559,Ball,0,,,,,
2.559,Shell,1,,,,,
2.559,LR,0.7955,,,,,
2.56,PCA,0.707106781186548,,,,,
2.56,K's tau,0.390625,,,,,
2.56,Winsor,0.83984375,,,,,
2.56,Quad,0.705337524414062,,,,,
2.56,Ball,0,,,,,
2.56,Shell,1,,,,,
2.56,LR,0.795,,,,,
2.561,PCA,0.707106781186548,,,,,
2.561,K's tau,0.390472471690746,,,,,
2.561,Winsor,0.839515814135103,,,,,
2.561,Quad,0.704786802182926,,,,,
2.561,Ball,0,,,,,
2.561,Shell,1,,,,,
2.561,LR,0.7945,,,,,
2.562,PCA,0.707106781186548,,,,,
2.562,K's tau,0.39032006245121,,,,,
2.562,Winsor,0.839188134270102,,,,,
2.562,Quad,0.704236724699734,,,,,
2.562,Ball,0,,,,,
2.562,Shell,1,,,,,
2.562,LR,0.794,,,,,
2.563,PCA,0.707106781186548,,,,,
2.563,K's tau,0.390167772142021,,,,,
2.563,Winsor,0.838860710105345,,,,,
2.563,Quad,0.703687290958444,,,,,
2.563,Ball,0,,,,,
2.563,Shell,1,,,,,
2.563,LR,0.7935,,,,,
2.564,PCA,0.707106781186548,,,,,
2.564,K's tau,0.390015600624025,,,,,
2.564,Winsor,0.838533541341654,,,,,
2.564,Quad,0.703138499954975,,,,,
2.564,Ball,0,,,,,
2.564,Shell,1,,,,,
2.564,LR,0.793,,,,,
2.565,PCA,0.707106781186548,,,,,
2.565,K's tau,0.389863547758285,,,,,
2.565,Winsor,0.838206627680312,,,,,
2.565,Quad,0.702590350687201,,,,,
2.565,Ball,0,,,,,
2.565,Shell,1,,,,,
2.565,LR,0.7925,,,,,
2.566,PCA,0.707106781186548,,,,,
2.566,K's tau,0.38971161340608,,,,,
2.566,Winsor,0.837879968823071,,,,,
2.566,Quad,0.70204284215495,,,,,
2.566,Ball,0,,,,,
2.566,Shell,1,,,,,
2.566,LR,0.792,,,,,
2.567,PCA,0.707106781186548,,,,,
2.567,K's tau,0.389559797428905,,,,,
2.567,Winsor,0.837553564472147,,,,,
2.567,Quad,0.701495973359998,,,,,
2.567,Ball,0,,,,,
2.567,Shell,1,,,,,
2.567,LR,0.7915,,,,,
2.568,PCA,0.707106781186548,,,,,
2.568,K's tau,0.389408099688474,,,,,
2.568,Winsor,0.837227414330218,,,,,
2.568,Quad,0.700949743306063,,,,,
2.568,Ball,0,,,,,
2.568,Shell,1,,,,,
2.568,LR,0.791,,,,,
2.569,PCA,0.707106781186548,,,,,
2.569,K's tau,0.389256520046711,,,,,
2.569,Winsor,0.836901518100428,,,,,
2.569,Quad,0.700404150998801,,,,,
2.569,Ball,0,,,,,
2.569,Shell,1,,,,,
2.569,LR,0.7905,,,,,
2.57,PCA,0.707106781186548,,,,,
2.57,K's tau,0.389105058365759,,,,,
2.57,Winsor,0.836575875486381,,,,,
2.57,Quad,0.699859195445805,,,,,
2.57,Ball,0,,,,,
2.57,Shell,1,,,,,
2.57,LR,0.79,,,,,
2.571,PCA,0.707106781186548,,,,,
2.571,K's tau,0.388953714507974,,,,,
2.571,Winsor,0.836250486192143,,,,,
2.571,Quad,0.699314875656596,,,,,
2.571,Ball,0,,,,,
2.571,Shell,1,,,,,
2.571,LR,0.7895,,,,,
2.572,PCA,0.707106781186548,,,,,
2.572,K's tau,0.388802488335925,,,,,
2.572,Winsor,0.83592534992224,,,,,
2.572,Quad,0.698771190642619,,,,,
2.572,Ball,0,,,,,
2.572,Shell,1,,,,,
2.572,LR,0.789,,,,,
2.573,PCA,0.707106781186548,,,,,
2.573,K's tau,0.388651379712398,,,,,
2.573,Winsor,0.835600466381656,,,,,
2.573,Quad,0.69822813941724,,,,,
2.573,Ball,0,,,,,
2.573,Shell,1,,,,,
2.573,LR,0.7885,,,,,
2.574,PCA,0.707106781186548,,,,,
2.574,K's tau,0.388500388500389,,,,,
2.574,Winsor,0.835275835275835,,,,,
2.574,Quad,0.697685720995744,,,,,
2.574,Ball,0,,,,,
2.574,Shell,1,,,,,
2.574,LR,0.788,,,,,
2.575,PCA,0.707106781186548,,,,,
2.575,K's tau,0.388349514563107,,,,,
2.575,Winsor,0.83495145631068,,,,,
2.575,Quad,0.697143934395325,,,,,
2.575,Ball,0,,,,,
2.575,Shell,1,,,,,
2.575,LR,0.7875,,,,,
2.576,PCA,0.707106781186548,,,,,
2.576,K's tau,0.388198757763975,,,,,
2.576,Winsor,0.834627329192547,,,,,
2.576,Quad,0.696602778635084,,,,,
2.576,Ball,0,,,,,
2.576,Shell,1,,,,,
2.576,LR,0.787,,,,,
2.577,PCA,0.707106781186548,,,,,
2.577,K's tau,0.388048117966628,,,,,
2.577,Winsor,0.83430345362825,,,,,
2.577,Quad,0.696062252736025,,,,,
2.577,Ball,0,,,,,
2.577,Shell,1,,,,,
2.577,LR,0.7865,,,,,
2.578,PCA,0.707106781186548,,,,,
2.578,K's tau,0.387897595034911,,,,,
2.578,Winsor,0.833979829325058,,,,,
2.578,Quad,0.695522355721053,,,,,
2.578,Ball,0,,,,,
2.578,Shell,1,,,,,
2.578,LR,0.786,,,,,
2.579,PCA,0.707106781186548,,,,,
2.579,K's tau,0.387747188832881,,,,,
2.579,Winsor,0.833656455990694,,,,,
2.579,Quad,0.694983086614964,,,,,
2.579,Ball,0,,,,,
2.579,Shell,1,,,,,
2.579,LR,0.7855,,,,,
2.58,PCA,0.707106781186548,,,,,
2.58,K's tau,0.387596899224806,,,,,
2.58,Winsor,0.833333333333333,,,,,
2.58,Quad,0.694444444444445,,,,,
2.58,Ball,0,,,,,
2.58,Shell,1,,,,,
2.58,LR,0.785,,,,,
2.581,PCA,0.707106781186548,,,,,
2.581,K's tau,0.387446726075165,,,,,
2.581,Winsor,0.833010461061604,,,,,
2.581,Quad,0.693906428238066,,,,,
2.581,Ball,0,,,,,
2.581,Shell,1,,,,,
2.581,LR,0.7845,,,,,
2.582,PCA,0.707106781186548,,,,,
2.582,K's tau,0.387296669248645,,,,,
2.582,Winsor,0.832687838884586,,,,,
2.582,Quad,0.693369037026282,,,,,
2.582,Ball,0,,,,,
2.582,Shell,1,,,,,
2.582,LR,0.784,,,,,
2.583,PCA,0.707106781186548,,,,,
2.583,K's tau,0.387146728610143,,,,,
2.583,Winsor,0.832365466511808,,,,,
2.583,Quad,0.69283226984142,,,,,
2.583,Ball,0,,,,,
2.583,Shell,1,,,,,
2.583,LR,0.7835,,,,,
2.584,PCA,0.707106781186548,,,,,
2.584,K's tau,0.386996904024768,,,,,
2.584,Winsor,0.832043343653251,,,,,
2.584,Quad,0.692296125717682,,,,,
2.584,Ball,0,,,,,
2.584,Shell,1,,,,,
2.584,LR,0.783,,,,,
2.585,PCA,0.707106781186548,,,,,
2.585,K's tau,0.386847195357834,,,,,
2.585,Winsor,0.831721470019342,,,,,
2.585,Quad,0.691760603691136,,,,,
2.585,Ball,0,,,,,
2.585,Shell,1,,,,,
2.585,LR,0.7825,,,,,
2.586,PCA,0.707106781186548,,,,,
2.586,K's tau,0.386697602474865,,,,,
2.586,Winsor,0.831399845320959,,,,,
2.586,Quad,0.691225702799715,,,,,
2.586,Ball,0,,,,,
2.586,Shell,1,,,,,
2.586,LR,0.782,,,,,
2.587,PCA,0.707106781186548,,,,,
2.587,K's tau,0.386548125241593,,,,,
2.587,Winsor,0.831078469269424,,,,,
2.587,Quad,0.690691422083209,,,,,
2.587,Ball,0,,,,,
2.587,Shell,1,,,,,
2.587,LR,0.7815,,,,,
2.588,PCA,0.707106781186548,,,,,
2.588,K's tau,0.386398763523957,,,,,
2.588,Winsor,0.830757341576507,,,,,
2.588,Quad,0.690157760583265,,,,,
2.588,Ball,0,,,,,
2.588,Shell,1,,,,,
2.588,LR,0.781,,,,,
2.589,PCA,0.707106781186548,,,,,
2.589,K's tau,0.386249517188104,,,,,
2.589,Winsor,0.830436461954423,,,,,
2.589,Quad,0.689624717343379,,,,,
2.589,Ball,0,,,,,
2.589,Shell,1,,,,,
2.589,LR,0.7805,,,,,
2.59,PCA,0.707106781186548,,,,,
2.59,K's tau,0.386100386100386,,,,,
2.59,Winsor,0.83011583011583,,,,,
2.59,Quad,0.689092291408894,,,,,
2.59,Ball,0,,,,,
2.59,Shell,1,,,,,
2.59,LR,0.78,,,,,
2.591,PCA,0.707106781186548,,,,,
2.591,K's tau,0.385951370127364,,,,,
2.591,Winsor,0.829795445773833,,,,,
2.591,Quad,0.688560481826993,,,,,
2.591,Ball,0,,,,,
2.591,Shell,1,,,,,
2.591,LR,0.7795,,,,,
2.592,PCA,0.707106781186548,,,,,
2.592,K's tau,0.385802469135803,,,,,
2.592,Winsor,0.829475308641975,,,,,
2.592,Quad,0.6880292876467,,,,,
2.592,Ball,0,,,,,
2.592,Shell,1,,,,,
2.592,LR,0.779,,,,,
2.593,PCA,0.707106781186548,,,,,
2.593,K's tau,0.385653682992673,,,,,
2.593,Winsor,0.829155418434246,,,,,
2.593,Quad,0.68749870791887,,,,,
2.593,Ball,0,,,,,
2.593,Shell,1,,,,,
2.593,LR,0.7785,,,,,
2.594,PCA,0.707106781186548,,,,,
2.594,K's tau,0.38550501156515,,,,,
2.594,Winsor,0.828835774865073,,,,,
2.594,Quad,0.686968741696186,,,,,
2.594,Ball,0,,,,,
2.594,Shell,1,,,,,
2.594,LR,0.778,,,,,
2.595,PCA,0.707106781186548,,,,,
2.595,K's tau,0.385356454720617,,,,,
2.595,Winsor,0.828516377649326,,,,,
2.595,Quad,0.68643938803316,,,,,
2.595,Ball,0,,,,,
2.595,Shell,1,,,,,
2.595,LR,0.7775,,,,,
2.596,PCA,0.707106781186548,,,,,
2.596,K's tau,0.385208012326657,,,,,
2.596,Winsor,0.828197226502311,,,,,
2.596,Quad,0.685910645986121,,,,,
2.596,Ball,0,,,,,
2.596,Shell,1,,,,,
2.596,LR,0.777,,,,,
2.597,PCA,0.707106781186548,,,,,
2.597,K's tau,0.385059684251059,,,,,
2.597,Winsor,0.827878321139777,,,,,
2.597,Quad,0.685382514613215,,,,,
2.597,Ball,0,,,,,
2.597,Shell,1,,,,,
2.597,LR,0.7765,,,,,
2.598,PCA,0.707106781186548,,,,,
2.598,K's tau,0.384911470361817,,,,,
2.598,Winsor,0.827559661277906,,,,,
2.598,Quad,0.684854992974403,,,,,
2.598,Ball,0,,,,,
2.598,Shell,1,,,,,
2.598,LR,0.776,,,,,
2.599,PCA,0.707106781186548,,,,,
2.599,K's tau,0.384763370527126,,,,,
2.599,Winsor,0.827241246633321,,,,,
2.599,Quad,0.68432808013145,,,,,
2.599,Ball,0,,,,,
2.599,Shell,1,,,,,
2.599,LR,0.7755,,,,,
2.6,PCA,0.707106781186548,,,,,
2.6,K's tau,0.384615384615385,,,,,
2.6,Winsor,0.826923076923077,,,,,
2.6,Quad,0.683801775147929,,,,,
2.6,Ball,0,,,,,
2.6,Shell,1,,,,,
2.6,LR,0.775,,,,,
2.601,PCA,0.707106781186548,,,,,
2.601,K's tau,0.384467512495194,,,,,
2.601,Winsor,0.826605151864668,,,,,
2.601,Quad,0.68327607708921,,,,,
2.601,Ball,0,,,,,
2.601,Shell,1,,,,,
2.601,LR,0.7745,,,,,
2.602,PCA,0.707106781186548,,,,,
2.602,K's tau,0.384319754035357,,,,,
2.602,Winsor,0.826287471176018,,,,,
2.602,Quad,0.68275098502246,,,,,
2.602,Ball,0,,,,,
2.602,Shell,1,,,,,
2.602,LR,0.774,,,,,
2.603,PCA,0.707106781186548,,,,,
2.603,K's tau,0.384172109104879,,,,,
2.603,Winsor,0.82597003457549,,,,,
2.603,Quad,0.682226498016636,,,,,
2.603,Ball,0,,,,,
2.603,Shell,1,,,,,
2.603,LR,0.7735,,,,,
2.604,PCA,0.707106781186548,,,,,
2.604,K's tau,0.384024577572965,,,,,
2.604,Winsor,0.825652841781874,,,,,
2.604,Quad,0.681702615142484,,,,,
2.604,Ball,0,,,,,
2.604,Shell,1,,,,,
2.604,LR,0.773,,,,,
2.605,PCA,0.707106781186548,,,,,
2.605,K's tau,0.383877159309021,,,,,
2.605,Winsor,0.825335892514395,,,,,
2.605,Quad,0.681179335472534,,,,,
2.605,Ball,0,,,,,
2.605,Shell,1,,,,,
2.605,LR,0.7725,,,,,
2.606,PCA,0.707106781186548,,,,,
2.606,K's tau,0.383729854182655,,,,,
2.606,Winsor,0.825019186492709,,,,,
2.606,Quad,0.680656658081092,,,,,
2.606,Ball,0,,,,,
2.606,Shell,1,,,,,
2.606,LR,0.772,,,,,
2.607,PCA,0.707106781186548,,,,,
2.607,K's tau,0.383582662063675,,,,,
2.607,Winsor,0.824702723436901,,,,,
2.607,Quad,0.680134582044241,,,,,
2.607,Ball,0,,,,,
2.607,Shell,1,,,,,
2.607,LR,0.7715,,,,,
2.608,PCA,0.707106781186548,,,,,
2.608,K's tau,0.383435582822086,,,,,
2.608,Winsor,0.824386503067485,,,,,
2.608,Quad,0.679613106439836,,,,,
2.608,Ball,0,,,,,
2.608,Shell,1,,,,,
2.608,LR,0.771,,,,,
2.609,PCA,0.707106781186548,,,,,
2.609,K's tau,0.383288616328095,,,,,
2.609,Winsor,0.824070525105404,,,,,
2.609,Quad,0.679092230347497,,,,,
2.609,Ball,0,,,,,
2.609,Shell,1,,,,,
2.609,LR,0.7705,,,,,
2.61,PCA,0.707106781186548,,,,,
2.61,K's tau,0.383141762452107,,,,,
2.61,Winsor,0.823754789272031,,,,,
2.61,Quad,0.678571952848608,,,,,
2.61,Ball,0,,,,,
2.61,Shell,1,,,,,
2.61,LR,0.77,,,,,
2.611,PCA,0.707106781186548,,,,,
2.611,K's tau,0.382995021064726,,,,,
2.611,Winsor,0.823439295289161,,,,,
2.611,Quad,0.678052273026311,,,,,
2.611,Ball,0,,,,,
2.611,Shell,1,,,,,
2.611,LR,0.7695,,,,,
2.612,PCA,0.707106781186548,,,,,
2.612,K's tau,0.382848392036753,,,,,
2.612,Winsor,0.82312404287902,,,,,
2.612,Quad,0.677533189965503,,,,,
2.612,Ball,0,,,,,
2.612,Shell,1,,,,,
2.612,LR,0.769,,,,,
2.613,PCA,0.707106781186548,,,,,
2.613,K's tau,0.382701875239189,,,,,
2.613,Winsor,0.822809031764256,,,,,
2.613,Quad,0.677014702752832,,,,,
2.613,Ball,0,,,,,
2.613,Shell,1,,,,,
2.613,LR,0.7685,,,,,
2.614,PCA,0.707106781186548,,,,,
2.614,K's tau,0.382555470543229,,,,,
2.614,Winsor,0.822494261667942,,,,,
2.614,Quad,0.676496810476693,,,,,
2.614,Ball,0,,,,,
2.614,Shell,1,,,,,
2.614,LR,0.768,,,,,
2.615,PCA,0.707106781186548,,,,,
2.615,K's tau,0.382409177820268,,,,,
2.615,Winsor,0.822179732313576,,,,,
2.615,Quad,0.675979512227223,,,,,
2.615,Ball,0,,,,,
2.615,Shell,1,,,,,
2.615,LR,0.7675,,,,,
2.616,PCA,0.707106781186548,,,,,
2.616,K's tau,0.382262996941896,,,,,
2.616,Winsor,0.821865443425077,,,,,
2.616,Quad,0.675462807096298,,,,,
2.616,Ball,0,,,,,
2.616,Shell,1,,,,,
2.616,LR,0.767,,,,,
2.617,PCA,0.707106781186548,,,,,
2.617,K's tau,0.382116927779901,,,,,
2.617,Winsor,0.821551394726786,,,,,
2.617,Quad,0.674946694177528,,,,,
2.617,Ball,0,,,,,
2.617,Shell,1,,,,,
2.617,LR,0.7665,,,,,
2.618,PCA,0.707106781186548,,,,,
2.618,K's tau,0.381970970206264,,,,,
2.618,Winsor,0.821237585943468,,,,,
2.618,Quad,0.674431172566256,,,,,
2.618,Ball,0,,,,,
2.618,Shell,1,,,,,
2.618,LR,0.766,,,,,
2.619,PCA,0.707106781186548,,,,,
2.619,K's tau,0.381825124093165,,,,,
2.619,Winsor,0.820924016800305,,,,,
2.619,Quad,0.673916241359548,,,,,
2.619,Ball,0,,,,,
2.619,Shell,1,,,,,
2.619,LR,0.7655,,,,,
2.62,PCA,0.707106781186548,,,,,
2.62,K's tau,0.381679389312977,,,,,
2.62,Winsor,0.820610687022901,,,,,
2.62,Quad,0.673401899656197,,,,,
2.62,Ball,0,,,,,
2.62,Shell,1,,,,,
2.62,LR,0.765,,,,,
2.621,PCA,0.707106781186548,,,,,
2.621,K's tau,0.381533765738268,,,,,
2.621,Winsor,0.820297596337276,,,,,
2.621,Quad,0.672888146556712,,,,,
2.621,Ball,0,,,,,
2.621,Shell,1,,,,,
2.621,LR,0.7645,,,,,
2.622,PCA,0.707106781186548,,,,,
2.622,K's tau,0.3813882532418,,,,,
2.622,Winsor,0.81998474446987,,,,,
2.622,Quad,0.672374981163319,,,,,
2.622,Ball,0,,,,,
2.622,Shell,1,,,,,
2.622,LR,0.764,,,,,
2.623,PCA,0.707106781186548,,,,,
2.623,K's tau,0.381242851696531,,,,,
2.623,Winsor,0.819672131147541,,,,,
2.623,Quad,0.671862402579952,,,,,
2.623,Ball,0,,,,,
2.623,Shell,1,,,,,
2.623,LR,0.7635,,,,,
2.624,PCA,0.707106781186548,,,,,
2.624,K's tau,0.38109756097561,,,,,
2.624,Winsor,0.819359756097561,,,,,
2.624,Quad,0.671350409912255,,,,,
2.624,Ball,0,,,,,
2.624,Shell,1,,,,,
2.624,LR,0.763,,,,,
2.625,PCA,0.707106781186548,,,,,
2.625,K's tau,0.380952380952381,,,,,
2.625,Winsor,0.819047619047619,,,,,
2.625,Quad,0.670839002267574,,,,,
2.625,Ball,0,,,,,
2.625,Shell,1,,,,,
2.625,LR,0.7625,,,,,
2.626,PCA,0.707106781186548,,,,,
2.626,K's tau,0.380807311500381,,,,,
2.626,Winsor,0.818735719725819,,,,,
2.626,Quad,0.670328178754954,,,,,
2.626,Ball,0,,,,,
2.626,Shell,1,,,,,
2.626,LR,0.762,,,,,
2.627,PCA,0.707106781186548,,,,,
2.627,K's tau,0.380662352493339,,,,,
2.627,Winsor,0.818424057860678,,,,,
2.627,Quad,0.669817938485138,,,,,
2.627,Ball,0,,,,,
2.627,Shell,1,,,,,
2.627,LR,0.7615,,,,,
2.628,PCA,0.707106781186548,,,,,
2.628,K's tau,0.380517503805175,,,,,
2.628,Winsor,0.818112633181126,,,,,
2.628,Quad,0.669308280570556,,,,,
2.628,Ball,0,,,,,
2.628,Shell,1,,,,,
2.628,LR,0.761,,,,,
2.629,PCA,0.707106781186548,,,,,
2.629,K's tau,0.380372765310004,,,,,
2.629,Winsor,0.817801445416508,,,,,
2.629,Quad,0.66879920412533,,,,,
2.629,Ball,0,,,,,
2.629,Shell,1,,,,,
2.629,LR,0.7605,,,,,
2.63,PCA,0.707106781186548,,,,,
2.63,K's tau,0.380228136882129,,,,,
2.63,Winsor,0.817490494296578,,,,,
2.63,Quad,0.668290708265263,,,,,
2.63,Ball,0,,,,,
2.63,Shell,1,,,,,
2.63,LR,0.76,,,,,
2.631,PCA,0.707106781186548,,,,,
2.631,K's tau,0.380083618396047,,,,,
2.631,Winsor,0.817179779551501,,,,,
2.631,Quad,0.66778279210784,,,,,
2.631,Ball,0,,,,,
2.631,Shell,1,,,,,
2.631,LR,0.7595,,,,,
2.632,PCA,0.707106781186548,,,,,
2.632,K's tau,0.379939209726444,,,,,
2.632,Winsor,0.816869300911854,,,,,
2.632,Quad,0.667275454772221,,,,,
2.632,Ball,0,,,,,
2.632,Shell,1,,,,,
2.632,LR,0.759,,,,,
2.633,PCA,0.707106781186548,,,,,
2.633,K's tau,0.379794910748196,,,,,
2.633,Winsor,0.816559058108621,,,,,
2.633,Quad,0.666768695379239,,,,,
2.633,Ball,0,,,,,
2.633,Shell,1,,,,,
2.633,LR,0.7585,,,,,
2.634,PCA,0.707106781186548,,,,,
2.634,K's tau,0.379650721336371,,,,,
2.634,Winsor,0.816249050873197,,,,,
2.634,Quad,0.666262513051394,,,,,
2.634,Ball,0,,,,,
2.634,Shell,1,,,,,
2.634,LR,0.758,,,,,
2.635,PCA,0.707106781186548,,,,,
2.635,K's tau,0.379506641366224,,,,,
2.635,Winsor,0.815939278937382,,,,,
2.635,Quad,0.665756906912854,,,,,
2.635,Ball,0,,,,,
2.635,Shell,1,,,,,
2.635,LR,0.7575,,,,,
2.636,PCA,0.707106781186548,,,,,
2.636,K's tau,0.379362670713202,,,,,
2.636,Winsor,0.815629742033384,,,,,
2.636,Quad,0.665251876089445,,,,,
2.636,Ball,0,,,,,
2.636,Shell,1,,,,,
2.636,LR,0.757,,,,,
2.637,PCA,0.707106781186548,,,,,
2.637,K's tau,0.379218809252939,,,,,
2.637,Winsor,0.815320439893819,,,,,
2.637,Quad,0.66474741970865,,,,,
2.637,Ball,0,,,,,
2.637,Shell,1,,,,,
2.637,LR,0.7565,,,,,
2.638,PCA,0.707106781186548,,,,,
2.638,K's tau,0.379075056861259,,,,,
2.638,Winsor,0.815011372251706,,,,,
2.638,Quad,0.664243536899609,,,,,
2.638,Ball,0,,,,,
2.638,Shell,1,,,,,
2.638,LR,0.756,,,,,
2.639,PCA,0.707106781186548,,,,,
2.639,K's tau,0.378931413414172,,,,,
2.639,Winsor,0.81470253884047,,,,,
2.639,Quad,0.663740226793107,,,,,
2.639,Ball,0,,,,,
2.639,Shell,1,,,,,
2.639,LR,0.7555,,,,,
2.64,PCA,0.707106781186548,,,,,
2.64,K's tau,0.378787878787879,,,,,
2.64,Winsor,0.814393939393939,,,,,
2.64,Quad,0.66323748852158,,,,,
2.64,Ball,0,,,,,
2.64,Shell,1,,,,,
2.64,LR,0.755,,,,,
2.641,PCA,0.707106781186548,,,,,
2.641,K's tau,0.378644452858766,,,,,
2.641,Winsor,0.814085573646346,,,,,
2.641,Quad,0.6627353212191,,,,,
2.641,Ball,0,,,,,
2.641,Shell,1,,,,,
2.641,LR,0.7545,,,,,
2.642,PCA,0.707106781186548,,,,,
2.642,K's tau,0.378501135503407,,,,,
2.642,Winsor,0.813777441332324,,,,,
2.642,Quad,0.662233724021384,,,,,
2.642,Ball,0,,,,,
2.642,Shell,1,,,,,
2.642,LR,0.754,,,,,
2.643,PCA,0.707106781186548,,,,,
2.643,K's tau,0.378357926598562,,,,,
2.643,Winsor,0.813469542186909,,,,,
2.643,Quad,0.661732696065779,,,,,
2.643,Ball,0,,,,,
2.643,Shell,1,,,,,
2.643,LR,0.7535,,,,,
2.644,PCA,0.707106781186548,,,,,
2.644,K's tau,0.37821482602118,,,,,
2.644,Winsor,0.813161875945537,,,,,
2.644,Quad,0.661232236491265,,,,,
2.644,Ball,0,,,,,
2.644,Shell,1,,,,,
2.644,LR,0.753,,,,,
2.645,PCA,0.707106781186548,,,,,
2.645,K's tau,0.378071833648393,,,,,
2.645,Winsor,0.812854442344045,,,,,
2.645,Quad,0.660732344438449,,,,,
2.645,Ball,0,,,,,
2.645,Shell,1,,,,,
2.645,LR,0.7525,,,,,
2.646,PCA,0.707106781186548,,,,,
2.646,K's tau,0.377928949357521,,,,,
2.646,Winsor,0.81254724111867,,,,,
2.646,Quad,0.660233019049562,,,,,
2.646,Ball,0,,,,,
2.646,Shell,1,,,,,
2.646,LR,0.752,,,,,
2.647,PCA,0.707106781186548,,,,,
2.647,K's tau,0.377786173026067,,,,,
2.647,Winsor,0.812240272006045,,,,,
2.647,Quad,0.659734259468453,,,,,
2.647,Ball,0,,,,,
2.647,Shell,1,,,,,
2.647,LR,0.7515,,,,,
2.648,PCA,0.707106781186548,,,,,
2.648,K's tau,0.377643504531722,,,,,
2.648,Winsor,0.811933534743203,,,,,
2.648,Quad,0.659236064840591,,,,,
2.648,Ball,0,,,,,
2.648,Shell,1,,,,,
2.648,LR,0.751,,,,,
2.649,PCA,0.707106781186548,,,,,
2.649,K's tau,0.377500943752359,,,,,
2.649,Winsor,0.811627029067573,,,,,
2.649,Quad,0.658738434313054,,,,,
2.649,Ball,0,,,,,
2.649,Shell,1,,,,,
2.649,LR,0.7505,,,,,
2.65,PCA,0.707106781186548,,,,,
2.65,K's tau,0.377358490566038,,,,,
2.65,Winsor,0.811320754716981,,,,,
2.65,Quad,0.658241367034532,,,,,
2.65,Ball,0,,,,,
2.65,Shell,1,,,,,
2.65,LR,0.75,,,,,
2.651,PCA,0.707106781186548,,,,,
2.651,K's tau,0.377216144851,,,,,
2.651,Winsor,0.811014711429649,,,,,
2.651,Quad,0.657744862155317,,,,,
2.651,Ball,0,,,,,
2.651,Shell,1,,,,,
2.651,LR,0.7495,,,,,
2.652,PCA,0.707106781186548,,,,,
2.652,K's tau,0.377073906485671,,,,,
2.652,Winsor,0.810708898944193,,,,,
2.652,Quad,0.657248918827306,,,,,
2.652,Ball,0,,,,,
2.652,Shell,1,,,,,
2.652,LR,0.749,,,,,
2.653,PCA,0.707106781186548,,,,,
2.653,K's tau,0.376931775348662,,,,,
2.653,Winsor,0.810403316999623,,,,,
2.653,Quad,0.656753536203992,,,,,
2.653,Ball,0,,,,,
2.653,Shell,1,,,,,
2.653,LR,0.7485,,,,,
2.654,PCA,0.707106781186548,,,,,
2.654,K's tau,0.376789751318764,,,,,
2.654,Winsor,0.810097965335343,,,,,
2.654,Quad,0.656258713440462,,,,,
2.654,Ball,0,,,,,
2.654,Shell,1,,,,,
2.654,LR,0.748,,,,,
2.655,PCA,0.707106781186548,,,,,
2.655,K's tau,0.376647834274953,,,,,
2.655,Winsor,0.809792843691149,,,,,
2.655,Quad,0.655764449693398,,,,,
2.655,Ball,0,,,,,
2.655,Shell,1,,,,,
2.655,LR,0.7475,,,,,
2.656,PCA,0.707106781186548,,,,,
2.656,K's tau,0.376506024096386,,,,,
2.656,Winsor,0.809487951807229,,,,,
2.656,Quad,0.655270744121063,,,,,
2.656,Ball,0,,,,,
2.656,Shell,1,,,,,
2.656,LR,0.747,,,,,
2.657,PCA,0.707106781186548,,,,,
2.657,K's tau,0.376364320662401,,,,,
2.657,Winsor,0.809183289424163,,,,,
2.657,Quad,0.654777595883308,,,,,
2.657,Ball,0,,,,,
2.657,Shell,1,,,,,
2.657,LR,0.7465,,,,,
2.658,PCA,0.707106781186548,,,,,
2.658,K's tau,0.376222723852521,,,,,
2.658,Winsor,0.808878856282919,,,,,
2.658,Quad,0.654285004141564,,,,,
2.658,Ball,0,,,,,
2.658,Shell,1,,,,,
2.658,LR,0.746,,,,,
2.659,PCA,0.707106781186548,,,,,
2.659,K's tau,0.376081233546446,,,,,
2.659,Winsor,0.808574652124859,,,,,
2.659,Quad,0.653792968058837,,,,,
2.659,Ball,0,,,,,
2.659,Shell,1,,,,,
2.659,LR,0.7455,,,,,
2.66,PCA,0.707106781186548,,,,,
2.66,K's tau,0.37593984962406,,,,,
2.66,Winsor,0.808270676691729,,,,,
2.66,Quad,0.653301486799706,,,,,
2.66,Ball,0,,,,,
2.66,Shell,1,,,,,
2.66,LR,0.745,,,,,
2.661,PCA,0.707106781186548,,,,,
2.661,K's tau,0.375798571965427,,,,,
2.661,Winsor,0.807966929725667,,,,,
2.661,Quad,0.652810559530321,,,,,
2.661,Ball,0,,,,,
2.661,Shell,1,,,,,
2.661,LR,0.7445,,,,,
2.662,PCA,0.707106781186548,,,,,
2.662,K's tau,0.375657400450789,,,,,
2.662,Winsor,0.807663410969196,,,,,
2.662,Quad,0.652320185418397,,,,,
2.662,Ball,0,,,,,
2.662,Shell,1,,,,,
2.662,LR,0.744,,,,,
2.663,PCA,0.707106781186548,,,,,
2.663,K's tau,0.375516334960571,,,,,
2.663,Winsor,0.807360120165227,,,,,
2.663,Quad,0.65183036363321,,,,,
2.663,Ball,0,,,,,
2.663,Shell,1,,,,,
2.663,LR,0.7435,,,,,
2.664,PCA,0.707106781186548,,,,,
2.664,K's tau,0.375375375375375,,,,,
2.664,Winsor,0.807057057057057,,,,,
2.664,Quad,0.651341093345598,,,,,
2.664,Ball,0,,,,,
2.664,Shell,1,,,,,
2.664,LR,0.743,,,,,
2.665,PCA,0.707106781186548,,,,,
2.665,K's tau,0.375234521575985,,,,,
2.665,Winsor,0.806754221388368,,,,,
2.665,Quad,0.650852373727951,,,,,
2.665,Ball,0,,,,,
2.665,Shell,1,,,,,
2.665,LR,0.7425,,,,,
2.666,PCA,0.707106781186548,,,,,
2.666,K's tau,0.375093773443361,,,,,
2.666,Winsor,0.806451612903226,,,,,
2.666,Quad,0.650364203954214,,,,,
2.666,Ball,0,,,,,
2.666,Shell,1,,,,,
2.666,LR,0.742,,,,,
2.667,PCA,0.707106781186548,,,,,
2.667,K's tau,0.374953130858643,,,,,
2.667,Winsor,0.806149231346082,,,,,
2.667,Quad,0.649876583199878,,,,,
2.667,Ball,0,,,,,
2.667,Shell,1,,,,,
2.667,LR,0.7415,,,,,
2.668,PCA,0.707106781186548,,,,,
2.668,K's tau,0.374812593703148,,,,,
2.668,Winsor,0.805847076461769,,,,,
2.668,Quad,0.64938951064198,,,,,
2.668,Ball,0,,,,,
2.668,Shell,1,,,,,
2.668,LR,0.741,,,,,
2.669,PCA,0.707106781186548,,,,,
2.669,K's tau,0.374672161858374,,,,,
2.669,Winsor,0.805545147995504,,,,,
2.669,Quad,0.648902985459098,,,,,
2.669,Ball,0,,,,,
2.669,Shell,1,,,,,
2.669,LR,0.7405,,,,,
2.67,PCA,0.707106781186548,,,,,
2.67,K's tau,0.374531835205993,,,,,
2.67,Winsor,0.805243445692884,,,,,
2.67,Quad,0.648417006831348,,,,,
2.67,Ball,0,,,,,
2.67,Shell,1,,,,,
2.67,LR,0.74,,,,,
2.671,PCA,0.707106781186548,,,,,
2.671,K's tau,0.374391613627855,,,,,
2.671,Winsor,0.804941969299888,,,,,
2.671,Quad,0.647931573940381,,,,,
2.671,Ball,0,,,,,
2.671,Shell,1,,,,,
2.671,LR,0.7395,,,,,
2.672,PCA,0.707106781186548,,,,,
2.672,K's tau,0.374251497005988,,,,,
2.672,Winsor,0.804640718562874,,,,,
2.672,Quad,0.647446685969379,,,,,
2.672,Ball,0,,,,,
2.672,Shell,1,,,,,
2.672,LR,0.739,,,,,
2.673,PCA,0.707106781186548,,,,,
2.673,K's tau,0.374111485222596,,,,,
2.673,Winsor,0.804339693228582,,,,,
2.673,Quad,0.646962342103049,,,,,
2.673,Ball,0,,,,,
2.673,Shell,1,,,,,
2.673,LR,0.7385,,,,,
2.674,PCA,0.707106781186548,,,,,
2.674,K's tau,0.37397157816006,,,,,
2.674,Winsor,0.804038893044129,,,,,
2.674,Quad,0.646478541527628,,,,,
2.674,Ball,0,,,,,
2.674,Shell,1,,,,,
2.674,LR,0.738,,,,,
2.675,PCA,0.707106781186548,,,,,
2.675,K's tau,0.373831775700935,,,,,
2.675,Winsor,0.803738317757009,,,,,
2.675,Quad,0.645995283430867,,,,,
2.675,Ball,0,,,,,
2.675,Shell,1,,,,,
2.675,LR,0.7375,,,,,
2.676,PCA,0.707106781186548,,,,,
2.676,K's tau,0.373692077727952,,,,,
2.676,Winsor,0.803437967115097,,,,,
2.676,Quad,0.64551256700204,,,,,
2.676,Ball,0,,,,,
2.676,Shell,1,,,,,
2.676,LR,0.737,,,,,
2.677,PCA,0.707106781186548,,,,,
2.677,K's tau,0.373552484124019,,,,,
2.677,Winsor,0.803137840866642,,,,,
2.677,Quad,0.645030391431931,,,,,
2.677,Ball,0,,,,,
2.677,Shell,1,,,,,
2.677,LR,0.7365,,,,,
2.678,PCA,0.707106781186548,,,,,
2.678,K's tau,0.373412994772218,,,,,
2.678,Winsor,0.802837938760269,,,,,
2.678,Quad,0.644548755912837,,,,,
2.678,Ball,0,,,,,
2.678,Shell,1,,,,,
2.678,LR,0.736,,,,,
2.679,PCA,0.707106781186548,,,,,
2.679,K's tau,0.373273609555804,,,,,
2.679,Winsor,0.802538260544979,,,,,
2.679,Quad,0.644067659638561,,,,,
2.679,Ball,0,,,,,
2.679,Shell,1,,,,,
2.679,LR,0.7355,,,,,
2.68,PCA,0.707106781186548,,,,,
2.68,K's tau,0.373134328358209,,,,,
2.68,Winsor,0.802238805970149,,,,,
2.68,Quad,0.643587101804411,,,,,
2.68,Ball,0,,,,,
2.68,Shell,1,,,,,
2.68,LR,0.735,,,,,
2.681,PCA,0.707106781186548,,,,,
2.681,K's tau,0.372995151063036,,,,,
2.681,Winsor,0.801939574785528,,,,,
2.681,Quad,0.643107081607193,,,,,
2.681,Ball,0,,,,,
2.681,Shell,1,,,,,
2.681,LR,0.7345,,,,,
2.682,PCA,0.707106781186548,,,,,
2.682,K's tau,0.372856077554064,,,,,
2.682,Winsor,0.801640566741238,,,,,
2.682,Quad,0.642627598245213,,,,,
2.682,Ball,0,,,,,
2.682,Shell,1,,,,,
2.682,LR,0.734,,,,,
2.683,PCA,0.707106781186548,,,,,
2.683,K's tau,0.372717107715244,,,,,
2.683,Winsor,0.801341781587775,,,,,
2.683,Quad,0.642148650918269,,,,,
2.683,Ball,0,,,,,
2.683,Shell,1,,,,,
2.683,LR,0.7335,,,,,
2.684,PCA,0.707106781186548,,,,,
2.684,K's tau,0.372578241430701,,,,,
2.684,Winsor,0.801043219076006,,,,,
2.684,Quad,0.64167023882765,,,,,
2.684,Ball,0,,,,,
2.684,Shell,1,,,,,
2.684,LR,0.733,,,,,
2.685,PCA,0.707106781186548,,,,,
2.685,K's tau,0.37243947858473,,,,,
2.685,Winsor,0.800744878957169,,,,,
2.685,Quad,0.641192361176132,,,,,
2.685,Ball,0,,,,,
2.685,Shell,1,,,,,
2.685,LR,0.7325,,,,,
2.686,PCA,0.707106781186548,,,,,
2.686,K's tau,0.372300819061802,,,,,
2.686,Winsor,0.800446760982874,,,,,
2.686,Quad,0.640715017167975,,,,,
2.686,Ball,0,,,,,
2.686,Shell,1,,,,,
2.686,LR,0.732,,,,,
2.687,PCA,0.707106781186548,,,,,
2.687,K's tau,0.372162262746558,,,,,
2.687,Winsor,0.800148864905099,,,,,
2.687,Quad,0.640238206008918,,,,,
2.687,Ball,0,,,,,
2.687,Shell,1,,,,,
2.687,LR,0.7315,,,,,
2.688,PCA,0.707106781186548,,,,,
2.688,K's tau,0.37202380952381,,,,,
2.688,Winsor,0.799851190476191,,,,,
2.688,Quad,0.639761926906179,,,,,
2.688,Ball,0,,,,,
2.688,Shell,1,,,,,
2.688,LR,0.731,,,,,
2.689,PCA,0.707106781186548,,,,,
2.689,K's tau,0.371885459278542,,,,,
2.689,Winsor,0.799553737448866,,,,,
2.689,Quad,0.63928617906845,,,,,
2.689,Ball,0,,,,,
2.689,Shell,1,,,,,
2.689,LR,0.7305,,,,,
2.69,PCA,0.707106781186548,,,,,
2.69,K's tau,0.371747211895911,,,,,
2.69,Winsor,0.799256505576208,,,,,
2.69,Quad,0.638810961705891,,,,,
2.69,Ball,0,,,,,
2.69,Shell,1,,,,,
2.69,LR,0.73,,,,,
2.691,PCA,0.707106781186548,,,,,
2.691,K's tau,0.371609067261241,,,,,
2.691,Winsor,0.798959494611669,,,,,
2.691,Quad,0.638336274030133,,,,,
2.691,Ball,0,,,,,
2.691,Shell,1,,,,,
2.691,LR,0.7295,,,,,
2.692,PCA,0.707106781186548,,,,,
2.692,K's tau,0.37147102526003,,,,,
2.692,Winsor,0.798662704309064,,,,,
2.692,Quad,0.637862115254267,,,,,
2.692,Ball,0,,,,,
2.692,Shell,1,,,,,
2.692,LR,0.729,,,,,
2.693,PCA,0.707106781186548,,,,,
2.693,K's tau,0.371333085777943,,,,,
2.693,Winsor,0.798366134422577,,,,,
2.693,Quad,0.637388484592848,,,,,
2.693,Ball,0,,,,,
2.693,Shell,1,,,,,
2.693,LR,0.7285,,,,,
2.694,PCA,0.707106781186548,,,,,
2.694,K's tau,0.371195248700817,,,,,
2.694,Winsor,0.798069784706756,,,,,
2.694,Quad,0.636915381261887,,,,,
2.694,Ball,0,,,,,
2.694,Shell,1,,,,,
2.694,LR,0.728,,,,,
2.695,PCA,0.707106781186548,,,,,
2.695,K's tau,0.371057513914657,,,,,
2.695,Winsor,0.797773654916512,,,,,
2.695,Quad,0.63644280447885,,,,,
2.695,Ball,0,,,,,
2.695,Shell,1,,,,,
2.695,LR,0.7275,,,,,
2.696,PCA,0.707106781186548,,,,,
2.696,K's tau,0.370919881305638,,,,,
2.696,Winsor,0.797477744807122,,,,,
2.696,Quad,0.635970753462653,,,,,
2.696,Ball,0,,,,,
2.696,Shell,1,,,,,
2.696,LR,0.727,,,,,
2.697,PCA,0.707106781186548,,,,,
2.697,K's tau,0.370782350760104,,,,,
2.697,Winsor,0.797182054134223,,,,,
2.697,Quad,0.63549922743366,,,,,
2.697,Ball,0,,,,,
2.697,Shell,1,,,,,
2.697,LR,0.7265,,,,,
2.698,PCA,0.707106781186548,,,,,
2.698,K's tau,0.370644922164566,,,,,
2.698,Winsor,0.796886582653818,,,,,
2.698,Quad,0.63502822561368,,,,,
2.698,Ball,0,,,,,
2.698,Shell,1,,,,,
2.698,LR,0.726,,,,,
2.699,PCA,0.707106781186548,,,,,
2.699,K's tau,0.370507595405706,,,,,
2.699,Winsor,0.796591330122268,,,,,
2.699,Quad,0.634557747225963,,,,,
2.699,Ball,0,,,,,
2.699,Shell,1,,,,,
2.699,LR,0.7255,,,,,
2.7,PCA,0.707106781186548,,,,,
2.7,K's tau,0.37037037037037,,,,,
2.7,Winsor,0.796296296296296,,,,,
2.7,Quad,0.634087791495199,,,,,
2.7,Ball,0,,,,,
2.7,Shell,1,,,,,
2.7,LR,0.725,,,,,
2.701,PCA,0.707106781186548,,,,,
2.701,K's tau,0.370233246945576,,,,,
2.701,Winsor,0.796001480932988,,,,,
2.701,Quad,0.63361835764751,,,,,
2.701,Ball,0,,,,,
2.701,Shell,1,,,,,
2.701,LR,0.7245,,,,,
2.702,PCA,0.707106781186548,,,,,
2.702,K's tau,0.370096225018505,,,,,
2.702,Winsor,0.795706883789785,,,,,
2.702,Quad,0.633149444910451,,,,,
2.702,Ball,0,,,,,
2.702,Shell,1,,,,,
2.702,LR,0.724,,,,,
2.703,PCA,0.707106781186548,,,,,
2.703,K's tau,0.369959304476508,,,,,
2.703,Winsor,0.795412504624491,,,,,
2.703,Quad,0.632681052513006,,,,,
2.703,Ball,0,,,,,
2.703,Shell,1,,,,,
2.703,LR,0.7235,,,,,
2.704,PCA,0.707106781186548,,,,,
2.704,K's tau,0.369822485207101,,,,,
2.704,Winsor,0.795118343195266,,,,,
2.704,Quad,0.632213179685585,,,,,
2.704,Ball,0,,,,,
2.704,Shell,1,,,,,
2.704,LR,0.723,,,,,
2.705,PCA,0.707106781186548,,,,,
2.705,K's tau,0.369685767097967,,,,,
2.705,Winsor,0.794824399260629,,,,,
2.705,Quad,0.631745825660019,,,,,
2.705,Ball,0,,,,,
2.705,Shell,1,,,,,
2.705,LR,0.7225,,,,,
2.706,PCA,0.707106781186548,,,,,
2.706,K's tau,0.369549150036955,,,,,
2.706,Winsor,0.794530672579453,,,,,
2.706,Quad,0.631278989669558,,,,,
2.706,Ball,0,,,,,
2.706,Shell,1,,,,,
2.706,LR,0.722,,,,,
2.707,PCA,0.707106781186548,,,,,
2.707,K's tau,0.36941263391208,,,,,
2.707,Winsor,0.794237162910972,,,,,
2.707,Quad,0.630812670948869,,,,,
2.707,Ball,0,,,,,
2.707,Shell,1,,,,,
2.707,LR,0.7215,,,,,
2.708,PCA,0.707106781186548,,,,,
2.708,K's tau,0.369276218611521,,,,,
2.708,Winsor,0.793943870014771,,,,,
2.708,Quad,0.630346868734032,,,,,
2.708,Ball,0,,,,,
2.708,Shell,1,,,,,
2.708,LR,0.721,,,,,
2.709,PCA,0.707106781186548,,,,,
2.709,K's tau,0.369139904023625,,,,,
2.709,Winsor,0.793650793650794,,,,,
2.709,Quad,0.629881582262535,,,,,
2.709,Ball,0,,,,,
2.709,Shell,1,,,,,
2.709,LR,0.7205,,,,,
2.71,PCA,0.707106781186548,,,,,
2.71,K's tau,0.3690036900369,,,,,
2.71,Winsor,0.793357933579336,,,,,
2.71,Quad,0.629416810773274,,,,,
2.71,Ball,0,,,,,
2.71,Shell,1,,,,,
2.71,LR,0.72,,,,,
2.711,PCA,0.707106781186548,,,,,
2.711,K's tau,0.368867576540022,,,,,
2.711,Winsor,0.793065289561048,,,,,
2.711,Quad,0.628952553506548,,,,,
2.711,Ball,0,,,,,
2.711,Shell,1,,,,,
2.711,LR,0.7195,,,,,
2.712,PCA,0.707106781186548,,,,,
2.712,K's tau,0.368731563421829,,,,,
2.712,Winsor,0.792772861356932,,,,,
2.712,Quad,0.628488809704058,,,,,
2.712,Ball,0,,,,,
2.712,Shell,1,,,,,
2.712,LR,0.719,,,,,
2.713,PCA,0.707106781186548,,,,,
2.713,K's tau,0.368595650571323,,,,,
2.713,Winsor,0.792480648728345,,,,,
2.713,Quad,0.628025578608899,,,,,
2.713,Ball,0,,,,,
2.713,Shell,1,,,,,
2.713,LR,0.7185,,,,,
2.714,PCA,0.707106781186548,,,,,
2.714,K's tau,0.368459837877671,,,,,
2.714,Winsor,0.792188651436993,,,,,
2.714,Quad,0.627562859465562,,,,,
2.714,Ball,0,,,,,
2.714,Shell,1,,,,,
2.714,LR,0.718,,,,,
2.715,PCA,0.707106781186548,,,,,
2.715,K's tau,0.368324125230203,,,,,
2.715,Winsor,0.791896869244936,,,,,
2.715,Quad,0.627100651519931,,,,,
2.715,Ball,0,,,,,
2.715,Shell,1,,,,,
2.715,LR,0.7175,,,,,
2.716,PCA,0.707106781186548,,,,,
2.716,K's tau,0.368188512518409,,,,,
2.716,Winsor,0.79160530191458,,,,,
2.716,Quad,0.626638954019274,,,,,
2.716,Ball,0,,,,,
2.716,Shell,1,,,,,
2.716,LR,0.717,,,,,
2.717,PCA,0.707106781186548,,,,,
2.717,K's tau,0.368052999631947,,,,,
2.717,Winsor,0.791313949208686,,,,,
2.717,Quad,0.626177766212247,,,,,
2.717,Ball,0,,,,,
2.717,Shell,1,,,,,
2.717,LR,0.7165,,,,,
2.718,PCA,0.707106781186548,,,,,
2.718,K's tau,0.367917586460633,,,,,
2.718,Winsor,0.791022810890361,,,,,
2.718,Quad,0.625717087348887,,,,,
2.718,Ball,0,,,,,
2.718,Shell,1,,,,,
2.718,LR,0.716,,,,,
2.719,PCA,0.707106781186548,,,,,
2.719,K's tau,0.367782272894446,,,,,
2.719,Winsor,0.79073188672306,,,,,
2.719,Quad,0.62525691668061,,,,,
2.719,Ball,0,,,,,
2.719,Shell,1,,,,,
2.719,LR,0.7155,,,,,
2.72,PCA,0.707106781186548,,,,,
2.72,K's tau,0.367647058823529,,,,,
2.72,Winsor,0.790441176470588,,,,,
2.72,Quad,0.624797253460208,,,,,
2.72,Ball,0,,,,,
2.72,Shell,1,,,,,
2.72,LR,0.715,,,,,
2.721,PCA,0.707106781186548,,,,,
2.721,K's tau,0.367511944138185,,,,,
2.721,Winsor,0.790150679897097,,,,,
2.721,Quad,0.624338096941844,,,,,
2.721,Ball,0,,,,,
2.721,Shell,1,,,,,
2.721,LR,0.7145,,,,,
2.722,PCA,0.707106781186548,,,,,
2.722,K's tau,0.367376928728876,,,,,
2.722,Winsor,0.789860396767083,,,,,
2.722,Quad,0.623879446381054,,,,,
2.722,Ball,0,,,,,
2.722,Shell,1,,,,,
2.722,LR,0.714,,,,,
2.723,PCA,0.707106781186548,,,,,
2.723,K's tau,0.367242012486229,,,,,
2.723,Winsor,0.789570326845391,,,,,
2.723,Quad,0.623421301034738,,,,,
2.723,Ball,0,,,,,
2.723,Shell,1,,,,,
2.723,LR,0.7135,,,,,
2.724,PCA,0.707106781186548,,,,,
2.724,K's tau,0.367107195301028,,,,,
2.724,Winsor,0.78928046989721,,,,,
2.724,Quad,0.622963660161161,,,,,
2.724,Ball,0,,,,,
2.724,Shell,1,,,,,
2.724,LR,0.713,,,,,
2.725,PCA,0.707106781186548,,,,,
2.725,K's tau,0.36697247706422,,,,,
2.725,Winsor,0.788990825688074,,,,,
2.725,Quad,0.622506523019948,,,,,
2.725,Ball,0,,,,,
2.725,Shell,1,,,,,
2.725,LR,0.7125,,,,,
2.726,PCA,0.707106781186548,,,,,
2.726,K's tau,0.366837857666911,,,,,
2.726,Winsor,0.788701393983859,,,,,
2.726,Quad,0.622049888872083,,,,,
2.726,Ball,0,,,,,
2.726,Shell,1,,,,,
2.726,LR,0.712,,,,,
2.727,PCA,0.707106781186548,,,,,
2.727,K's tau,0.366703337000367,,,,,
2.727,Winsor,0.788412174550788,,,,,
2.727,Quad,0.621593756979903,,,,,
2.727,Ball,0,,,,,
2.727,Shell,1,,,,,
2.727,LR,0.7115,,,,,
2.728,PCA,0.707106781186548,,,,,
2.728,K's tau,0.366568914956012,,,,,
2.728,Winsor,0.788123167155425,,,,,
2.728,Quad,0.621138126607098,,,,,
2.728,Ball,0,,,,,
2.728,Shell,1,,,,,
2.728,LR,0.711,,,,,
2.729,PCA,0.707106781186548,,,,,
2.729,K's tau,0.366434591425431,,,,,
2.729,Winsor,0.787834371564676,,,,,
2.729,Quad,0.620682997018708,,,,,
2.729,Ball,0,,,,,
2.729,Shell,1,,,,,
2.729,LR,0.7105,,,,,
2.73,PCA,0.707106781186548,,,,,
2.73,K's tau,0.366300366300366,,,,,
2.73,Winsor,0.787545787545788,,,,,
2.73,Quad,0.620228367481115,,,,,
2.73,Ball,0,,,,,
2.73,Shell,1,,,,,
2.73,LR,0.71,,,,,
2.731,PCA,0.707106781186548,,,,,
2.731,K's tau,0.366166239472721,,,,,
2.731,Winsor,0.787257414866349,,,,,
2.731,Quad,0.619774237262047,,,,,
2.731,Ball,0,,,,,
2.731,Shell,1,,,,,
2.731,LR,0.7095,,,,,
2.732,PCA,0.707106781186548,,,,,
2.732,K's tau,0.366032210834553,,,,,
2.732,Winsor,0.78696925329429,,,,,
2.732,Quad,0.619320605630572,,,,,
2.732,Ball,0,,,,,
2.732,Shell,1,,,,,
2.732,LR,0.709,,,,,
2.733,PCA,0.707106781186548,,,,,
2.733,K's tau,0.365898280278083,,,,,
2.733,Winsor,0.786681302597878,,,,,
2.733,Quad,0.618867471857094,,,,,
2.733,Ball,0,,,,,
2.733,Shell,1,,,,,
2.733,LR,0.7085,,,,,
2.734,PCA,0.707106781186548,,,,,
2.734,K's tau,0.365764447695684,,,,,
2.734,Winsor,0.786393562545721,,,,,
2.734,Quad,0.61841483521335,,,,,
2.734,Ball,0,,,,,
2.734,Shell,1,,,,,
2.734,LR,0.708,,,,,
2.735,PCA,0.707106781186548,,,,,
2.735,K's tau,0.36563071297989,,,,,
2.735,Winsor,0.786106032906764,,,,,
2.735,Quad,0.617962694972411,,,,,
2.735,Ball,0,,,,,
2.735,Shell,1,,,,,
2.735,LR,0.7075,,,,,
2.736,PCA,0.707106781186548,,,,,
2.736,K's tau,0.365497076023392,,,,,
2.736,Winsor,0.785818713450292,,,,,
2.736,Quad,0.617511050408673,,,,,
2.736,Ball,0,,,,,
2.736,Shell,1,,,,,
2.736,LR,0.707,,,,,
2.737,PCA,0.707106781186548,,,,,
2.737,K's tau,0.365363536719036,,,,,
2.737,Winsor,0.785531603945926,,,,,
2.737,Quad,0.61705990079786,,,,,
2.737,Ball,0,,,,,
2.737,Shell,1,,,,,
2.737,LR,0.7065,,,,,
2.738,PCA,0.707106781186548,,,,,
2.738,K's tau,0.365230094959825,,,,,
2.738,Winsor,0.785244704163623,,,,,
2.738,Quad,0.616609245417016,,,,,
2.738,Ball,0,,,,,
2.738,Shell,1,,,,,
2.738,LR,0.706,,,,,
2.739,PCA,0.707106781186548,,,,,
2.739,K's tau,0.365096750638919,,,,,
2.739,Winsor,0.784958013873677,,,,,
2.739,Quad,0.616159083544507,,,,,
2.739,Ball,0,,,,,
2.739,Shell,1,,,,,
2.739,LR,0.7055,,,,,
2.74,PCA,0.707106781186548,,,,,
2.74,K's tau,0.364963503649635,,,,,
2.74,Winsor,0.784671532846715,,,,,
2.74,Quad,0.615709414460014,,,,,
2.74,Ball,0,,,,,
2.74,Shell,1,,,,,
2.74,LR,0.705,,,,,
2.741,PCA,0.707106781186548,,,,,
2.741,K's tau,0.364830353885443,,,,,
2.741,Winsor,0.784385260853703,,,,,
2.741,Quad,0.615260237444532,,,,,
2.741,Ball,0,,,,,
2.741,Shell,1,,,,,
2.741,LR,0.7045,,,,,
2.742,PCA,0.707106781186548,,,,,
2.742,K's tau,0.364697301239971,,,,,
2.742,Winsor,0.784099197665937,,,,,
2.742,Quad,0.614811551780367,,,,,
2.742,Ball,0,,,,,
2.742,Shell,1,,,,,
2.742,LR,0.704,,,,,
2.743,PCA,0.707106781186548,,,,,
2.743,K's tau,0.364564345607,,,,,
2.743,Winsor,0.783813343055049,,,,,
2.743,Quad,0.614363356751132,,,,,
2.743,Ball,0,,,,,
2.743,Shell,1,,,,,
2.743,LR,0.7035,,,,,
2.744,PCA,0.707106781186548,,,,,
2.744,K's tau,0.364431486880467,,,,,
2.744,Winsor,0.783527696793003,,,,,
2.744,Quad,0.613915651641748,,,,,
2.744,Ball,0,,,,,
2.744,Shell,1,,,,,
2.744,LR,0.703,,,,,
2.745,PCA,0.707106781186548,,,,,
2.745,K's tau,0.364298724954463,,,,,
2.745,Winsor,0.783242258652095,,,,,
2.745,Quad,0.613468435738435,,,,,
2.745,Ball,0,,,,,
2.745,Shell,1,,,,,
2.745,LR,0.7025,,,,,
2.746,PCA,0.707106781186548,,,,,
2.746,K's tau,0.364166059723234,,,,,
2.746,Winsor,0.782957028404953,,,,,
2.746,Quad,0.613021708328714,,,,,
2.746,Ball,0,,,,,
2.746,Shell,1,,,,,
2.746,LR,0.702,,,,,
2.747,PCA,0.707106781186548,,,,,
2.747,K's tau,0.36403349108118,,,,,
2.747,Winsor,0.782672005824536,,,,,
2.747,Quad,0.612575468701402,,,,,
2.747,Ball,0,,,,,
2.747,Shell,1,,,,,
2.747,LR,0.7015,,,,,
2.748,PCA,0.707106781186548,,,,,
2.748,K's tau,0.363901018922853,,,,,
2.748,Winsor,0.782387190684134,,,,,
2.748,Quad,0.612129716146611,,,,,
2.748,Ball,0,,,,,
2.748,Shell,1,,,,,
2.748,LR,0.701,,,,,
2.749,PCA,0.707106781186548,,,,,
2.749,K's tau,0.363768643142961,,,,,
2.749,Winsor,0.782102582757366,,,,,
2.749,Quad,0.611684449955743,,,,,
2.749,Ball,0,,,,,
2.749,Shell,1,,,,,
2.749,LR,0.7005,,,,,
2.75,PCA,0.707106781186548,,,,,
2.75,K's tau,0.363636363636364,,,,,
2.75,Winsor,0.781818181818182,,,,,
2.75,Quad,0.611239669421488,,,,,
2.75,Ball,0,,,,,
2.75,Shell,1,,,,,
2.75,LR,0.7,,,,,
2.751,PCA,0.707106781186548,,,,,
2.751,K's tau,0.363504180298073,,,,,
2.751,Winsor,0.781533987640858,,,,,
2.751,Quad,0.610795373837821,,,,,
2.751,Ball,0,,,,,
2.751,Shell,1,,,,,
2.751,LR,0.6995,,,,,
2.752,PCA,0.707106781186548,,,,,
2.752,K's tau,0.363372093023256,,,,,
2.752,Winsor,0.78125,,,,,
2.752,Quad,0.6103515625,,,,,
2.752,Ball,0,,,,,
2.752,Shell,1,,,,,
2.752,LR,0.699,,,,,
2.753,PCA,0.707106781186548,,,,,
2.753,K's tau,0.363240101707229,,,,,
2.753,Winsor,0.780966218670541,,,,,
2.753,Quad,0.609908234704564,,,,,
2.753,Ball,0,,,,,
2.753,Shell,1,,,,,
2.753,LR,0.6985,,,,,
2.754,PCA,0.707106781186548,,,,,
2.754,K's tau,0.363108206245461,,,,,
2.754,Winsor,0.780682643427741,,,,,
2.754,Quad,0.609465389749326,,,,,
2.754,Ball,0,,,,,
2.754,Shell,1,,,,,
2.754,LR,0.698,,,,,
2.755,PCA,0.707106781186548,,,,,
2.755,K's tau,0.362976406533575,,,,,
2.755,Winsor,0.780399274047187,,,,,
2.755,Quad,0.609023026933376,,,,,
2.755,Ball,0,,,,,
2.755,Shell,1,,,,,
2.755,LR,0.6975,,,,,
2.756,PCA,0.707106781186548,,,,,
2.756,K's tau,0.362844702467344,,,,,
2.756,Winsor,0.78011611030479,,,,,
2.756,Quad,0.608581145557075,,,,,
2.756,Ball,0,,,,,
2.756,Shell,1,,,,,
2.756,LR,0.697,,,,,
2.757,PCA,0.707106781186548,,,,,
2.757,K's tau,0.362713093942691,,,,,
2.757,Winsor,0.779833151976786,,,,,
2.757,Quad,0.60813974492205,,,,,
2.757,Ball,0,,,,,
2.757,Shell,1,,,,,
2.757,LR,0.6965,,,,,
2.758,PCA,0.707106781186548,,,,,
2.758,K's tau,0.362581580855693,,,,,
2.758,Winsor,0.779550398839739,,,,,
2.758,Quad,0.607698824331196,,,,,
2.758,Ball,0,,,,,
2.758,Shell,1,,,,,
2.758,LR,0.696,,,,,
2.759,PCA,0.707106781186548,,,,,
2.759,K's tau,0.362450163102573,,,,,
2.759,Winsor,0.779267850670533,,,,,
2.759,Quad,0.607258383088672,,,,,
2.759,Ball,0,,,,,
2.759,Shell,1,,,,,
2.759,LR,0.6955,,,,,
2.76,PCA,0.707106781186548,,,,,
2.76,K's tau,0.36231884057971,,,,,
2.76,Winsor,0.778985507246377,,,,,
2.76,Quad,0.606818420499895,,,,,
2.76,Ball,0,,,,,
2.76,Shell,1,,,,,
2.76,LR,0.695,,,,,
2.761,PCA,0.707106781186548,,,,,
2.761,K's tau,0.362187613183629,,,,,
2.761,Winsor,0.778703368344803,,,,,
2.761,Quad,0.606378935871541,,,,,
2.761,Ball,0,,,,,
2.761,Shell,1,,,,,
2.761,LR,0.6945,,,,,
2.762,PCA,0.707106781186548,,,,,
2.762,K's tau,0.362056480811007,,,,,
2.762,Winsor,0.778421433743664,,,,,
2.762,Quad,0.605939928511542,,,,,
2.762,Ball,0,,,,,
2.762,Shell,1,,,,,
2.762,LR,0.694,,,,,
2.763,PCA,0.707106781186548,,,,,
2.763,K's tau,0.361925443358668,,,,,
2.763,Winsor,0.778139703221136,,,,,
2.763,Quad,0.605501397729078,,,,,
2.763,Ball,0,,,,,
2.763,Shell,1,,,,,
2.763,LR,0.6935,,,,,
2.764,PCA,0.707106781186548,,,,,
2.764,K's tau,0.361794500723589,,,,,
2.764,Winsor,0.777858176555716,,,,,
2.764,Quad,0.605063342834584,,,,,
2.764,Ball,0,,,,,
2.764,Shell,1,,,,,
2.764,LR,0.693,,,,,
2.765,PCA,0.707106781186548,,,,,
2.765,K's tau,0.361663652802893,,,,,
2.765,Winsor,0.777576853526221,,,,,
2.765,Quad,0.604625763139738,,,,,
2.765,Ball,0,,,,,
2.765,Shell,1,,,,,
2.765,LR,0.6925,,,,,
2.766,PCA,0.707106781186548,,,,,
2.766,K's tau,0.361532899493854,,,,,
2.766,Winsor,0.777295733911786,,,,,
2.766,Quad,0.604188657957462,,,,,
2.766,Ball,0,,,,,
2.766,Shell,1,,,,,
2.766,LR,0.692,,,,,
2.767,PCA,0.707106781186548,,,,,
2.767,K's tau,0.361402240693892,,,,,
2.767,Winsor,0.777014817491868,,,,,
2.767,Quad,0.603752026601922,,,,,
2.767,Ball,0,,,,,
2.767,Shell,1,,,,,
2.767,LR,0.6915,,,,,
2.768,PCA,0.707106781186548,,,,,
2.768,K's tau,0.361271676300578,,,,,
2.768,Winsor,0.776734104046243,,,,,
2.768,Quad,0.60331586838852,,,,,
2.768,Ball,0,,,,,
2.768,Shell,1,,,,,
2.768,LR,0.691,,,,,
2.769,PCA,0.707106781186548,,,,,
2.769,K's tau,0.361141206211629,,,,,
2.769,Winsor,0.776453593355002,,,,,
2.769,Quad,0.602880182633895,,,,,
2.769,Ball,0,,,,,
2.769,Shell,1,,,,,
2.769,LR,0.6905,,,,,
2.77,PCA,0.707106781186548,,,,,
2.77,K's tau,0.36101083032491,,,,,
2.77,Winsor,0.776173285198556,,,,,
2.77,Quad,0.602444968655919,,,,,
2.77,Ball,0,,,,,
2.77,Shell,1,,,,,
2.77,LR,0.69,,,,,
2.771,PCA,0.707106781186548,,,,,
2.771,K's tau,0.360880548538434,,,,,
2.771,Winsor,0.775893179357633,,,,,
2.771,Quad,0.602010225773696,,,,,
2.771,Ball,0,,,,,
2.771,Shell,1,,,,,
2.771,LR,0.6895,,,,,
2.772,PCA,0.707106781186548,,,,,
2.772,K's tau,0.360750360750361,,,,,
2.772,Winsor,0.775613275613276,,,,,
2.772,Quad,0.601575953307555,,,,,
2.772,Ball,0,,,,,
2.772,Shell,1,,,,,
2.772,LR,0.689,,,,,
2.773,PCA,0.707106781186548,,,,,
2.773,K's tau,0.360620266858998,,,,,
2.773,Winsor,0.775333573746845,,,,,
2.773,Quad,0.601142150579054,,,,,
2.773,Ball,0,,,,,
2.773,Shell,1,,,,,
2.773,LR,0.6885,,,,,
2.774,PCA,0.707106781186548,,,,,
2.774,K's tau,0.360490266762797,,,,,
2.774,Winsor,0.775054073540014,,,,,
2.774,Quad,0.60070881691097,,,,,
2.774,Ball,0,,,,,
2.774,Shell,1,,,,,
2.774,LR,0.688,,,,,
2.775,PCA,0.707106781186548,,,,,
2.775,K's tau,0.36036036036036,,,,,
2.775,Winsor,0.774774774774775,,,,,
2.775,Quad,0.600275951627303,,,,,
2.775,Ball,0,,,,,
2.775,Shell,1,,,,,
2.775,LR,0.6875,,,,,
2.776,PCA,0.707106781186548,,,,,
2.776,K's tau,0.360230547550432,,,,,
2.776,Winsor,0.774495677233429,,,,,
2.776,Quad,0.599843554053269,,,,,
2.776,Ball,0,,,,,
2.776,Shell,1,,,,,
2.776,LR,0.687,,,,,
2.777,PCA,0.707106781186548,,,,,
2.777,K's tau,0.360100828231905,,,,,
2.777,Winsor,0.774216780698596,,,,,
2.777,Quad,0.599411623515297,,,,,
2.777,Ball,0,,,,,
2.777,Shell,1,,,,,
2.777,LR,0.6865,,,,,
2.778,PCA,0.707106781186548,,,,,
2.778,K's tau,0.359971202303816,,,,,
2.778,Winsor,0.773938084953204,,,,,
2.778,Quad,0.598980159341032,,,,,
2.778,Ball,0,,,,,
2.778,Shell,1,,,,,
2.778,LR,0.686,,,,,
2.779,PCA,0.707106781186548,,,,,
2.779,K's tau,0.359841669665347,,,,,
2.779,Winsor,0.773659589780497,,,,,
2.779,Quad,0.598549160859326,,,,,
2.779,Ball,0,,,,,
2.779,Shell,1,,,,,
2.779,LR,0.6855,,,,,
2.78,PCA,0.707106781186548,,,,,
2.78,K's tau,0.359712230215827,,,,,
2.78,Winsor,0.773381294964029,,,,,
2.78,Quad,0.598118627400238,,,,,
2.78,Ball,0,,,,,
2.78,Shell,1,,,,,
2.78,LR,0.685,,,,,
2.781,PCA,0.707106781186548,,,,,
2.781,K's tau,0.359582883854729,,,,,
2.781,Winsor,0.773103200287666,,,,,
2.781,Quad,0.597688558295032,,,,,
2.781,Ball,0,,,,,
2.781,Shell,1,,,,,
2.781,LR,0.6845,,,,,
2.782,PCA,0.707106781186548,,,,,
2.782,K's tau,0.359453630481668,,,,,
2.782,Winsor,0.772825305535586,,,,,
2.782,Quad,0.597258952876172,,,,,
2.782,Ball,0,,,,,
2.782,Shell,1,,,,,
2.782,LR,0.684,,,,,
2.783,PCA,0.707106781186548,,,,,
2.783,K's tau,0.359324469996407,,,,,
2.783,Winsor,0.772547610492275,,,,,
2.783,Quad,0.596829810477323,,,,,
2.783,Ball,0,,,,,
2.783,Shell,1,,,,,
2.783,LR,0.6835,,,,,
2.784,PCA,0.707106781186548,,,,,
2.784,K's tau,0.359195402298851,,,,,
2.784,Winsor,0.772270114942529,,,,,
2.784,Quad,0.596401130433347,,,,,
2.784,Ball,0,,,,,
2.784,Shell,1,,,,,
2.784,LR,0.683,,,,,
2.785,PCA,0.707106781186548,,,,,
2.785,K's tau,0.359066427289049,,,,,
2.785,Winsor,0.771992818671454,,,,,
2.785,Quad,0.595972912080297,,,,,
2.785,Ball,0,,,,,
2.785,Shell,1,,,,,
2.785,LR,0.6825,,,,,
2.786,PCA,0.707106781186548,,,,,
2.786,K's tau,0.358937544867193,,,,,
2.786,Winsor,0.771715721464465,,,,,
2.786,Quad,0.59554515475542,,,,,
2.786,Ball,0,,,,,
2.786,Shell,1,,,,,
2.786,LR,0.682,,,,,
2.787,PCA,0.707106781186548,,,,,
2.787,K's tau,0.35880875493362,,,,,
2.787,Winsor,0.771438823107284,,,,,
2.787,Quad,0.595117857797151,,,,,
2.787,Ball,0,,,,,
2.787,Shell,1,,,,,
2.787,LR,0.6815,,,,,
2.788,PCA,0.707106781186548,,,,,
2.788,K's tau,0.358680057388809,,,,,
2.788,Winsor,0.77116212338594,,,,,
2.788,Quad,0.594691020545111,,,,,
2.788,Ball,0,,,,,
2.788,Shell,1,,,,,
2.788,LR,0.681,,,,,
2.789,PCA,0.707106781186548,,,,,
2.789,K's tau,0.358551452133381,,,,,
2.789,Winsor,0.77088562208677,,,,,
2.789,Quad,0.594264642340106,,,,,
2.789,Ball,0,,,,,
2.789,Shell,1,,,,,
2.789,LR,0.6805,,,,,
2.79,PCA,0.707106781186548,,,,,
2.79,K's tau,0.3584229390681,,,,,
2.79,Winsor,0.770609318996416,,,,,
2.79,Quad,0.59383872252412,,,,,
2.79,Ball,0,,,,,
2.79,Shell,1,,,,,
2.79,LR,0.68,,,,,
2.791,PCA,0.707106781186548,,,,,
2.791,K's tau,0.358294518093873,,,,,
2.791,Winsor,0.770333213901827,,,,,
2.791,Quad,0.593413260440318,,,,,
2.791,Ball,0,,,,,
2.791,Shell,1,,,,,
2.791,LR,0.6795,,,,,
2.792,PCA,0.707106781186548,,,,,
2.792,K's tau,0.358166189111748,,,,,
2.792,Winsor,0.770057306590258,,,,,
2.792,Quad,0.592988255433042,,,,,
2.792,Ball,0,,,,,
2.792,Shell,1,,,,,
2.792,LR,0.679,,,,,
2.793,PCA,0.707106781186548,,,,,
2.793,K's tau,0.358037952022914,,,,,
2.793,Winsor,0.769781596849266,,,,,
2.793,Quad,0.592563706847806,,,,,
2.793,Ball,0,,,,,
2.793,Shell,1,,,,,
2.793,LR,0.6785,,,,,
2.794,PCA,0.707106781186548,,,,,
2.794,K's tau,0.357909806728704,,,,,
2.794,Winsor,0.769506084466714,,,,,
2.794,Quad,0.592139614031294,,,,,
2.794,Ball,0,,,,,
2.794,Shell,1,,,,,
2.794,LR,0.678,,,,,
2.795,PCA,0.707106781186548,,,,,
2.795,K's tau,0.35778175313059,,,,,
2.795,Winsor,0.769230769230769,,,,,
2.795,Quad,0.591715976331361,,,,,
2.795,Ball,0,,,,,
2.795,Shell,1,,,,,
2.795,LR,0.6775,,,,,
2.796,PCA,0.707106781186548,,,,,
2.796,K's tau,0.357653791130186,,,,,
2.796,Winsor,0.7689556509299,,,,,
2.796,Quad,0.591292793097026,,,,,
2.796,Ball,0,,,,,
2.796,Shell,1,,,,,
2.796,LR,0.677,,,,,
2.797,PCA,0.707106781186548,,,,,
2.797,K's tau,0.357525920629246,,,,,
2.797,Winsor,0.768680729352878,,,,,
2.797,Quad,0.590870063678473,,,,,
2.797,Ball,0,,,,,
2.797,Shell,1,,,,,
2.797,LR,0.6765,,,,,
2.798,PCA,0.707106781186548,,,,,
2.798,K's tau,0.357398141529664,,,,,
2.798,Winsor,0.768406004288778,,,,,
2.798,Quad,0.590447787427045,,,,,
2.798,Ball,0,,,,,
2.798,Shell,1,,,,,
2.798,LR,0.676,,,,,
2.799,PCA,0.707106781186548,,,,,
2.799,K's tau,0.357270453733476,,,,,
2.799,Winsor,0.768131475526974,,,,,
2.799,Quad,0.590025963695246,,,,,
2.799,Ball,0,,,,,
2.799,Shell,1,,,,,
2.799,LR,0.6755,,,,,
2.8,PCA,0.707106781186548,,,,,
2.8,K's tau,0.357142857142857,,,,,
2.8,Winsor,0.767857142857143,,,,,
2.8,Quad,0.589604591836735,,,,,
2.8,Ball,0,,,,,
2.8,Shell,1,,,,,
2.8,LR,0.675,,,,,
2.801,PCA,0.707106781186548,,,,,
2.801,K's tau,0.357015351660121,,,,,
2.801,Winsor,0.767583006069261,,,,,
2.801,Quad,0.589183671206323,,,,,
2.801,Ball,0,,,,,
2.801,Shell,1,,,,,
2.801,LR,0.6745,,,,,
2.802,PCA,0.707106781186548,,,,,
2.802,K's tau,0.356887937187723,,,,,
2.802,Winsor,0.767309064953605,,,,,
2.802,Quad,0.588763201159975,,,,,
2.802,Ball,0,,,,,
2.802,Shell,1,,,,,
2.802,LR,0.674,,,,,
2.803,PCA,0.707106781186548,,,,,
2.803,K's tau,0.356760613628255,,,,,
2.803,Winsor,0.767035319300749,,,,,
2.803,Quad,0.588343181054802,,,,,
2.803,Ball,0,,,,,
2.803,Shell,1,,,,,
2.803,LR,0.6735,,,,,
2.804,PCA,0.707106781186548,,,,,
2.804,K's tau,0.356633380884451,,,,,
2.804,Winsor,0.766761768901569,,,,,
2.804,Quad,0.587923610249064,,,,,
2.804,Ball,0,,,,,
2.804,Shell,1,,,,,
2.804,LR,0.673,,,,,
2.805,PCA,0.707106781186548,,,,,
2.805,K's tau,0.35650623885918,,,,,
2.805,Winsor,0.766488413547237,,,,,
2.805,Quad,0.58750448810216,,,,,
2.805,Ball,0,,,,,
2.805,Shell,1,,,,,
2.805,LR,0.6725,,,,,
2.806,PCA,0.707106781186548,,,,,
2.806,K's tau,0.356379187455453,,,,,
2.806,Winsor,0.766215253029223,,,,,
2.806,Quad,0.587085813974636,,,,,
2.806,Ball,0,,,,,
2.806,Shell,1,,,,,
2.806,LR,0.672,,,,,
2.807,PCA,0.707106781186548,,,,,
2.807,K's tau,0.356252226576416,,,,,
2.807,Winsor,0.765942287139295,,,,,
2.807,Quad,0.586667587228174,,,,,
2.807,Ball,0,,,,,
2.807,Shell,1,,,,,
2.807,LR,0.6715,,,,,
2.808,PCA,0.707106781186548,,,,,
2.808,K's tau,0.356125356125356,,,,,
2.808,Winsor,0.765669515669516,,,,,
2.808,Quad,0.586249807225591,,,,,
2.808,Ball,0,,,,,
2.808,Shell,1,,,,,
2.808,LR,0.671,,,,,
2.809,PCA,0.707106781186548,,,,,
2.809,K's tau,0.355998576005696,,,,,
2.809,Winsor,0.765396938412247,,,,,
2.809,Quad,0.58583247333084,,,,,
2.809,Ball,0,,,,,
2.809,Shell,1,,,,,
2.809,LR,0.6705,,,,,
2.81,PCA,0.707106781186548,,,,,
2.81,K's tau,0.355871886120996,,,,,
2.81,Winsor,0.765124555160142,,,,,
2.81,Quad,0.585415584909006,,,,,
2.81,Ball,0,,,,,
2.81,Shell,1,,,,,
2.81,LR,0.67,,,,,
2.811,PCA,0.707106781186548,,,,,
2.811,K's tau,0.355745286374956,,,,,
2.811,Winsor,0.764852365706154,,,,,
2.811,Quad,0.584999141326301,,,,,
2.811,Ball,0,,,,,
2.811,Shell,1,,,,,
2.811,LR,0.6695,,,,,
2.812,PCA,0.707106781186548,,,,,
2.812,K's tau,0.355618776671408,,,,,
2.812,Winsor,0.764580369843528,,,,,
2.812,Quad,0.584583141950066,,,,,
2.812,Ball,0,,,,,
2.812,Shell,1,,,,,
2.812,LR,0.669,,,,,
2.813,PCA,0.707106781186548,,,,,
2.813,K's tau,0.355492356914326,,,,,
2.813,Winsor,0.764308567365802,,,,,
2.813,Quad,0.584167586148764,,,,,
2.813,Ball,0,,,,,
2.813,Shell,1,,,,,
2.813,LR,0.6685,,,,,
2.814,PCA,0.707106781186548,,,,,
2.814,K's tau,0.355366027007818,,,,,
2.814,Winsor,0.764036958066809,,,,,
2.814,Quad,0.583752473291983,,,,,
2.814,Ball,0,,,,,
2.814,Shell,1,,,,,
2.814,LR,0.668,,,,,
2.815,PCA,0.707106781186548,,,,,
2.815,K's tau,0.355239786856128,,,,,
2.815,Winsor,0.763765541740675,,,,,
2.815,Quad,0.583337802750427,,,,,
2.815,Ball,0,,,,,
2.815,Shell,1,,,,,
2.815,LR,0.6675,,,,,
2.816,PCA,0.707106781186548,,,,,
2.816,K's tau,0.355113636363636,,,,,
2.816,Winsor,0.763494318181818,,,,,
2.816,Quad,0.582923573895919,,,,,
2.816,Ball,0,,,,,
2.816,Shell,1,,,,,
2.816,LR,0.667,,,,,
2.817,PCA,0.707106781186548,,,,,
2.817,K's tau,0.35498757543486,,,,,
2.817,Winsor,0.763223287184949,,,,,
2.817,Quad,0.582509786101399,,,,,
2.817,Ball,0,,,,,
2.817,Shell,1,,,,,
2.817,LR,0.6665,,,,,
2.818,PCA,0.707106781186548,,,,,
2.818,K's tau,0.35486160397445,,,,,
2.818,Winsor,0.762952448545067,,,,,
2.818,Quad,0.582096438740914,,,,,
2.818,Ball,0,,,,,
2.818,Shell,1,,,,,
2.818,LR,0.666,,,,,
2.819,PCA,0.707106781186548,,,,,
2.819,K's tau,0.354735721887194,,,,,
2.819,Winsor,0.762681802057467,,,,,
2.819,Quad,0.581683531189626,,,,,
2.819,Ball,0,,,,,
2.819,Shell,1,,,,,
2.819,LR,0.6655,,,,,
2.82,PCA,0.707106781186548,,,,,
2.82,K's tau,0.354609929078014,,,,,
2.82,Winsor,0.762411347517731,,,,,
2.82,Quad,0.581271062823802,,,,,
2.82,Ball,0,,,,,
2.82,Shell,1,,,,,
2.82,LR,0.665,,,,,
2.821,PCA,0.707106781186548,,,,,
2.821,K's tau,0.354484225451967,,,,,
2.821,Winsor,0.76214108472173,,,,,
2.821,Quad,0.580859033020815,,,,,
2.821,Ball,0,,,,,
2.821,Shell,1,,,,,
2.821,LR,0.6645,,,,,
2.822,PCA,0.707106781186548,,,,,
2.822,K's tau,0.354358610914245,,,,,
2.822,Winsor,0.761871013465627,,,,,
2.822,Quad,0.580447441159142,,,,,
2.822,Ball,0,,,,,
2.822,Shell,1,,,,,
2.822,LR,0.664,,,,,
2.823,PCA,0.707106781186548,,,,,
2.823,K's tau,0.354233085370174,,,,,
2.823,Winsor,0.761601133545873,,,,,
2.823,Quad,0.580036286618359,,,,,
2.823,Ball,0,,,,,
2.823,Shell,1,,,,,
2.823,LR,0.6635,,,,,
2.824,PCA,0.707106781186548,,,,,
2.824,K's tau,0.354107648725213,,,,,
2.824,Winsor,0.761331444759207,,,,,
2.824,Quad,0.579625568779141,,,,,
2.824,Ball,0,,,,,
2.824,Shell,1,,,,,
2.824,LR,0.663,,,,,
2.825,PCA,0.707106781186548,,,,,
2.825,K's tau,0.353982300884956,,,,,
2.825,Winsor,0.761061946902655,,,,,
2.825,Quad,0.57921528702326,,,,,
2.825,Ball,0,,,,,
2.825,Shell,1,,,,,
2.825,LR,0.6625,,,,,
2.826,PCA,0.707106781186548,,,,,
2.826,K's tau,0.353857041755131,,,,,
2.826,Winsor,0.760792639773532,,,,,
2.826,Quad,0.578805440733579,,,,,
2.826,Ball,0,,,,,
2.826,Shell,1,,,,,
2.826,LR,0.662,,,,,
2.827,PCA,0.707106781186548,,,,,
2.827,K's tau,0.353731871241599,,,,,
2.827,Winsor,0.760523523169438,,,,,
2.827,Quad,0.578396029294054,,,,,
2.827,Ball,0,,,,,
2.827,Shell,1,,,,,
2.827,LR,0.6615,,,,,
2.828,PCA,0.707106781186548,,,,,
2.828,K's tau,0.353606789250354,,,,,
2.828,Winsor,0.76025459688826,,,,,
2.828,Quad,0.577987052089731,,,,,
2.828,Ball,0,,,,,
2.828,Shell,1,,,,,
2.828,LR,0.661,,,,,
2.829,PCA,0.707106781186548,,,,,
2.829,K's tau,0.353481795687522,,,,,
2.829,Winsor,0.759985860728173,,,,,
2.829,Quad,0.577578508506741,,,,,
2.829,Ball,0,,,,,
2.829,Shell,1,,,,,
2.829,LR,0.6605,,,,,
2.83,PCA,0.707106781186548,,,,,
2.83,K's tau,0.353356890459364,,,,,
2.83,Winsor,0.759717314487633,,,,,
2.83,Quad,0.577170397932301,,,,,
2.83,Ball,0,,,,,
2.83,Shell,1,,,,,
2.83,LR,0.66,,,,,
2.831,PCA,0.707106781186548,,,,,
2.831,K's tau,0.353232073472271,,,,,
2.831,Winsor,0.759448957965383,,,,,
2.831,Quad,0.576762719754706,,,,,
2.831,Ball,0,,,,,
2.831,Shell,1,,,,,
2.831,LR,0.6595,,,,,
2.832,PCA,0.707106781186548,,,,,
2.832,K's tau,0.353107344632768,,,,,
2.832,Winsor,0.759180790960452,,,,,
2.832,Quad,0.576355473363338,,,,,
2.832,Ball,0,,,,,
2.832,Shell,1,,,,,
2.832,LR,0.659,,,,,
2.833,PCA,0.707106781186548,,,,,
2.833,K's tau,0.352982703847512,,,,,
2.833,Winsor,0.75891281327215,,,,,
2.833,Quad,0.575948658148649,,,,,
2.833,Ball,0,,,,,
2.833,Shell,1,,,,,
2.833,LR,0.6585,,,,,
2.834,PCA,0.707106781186548,,,,,
2.834,K's tau,0.352858151023289,,,,,
2.834,Winsor,0.758645024700071,,,,,
2.834,Quad,0.575542273502171,,,,,
2.834,Ball,0,,,,,
2.834,Shell,1,,,,,
2.834,LR,0.658,,,,,
2.835,PCA,0.707106781186548,,,,,
2.835,K's tau,0.352733686067019,,,,,
2.835,Winsor,0.758377425044092,,,,,
2.835,Quad,0.575136318816507,,,,,
2.835,Ball,0,,,,,
2.835,Shell,1,,,,,
2.835,LR,0.6575,,,,,
2.836,PCA,0.707106781186548,,,,,
2.836,K's tau,0.352609308885755,,,,,
2.836,Winsor,0.758110014104372,,,,,
2.836,Quad,0.574730793485332,,,,,
2.836,Ball,0,,,,,
2.836,Shell,1,,,,,
2.836,LR,0.657,,,,,
2.837,PCA,0.707106781186548,,,,,
2.837,K's tau,0.352485019386676,,,,,
2.837,Winsor,0.757842791681354,,,,,
2.837,Quad,0.574325696903387,,,,,
2.837,Ball,0,,,,,
2.837,Shell,1,,,,,
2.837,LR,0.6565,,,,,
2.838,PCA,0.707106781186548,,,,,
2.838,K's tau,0.352360817477097,,,,,
2.838,Winsor,0.757575757575758,,,,,
2.838,Quad,0.573921028466483,,,,,
2.838,Ball,0,,,,,
2.838,Shell,1,,,,,
2.838,LR,0.656,,,,,
2.839,PCA,0.707106781186548,,,,,
2.839,K's tau,0.352236703064459,,,,,
2.839,Winsor,0.757308911588588,,,,,
2.839,Quad,0.573516787571491,,,,,
2.839,Ball,0,,,,,
2.839,Shell,1,,,,,
2.839,LR,0.6555,,,,,
2.84,PCA,0.707106781186548,,,,,
2.84,K's tau,0.352112676056338,,,,,
2.84,Winsor,0.757042253521127,,,,,
2.84,Quad,0.573112973616346,,,,,
2.84,Ball,0,,,,,
2.84,Shell,1,,,,,
2.84,LR,0.655,,,,,
2.841,PCA,0.707106781186548,,,,,
2.841,K's tau,0.351988736360437,,,,,
2.841,Winsor,0.756775783174938,,,,,
2.841,Quad,0.572709586000041,,,,,
2.841,Ball,0,,,,,
2.841,Shell,1,,,,,
2.841,LR,0.6545,,,,,
2.842,PCA,0.707106781186548,,,,,
2.842,K's tau,0.351864883884588,,,,,
2.842,Winsor,0.756509500351865,,,,,
2.842,Quad,0.572306624122628,,,,,
2.842,Ball,0,,,,,
2.842,Shell,1,,,,,
2.842,LR,0.654,,,,,
2.843,PCA,0.707106781186548,,,,,
2.843,K's tau,0.351741118536757,,,,,
2.843,Winsor,0.756243404854027,,,,,
2.843,Quad,0.571904087385212,,,,,
2.843,Ball,0,,,,,
2.843,Shell,1,,,,,
2.843,LR,0.6535,,,,,
2.844,PCA,0.707106781186548,,,,,
2.844,K's tau,0.351617440225035,,,,,
2.844,Winsor,0.755977496483826,,,,,
2.844,Quad,0.571501975189953,,,,,
2.844,Ball,0,,,,,
2.844,Shell,1,,,,,
2.844,LR,0.653,,,,,
2.845,PCA,0.707106781186548,,,,,
2.845,K's tau,0.351493848857645,,,,,
2.845,Winsor,0.755711775043937,,,,,
2.845,Quad,0.571100286940058,,,,,
2.845,Ball,0,,,,,
2.845,Shell,1,,,,,
2.845,LR,0.6525,,,,,
2.846,PCA,0.707106781186548,,,,,
2.846,K's tau,0.351370344342938,,,,,
2.846,Winsor,0.755446240337316,,,,,
2.846,Quad,0.570699022039785,,,,,
2.846,Ball,0,,,,,
2.846,Shell,1,,,,,
2.846,LR,0.652,,,,,
2.847,PCA,0.707106781186548,,,,,
2.847,K's tau,0.351246926589392,,,,,
2.847,Winsor,0.755180892167194,,,,,
2.847,Quad,0.570298179894438,,,,,
2.847,Ball,0,,,,,
2.847,Shell,1,,,,,
2.847,LR,0.6515,,,,,
2.848,PCA,0.707106781186548,,,,,
2.848,K's tau,0.351123595505618,,,,,
2.848,Winsor,0.754915730337079,,,,,
2.848,Quad,0.569897759910365,,,,,
2.848,Ball,0,,,,,
2.848,Shell,1,,,,,
2.848,LR,0.651,,,,,
2.849,PCA,0.707106781186548,,,,,
2.849,K's tau,0.351000351000351,,,,,
2.849,Winsor,0.754650754650755,,,,,
2.849,Quad,0.569497761494954,,,,,
2.849,Ball,0,,,,,
2.849,Shell,1,,,,,
2.849,LR,0.6505,,,,,
2.85,PCA,0.707106781186548,,,,,
2.85,K's tau,0.350877192982456,,,,,
2.85,Winsor,0.754385964912281,,,,,
2.85,Quad,0.569098184056633,,,,,
2.85,Ball,0,,,,,
2.85,Shell,1,,,,,
2.85,LR,0.65,,,,,
2.851,PCA,0.707106781186548,,,,,
2.851,K's tau,0.350754121360926,,,,,
2.851,Winsor,0.754121360925991,,,,,
2.851,Quad,0.568699027004869,,,,,
2.851,Ball,0,,,,,
2.851,Shell,1,,,,,
2.851,LR,0.6495,,,,,
2.852,PCA,0.707106781186548,,,,,
2.852,K's tau,0.350631136044881,,,,,
2.852,Winsor,0.753856942496494,,,,,
2.852,Quad,0.568300289750162,,,,,
2.852,Ball,0,,,,,
2.852,Shell,1,,,,,
2.852,LR,0.649,,,,,
2.853,PCA,0.707106781186548,,,,,
2.853,K's tau,0.350508236943568,,,,,
2.853,Winsor,0.753592709428672,,,,,
2.853,Quad,0.567901971704046,,,,,
2.853,Ball,0,,,,,
2.853,Shell,1,,,,,
2.853,LR,0.6485,,,,,
2.854,PCA,0.707106781186548,,,,,
2.854,K's tau,0.350385423966363,,,,,
2.854,Winsor,0.753328661527681,,,,,
2.854,Quad,0.567504072279087,,,,,
2.854,Ball,0,,,,,
2.854,Shell,1,,,,,
2.854,LR,0.648,,,,,
2.855,PCA,0.707106781186548,,,,,
2.855,K's tau,0.350262697022767,,,,,
2.855,Winsor,0.753064798598949,,,,,
2.855,Quad,0.567106590888876,,,,,
2.855,Ball,0,,,,,
2.855,Shell,1,,,,,
2.855,LR,0.6475,,,,,
2.856,PCA,0.707106781186548,,,,,
2.856,K's tau,0.350140056022409,,,,,
2.856,Winsor,0.752801120448179,,,,,
2.856,Quad,0.566709526948034,,,,,
2.856,Ball,0,,,,,
2.856,Shell,1,,,,,
2.856,LR,0.647,,,,,
2.857,PCA,0.707106781186548,,,,,
2.857,K's tau,0.350017500875044,,,,,
2.857,Winsor,0.752537626881344,,,,,
2.857,Quad,0.566312879872205,,,,,
2.857,Ball,0,,,,,
2.857,Shell,1,,,,,
2.857,LR,0.6465,,,,,
2.858,PCA,0.707106781186548,,,,,
2.858,K's tau,0.349895031490553,,,,,
2.858,Winsor,0.752274317704689,,,,,
2.858,Quad,0.565916649078055,,,,,
2.858,Ball,0,,,,,
2.858,Shell,1,,,,,
2.858,LR,0.646,,,,,
2.859,PCA,0.707106781186548,,,,,
2.859,K's tau,0.349772647778944,,,,,
2.859,Winsor,0.752011192724729,,,,,
2.859,Quad,0.565520833983269,,,,,
2.859,Ball,0,,,,,
2.859,Shell,1,,,,,
2.859,LR,0.6455,,,,,
2.86,PCA,0.707106781186548,,,,,
2.86,K's tau,0.34965034965035,,,,,
2.86,Winsor,0.751748251748252,,,,,
2.86,Quad,0.565125434006553,,,,,
2.86,Ball,0,,,,,
2.86,Shell,1,,,,,
2.86,LR,0.645,,,,,
2.861,PCA,0.707106781186548,,,,,
2.861,K's tau,0.34952813701503,,,,,
2.861,Winsor,0.751485494582314,,,,,
2.861,Quad,0.564730448567625,,,,,
2.861,Ball,0,,,,,
2.861,Shell,1,,,,,
2.861,LR,0.6445,,,,,
2.862,PCA,0.707106781186548,,,,,
2.862,K's tau,0.349406009783368,,,,,
2.862,Winsor,0.751222921034242,,,,,
2.862,Quad,0.564335877087219,,,,,
2.862,Ball,0,,,,,
2.862,Shell,1,,,,,
2.862,LR,0.644,,,,,
2.863,PCA,0.707106781186548,,,,,
2.863,K's tau,0.349283967865875,,,,,
2.863,Winsor,0.750960530911631,,,,,
2.863,Quad,0.563941718987079,,,,,
2.863,Ball,0,,,,,
2.863,Shell,1,,,,,
2.863,LR,0.6435,,,,,
2.864,PCA,0.707106781186548,,,,,
2.864,K's tau,0.349162011173184,,,,,
2.864,Winsor,0.750698324022346,,,,,
2.864,Quad,0.56354797368996,,,,,
2.864,Ball,0,,,,,
2.864,Shell,1,,,,,
2.864,LR,0.643,,,,,
2.865,PCA,0.707106781186548,,,,,
2.865,K's tau,0.349040139616056,,,,,
2.865,Winsor,0.75043630017452,,,,,
2.865,Quad,0.563154640619622,,,,,
2.865,Ball,0,,,,,
2.865,Shell,1,,,,,
2.865,LR,0.6425,,,,,
2.866,PCA,0.707106781186548,,,,,
2.866,K's tau,0.348918353105373,,,,,
2.866,Winsor,0.750174459176553,,,,,
2.866,Quad,0.562761719200833,,,,,
2.866,Ball,0,,,,,
2.866,Shell,1,,,,,
2.866,LR,0.642,,,,,
2.867,PCA,0.707106781186548,,,,,
2.867,K's tau,0.348796651552145,,,,,
2.867,Winsor,0.749912800837112,,,,,
2.867,Quad,0.562369208859362,,,,,
2.867,Ball,0,,,,,
2.867,Shell,1,,,,,
2.867,LR,0.6415,,,,,
2.868,PCA,0.707106781186548,,,,,
2.868,K's tau,0.348675034867504,,,,,
2.868,Winsor,0.749651324965133,,,,,
2.868,Quad,0.561977109021979,,,,,
2.868,Ball,0,,,,,
2.868,Shell,1,,,,,
2.868,LR,0.641,,,,,
2.869,PCA,0.707106781186548,,,,,
2.869,K's tau,0.348553502962705,,,,,
2.869,Winsor,0.749390031369815,,,,,
2.869,Quad,0.561585419116453,,,,,
2.869,Ball,0,,,,,
2.869,Shell,1,,,,,
2.869,LR,0.6405,,,,,
2.87,PCA,0.707106781186548,,,,,
2.87,K's tau,0.348432055749129,,,,,
2.87,Winsor,0.749128919860627,,,,,
2.87,Quad,0.56119413857155,,,,,
2.87,Ball,0,,,,,
2.87,Shell,1,,,,,
2.87,LR,0.64,,,,,
2.871,PCA,0.707106781186548,,,,,
2.871,K's tau,0.348310693138279,,,,,
2.871,Winsor,0.748867990247301,,,,,
2.871,Quad,0.560803266817031,,,,,
2.871,Ball,0,,,,,
2.871,Shell,1,,,,,
2.871,LR,0.6395,,,,,
2.872,PCA,0.707106781186548,,,,,
2.872,K's tau,0.348189415041783,,,,,
2.872,Winsor,0.748607242339833,,,,,
2.872,Quad,0.560412803283649,,,,,
2.872,Ball,0,,,,,
2.872,Shell,1,,,,,
2.872,LR,0.639,,,,,
2.873,PCA,0.707106781186548,,,,,
2.873,K's tau,0.348068221371389,,,,,
2.873,Winsor,0.748346675948486,,,,,
2.873,Quad,0.560022747403148,,,,,
2.873,Ball,0,,,,,
2.873,Shell,1,,,,,
2.873,LR,0.6385,,,,,
2.874,PCA,0.707106781186548,,,,,
2.874,K's tau,0.34794711203897,,,,,
2.874,Winsor,0.748086290883786,,,,,
2.874,Quad,0.55963309860826,,,,,
2.874,Ball,0,,,,,
2.874,Shell,1,,,,,
2.874,LR,0.638,,,,,
2.875,PCA,0.707106781186548,,,,,
2.875,K's tau,0.347826086956522,,,,,
2.875,Winsor,0.747826086956522,,,,,
2.875,Quad,0.559243856332703,,,,,
2.875,Ball,0,,,,,
2.875,Shell,1,,,,,
2.875,LR,0.6375,,,,,
2.876,PCA,0.707106781186548,,,,,
2.876,K's tau,0.347705146036161,,,,,
2.876,Winsor,0.747566063977747,,,,,
2.876,Quad,0.558855020011181,,,,,
2.876,Ball,0,,,,,
2.876,Shell,1,,,,,
2.876,LR,0.637,,,,,
2.877,PCA,0.707106781186548,,,,,
2.877,K's tau,0.347584289190129,,,,,
2.877,Winsor,0.747306221758777,,,,,
2.877,Quad,0.558466589079378,,,,,
2.877,Ball,0,,,,,
2.877,Shell,1,,,,,
2.877,LR,0.6365,,,,,
2.878,PCA,0.707106781186548,,,,,
2.878,K's tau,0.347463516330785,,,,,
2.878,Winsor,0.747046560111189,,,,,
2.878,Quad,0.558078562973959,,,,,
2.878,Ball,0,,,,,
2.878,Shell,1,,,,,
2.878,LR,0.636,,,,,
2.879,PCA,0.707106781186548,,,,,
2.879,K's tau,0.347342827370615,,,,,
2.879,Winsor,0.746787078846822,,,,,
2.879,Quad,0.557690941132569,,,,,
2.879,Ball,0,,,,,
2.879,Shell,1,,,,,
2.879,LR,0.6355,,,,,
2.88,PCA,0.707106781186548,,,,,
2.88,K's tau,0.347222222222222,,,,,
2.88,Winsor,0.746527777777778,,,,,
2.88,Quad,0.557303722993827,,,,,
2.88,Ball,0,,,,,
2.88,Shell,1,,,,,
2.88,LR,0.635,,,,,
2.881,PCA,0.707106781186548,,,,,
2.881,K's tau,0.347101700798334,,,,,
2.881,Winsor,0.746268656716418,,,,,
2.881,Quad,0.556916907997327,,,,,
2.881,Ball,0,,,,,
2.881,Shell,1,,,,,
2.881,LR,0.6345,,,,,
2.882,PCA,0.707106781186548,,,,,
2.882,K's tau,0.346981263011797,,,,,
2.882,Winsor,0.746009715475364,,,,,
2.882,Quad,0.556530495583634,,,,,
2.882,Ball,0,,,,,
2.882,Shell,1,,,,,
2.882,LR,0.634,,,,,
2.883,PCA,0.707106781186548,,,,,
2.883,K's tau,0.346860908775581,,,,,
2.883,Winsor,0.745750953867499,,,,,
2.883,Quad,0.556144485194285,,,,,
2.883,Ball,0,,,,,
2.883,Shell,1,,,,,
2.883,LR,0.6335,,,,,
2.884,PCA,0.707106781186548,,,,,
2.884,K's tau,0.346740638002774,,,,,
2.884,Winsor,0.745492371705964,,,,,
2.884,Quad,0.555758876271783,,,,,
2.884,Ball,0,,,,,
2.884,Shell,1,,,,,
2.884,LR,0.633,,,,,
2.885,PCA,0.707106781186548,,,,,
2.885,K's tau,0.346620450606586,,,,,
2.885,Winsor,0.74523396880416,,,,,
2.885,Quad,0.555373668259599,,,,,
2.885,Ball,0,,,,,
2.885,Shell,1,,,,,
2.885,LR,0.6325,,,,,
2.886,PCA,0.707106781186548,,,,,
2.886,K's tau,0.346500346500347,,,,,
2.886,Winsor,0.744975744975745,,,,,
2.886,Quad,0.554988860602166,,,,,
2.886,Ball,0,,,,,
2.886,Shell,1,,,,,
2.886,LR,0.632,,,,,
2.887,PCA,0.707106781186548,,,,,
2.887,K's tau,0.346380325597506,,,,,
2.887,Winsor,0.744717700034638,,,,,
2.887,Quad,0.554604452744881,,,,,
2.887,Ball,0,,,,,
2.887,Shell,1,,,,,
2.887,LR,0.6315,,,,,
2.888,PCA,0.707106781186548,,,,,
2.888,K's tau,0.346260387811634,,,,,
2.888,Winsor,0.744459833795014,,,,,
2.888,Quad,0.5542204441341,,,,,
2.888,Ball,0,,,,,
2.888,Shell,1,,,,,
2.888,LR,0.631,,,,,
2.889,PCA,0.707106781186548,,,,,
2.889,K's tau,0.346140533056421,,,,,
2.889,Winsor,0.744202146071305,,,,,
2.889,Quad,0.553836834217136,,,,,
2.889,Ball,0,,,,,
2.889,Shell,1,,,,,
2.889,LR,0.6305,,,,,
2.89,PCA,0.707106781186548,,,,,
2.89,K's tau,0.346020761245675,,,,,
2.89,Winsor,0.743944636678201,,,,,
2.89,Quad,0.55345362244226,,,,,
2.89,Ball,0,,,,,
2.89,Shell,1,,,,,
2.89,LR,0.63,,,,,
2.891,PCA,0.707106781186548,,,,,
2.891,K's tau,0.345901072293324,,,,,
2.891,Winsor,0.743687305430647,,,,,
2.891,Quad,0.553070808258696,,,,,
2.891,Ball,0,,,,,
2.891,Shell,1,,,,,
2.891,LR,0.6295,,,,,
2.892,PCA,0.707106781186548,,,,,
2.892,K's tau,0.345781466113416,,,,,
2.892,Winsor,0.743430152143845,,,,,
2.892,Quad,0.552688391116621,,,,,
2.892,Ball,0,,,,,
2.892,Shell,1,,,,,
2.892,LR,0.629,,,,,
2.893,PCA,0.707106781186548,,,,,
2.893,K's tau,0.345661942620118,,,,,
2.893,Winsor,0.743173176633253,,,,,
2.893,Quad,0.55230637046716,,,,,
2.893,Ball,0,,,,,
2.893,Shell,1,,,,,
2.893,LR,0.6285,,,,,
2.894,PCA,0.707106781186548,,,,,
2.894,K's tau,0.345542501727713,,,,,
2.894,Winsor,0.742916378714582,,,,,
2.894,Quad,0.551924745762388,,,,,
2.894,Ball,0,,,,,
2.894,Shell,1,,,,,
2.894,LR,0.628,,,,,
2.895,PCA,0.707106781186548,,,,,
2.895,K's tau,0.345423143350605,,,,,
2.895,Winsor,0.7426597582038,,,,,
2.895,Quad,0.551543516455326,,,,,
2.895,Ball,0,,,,,
2.895,Shell,1,,,,,
2.895,LR,0.6275,,,,,
2.896,PCA,0.707106781186548,,,,,
2.896,K's tau,0.345303867403315,,,,,
2.896,Winsor,0.742403314917127,,,,,
2.896,Quad,0.551162681999939,,,,,
2.896,Ball,0,,,,,
2.896,Shell,1,,,,,
2.896,LR,0.627,,,,,
2.897,PCA,0.707106781186548,,,,,
2.897,K's tau,0.345184673800483,,,,,
2.897,Winsor,0.742147048671039,,,,,
2.897,Quad,0.550782241851134,,,,,
2.897,Ball,0,,,,,
2.897,Shell,1,,,,,
2.897,LR,0.6265,,,,,
2.898,PCA,0.707106781186548,,,,,
2.898,K's tau,0.345065562456867,,,,,
2.898,Winsor,0.741890959282264,,,,,
2.898,Quad,0.550402195464757,,,,,
2.898,Ball,0,,,,,
2.898,Shell,1,,,,,
2.898,LR,0.626,,,,,
2.899,PCA,0.707106781186548,,,,,
2.899,K's tau,0.344946533287341,,,,,
2.899,Winsor,0.741635046567782,,,,,
2.899,Quad,0.550022542297596,,,,,
2.899,Ball,0,,,,,
2.899,Shell,1,,,,,
2.899,LR,0.6255,,,,,
2.9,PCA,0.707106781186548,,,,,
2.9,K's tau,0.344827586206897,,,,,
2.9,Winsor,0.741379310344828,,,,,
2.9,Quad,0.549643281807372,,,,,
2.9,Ball,0,,,,,
2.9,Shell,1,,,,,
2.9,LR,0.625,,,,,
2.901,PCA,0.707106781186548,,,,,
2.901,K's tau,0.344708721130645,,,,,
2.901,Winsor,0.741123750430886,,,,,
2.901,Quad,0.549264413452742,,,,,
2.901,Ball,0,,,,,
2.901,Shell,1,,,,,
2.901,LR,0.6245,,,,,
2.902,PCA,0.707106781186548,,,,,
2.902,K's tau,0.344589937973811,,,,,
2.902,Winsor,0.740868366643694,,,,,
2.902,Quad,0.548885936693295,,,,,
2.902,Ball,0,,,,,
2.902,Shell,1,,,,,
2.902,LR,0.624,,,,,
2.903,PCA,0.707106781186548,,,,,
2.903,K's tau,0.34447123665174,,,,,
2.903,Winsor,0.74061315880124,,,,,
2.903,Quad,0.548507850989551,,,,,
2.903,Ball,0,,,,,
2.903,Shell,1,,,,,
2.903,LR,0.6235,,,,,
2.904,PCA,0.707106781186548,,,,,
2.904,K's tau,0.34435261707989,,,,,
2.904,Winsor,0.740358126721763,,,,,
2.904,Quad,0.548130155802958,,,,,
2.904,Ball,0,,,,,
2.904,Shell,1,,,,,
2.904,LR,0.623,,,,,
2.905,PCA,0.707106781186548,,,,,
2.905,K's tau,0.344234079173838,,,,,
2.905,Winsor,0.740103270223752,,,,,
2.905,Quad,0.547752850595892,,,,,
2.905,Ball,0,,,,,
2.905,Shell,1,,,,,
2.905,LR,0.6225,,,,,
2.906,PCA,0.707106781186548,,,,,
2.906,K's tau,0.344115622849277,,,,,
2.906,Winsor,0.739848589125946,,,,,
2.906,Quad,0.547375934831653,,,,,
2.906,Ball,0,,,,,
2.906,Shell,1,,,,,
2.906,LR,0.622,,,,,
2.907,PCA,0.707106781186548,,,,,
2.907,K's tau,0.343997248022016,,,,,
2.907,Winsor,0.739594083247334,,,,,
2.907,Quad,0.546999407974464,,,,,
2.907,Ball,0,,,,,
2.907,Shell,1,,,,,
2.907,LR,0.6215,,,,,
2.908,PCA,0.707106781186548,,,,,
2.908,K's tau,0.343878954607978,,,,,
2.908,Winsor,0.739339752407153,,,,,
2.908,Quad,0.54662326948947,,,,,
2.908,Ball,0,,,,,
2.908,Shell,1,,,,,
2.908,LR,0.621,,,,,
2.909,PCA,0.707106781186548,,,,,
2.909,K's tau,0.343760742523204,,,,,
2.909,Winsor,0.739085596424888,,,,,
2.909,Quad,0.546247518842733,,,,,
2.909,Ball,0,,,,,
2.909,Shell,1,,,,,
2.909,LR,0.6205,,,,,
2.91,PCA,0.707106781186548,,,,,
2.91,K's tau,0.343642611683849,,,,,
2.91,Winsor,0.738831615120275,,,,,
2.91,Quad,0.545872155501234,,,,,
2.91,Ball,0,,,,,
2.91,Shell,1,,,,,
2.91,LR,0.62,,,,,
2.911,PCA,0.707106781186548,,,,,
2.911,K's tau,0.343524562006183,,,,,
2.911,Winsor,0.738577808313294,,,,,
2.911,Quad,0.545497178932869,,,,,
2.911,Ball,0,,,,,
2.911,Shell,1,,,,,
2.911,LR,0.6195,,,,,
2.912,PCA,0.707106781186548,,,,,
2.912,K's tau,0.343406593406593,,,,,
2.912,Winsor,0.738324175824176,,,,,
2.912,Quad,0.545122588606449,,,,,
2.912,Ball,0,,,,,
2.912,Shell,1,,,,,
2.912,LR,0.619,,,,,
2.913,PCA,0.707106781186548,,,,,
2.913,K's tau,0.343288705801579,,,,,
2.913,Winsor,0.738070717473395,,,,,
2.913,Quad,0.544748383991692,,,,,
2.913,Ball,0,,,,,
2.913,Shell,1,,,,,
2.913,LR,0.6185,,,,,
2.914,PCA,0.707106781186548,,,,,
2.914,K's tau,0.343170899107756,,,,,
2.914,Winsor,0.737817433081675,,,,,
2.914,Quad,0.544374564559232,,,,,
2.914,Ball,0,,,,,
2.914,Shell,1,,,,,
2.914,LR,0.618,,,,,
2.915,PCA,0.707106781186548,,,,,
2.915,K's tau,0.343053173241852,,,,,
2.915,Winsor,0.737564322469983,,,,,
2.915,Quad,0.544001129780605,,,,,
2.915,Ball,0,,,,,
2.915,Shell,1,,,,,
2.915,LR,0.6175,,,,,
2.916,PCA,0.707106781186548,,,,,
2.916,K's tau,0.342935528120713,,,,,
2.916,Winsor,0.737311385459534,,,,,
2.916,Quad,0.543628079128257,,,,,
2.916,Ball,0,,,,,
2.916,Shell,1,,,,,
2.916,LR,0.617,,,,,
2.917,PCA,0.707106781186548,,,,,
2.917,K's tau,0.342817963661296,,,,,
2.917,Winsor,0.737058621871786,,,,,
2.917,Quad,0.543255412075537,,,,,
2.917,Ball,0,,,,,
2.917,Shell,1,,,,,
2.917,LR,0.6165,,,,,
2.918,PCA,0.707106781186548,,,,,
2.918,K's tau,0.342700479780672,,,,,
2.918,Winsor,0.736806031528444,,,,,
2.918,Quad,0.542883128096695,,,,,
2.918,Ball,0,,,,,
2.918,Shell,1,,,,,
2.918,LR,0.616,,,,,
2.919,PCA,0.707106781186548,,,,,
2.919,K's tau,0.342583076396026,,,,,
2.919,Winsor,0.736553614251456,,,,,
2.919,Quad,0.542511226666883,,,,,
2.919,Ball,0,,,,,
2.919,Shell,1,,,,,
2.919,LR,0.6155,,,,,
2.92,PCA,0.707106781186548,,,,,
2.92,K's tau,0.342465753424658,,,,,
2.92,Winsor,0.736301369863014,,,,,
2.92,Quad,0.542139707262151,,,,,
2.92,Ball,0,,,,,
2.92,Shell,1,,,,,
2.92,LR,0.615,,,,,
2.921,PCA,0.707106781186548,,,,,
2.921,K's tau,0.342348510783978,,,,,
2.921,Winsor,0.736049298185553,,,,,
2.921,Quad,0.541768569359445,,,,,
2.921,Ball,0,,,,,
2.921,Shell,1,,,,,
2.921,LR,0.6145,,,,,
2.922,PCA,0.707106781186548,,,,,
2.922,K's tau,0.342231348391513,,,,,
2.922,Winsor,0.735797399041752,,,,,
2.922,Quad,0.541397812436608,,,,,
2.922,Ball,0,,,,,
2.922,Shell,1,,,,,
2.922,LR,0.614,,,,,
2.923,PCA,0.707106781186548,,,,,
2.923,K's tau,0.342114266164899,,,,,
2.923,Winsor,0.735545672254533,,,,,
2.923,Quad,0.541027435972373,,,,,
2.923,Ball,0,,,,,
2.923,Shell,1,,,,,
2.923,LR,0.6135,,,,,
2.924,PCA,0.707106781186548,,,,,
2.924,K's tau,0.341997264021888,,,,,
2.924,Winsor,0.735294117647059,,,,,
2.924,Quad,0.540657439446367,,,,,
2.924,Ball,0,,,,,
2.924,Shell,1,,,,,
2.924,LR,0.613,,,,,
2.925,PCA,0.707106781186548,,,,,
2.925,K's tau,0.341880341880342,,,,,
2.925,Winsor,0.735042735042735,,,,,
2.925,Quad,0.540287822339105,,,,,
2.925,Ball,0,,,,,
2.925,Shell,1,,,,,
2.925,LR,0.6125,,,,,
2.926,PCA,0.707106781186548,,,,,
2.926,K's tau,0.341763499658237,,,,,
2.926,Winsor,0.734791524265209,,,,,
2.926,Quad,0.539918584131988,,,,,
2.926,Ball,0,,,,,
2.926,Shell,1,,,,,
2.926,LR,0.612,,,,,
2.927,PCA,0.707106781186548,,,,,
2.927,K's tau,0.341646737273659,,,,,
2.927,Winsor,0.734540485138367,,,,,
2.927,Quad,0.539549724307307,,,,,
2.927,Ball,0,,,,,
2.927,Shell,1,,,,,
2.927,LR,0.6115,,,,,
2.928,PCA,0.707106781186548,,,,,
2.928,K's tau,0.341530054644809,,,,,
2.928,Winsor,0.734289617486339,,,,,
2.928,Quad,0.539181242348234,,,,,
2.928,Ball,0,,,,,
2.928,Shell,1,,,,,
2.928,LR,0.611,,,,,
2.929,PCA,0.707106781186548,,,,,
2.929,K's tau,0.341413451689997,,,,,
2.929,Winsor,0.734038921133493,,,,,
2.929,Quad,0.538813137738822,,,,,
2.929,Ball,0,,,,,
2.929,Shell,1,,,,,
2.929,LR,0.6105,,,,,
2.93,PCA,0.707106781186548,,,,,
2.93,K's tau,0.341296928327645,,,,,
2.93,Winsor,0.733788395904437,,,,,
2.93,Quad,0.538445409964007,,,,,
2.93,Ball,0,,,,,
2.93,Shell,1,,,,,
2.93,LR,0.61,,,,,
2.931,PCA,0.707106781186548,,,,,
2.931,K's tau,0.341180484476288,,,,,
2.931,Winsor,0.733538041624019,,,,,
2.931,Quad,0.538078058509601,,,,,
2.931,Ball,0,,,,,
2.931,Shell,1,,,,,
2.931,LR,0.6095,,,,,
2.932,PCA,0.707106781186548,,,,,
2.932,K's tau,0.34106412005457,,,,,
2.932,Winsor,0.733287858117326,,,,,
2.932,Quad,0.537711082862296,,,,,
2.932,Ball,0,,,,,
2.932,Shell,1,,,,,
2.932,LR,0.609,,,,,
2.933,PCA,0.707106781186548,,,,,
2.933,K's tau,0.340947834981248,,,,,
2.933,Winsor,0.733037845209683,,,,,
2.933,Quad,0.537344482509655,,,,,
2.933,Ball,0,,,,,
2.933,Shell,1,,,,,
2.933,LR,0.6085,,,,,
2.934,PCA,0.707106781186548,,,,,
2.934,K's tau,0.340831629175188,,,,,
2.934,Winsor,0.732788002726653,,,,,
2.934,Quad,0.536978256940117,,,,,
2.934,Ball,0,,,,,
2.934,Shell,1,,,,,
2.934,LR,0.608,,,,,
2.935,PCA,0.707106781186548,,,,,
2.935,K's tau,0.340715502555366,,,,,
2.935,Winsor,0.732538330494037,,,,,
2.935,Quad,0.536612405642992,,,,,
2.935,Ball,0,,,,,
2.935,Shell,1,,,,,
2.935,LR,0.6075,,,,,
2.936,PCA,0.707106781186548,,,,,
2.936,K's tau,0.340599455040872,,,,,
2.936,Winsor,0.732288828337875,,,,,
2.936,Quad,0.536246928108457,,,,,
2.936,Ball,0,,,,,
2.936,Shell,1,,,,,
2.936,LR,0.607,,,,,
2.937,PCA,0.707106781186548,,,,,
2.937,K's tau,0.340483486550902,,,,,
2.937,Winsor,0.73203949608444,,,,,
2.937,Quad,0.535881823827561,,,,,
2.937,Ball,0,,,,,
2.937,Shell,1,,,,,
2.937,LR,0.6065,,,,,
2.938,PCA,0.707106781186548,,,,,
2.938,K's tau,0.340367597004765,,,,,
2.938,Winsor,0.731790333560245,,,,,
2.938,Quad,0.535517092292215,,,,,
2.938,Ball,0,,,,,
2.938,Shell,1,,,,,
2.938,LR,0.606,,,,,
2.939,PCA,0.707106781186548,,,,,
2.939,K's tau,0.340251786321878,,,,,
2.939,Winsor,0.731541340592038,,,,,
2.939,Quad,0.535152732995196,,,,,
2.939,Ball,0,,,,,
2.939,Shell,1,,,,,
2.939,LR,0.6055,,,,,
2.94,PCA,0.707106781186548,,,,,
2.94,K's tau,0.340136054421769,,,,,
2.94,Winsor,0.731292517006803,,,,,
2.94,Quad,0.534788745430145,,,,,
2.94,Ball,0,,,,,
2.94,Shell,1,,,,,
2.94,LR,0.605,,,,,
2.941,PCA,0.707106781186548,,,,,
2.941,K's tau,0.340020401224073,,,,,
2.941,Winsor,0.731043862631758,,,,,
2.941,Quad,0.53442512909156,,,,,
2.941,Ball,0,,,,,
2.941,Shell,1,,,,,
2.941,LR,0.6045,,,,,
2.942,PCA,0.707106781186548,,,,,
2.942,K's tau,0.339904826648538,,,,,
2.942,Winsor,0.730795377294358,,,,,
2.942,Quad,0.534061883474803,,,,,
2.942,Ball,0,,,,,
2.942,Shell,1,,,,,
2.942,LR,0.604,,,,,
2.943,PCA,0.707106781186548,,,,,
2.943,K's tau,0.339789330615019,,,,,
2.943,Winsor,0.73054706082229,,,,,
2.943,Quad,0.533699008076087,,,,,
2.943,Ball,0,,,,,
2.943,Shell,1,,,,,
2.943,LR,0.6035,,,,,
2.944,PCA,0.707106781186548,,,,,
2.944,K's tau,0.339673913043478,,,,,
2.944,Winsor,0.730298913043478,,,,,
2.944,Quad,0.533336502392486,,,,,
2.944,Ball,0,,,,,
2.944,Shell,1,,,,,
2.944,LR,0.603,,,,,
2.945,PCA,0.707106781186548,,,,,
2.945,K's tau,0.33955857385399,,,,,
2.945,Winsor,0.730050933786078,,,,,
2.945,Quad,0.532974365921925,,,,,
2.945,Ball,0,,,,,
2.945,Shell,1,,,,,
2.945,LR,0.6025,,,,,
2.946,PCA,0.707106781186548,,,,,
2.946,K's tau,0.339443312966735,,,,,
2.946,Winsor,0.729803122878479,,,,,
2.946,Quad,0.532612598163181,,,,,
2.946,Ball,0,,,,,
2.946,Shell,1,,,,,
2.946,LR,0.602,,,,,
2.947,PCA,0.707106781186548,,,,,
2.947,K's tau,0.339328130302002,,,,,
2.947,Winsor,0.729555480149304,,,,,
2.947,Quad,0.532251198615882,,,,,
2.947,Ball,0,,,,,
2.947,Shell,1,,,,,
2.947,LR,0.6015,,,,,
2.948,PCA,0.707106781186548,,,,,
2.948,K's tau,0.33921302578019,,,,,
2.948,Winsor,0.729308005427408,,,,,
2.948,Quad,0.531890166780505,,,,,
2.948,Ball,0,,,,,
2.948,Shell,1,,,,,
2.948,LR,0.601,,,,,
2.949,PCA,0.707106781186548,,,,,
2.949,K's tau,0.339097999321804,,,,,
2.949,Winsor,0.729060698541879,,,,,
2.949,Quad,0.531529502158372,,,,,
2.949,Ball,0,,,,,
2.949,Shell,1,,,,,
2.949,LR,0.6005,,,,,
2.95,PCA,0.707106781186548,,,,,
2.95,K's tau,0.338983050847458,,,,,
2.95,Winsor,0.728813559322034,,,,,
2.95,Quad,0.531169204251652,,,,,
2.95,Ball,0,,,,,
2.95,Shell,1,,,,,
2.95,LR,0.6,,,,,
2.951,PCA,0.707106781186548,,,,,
2.951,K's tau,0.338868180277872,,,,,
2.951,Winsor,0.728566587597425,,,,,
2.951,Quad,0.530809272563356,,,,,
2.951,Ball,0,,,,,
2.951,Shell,1,,,,,
2.951,LR,0.5995,,,,,
2.952,PCA,0.707106781186548,,,,,
2.952,K's tau,0.338753387533875,,,,,
2.952,Winsor,0.728319783197832,,,,,
2.952,Quad,0.530449706597337,,,,,
2.952,Ball,0,,,,,
2.952,Shell,1,,,,,
2.952,LR,0.599,,,,,
2.953,PCA,0.707106781186548,,,,,
2.953,K's tau,0.338638672536404,,,,,
2.953,Winsor,0.728073145953268,,,,,
2.953,Quad,0.530090505858289,,,,,
2.953,Ball,0,,,,,
2.953,Shell,1,,,,,
2.953,LR,0.5985,,,,,
2.954,PCA,0.707106781186548,,,,,
2.954,K's tau,0.3385240352065,,,,,
2.954,Winsor,0.727826675693974,,,,,
2.954,Quad,0.529731669851742,,,,,
2.954,Ball,0,,,,,
2.954,Shell,1,,,,,
2.954,LR,0.598,,,,,
2.955,PCA,0.707106781186548,,,,,
2.955,K's tau,0.338409475465313,,,,,
2.955,Winsor,0.727580372250423,,,,,
2.955,Quad,0.529373198084064,,,,,
2.955,Ball,0,,,,,
2.955,Shell,1,,,,,
2.955,LR,0.5975,,,,,
2.956,PCA,0.707106781186548,,,,,
2.956,K's tau,0.3382949932341,,,,,
2.956,Winsor,0.727334235453315,,,,,
2.956,Quad,0.529015090062459,,,,,
2.956,Ball,0,,,,,
2.956,Shell,1,,,,,
2.956,LR,0.597,,,,,
2.957,PCA,0.707106781186548,,,,,
2.957,K's tau,0.338180588434224,,,,,
2.957,Winsor,0.727088265133581,,,,,
2.957,Quad,0.528657345294961,,,,,
2.957,Ball,0,,,,,
2.957,Shell,1,,,,,
2.957,LR,0.5965,,,,,
2.958,PCA,0.707106781186548,,,,,
2.958,K's tau,0.338066260987154,,,,,
2.958,Winsor,0.72684246112238,,,,,
2.958,Quad,0.528299963290439,,,,,
2.958,Ball,0,,,,,
2.958,Shell,1,,,,,
2.958,LR,0.596,,,,,
2.959,PCA,0.707106781186548,,,,,
2.959,K's tau,0.337952010814464,,,,,
2.959,Winsor,0.726596823251098,,,,,
2.959,Quad,0.527942943558588,,,,,
2.959,Ball,0,,,,,
2.959,Shell,1,,,,,
2.959,LR,0.5955,,,,,
2.96,PCA,0.707106781186548,,,,,
2.96,K's tau,0.337837837837838,,,,,
2.96,Winsor,0.726351351351351,,,,,
2.96,Quad,0.527586285609934,,,,,
2.96,Ball,0,,,,,
2.96,Shell,1,,,,,
2.96,LR,0.595,,,,,
2.961,PCA,0.707106781186548,,,,,
2.961,K's tau,0.337723741979061,,,,,
2.961,Winsor,0.726106045254982,,,,,
2.961,Quad,0.527229988955829,,,,,
2.961,Ball,0,,,,,
2.961,Shell,1,,,,,
2.961,LR,0.5945,,,,,
2.962,PCA,0.707106781186548,,,,,
2.962,K's tau,0.337609723160027,,,,,
2.962,Winsor,0.725860904794058,,,,,
2.962,Quad,0.526874053108449,,,,,
2.962,Ball,0,,,,,
2.962,Shell,1,,,,,
2.962,LR,0.594,,,,,
2.963,PCA,0.707106781186548,,,,,
2.963,K's tau,0.337495781302734,,,,,
2.963,Winsor,0.725615929800878,,,,,
2.963,Quad,0.526518477580792,,,,,
2.963,Ball,0,,,,,
2.963,Shell,1,,,,,
2.963,LR,0.5935,,,,,
2.964,PCA,0.707106781186548,,,,,
2.964,K's tau,0.337381916329285,,,,,
2.964,Winsor,0.725371120107962,,,,,
2.964,Quad,0.52616326188668,,,,,
2.964,Ball,0,,,,,
2.964,Shell,1,,,,,
2.964,LR,0.593,,,,,
2.965,PCA,0.707106781186548,,,,,
2.965,K's tau,0.337268128161889,,,,,
2.965,Winsor,0.725126475548061,,,,,
2.965,Quad,0.525808405540752,,,,,
2.965,Ball,0,,,,,
2.965,Shell,1,,,,,
2.965,LR,0.5925,,,,,
2.966,PCA,0.707106781186548,,,,,
2.966,K's tau,0.337154416722859,,,,,
2.966,Winsor,0.724881995954147,,,,,
2.966,Quad,0.525453908058468,,,,,
2.966,Ball,0,,,,,
2.966,Shell,1,,,,,
2.966,LR,0.592,,,,,
2.967,PCA,0.707106781186548,,,,,
2.967,K's tau,0.337040781934614,,,,,
2.967,Winsor,0.72463768115942,,,,,
2.967,Quad,0.525099768956102,,,,,
2.967,Ball,0,,,,,
2.967,Shell,1,,,,,
2.967,LR,0.5915,,,,,
2.968,PCA,0.707106781186548,,,,,
2.968,K's tau,0.336927223719677,,,,,
2.968,Winsor,0.724393530997305,,,,,
2.968,Quad,0.524745987750743,,,,,
2.968,Ball,0,,,,,
2.968,Shell,1,,,,,
2.968,LR,0.591,,,,,
2.969,PCA,0.707106781186548,,,,,
2.969,K's tau,0.336813742000674,,,,,
2.969,Winsor,0.724149545301448,,,,,
2.969,Quad,0.524392563960294,,,,,
2.969,Ball,0,,,,,
2.969,Shell,1,,,,,
2.969,LR,0.5905,,,,,
2.97,PCA,0.707106781186548,,,,,
2.97,K's tau,0.336700336700337,,,,,
2.97,Winsor,0.723905723905724,,,,,
2.97,Quad,0.52403949710347,,,,,
2.97,Ball,0,,,,,
2.97,Shell,1,,,,,
2.97,LR,0.59,,,,,
2.971,PCA,0.707106781186548,,,,,
2.971,K's tau,0.336587007741501,,,,,
2.971,Winsor,0.723662066644228,,,,,
2.971,Quad,0.523686786699795,,,,,
2.971,Ball,0,,,,,
2.971,Shell,1,,,,,
2.971,LR,0.5895,,,,,
2.972,PCA,0.707106781186548,,,,,
2.972,K's tau,0.336473755047106,,,,,
2.972,Winsor,0.723418573351279,,,,,
2.972,Quad,0.523334432269599,,,,,
2.972,Ball,0,,,,,
2.972,Shell,1,,,,,
2.972,LR,0.589,,,,,
2.973,PCA,0.707106781186548,,,,,
2.973,K's tau,0.336360578540195,,,,,
2.973,Winsor,0.723175243861419,,,,,
2.973,Quad,0.522982433334024,,,,,
2.973,Ball,0,,,,,
2.973,Shell,1,,,,,
2.973,LR,0.5885,,,,,
2.974,PCA,0.707106781186548,,,,,
2.974,K's tau,0.336247478143914,,,,,
2.974,Winsor,0.722932078009415,,,,,
2.974,Quad,0.522630789415011,,,,,
2.974,Ball,0,,,,,
2.974,Shell,1,,,,,
2.974,LR,0.588,,,,,
2.975,PCA,0.707106781186548,,,,,
2.975,K's tau,0.336134453781513,,,,,
2.975,Winsor,0.722689075630252,,,,,
2.975,Quad,0.522279500035308,,,,,
2.975,Ball,0,,,,,
2.975,Shell,1,,,,,
2.975,LR,0.5875,,,,,
2.976,PCA,0.707106781186548,,,,,
2.976,K's tau,0.336021505376344,,,,,
2.976,Winsor,0.72244623655914,,,,,
2.976,Quad,0.521928564718465,,,,,
2.976,Ball,0,,,,,
2.976,Shell,1,,,,,
2.976,LR,0.587,,,,,
2.977,PCA,0.707106781186548,,,,,
2.977,K's tau,0.335908632851864,,,,,
2.977,Winsor,0.722203560631508,,,,,
2.977,Quad,0.521577982988829,,,,,
2.977,Ball,0,,,,,
2.977,Shell,1,,,,,
2.977,LR,0.5865,,,,,
2.978,PCA,0.707106781186548,,,,,
2.978,K's tau,0.335795836131632,,,,,
2.978,Winsor,0.721961047683009,,,,,
2.978,Quad,0.521227754371548,,,,,
2.978,Ball,0,,,,,
2.978,Shell,1,,,,,
2.978,LR,0.586,,,,,
2.979,PCA,0.707106781186548,,,,,
2.979,K's tau,0.335683115139309,,,,,
2.979,Winsor,0.721718697549513,,,,,
2.979,Quad,0.520877878392566,,,,,
2.979,Ball,0,,,,,
2.979,Shell,1,,,,,
2.979,LR,0.5855,,,,,
2.98,PCA,0.707106781186548,,,,,
2.98,K's tau,0.335570469798658,,,,,
2.98,Winsor,0.721476510067114,,,,,
2.98,Quad,0.520528354578623,,,,,
2.98,Ball,0,,,,,
2.98,Shell,1,,,,,
2.98,LR,0.585,,,,,
2.981,PCA,0.707106781186548,,,,,
2.981,K's tau,0.335457900033546,,,,,
2.981,Winsor,0.721234485072123,,,,,
2.981,Quad,0.520179182457251,,,,,
2.981,Ball,0,,,,,
2.981,Shell,1,,,,,
2.981,LR,0.5845,,,,,
2.982,PCA,0.707106781186548,,,,,
2.982,K's tau,0.335345405767941,,,,,
2.982,Winsor,0.720992622401073,,,,,
2.982,Quad,0.519830361556776,,,,,
2.982,Ball,0,,,,,
2.982,Shell,1,,,,,
2.982,LR,0.584,,,,,
2.983,PCA,0.707106781186548,,,,,
2.983,K's tau,0.335232986925914,,,,,
2.983,Winsor,0.720750921890714,,,,,
2.983,Quad,0.519481891406314,,,,,
2.983,Ball,0,,,,,
2.983,Shell,1,,,,,
2.983,LR,0.5835,,,,,
2.984,PCA,0.707106781186548,,,,,
2.984,K's tau,0.335120643431635,,,,,
2.984,Winsor,0.720509383378016,,,,,
2.984,Quad,0.519133771535769,,,,,
2.984,Ball,0,,,,,
2.984,Shell,1,,,,,
2.984,LR,0.583,,,,,
2.985,PCA,0.707106781186548,,,,,
2.985,K's tau,0.33500837520938,,,,,
2.985,Winsor,0.720268006700168,,,,,
2.985,Quad,0.518786001475833,,,,,
2.985,Ball,0,,,,,
2.985,Shell,1,,,,,
2.985,LR,0.5825,,,,,
2.986,PCA,0.707106781186548,,,,,
2.986,K's tau,0.334896182183523,,,,,
2.986,Winsor,0.720026791694575,,,,,
2.986,Quad,0.518438580757982,,,,,
2.986,Ball,0,,,,,
2.986,Shell,1,,,,,
2.986,LR,0.582,,,,,
2.987,PCA,0.707106781186548,,,,,
2.987,K's tau,0.33478406427854,,,,,
2.987,Winsor,0.719785738198862,,,,,
2.987,Quad,0.51809150891448,,,,,
2.987,Ball,0,,,,,
2.987,Shell,1,,,,,
2.987,LR,0.5815,,,,,
2.988,PCA,0.707106781186548,,,,,
2.988,K's tau,0.334672021419009,,,,,
2.988,Winsor,0.71954484605087,,,,,
2.988,Quad,0.51774478547837,,,,,
2.988,Ball,0,,,,,
2.988,Shell,1,,,,,
2.988,LR,0.581,,,,,
2.989,PCA,0.707106781186548,,,,,
2.989,K's tau,0.334560053529609,,,,,
2.989,Winsor,0.719304115088658,,,,,
2.989,Quad,0.517398409983478,,,,,
2.989,Ball,0,,,,,
2.989,Shell,1,,,,,
2.989,LR,0.5805,,,,,
2.99,PCA,0.707106781186548,,,,,
2.99,K's tau,0.334448160535117,,,,,
2.99,Winsor,0.719063545150502,,,,,
2.99,Quad,0.517052381964408,,,,,
2.99,Ball,0,,,,,
2.99,Shell,1,,,,,
2.99,LR,0.58,,,,,
2.991,PCA,0.707106781186548,,,,,
2.991,K's tau,0.334336342360415,,,,,
2.991,Winsor,0.718823136074891,,,,,
2.991,Quad,0.516706700956542,,,,,
2.991,Ball,0,,,,,
2.991,Shell,1,,,,,
2.991,LR,0.5795,,,,,
2.992,PCA,0.707106781186548,,,,,
2.992,K's tau,0.334224598930481,,,,,
2.992,Winsor,0.718582887700535,,,,,
2.992,Quad,0.516361366496039,,,,,
2.992,Ball,0,,,,,
2.992,Shell,1,,,,,
2.992,LR,0.579,,,,,
2.993,PCA,0.707106781186548,,,,,
2.993,K's tau,0.334112930170398,,,,,
2.993,Winsor,0.718342799866355,,,,,
2.993,Quad,0.516016378119834,,,,,
2.993,Ball,0,,,,,
2.993,Shell,1,,,,,
2.993,LR,0.5785,,,,,
2.994,PCA,0.707106781186548,,,,,
2.994,K's tau,0.334001336005344,,,,,
2.994,Winsor,0.71810287241149,,,,,
2.994,Quad,0.515671735365632,,,,,
2.994,Ball,0,,,,,
2.994,Shell,1,,,,,
2.994,LR,0.578,,,,,
2.995,PCA,0.707106781186548,,,,,
2.995,K's tau,0.333889816360601,,,,,
2.995,Winsor,0.717863105175292,,,,,
2.995,Quad,0.515327437771913,,,,,
2.995,Ball,0,,,,,
2.995,Shell,1,,,,,
2.995,LR,0.5775,,,,,
2.996,PCA,0.707106781186548,,,,,
2.996,K's tau,0.333778371161549,,,,,
2.996,Winsor,0.71762349799733,,,,,
2.996,Quad,0.514983484877924,,,,,
2.996,Ball,0,,,,,
2.996,Shell,1,,,,,
2.996,LR,0.577,,,,,
2.997,PCA,0.707106781186548,,,,,
2.997,K's tau,0.333667000333667,,,,,
2.997,Winsor,0.717384050717384,,,,,
2.997,Quad,0.514639876223682,,,,,
2.997,Ball,0,,,,,
2.997,Shell,1,,,,,
2.997,LR,0.5765,,,,,
2.998,PCA,0.707106781186548,,,,,
2.998,K's tau,0.333555703802535,,,,,
2.998,Winsor,0.71714476317545,,,,,
2.998,Quad,0.514296611349973,,,,,
2.998,Ball,0,,,,,
2.998,Shell,1,,,,,
2.998,LR,0.576,,,,,
2.999,PCA,0.707106781186548,,,,,
2.999,K's tau,0.333444481493831,,,,,
2.999,Winsor,0.716905635211737,,,,,
2.999,Quad,0.513953689798345,,,,,
2.999,Ball,0,,,,,
2.999,Shell,1,,,,,
2.999,LR,0.5755,,,,,
3,PCA,0.707106781186548,,,,,
3,K's tau,0.333333333333333,,,,,
3,Winsor,0.716666666666667,,,,,
3,Quad,0.513611111111111,,,,,
3,Ball,0,,,,,
3,Shell,1,,,,,
3,LR,0.575,,,,,
3.001,PCA,0.707106781186548,,,,,
3.001,K's tau,0.333222259246918,,,,,
3.001,Winsor,0.716427857380873,,,,,
3.001,Quad,0.513268874831349,,,,,
3.001,Ball,0,,,,,
3.001,Shell,1,,,,,
3.001,LR,0.5745,,,,,
3.002,PCA,0.707106781186548,,,,,
3.002,K's tau,0.33311125916056,,,,,
3.002,Winsor,0.716189207195203,,,,,
3.002,Quad,0.512926980502894,,,,,
3.002,Ball,0,,,,,
3.002,Shell,1,,,,,
3.002,LR,0.574,,,,,
3.003,PCA,0.707106781186548,,,,,
3.003,K's tau,0.333000333000333,,,,,
3.003,Winsor,0.715950715950716,,,,,
3.003,Quad,0.512585427670343,,,,,
3.003,Ball,0,,,,,
3.003,Shell,1,,,,,
3.003,LR,0.5735,,,,,
3.004,PCA,0.707106781186548,,,,,
3.004,K's tau,0.33288948069241,,,,,
3.004,Winsor,0.715712383488682,,,,,
3.004,Quad,0.51224421587905,,,,,
3.004,Ball,0,,,,,
3.004,Shell,1,,,,,
3.004,LR,0.573,,,,,
3.005,PCA,0.707106781186548,,,,,
3.005,K's tau,0.332778702163062,,,,,
3.005,Winsor,0.715474209650582,,,,,
3.005,Quad,0.511903344675126,,,,,
3.005,Ball,0,,,,,
3.005,Shell,1,,,,,
3.005,LR,0.5725,,,,,
3.006,PCA,0.707106781186548,,,,,
3.006,K's tau,0.332667997338656,,,,,
3.006,Winsor,0.715236194278111,,,,,
3.006,Quad,0.511562813605435,,,,,
3.006,Ball,0,,,,,
3.006,Shell,1,,,,,
3.006,LR,0.572,,,,,
3.007,PCA,0.707106781186548,,,,,
3.007,K's tau,0.33255736614566,,,,,
3.007,Winsor,0.714998337213169,,,,,
3.007,Quad,0.511222622217597,,,,,
3.007,Ball,0,,,,,
3.007,Shell,1,,,,,
3.007,LR,0.5715,,,,,
3.008,PCA,0.707106781186548,,,,,
3.008,K's tau,0.332446808510638,,,,,
3.008,Winsor,0.714760638297872,,,,,
3.008,Quad,0.510882770059982,,,,,
3.008,Ball,0,,,,,
3.008,Shell,1,,,,,
3.008,LR,0.571,,,,,
3.009,PCA,0.707106781186548,,,,,
3.009,K's tau,0.332336324360253,,,,,
3.009,Winsor,0.714523097374543,,,,,
3.009,Quad,0.510543256681711,,,,,
3.009,Ball,0,,,,,
3.009,Shell,1,,,,,
3.009,LR,0.5705,,,,,
3.01,PCA,0.707106781186548,,,,,
3.01,K's tau,0.332225913621262,,,,,
3.01,Winsor,0.714285714285714,,,,,
3.01,Quad,0.510204081632653,,,,,
3.01,Ball,0,,,,,
3.01,Shell,1,,,,,
3.01,LR,0.57,,,,,
3.011,PCA,0.707106781186548,,,,,
3.011,K's tau,0.332115576220525,,,,,
3.011,Winsor,0.714048488874128,,,,,
3.011,Quad,0.509865244463426,,,,,
3.011,Ball,0,,,,,
3.011,Shell,1,,,,,
3.011,LR,0.5695,,,,,
3.012,PCA,0.707106781186548,,,,,
3.012,K's tau,0.332005312084993,,,,,
3.012,Winsor,0.713811420982736,,,,,
3.012,Quad,0.509526744725392,,,,,
3.012,Ball,0,,,,,
3.012,Shell,1,,,,,
3.012,LR,0.569,,,,,
3.013,PCA,0.707106781186548,,,,,
3.013,K's tau,0.331895121141719,,,,,
3.013,Winsor,0.713574510454696,,,,,
3.013,Quad,0.50918858197066,,,,,
3.013,Ball,0,,,,,
3.013,Shell,1,,,,,
3.013,LR,0.5685,,,,,
3.014,PCA,0.707106781186548,,,,,
3.014,K's tau,0.33178500331785,,,,,
3.014,Winsor,0.713337757133378,,,,,
3.014,Quad,0.508850755752078,,,,,
3.014,Ball,0,,,,,
3.014,Shell,1,,,,,
3.014,LR,0.568,,,,,
3.015,PCA,0.707106781186548,,,,,
3.015,K's tau,0.33167495854063,,,,,
3.015,Winsor,0.713101160862355,,,,,
3.015,Quad,0.508513265623238,,,,,
3.015,Ball,0,,,,,
3.015,Shell,1,,,,,
3.015,LR,0.5675,,,,,
3.016,PCA,0.707106781186548,,,,,
3.016,K's tau,0.331564986737401,,,,,
3.016,Winsor,0.712864721485411,,,,,
3.016,Quad,0.508176111138473,,,,,
3.016,Ball,0,,,,,
3.016,Shell,1,,,,,
3.016,LR,0.567,,,,,
3.017,PCA,0.707106781186548,,,,,
3.017,K's tau,0.331455087835598,,,,,
3.017,Winsor,0.712628438846536,,,,,
3.017,Quad,0.507839291852852,,,,,
3.017,Ball,0,,,,,
3.017,Shell,1,,,,,
3.017,LR,0.5665,,,,,
3.018,PCA,0.707106781186548,,,,,
3.018,K's tau,0.331345261762757,,,,,
3.018,Winsor,0.712392312789927,,,,,
3.018,Quad,0.507502807322181,,,,,
3.018,Ball,0,,,,,
3.018,Shell,1,,,,,
3.018,LR,0.566,,,,,
3.019,PCA,0.707106781186548,,,,,
3.019,K's tau,0.331235508446506,,,,,
3.019,Winsor,0.712156343159987,,,,,
3.019,Quad,0.507166657103005,,,,,
3.019,Ball,0,,,,,
3.019,Shell,1,,,,,
3.019,LR,0.5655,,,,,
3.02,PCA,0.707106781186548,,,,,
3.02,K's tau,0.33112582781457,,,,,
3.02,Winsor,0.711920529801325,,,,,
3.02,Quad,0.506830840752599,,,,,
3.02,Ball,0,,,,,
3.02,Shell,1,,,,,
3.02,LR,0.565,,,,,
3.021,PCA,0.707106781186548,,,,,
3.021,K's tau,0.33101621979477,,,,,
3.021,Winsor,0.711684872558755,,,,,
3.021,Quad,0.506495357828972,,,,,
3.021,Ball,0,,,,,
3.021,Shell,1,,,,,
3.021,LR,0.5645,,,,,
3.022,PCA,0.707106781186548,,,,,
3.022,K's tau,0.330906684315023,,,,,
3.022,Winsor,0.7114493712773,,,,,
3.022,Quad,0.506160207890865,,,,,
3.022,Ball,0,,,,,
3.022,Shell,1,,,,,
3.022,LR,0.564,,,,,
3.023,PCA,0.707106781186548,,,,,
3.023,K's tau,0.330797221303341,,,,,
3.023,Winsor,0.711214025802183,,,,,
3.023,Quad,0.505825390497749,,,,,
3.023,Ball,0,,,,,
3.023,Shell,1,,,,,
3.023,LR,0.5635,,,,,
3.024,PCA,0.707106781186548,,,,,
3.024,K's tau,0.330687830687831,,,,,
3.024,Winsor,0.710978835978836,,,,,
3.024,Quad,0.50549090520982,,,,,
3.024,Ball,0,,,,,
3.024,Shell,1,,,,,
3.024,LR,0.563,,,,,
3.025,PCA,0.707106781186548,,,,,
3.025,K's tau,0.330578512396694,,,,,
3.025,Winsor,0.710743801652893,,,,,
3.025,Quad,0.505156751588006,,,,,
3.025,Ball,0,,,,,
3.025,Shell,1,,,,,
3.025,LR,0.5625,,,,,
3.026,PCA,0.707106781186548,,,,,
3.026,K's tau,0.330469266358229,,,,,
3.026,Winsor,0.710508922670192,,,,,
3.026,Quad,0.504822929193956,,,,,
3.026,Ball,0,,,,,
3.026,Shell,1,,,,,
3.026,LR,0.562,,,,,
3.027,PCA,0.707106781186548,,,,,
3.027,K's tau,0.330360092500826,,,,,
3.027,Winsor,0.710274198876776,,,,,
3.027,Quad,0.504489437590046,,,,,
3.027,Ball,0,,,,,
3.027,Shell,1,,,,,
3.027,LR,0.5615,,,,,
3.028,PCA,0.707106781186548,,,,,
3.028,K's tau,0.330250990752972,,,,,
3.028,Winsor,0.71003963011889,,,,,
3.028,Quad,0.504156276339371,,,,,
3.028,Ball,0,,,,,
3.028,Shell,1,,,,,
3.028,LR,0.561,,,,,
3.029,PCA,0.707106781186548,,,,,
3.029,K's tau,0.330141961043249,,,,,
3.029,Winsor,0.709805216242985,,,,,
3.029,Quad,0.50382344500575,,,,,
3.029,Ball,0,,,,,
3.029,Shell,1,,,,,
3.029,LR,0.5605,,,,,
3.03,PCA,0.707106781186548,,,,,
3.03,K's tau,0.33003300330033,,,,,
3.03,Winsor,0.70957095709571,,,,,
3.03,Quad,0.503490943153721,,,,,
3.03,Ball,0,,,,,
3.03,Shell,1,,,,,
3.03,LR,0.56,,,,,
3.031,PCA,0.707106781186548,,,,,
3.031,K's tau,0.329924117452986,,,,,
3.031,Winsor,0.70933685252392,,,,,
3.031,Quad,0.503158770348541,,,,,
3.031,Ball,0,,,,,
3.031,Shell,1,,,,,
3.031,LR,0.5595,,,,,
3.032,PCA,0.707106781186548,,,,,
3.032,K's tau,0.329815303430079,,,,,
3.032,Winsor,0.70910290237467,,,,,
3.032,Quad,0.502826926156181,,,,,
3.032,Ball,0,,,,,
3.032,Shell,1,,,,,
3.032,LR,0.559,,,,,
3.033,PCA,0.707106781186548,,,,,
3.033,K's tau,0.329706561160567,,,,,
3.033,Winsor,0.708869106495219,,,,,
3.033,Quad,0.502495410143331,,,,,
3.033,Ball,0,,,,,
3.033,Shell,1,,,,,
3.033,LR,0.5585,,,,,
3.034,PCA,0.707106781186548,,,,,
3.034,K's tau,0.3295978905735,,,,,
3.034,Winsor,0.708635464733026,,,,,
3.034,Quad,0.502164221877391,,,,,
3.034,Ball,0,,,,,
3.034,Shell,1,,,,,
3.034,LR,0.558,,,,,
3.035,PCA,0.707106781186548,,,,,
3.035,K's tau,0.329489291598023,,,,,
3.035,Winsor,0.70840197693575,,,,,
3.035,Quad,0.501833360926478,,,,,
3.035,Ball,0,,,,,
3.035,Shell,1,,,,,
3.035,LR,0.5575,,,,,
3.036,PCA,0.707106781186548,,,,,
3.036,K's tau,0.329380764163373,,,,,
3.036,Winsor,0.708168642951252,,,,,
3.036,Quad,0.501502826859417,,,,,
3.036,Ball,0,,,,,
3.036,Shell,1,,,,,
3.036,LR,0.557,,,,,
3.037,PCA,0.707106781186548,,,,,
3.037,K's tau,0.32927230819888,,,,,
3.037,Winsor,0.707935462627593,,,,,
3.037,Quad,0.501172619245744,,,,,
3.037,Ball,0,,,,,
3.037,Shell,1,,,,,
3.037,LR,0.5565,,,,,
3.038,PCA,0.707106781186548,,,,,
3.038,K's tau,0.32916392363397,,,,,
3.038,Winsor,0.707702435813035,,,,,
3.038,Quad,0.500842737655703,,,,,
3.038,Ball,0,,,,,
3.038,Shell,1,,,,,
3.038,LR,0.556,,,,,
3.039,PCA,0.707106781186548,,,,,
3.039,K's tau,0.329055610398157,,,,,
3.039,Winsor,0.707469562356038,,,,,
3.039,Quad,0.500513181660244,,,,,
3.039,Ball,0,,,,,
3.039,Shell,1,,,,,
3.039,LR,0.5555,,,,,
3.04,PCA,0.707106781186548,,,,,
3.04,K's tau,0.328947368421053,,,,,
3.04,Winsor,0.707236842105263,,,,,
3.04,Quad,0.500183950831025,,,,,
3.04,Ball,0,,,,,
3.04,Shell,1,,,,,
3.04,LR,0.555,,,,,
3.041,PCA,0.707106781186548,,,,,
3.041,K's tau,0.328839197632358,,,,,
3.041,Winsor,0.707004274909569,,,,,
3.041,Quad,0.499855044740406,,,,,
3.041,Ball,0,,,,,
3.041,Shell,1,,,,,
3.041,LR,0.5545,,,,,
3.042,PCA,0.707106781186548,,,,,
3.042,K's tau,0.328731097961867,,,,,
3.042,Winsor,0.706771860618014,,,,,
3.042,Quad,0.49952646296145,,,,,
3.042,Ball,0,,,,,
3.042,Shell,1,,,,,
3.042,LR,0.554,,,,,
3.043,PCA,0.707106781186548,,,,,
3.043,K's tau,0.328623069339468,,,,,
3.043,Winsor,0.706539599079855,,,,,
3.043,Quad,0.499198205067923,,,,,
3.043,Ball,0,,,,,
3.043,Shell,1,,,,,
3.043,LR,0.5535,,,,,
3.044,PCA,0.707106781186548,,,,,
3.044,K's tau,0.328515111695138,,,,,
3.044,Winsor,0.706307490144547,,,,,
3.044,Quad,0.498870270634289,,,,,
3.044,Ball,0,,,,,
3.044,Shell,1,,,,,
3.044,LR,0.553,,,,,
3.045,PCA,0.707106781186548,,,,,
3.045,K's tau,0.328407224958949,,,,,
3.045,Winsor,0.706075533661741,,,,,
3.045,Quad,0.498542659235712,,,,,
3.045,Ball,0,,,,,
3.045,Shell,1,,,,,
3.045,LR,0.5525,,,,,
3.046,PCA,0.707106781186548,,,,,
3.046,K's tau,0.328299409061064,,,,,
3.046,Winsor,0.705843729481287,,,,,
3.046,Quad,0.498215370448052,,,,,
3.046,Ball,0,,,,,
3.046,Shell,1,,,,,
3.046,LR,0.552,,,,,
3.047,PCA,0.707106781186548,,,,,
3.047,K's tau,0.328191663931736,,,,,
3.047,Winsor,0.705612077453233,,,,,
3.047,Quad,0.497888403847867,,,,,
3.047,Ball,0,,,,,
3.047,Shell,1,,,,,
3.047,LR,0.5515,,,,,
3.048,PCA,0.707106781186548,,,,,
3.048,K's tau,0.328083989501312,,,,,
3.048,Winsor,0.705380577427822,,,,,
3.048,Quad,0.497561759012407,,,,,
3.048,Ball,0,,,,,
3.048,Shell,1,,,,,
3.048,LR,0.551,,,,,
3.049,PCA,0.707106781186548,,,,,
3.049,K's tau,0.32797638570023,,,,,
3.049,Winsor,0.705149229255494,,,,,
3.049,Quad,0.497235435519617,,,,,
3.049,Ball,0,,,,,
3.049,Shell,1,,,,,
3.049,LR,0.5505,,,,,
3.05,PCA,0.707106781186548,,,,,
3.05,K's tau,0.327868852459016,,,,,
3.05,Winsor,0.704918032786885,,,,,
3.05,Quad,0.496909432948132,,,,,
3.05,Ball,0,,,,,
3.05,Shell,1,,,,,
3.05,LR,0.55,,,,,
3.051,PCA,0.707106781186548,,,,,
3.051,K's tau,0.327761389708292,,,,,
3.051,Winsor,0.704686987872829,,,,,
3.051,Quad,0.49658375087728,,,,,
3.051,Ball,0,,,,,
3.051,Shell,1,,,,,
3.051,LR,0.5495,,,,,
3.052,PCA,0.707106781186548,,,,,
3.052,K's tau,0.327653997378768,,,,,
3.052,Winsor,0.704456094364351,,,,,
3.052,Quad,0.496258388887076,,,,,
3.052,Ball,0,,,,,
3.052,Shell,1,,,,,
3.052,LR,0.549,,,,,
3.053,PCA,0.707106781186548,,,,,
3.053,K's tau,0.327546675401245,,,,,
3.053,Winsor,0.704225352112676,,,,,
3.053,Quad,0.495933346558223,,,,,
3.053,Ball,0,,,,,
3.053,Shell,1,,,,,
3.053,LR,0.5485,,,,,
3.054,PCA,0.707106781186548,,,,,
3.054,K's tau,0.327439423706614,,,,,
3.054,Winsor,0.703994760969221,,,,,
3.054,Quad,0.49560862347211,,,,,
3.054,Ball,0,,,,,
3.054,Shell,1,,,,,
3.054,LR,0.548,,,,,
3.055,PCA,0.707106781186548,,,,,
3.055,K's tau,0.327332242225859,,,,,
3.055,Winsor,0.703764320785597,,,,,
3.055,Quad,0.495284219210813,,,,,
3.055,Ball,0,,,,,
3.055,Shell,1,,,,,
3.055,LR,0.5475,,,,,
3.056,PCA,0.707106781186548,,,,,
3.056,K's tau,0.327225130890052,,,,,
3.056,Winsor,0.703534031413613,,,,,
3.056,Quad,0.49496013335709,,,,,
3.056,Ball,0,,,,,
3.056,Shell,1,,,,,
3.056,LR,0.547,,,,,
3.057,PCA,0.707106781186548,,,,,
3.057,K's tau,0.327118089630357,,,,,
3.057,Winsor,0.703303892705267,,,,,
3.057,Quad,0.494636365494381,,,,,
3.057,Ball,0,,,,,
3.057,Shell,1,,,,,
3.057,LR,0.5465,,,,,
3.058,PCA,0.707106781186548,,,,,
3.058,K's tau,0.327011118378025,,,,,
3.058,Winsor,0.703073904512753,,,,,
3.058,Quad,0.494312915206808,,,,,
3.058,Ball,0,,,,,
3.058,Shell,1,,,,,
3.058,LR,0.546,,,,,
3.059,PCA,0.707106781186548,,,,,
3.059,K's tau,0.3269042170644,,,,,
3.059,Winsor,0.70284406668846,,,,,
3.059,Quad,0.493989782079173,,,,,
3.059,Ball,0,,,,,
3.059,Shell,1,,,,,
3.059,LR,0.5455,,,,,
3.06,PCA,0.707106781186548,,,,,
3.06,K's tau,0.326797385620915,,,,,
3.06,Winsor,0.702614379084967,,,,,
3.06,Quad,0.493666965696954,,,,,
3.06,Ball,0,,,,,
3.06,Shell,1,,,,,
3.06,LR,0.545,,,,,
3.061,PCA,0.707106781186548,,,,,
3.061,K's tau,0.326690623979092,,,,,
3.061,Winsor,0.702384841555047,,,,,
3.061,Quad,0.493344465646309,,,,,
3.061,Ball,0,,,,,
3.061,Shell,1,,,,,
3.061,LR,0.5445,,,,,
3.062,PCA,0.707106781186548,,,,,
3.062,K's tau,0.326583932070542,,,,,
3.062,Winsor,0.702155453951666,,,,,
3.062,Quad,0.49302228151407,,,,,
3.062,Ball,0,,,,,
3.062,Shell,1,,,,,
3.062,LR,0.544,,,,,
3.063,PCA,0.707106781186548,,,,,
3.063,K's tau,0.326477309826967,,,,,
3.063,Winsor,0.701926216127979,,,,,
3.063,Quad,0.492700412887743,,,,,
3.063,Ball,0,,,,,
3.063,Shell,1,,,,,
3.063,LR,0.5435,,,,,
3.064,PCA,0.707106781186548,,,,,
3.064,K's tau,0.326370757180157,,,,,
3.064,Winsor,0.701697127937337,,,,,
3.064,Quad,0.492378859355507,,,,,
3.064,Ball,0,,,,,
3.064,Shell,1,,,,,
3.064,LR,0.543,,,,,
3.065,PCA,0.707106781186548,,,,,
3.065,K's tau,0.32626427406199,,,,,
3.065,Winsor,0.701468189233279,,,,,
3.065,Quad,0.492057620506215,,,,,
3.065,Ball,0,,,,,
3.065,Shell,1,,,,,
3.065,LR,0.5425,,,,,
3.066,PCA,0.707106781186548,,,,,
3.066,K's tau,0.326157860404436,,,,,
3.066,Winsor,0.701239399869537,,,,,
3.066,Quad,0.491736695929388,,,,,
3.066,Ball,0,,,,,
3.066,Shell,1,,,,,
3.066,LR,0.542,,,,,
3.067,PCA,0.707106781186548,,,,,
3.067,K's tau,0.32605151613955,,,,,
3.067,Winsor,0.701010759700033,,,,,
3.067,Quad,0.491416085215217,,,,,
3.067,Ball,0,,,,,
3.067,Shell,1,,,,,
3.067,LR,0.5415,,,,,
3.068,PCA,0.707106781186548,,,,,
3.068,K's tau,0.325945241199479,,,,,
3.068,Winsor,0.700782268578879,,,,,
3.068,Quad,0.49109578795456,,,,,
3.068,Ball,0,,,,,
3.068,Shell,1,,,,,
3.068,LR,0.541,,,,,
3.069,PCA,0.707106781186548,,,,,
3.069,K's tau,0.325839035516455,,,,,
3.069,Winsor,0.700553926360378,,,,,
3.069,Quad,0.490775803738942,,,,,
3.069,Ball,0,,,,,
3.069,Shell,1,,,,,
3.069,LR,0.5405,,,,,
3.07,PCA,0.707106781186548,,,,,
3.07,K's tau,0.325732899022801,,,,,
3.07,Winsor,0.700325732899023,,,,,
3.07,Quad,0.490456132160553,,,,,
3.07,Ball,0,,,,,
3.07,Shell,1,,,,,
3.07,LR,0.54,,,,,
3.071,PCA,0.707106781186548,,,,,
3.071,K's tau,0.325626831650928,,,,,
3.071,Winsor,0.700097688049495,,,,,
3.071,Quad,0.490136772812249,,,,,
3.071,Ball,0,,,,,
3.071,Shell,1,,,,,
3.071,LR,0.5395,,,,,
3.072,PCA,0.707106781186548,,,,,
3.072,K's tau,0.325520833333333,,,,,
3.072,Winsor,0.699869791666667,,,,,
3.072,Quad,0.489817725287543,,,,,
3.072,Ball,0,,,,,
3.072,Shell,1,,,,,
3.072,LR,0.539,,,,,
3.073,PCA,0.707106781186548,,,,,
3.073,K's tau,0.325414904002603,,,,,
3.073,Winsor,0.699642043605597,,,,,
3.073,Quad,0.489498989180616,,,,,
3.073,Ball,0,,,,,
3.073,Shell,1,,,,,
3.073,LR,0.5385,,,,,
3.074,PCA,0.707106781186548,,,,,
3.074,K's tau,0.325309043591412,,,,,
3.074,Winsor,0.699414443721536,,,,,
3.074,Quad,0.489180564086305,,,,,
3.074,Ball,0,,,,,
3.074,Shell,1,,,,,
3.074,LR,0.538,,,,,
3.075,PCA,0.707106781186548,,,,,
3.075,K's tau,0.32520325203252,,,,,
3.075,Winsor,0.699186991869919,,,,,
3.075,Quad,0.488862449600106,,,,,
3.075,Ball,0,,,,,
3.075,Shell,1,,,,,
3.075,LR,0.5375,,,,,
3.076,PCA,0.707106781186548,,,,,
3.076,K's tau,0.325097529258778,,,,,
3.076,Winsor,0.698959687906372,,,,,
3.076,Quad,0.488544645318173,,,,,
3.076,Ball,0,,,,,
3.076,Shell,1,,,,,
3.076,LR,0.537,,,,,
3.077,PCA,0.707106781186548,,,,,
3.077,K's tau,0.32499187520312,,,,,
3.077,Winsor,0.698732531686708,,,,,
3.077,Quad,0.488227150837316,,,,,
3.077,Ball,0,,,,,
3.077,Shell,1,,,,,
3.077,LR,0.5365,,,,,
3.078,PCA,0.707106781186548,,,,,
3.078,K's tau,0.324886289798571,,,,,
3.078,Winsor,0.698505523066927,,,,,
3.078,Quad,0.487909965755001,,,,,
3.078,Ball,0,,,,,
3.078,Shell,1,,,,,
3.078,LR,0.536,,,,,
3.079,PCA,0.707106781186548,,,,,
3.079,K's tau,0.32478077297824,,,,,
3.079,Winsor,0.698278661903215,,,,,
3.079,Quad,0.487593089669345,,,,,
3.079,Ball,0,,,,,
3.079,Shell,1,,,,,
3.079,LR,0.5355,,,,,
3.08,PCA,0.707106781186548,,,,,
3.08,K's tau,0.324675324675325,,,,,
3.08,Winsor,0.698051948051948,,,,,
3.08,Quad,0.48727652217912,,,,,
3.08,Ball,0,,,,,
3.08,Shell,1,,,,,
3.08,LR,0.535,,,,,
3.081,PCA,0.707106781186548,,,,,
3.081,K's tau,0.324569944823109,,,,,
3.081,Winsor,0.697825381369685,,,,,
3.081,Quad,0.486960262883747,,,,,
3.081,Ball,0,,,,,
3.081,Shell,1,,,,,
3.081,LR,0.5345,,,,,
3.082,PCA,0.707106781186548,,,,,
3.082,K's tau,0.324464633354964,,,,,
3.082,Winsor,0.697598961713173,,,,,
3.082,Quad,0.486644311383297,,,,,
3.082,Ball,0,,,,,
3.082,Shell,1,,,,,
3.082,LR,0.534,,,,,
3.083,PCA,0.707106781186548,,,,,
3.083,K's tau,0.324359390204346,,,,,
3.083,Winsor,0.697372688939345,,,,,
3.083,Quad,0.486328667278492,,,,,
3.083,Ball,0,,,,,
3.083,Shell,1,,,,,
3.083,LR,0.5335,,,,,
3.084,PCA,0.707106781186548,,,,,
3.084,K's tau,0.324254215304799,,,,,
3.084,Winsor,0.697146562905318,,,,,
3.084,Quad,0.486013330170698,,,,,
3.084,Ball,0,,,,,
3.084,Shell,1,,,,,
3.084,LR,0.533,,,,,
3.085,PCA,0.707106781186548,,,,,
3.085,K's tau,0.324149108589951,,,,,
3.085,Winsor,0.696920583468395,,,,,
3.085,Quad,0.485698299661929,,,,,
3.085,Ball,0,,,,,
3.085,Shell,1,,,,,
3.085,LR,0.5325,,,,,
3.086,PCA,0.707106781186548,,,,,
3.086,K's tau,0.324044069993519,,,,,
3.086,Winsor,0.696694750486066,,,,,
3.086,Quad,0.485383575354842,,,,,
3.086,Ball,0,,,,,
3.086,Shell,1,,,,,
3.086,LR,0.532,,,,,
3.087,PCA,0.707106781186548,,,,,
3.087,K's tau,0.323939099449304,,,,,
3.087,Winsor,0.696469063816003,,,,,
3.087,Quad,0.485069156852739,,,,,
3.087,Ball,0,,,,,
3.087,Shell,1,,,,,
3.087,LR,0.5315,,,,,
3.088,PCA,0.707106781186548,,,,,
3.088,K's tau,0.323834196891192,,,,,
3.088,Winsor,0.696243523316062,,,,,
3.088,Quad,0.484755043759564,,,,,
3.088,Ball,0,,,,,
3.088,Shell,1,,,,,
3.088,LR,0.531,,,,,
3.089,PCA,0.707106781186548,,,,,
3.089,K's tau,0.323729362253156,,,,,
3.089,Winsor,0.696018128844286,,,,,
3.089,Quad,0.484441235679901,,,,,
3.089,Ball,0,,,,,
3.089,Shell,1,,,,,
3.089,LR,0.5305,,,,,
3.09,PCA,0.707106781186548,,,,,
3.09,K's tau,0.323624595469256,,,,,
3.09,Winsor,0.6957928802589,,,,,
3.09,Quad,0.484127732218976,,,,,
3.09,Ball,0,,,,,
3.09,Shell,1,,,,,
3.09,LR,0.53,,,,,
3.091,PCA,0.707106781186548,,,,,
3.091,K's tau,0.323519896473633,,,,,
3.091,Winsor,0.695567777418311,,,,,
3.091,Quad,0.483814532982649,,,,,
3.091,Ball,0,,,,,
3.091,Shell,1,,,,,
3.091,LR,0.5295,,,,,
3.092,PCA,0.707106781186548,,,,,
3.092,K's tau,0.323415265200518,,,,,
3.092,Winsor,0.695342820181113,,,,,
3.092,Quad,0.483501637577423,,,,,
3.092,Ball,0,,,,,
3.092,Shell,1,,,,,
3.092,LR,0.529,,,,,
3.093,PCA,0.707106781186548,,,,,
3.093,K's tau,0.323310701584222,,,,,
3.093,Winsor,0.695118008406078,,,,,
3.093,Quad,0.483189045610433,,,,,
3.093,Ball,0,,,,,
3.093,Shell,1,,,,,
3.093,LR,0.5285,,,,,
3.094,PCA,0.707106781186548,,,,,
3.094,K's tau,0.323206205559147,,,,,
3.094,Winsor,0.694893341952166,,,,,
3.094,Quad,0.482876756689449,,,,,
3.094,Ball,0,,,,,
3.094,Shell,1,,,,,
3.094,LR,0.528,,,,,
3.095,PCA,0.707106781186548,,,,,
3.095,K's tau,0.323101777059774,,,,,
3.095,Winsor,0.694668820678514,,,,,
3.095,Quad,0.482564770422877,,,,,
3.095,Ball,0,,,,,
3.095,Shell,1,,,,,
3.095,LR,0.5275,,,,,
3.096,PCA,0.707106781186548,,,,,
3.096,K's tau,0.322997416020672,,,,,
3.096,Winsor,0.694444444444445,,,,,
3.096,Quad,0.482253086419753,,,,,
3.096,Ball,0,,,,,
3.096,Shell,1,,,,,
3.096,LR,0.527,,,,,
3.097,PCA,0.707106781186548,,,,,
3.097,K's tau,0.322893122376493,,,,,
3.097,Winsor,0.694220213109461,,,,,
3.097,Quad,0.481941704289745,,,,,
3.097,Ball,0,,,,,
3.097,Shell,1,,,,,
3.097,LR,0.5265,,,,,
3.098,PCA,0.707106781186548,,,,,
3.098,K's tau,0.322788896061975,,,,,
3.098,Winsor,0.693996126533247,,,,,
3.098,Quad,0.481630623643151,,,,,
3.098,Ball,0,,,,,
3.098,Shell,1,,,,,
3.098,LR,0.526,,,,,
3.099,PCA,0.707106781186548,,,,,
3.099,K's tau,0.322684737011939,,,,,
3.099,Winsor,0.69377218457567,,,,,
3.099,Quad,0.481319844090897,,,,,
3.099,Ball,0,,,,,
3.099,Shell,1,,,,,
3.099,LR,0.5255,,,,,
3.1,PCA,0.707106781186548,,,,,
3.1,K's tau,0.32258064516129,,,,,
3.1,Winsor,0.693548387096774,,,,,
3.1,Quad,0.481009365244537,,,,,
3.1,Ball,0,,,,,
3.1,Shell,1,,,,,
3.1,LR,0.525,,,,,
3.101,PCA,0.707106781186548,,,,,
3.101,K's tau,0.322476620445018,,,,,
3.101,Winsor,0.693324733956788,,,,,
3.101,Quad,0.480699186716251,,,,,
3.101,Ball,0,,,,,
3.101,Shell,1,,,,,
3.101,LR,0.5245,,,,,
3.102,PCA,0.707106781186548,,,,,
3.102,K's tau,0.322372662798195,,,,,
3.102,Winsor,0.693101225016119,,,,,
3.102,Quad,0.480389308118844,,,,,
3.102,Ball,0,,,,,
3.102,Shell,1,,,,,
3.102,LR,0.524,,,,,
3.103,PCA,0.707106781186548,,,,,
3.103,K's tau,0.322268772155978,,,,,
3.103,Winsor,0.692877860135353,,,,,
3.103,Quad,0.480079729065746,,,,,
3.103,Ball,0,,,,,
3.103,Shell,1,,,,,
3.103,LR,0.5235,,,,,
3.104,PCA,0.707106781186548,,,,,
3.104,K's tau,0.322164948453608,,,,,
3.104,Winsor,0.692654639175258,,,,,
3.104,Quad,0.479770449171007,,,,,
3.104,Ball,0,,,,,
3.104,Shell,1,,,,,
3.104,LR,0.523,,,,,
3.105,PCA,0.707106781186548,,,,,
3.105,K's tau,0.322061191626409,,,,,
3.105,Winsor,0.692431561996779,,,,,
3.105,Quad,0.4794614680493,,,,,
3.105,Ball,0,,,,,
3.105,Shell,1,,,,,
3.105,LR,0.5225,,,,,
3.106,PCA,0.707106781186548,,,,,
3.106,K's tau,0.321957501609788,,,,,
3.106,Winsor,0.692208628461043,,,,,
3.106,Quad,0.479152785315919,,,,,
3.106,Ball,0,,,,,
3.106,Shell,1,,,,,
3.106,LR,0.522,,,,,
3.107,PCA,0.707106781186548,,,,,
3.107,K's tau,0.321853878339234,,,,,
3.107,Winsor,0.691985838429353,,,,,
3.107,Quad,0.478844400586775,,,,,
3.107,Ball,0,,,,,
3.107,Shell,1,,,,,
3.107,LR,0.5215,,,,,
3.108,PCA,0.707106781186548,,,,,
3.108,K's tau,0.321750321750322,,,,,
3.108,Winsor,0.691763191763192,,,,,
3.108,Quad,0.478536313478399,,,,,
3.108,Ball,0,,,,,
3.108,Shell,1,,,,,
3.108,LR,0.521,,,,,
3.109,PCA,0.707106781186548,,,,,
3.109,K's tau,0.321646831778707,,,,,
3.109,Winsor,0.69154068832422,,,,,
3.109,Quad,0.478228523607936,,,,,
3.109,Ball,0,,,,,
3.109,Shell,1,,,,,
3.109,LR,0.5205,,,,,
3.11,PCA,0.707106781186548,,,,,
3.11,K's tau,0.321543408360129,,,,,
3.11,Winsor,0.691318327974277,,,,,
3.11,Quad,0.477921030593149,,,,,
3.11,Ball,0,,,,,
3.11,Shell,1,,,,,
3.11,LR,0.52,,,,,
3.111,PCA,0.707106781186548,,,,,
3.111,K's tau,0.321440051430408,,,,,
3.111,Winsor,0.691096110575378,,,,,
3.111,Quad,0.477613834052415,,,,,
3.111,Ball,0,,,,,
3.111,Shell,1,,,,,
3.111,LR,0.5195,,,,,
3.112,PCA,0.707106781186548,,,,,
3.112,K's tau,0.32133676092545,,,,,
3.112,Winsor,0.690874035989717,,,,,
3.112,Quad,0.477306933604721,,,,,
3.112,Ball,0,,,,,
3.112,Shell,1,,,,,
3.112,LR,0.519,,,,,
3.113,PCA,0.707106781186548,,,,,
3.113,K's tau,0.32123353678124,,,,,
3.113,Winsor,0.690652104079666,,,,,
3.113,Quad,0.47700032886967,,,,,
3.113,Ball,0,,,,,
3.113,Shell,1,,,,,
3.113,LR,0.5185,,,,,
3.114,PCA,0.707106781186548,,,,,
3.114,K's tau,0.321130378933847,,,,,
3.114,Winsor,0.690430314707771,,,,,
3.114,Quad,0.476694019467472,,,,,
3.114,Ball,0,,,,,
3.114,Shell,1,,,,,
3.114,LR,0.518,,,,,
3.115,PCA,0.707106781186548,,,,,
3.115,K's tau,0.321027287319422,,,,,
3.115,Winsor,0.690208667736758,,,,,
3.115,Quad,0.47638800501895,,,,,
3.115,Ball,0,,,,,
3.115,Shell,1,,,,,
3.115,LR,0.5175,,,,,
3.116,PCA,0.707106781186548,,,,,
3.116,K's tau,0.320924261874198,,,,,
3.116,Winsor,0.689987163029525,,,,,
3.116,Quad,0.476082285145532,,,,,
3.116,Ball,0,,,,,
3.116,Shell,1,,,,,
3.116,LR,0.517,,,,,
3.117,PCA,0.707106781186548,,,,,
3.117,K's tau,0.320821302534488,,,,,
3.117,Winsor,0.68976580044915,,,,,
3.117,Quad,0.475776859469256,,,,,
3.117,Ball,0,,,,,
3.117,Shell,1,,,,,
3.117,LR,0.5165,,,,,
3.118,PCA,0.707106781186548,,,,,
3.118,K's tau,0.32071840923669,,,,,
3.118,Winsor,0.689544579858884,,,,,
3.118,Quad,0.475471727612765,,,,,
3.118,Ball,0,,,,,
3.118,Shell,1,,,,,
3.118,LR,0.516,,,,,
3.119,PCA,0.707106781186548,,,,,
3.119,K's tau,0.320615581917281,,,,,
3.119,Winsor,0.689323501122155,,,,,
3.119,Quad,0.475166889199305,,,,,
3.119,Ball,0,,,,,
3.119,Shell,1,,,,,
3.119,LR,0.5155,,,,,
3.12,PCA,0.707106781186548,,,,,
3.12,K's tau,0.320512820512821,,,,,
3.12,Winsor,0.689102564102564,,,,,
3.12,Quad,0.474862343852729,,,,,
3.12,Ball,0,,,,,
3.12,Shell,1,,,,,
3.12,LR,0.515,,,,,
3.121,PCA,0.707106781186548,,,,,
3.121,K's tau,0.320410124959949,,,,,
3.121,Winsor,0.68888176866389,,,,,
3.121,Quad,0.474558091197489,,,,,
3.121,Ball,0,,,,,
3.121,Shell,1,,,,,
3.121,LR,0.5145,,,,,
3.122,PCA,0.707106781186548,,,,,
3.122,K's tau,0.320307495195388,,,,,
3.122,Winsor,0.688661114670083,,,,,
3.122,Quad,0.474254130858642,,,,,
3.122,Ball,0,,,,,
3.122,Shell,1,,,,,
3.122,LR,0.514,,,,,
3.123,PCA,0.707106781186548,,,,,
3.123,K's tau,0.32020493115594,,,,,
3.123,Winsor,0.688440601985271,,,,,
3.123,Quad,0.473950462461842,,,,,
3.123,Ball,0,,,,,
3.123,Shell,1,,,,,
3.123,LR,0.5135,,,,,
3.124,PCA,0.707106781186548,,,,,
3.124,K's tau,0.320102432778489,,,,,
3.124,Winsor,0.688220230473752,,,,,
3.124,Quad,0.473647085633344,,,,,
3.124,Ball,0,,,,,
3.124,Shell,1,,,,,
3.124,LR,0.513,,,,,
3.125,PCA,0.707106781186548,,,,,
3.125,K's tau,0.32,,,,,
3.125,Winsor,0.688,,,,,
3.125,Quad,0.473344,,,,,
3.125,Ball,0,,,,,
3.125,Shell,1,,,,,
3.125,LR,0.5125,,,,,
3.126,PCA,0.707106781186548,,,,,
3.126,K's tau,0.319897632757518,,,,,
3.126,Winsor,0.687779910428663,,,,,
3.126,Quad,0.47304120518926,,,,,
3.126,Ball,0,,,,,
3.126,Shell,1,,,,,
3.126,LR,0.512,,,,,
3.127,PCA,0.707106781186548,,,,,
3.127,K's tau,0.319795330988168,,,,,
3.127,Winsor,0.68755996162456,,,,,
3.127,Quad,0.472738700829167,,,,,
3.127,Ball,0,,,,,
3.127,Shell,1,,,,,
3.127,LR,0.5115,,,,,
3.128,PCA,0.707106781186548,,,,,
3.128,K's tau,0.319693094629156,,,,,
3.128,Winsor,0.687340153452686,,,,,
3.128,Quad,0.472436486548361,,,,,
3.128,Ball,0,,,,,
3.128,Shell,1,,,,,
3.128,LR,0.511,,,,,
3.129,PCA,0.707106781186548,,,,,
3.129,K's tau,0.319590923617769,,,,,
3.129,Winsor,0.687120485778204,,,,,
3.129,Quad,0.472134561976075,,,,,
3.129,Ball,0,,,,,
3.129,Shell,1,,,,,
3.129,LR,0.5105,,,,,
3.13,PCA,0.707106781186548,,,,,
3.13,K's tau,0.319488817891374,,,,,
3.13,Winsor,0.686900958466454,,,,,
3.13,Quad,0.471832926742133,,,,,
3.13,Ball,0,,,,,
3.13,Shell,1,,,,,
3.13,LR,0.51,,,,,
3.131,PCA,0.707106781186548,,,,,
3.131,K's tau,0.319386777387416,,,,,
3.131,Winsor,0.686681571382945,,,,,
3.131,Quad,0.47153158047695,,,,,
3.131,Ball,0,,,,,
3.131,Shell,1,,,,,
3.131,LR,0.5095,,,,,
3.132,PCA,0.707106781186548,,,,,
3.132,K's tau,0.319284802043423,,,,,
3.132,Winsor,0.686462324393359,,,,,
3.132,Quad,0.471230522811533,,,,,
3.132,Ball,0,,,,,
3.132,Shell,1,,,,,
3.132,LR,0.509,,,,,
3.133,PCA,0.707106781186548,,,,,
3.133,K's tau,0.319182891797,,,,,
3.133,Winsor,0.686243217363549,,,,,
3.133,Quad,0.470929753377476,,,,,
3.133,Ball,0,,,,,
3.133,Shell,1,,,,,
3.133,LR,0.5085,,,,,
3.134,PCA,0.707106781186548,,,,,
3.134,K's tau,0.319081046585833,,,,,
3.134,Winsor,0.686024250159541,,,,,
3.134,Quad,0.47062927180696,,,,,
3.134,Ball,0,,,,,
3.134,Shell,1,,,,,
3.134,LR,0.508,,,,,
3.135,PCA,0.707106781186548,,,,,
3.135,K's tau,0.318979266347687,,,,,
3.135,Winsor,0.685805422647528,,,,,
3.135,Quad,0.470329077732755,,,,,
3.135,Ball,0,,,,,
3.135,Shell,1,,,,,
3.135,LR,0.5075,,,,,
3.136,PCA,0.707106781186548,,,,,
3.136,K's tau,0.318877551020408,,,,,
3.136,Winsor,0.685586734693878,,,,,
3.136,Quad,0.470029170788213,,,,,
3.136,Ball,0,,,,,
3.136,Shell,1,,,,,
3.136,LR,0.507,,,,,
3.137,PCA,0.707106781186548,,,,,
3.137,K's tau,0.318775900541919,,,,,
3.137,Winsor,0.685368186165126,,,,,
3.137,Quad,0.469729550607275,,,,,
3.137,Ball,0,,,,,
3.137,Shell,1,,,,,
3.137,LR,0.5065,,,,,
3.138,PCA,0.707106781186548,,,,,
3.138,K's tau,0.318674314850223,,,,,
3.138,Winsor,0.68514977692798,,,,,
3.138,Quad,0.46943021682446,,,,,
3.138,Ball,0,,,,,
3.138,Shell,1,,,,,
3.138,LR,0.506,,,,,
3.139,PCA,0.707106781186548,,,,,
3.139,K's tau,0.318572793883402,,,,,
3.139,Winsor,0.684931506849315,,,,,
3.139,Quad,0.469131169074873,,,,,
3.139,Ball,0,,,,,
3.139,Shell,1,,,,,
3.139,LR,0.5055,,,,,
3.14,PCA,0.707106781186548,,,,,
3.14,K's tau,0.318471337579618,,,,,
3.14,Winsor,0.684713375796178,,,,,
3.14,Quad,0.468832406994199,,,,,
3.14,Ball,0,,,,,
3.14,Shell,1,,,,,
3.14,LR,0.505,,,,,
3.141,PCA,0.707106781186548,,,,,
3.141,K's tau,0.318369945877109,,,,,
3.141,Winsor,0.684495383635785,,,,,
3.141,Quad,0.4685339302187,,,,,
3.141,Ball,0,,,,,
3.141,Shell,1,,,,,
3.141,LR,0.5045,,,,,
3.142,PCA,0.707106781186548,,,,,
3.142,K's tau,0.318268618714195,,,,,
3.142,Winsor,0.684277530235519,,,,,
3.142,Quad,0.468235738385221,,,,,
3.142,Ball,0,,,,,
3.142,Shell,1,,,,,
3.142,LR,0.504,,,,,
3.143,PCA,0.707106781186548,,,,,
3.143,K's tau,0.318167356029271,,,,,
3.143,Winsor,0.684059815462934,,,,,
3.143,Quad,0.467937831131183,,,,,
3.143,Ball,0,,,,,
3.143,Shell,1,,,,,
3.143,LR,0.5035,,,,,
3.144,PCA,0.707106781186548,,,,,
3.144,K's tau,0.318066157760814,,,,,
3.144,Winsor,0.683842239185751,,,,,
3.144,Quad,0.467640208094581,,,,,
3.144,Ball,0,,,,,
3.144,Shell,1,,,,,
3.144,LR,0.503,,,,,
3.145,PCA,0.707106781186548,,,,,
3.145,K's tau,0.317965023847377,,,,,
3.145,Winsor,0.68362480127186,,,,,
3.145,Quad,0.46734286891399,,,,,
3.145,Ball,0,,,,,
3.145,Shell,1,,,,,
3.145,LR,0.5025,,,,,
3.146,PCA,0.707106781186548,,,,,
3.146,K's tau,0.317863954227591,,,,,
3.146,Winsor,0.68340750158932,,,,,
3.146,Quad,0.467045813228556,,,,,
3.146,Ball,0,,,,,
3.146,Shell,1,,,,,
3.146,LR,0.502,,,,,
3.147,PCA,0.707106781186548,,,,,
3.147,K's tau,0.317762948840165,,,,,
3.147,Winsor,0.683190340006355,,,,,
3.147,Quad,0.466749040677999,,,,,
3.147,Ball,0,,,,,
3.147,Shell,1,,,,,
3.147,LR,0.5015,,,,,
3.148,PCA,0.707106781186548,,,,,
3.148,K's tau,0.317662007623888,,,,,
3.148,Winsor,0.68297331639136,,,,,
3.148,Quad,0.466452550902612,,,,,
3.148,Ball,0,,,,,
3.148,Shell,1,,,,,
3.148,LR,0.501,,,,,
3.149,PCA,0.707106781186548,,,,,
3.149,K's tau,0.317561130517625,,,,,
3.149,Winsor,0.682756430612893,,,,,
3.149,Quad,0.466156343543258,,,,,
3.149,Ball,0,,,,,
3.149,Shell,1,,,,,
3.149,LR,0.5005,,,,,
3.15,PCA,0.707106781186548,,,,,
3.15,K's tau,0.317460317460317,,,,,
3.15,Winsor,0.682539682539683,,,,,
3.15,Quad,0.465860418241371,,,,,
3.15,Ball,0,,,,,
3.15,Shell,1,,,,,
3.15,LR,0.5,,,,,
3.151,PCA,0.707106781186548,,,,,
3.151,K's tau,0.317359568390987,,,,,
3.151,Winsor,0.682323072040622,,,,,
3.151,Quad,0.465564774638952,,,,,
3.151,Ball,0,,,,,
3.151,Shell,1,,,,,
3.151,LR,0.4995,,,,,
3.152,PCA,0.707106781186548,,,,,
3.152,K's tau,0.317258883248731,,,,,
3.152,Winsor,0.682106598984772,,,,,
3.152,Quad,0.465269412378572,,,,,
3.152,Ball,0,,,,,
3.152,Shell,1,,,,,
3.152,LR,0.499,,,,,
3.153,PCA,0.707106781186548,,,,,
3.153,K's tau,0.317158261972724,,,,,
3.153,Winsor,0.681890263241357,,,,,
3.153,Quad,0.464974331103368,,,,,
3.153,Ball,0,,,,,
3.153,Shell,1,,,,,
3.153,LR,0.4985,,,,,
3.154,PCA,0.707106781186548,,,,,
3.154,K's tau,0.317057704502219,,,,,
3.154,Winsor,0.681674064679772,,,,,
3.154,Quad,0.464679530457042,,,,,
3.154,Ball,0,,,,,
3.154,Shell,1,,,,,
3.154,LR,0.498,,,,,
3.155,PCA,0.707106781186548,,,,,
3.155,K's tau,0.316957210776545,,,,,
3.155,Winsor,0.681458003169572,,,,,
3.155,Quad,0.464385010083861,,,,,
3.155,Ball,0,,,,,
3.155,Shell,1,,,,,
3.155,LR,0.4975,,,,,
3.156,PCA,0.707106781186548,,,,,
3.156,K's tau,0.316856780735108,,,,,
3.156,Winsor,0.681242078580482,,,,,
3.156,Quad,0.464090769628655,,,,,
3.156,Ball,0,,,,,
3.156,Shell,1,,,,,
3.156,LR,0.497,,,,,
3.157,PCA,0.707106781186548,,,,,
3.157,K's tau,0.31675641431739,,,,,
3.157,Winsor,0.681026290782388,,,,,
3.157,Quad,0.463796808736818,,,,,
3.157,Ball,0,,,,,
3.157,Shell,1,,,,,
3.157,LR,0.4965,,,,,
3.158,PCA,0.707106781186548,,,,,
3.158,K's tau,0.316656111462951,,,,,
3.158,Winsor,0.680810639645345,,,,,
3.158,Quad,0.463503127054304,,,,,
3.158,Ball,0,,,,,
3.158,Shell,1,,,,,
3.158,LR,0.496,,,,,
3.159,PCA,0.707106781186548,,,,,
3.159,K's tau,0.316555872111428,,,,,
3.159,Winsor,0.68059512503957,,,,,
3.159,Quad,0.463209724227627,,,,,
3.159,Ball,0,,,,,
3.159,Shell,1,,,,,
3.159,LR,0.4955,,,,,
3.16,PCA,0.707106781186548,,,,,
3.16,K's tau,0.316455696202532,,,,,
3.16,Winsor,0.680379746835443,,,,,
3.16,Quad,0.462916599903862,,,,,
3.16,Ball,0,,,,,
3.16,Shell,1,,,,,
3.16,LR,0.495,,,,,
3.161,PCA,0.707106781186548,,,,,
3.161,K's tau,0.316355583676052,,,,,
3.161,Winsor,0.680164504903512,,,,,
3.161,Quad,0.462623753730639,,,,,
3.161,Ball,0,,,,,
3.161,Shell,1,,,,,
3.161,LR,0.4945,,,,,
3.162,PCA,0.707106781186548,,,,,
3.162,K's tau,0.316255534471853,,,,,
3.162,Winsor,0.679949399114484,,,,,
3.162,Quad,0.462331185356149,,,,,
3.162,Ball,0,,,,,
3.162,Shell,1,,,,,
3.162,LR,0.494,,,,,
3.163,PCA,0.707106781186548,,,,,
3.163,K's tau,0.316155548529877,,,,,
3.163,Winsor,0.679734429339235,,,,,
3.163,Quad,0.462038894429135,,,,,
3.163,Ball,0,,,,,
3.163,Shell,1,,,,,
3.163,LR,0.4935,,,,,
3.164,PCA,0.707106781186548,,,,,
3.164,K's tau,0.316055625790139,,,,,
3.164,Winsor,0.679519595448799,,,,,
3.164,Quad,0.461746880598899,,,,,
3.164,Ball,0,,,,,
3.164,Shell,1,,,,,
3.164,LR,0.493,,,,,
3.165,PCA,0.707106781186548,,,,,
3.165,K's tau,0.315955766192733,,,,,
3.165,Winsor,0.679304897314376,,,,,
3.165,Quad,0.461455143515295,,,,,
3.165,Ball,0,,,,,
3.165,Shell,1,,,,,
3.165,LR,0.4925,,,,,
3.166,PCA,0.707106781186548,,,,,
3.166,K's tau,0.315855969677827,,,,,
3.166,Winsor,0.679090334807328,,,,,
3.166,Quad,0.461163682828729,,,,,
3.166,Ball,0,,,,,
3.166,Shell,1,,,,,
3.166,LR,0.492,,,,,
3.167,PCA,0.707106781186548,,,,,
3.167,K's tau,0.315756236185665,,,,,
3.167,Winsor,0.678875907799179,,,,,
3.167,Quad,0.460872498190159,,,,,
3.167,Ball,0,,,,,
3.167,Shell,1,,,,,
3.167,LR,0.4915,,,,,
3.168,PCA,0.707106781186548,,,,,
3.168,K's tau,0.315656565656566,,,,,
3.168,Winsor,0.678661616161616,,,,,
3.168,Quad,0.460581589251097,,,,,
3.168,Ball,0,,,,,
3.168,Shell,1,,,,,
3.168,LR,0.491,,,,,
3.169,PCA,0.707106781186548,,,,,
3.169,K's tau,0.315556958030925,,,,,
3.169,Winsor,0.678447459766488,,,,,
3.169,Quad,0.4602909556636,,,,,
3.169,Ball,0,,,,,
3.169,Shell,1,,,,,
3.169,LR,0.4905,,,,,
3.17,PCA,0.707106781186548,,,,,
3.17,K's tau,0.315457413249211,,,,,
3.17,Winsor,0.678233438485805,,,,,
3.17,Quad,0.460000597080278,,,,,
3.17,Ball,0,,,,,
3.17,Shell,1,,,,,
3.17,LR,0.49,,,,,
3.171,PCA,0.707106781186548,,,,,
3.171,K's tau,0.315357931251971,,,,,
3.171,Winsor,0.678019552191738,,,,,
3.171,Quad,0.459710513154285,,,,,
3.171,Ball,0,,,,,
3.171,Shell,1,,,,,
3.171,LR,0.4895,,,,,
3.172,PCA,0.707106781186548,,,,,
3.172,K's tau,0.315258511979823,,,,,
3.172,Winsor,0.67780580075662,,,,,
3.172,Quad,0.459420703539324,,,,,
3.172,Ball,0,,,,,
3.172,Shell,1,,,,,
3.172,LR,0.489,,,,,
3.173,PCA,0.707106781186548,,,,,
3.173,K's tau,0.315159155373464,,,,,
3.173,Winsor,0.677592184052947,,,,,
3.173,Quad,0.459131167889643,,,,,
3.173,Ball,0,,,,,
3.173,Shell,1,,,,,
3.173,LR,0.4885,,,,,
3.174,PCA,0.707106781186548,,,,,
3.174,K's tau,0.315059861373661,,,,,
3.174,Winsor,0.677378701953371,,,,,
3.174,Quad,0.458841905860034,,,,,
3.174,Ball,0,,,,,
3.174,Shell,1,,,,,
3.174,LR,0.488,,,,,
3.175,PCA,0.707106781186548,,,,,
3.175,K's tau,0.31496062992126,,,,,
3.175,Winsor,0.677165354330709,,,,,
3.175,Quad,0.458552917105834,,,,,
3.175,Ball,0,,,,,
3.175,Shell,1,,,,,
3.175,LR,0.4875,,,,,
3.176,PCA,0.707106781186548,,,,,
3.176,K's tau,0.314861460957179,,,,,
3.176,Winsor,0.676952141057935,,,,,
3.176,Quad,0.458264201282922,,,,,
3.176,Ball,0,,,,,
3.176,Shell,1,,,,,
3.176,LR,0.487,,,,,
3.177,PCA,0.707106781186548,,,,,
3.177,K's tau,0.314762354422411,,,,,
3.177,Winsor,0.676739062008184,,,,,
3.177,Quad,0.457975758047716,,,,,
3.177,Ball,0,,,,,
3.177,Shell,1,,,,,
3.177,LR,0.4865,,,,,
3.178,PCA,0.707106781186548,,,,,
3.178,K's tau,0.314663310258024,,,,,
3.178,Winsor,0.676526117054752,,,,,
3.178,Quad,0.457687587057179,,,,,
3.178,Ball,0,,,,,
3.178,Shell,1,,,,,
3.178,LR,0.486,,,,,
3.179,PCA,0.707106781186548,,,,,
3.179,K's tau,0.314564328405159,,,,,
3.179,Winsor,0.676313306071092,,,,,
3.179,Quad,0.45739968796881,,,,,
3.179,Ball,0,,,,,
3.179,Shell,1,,,,,
3.179,LR,0.4855,,,,,
3.18,PCA,0.707106781186548,,,,,
3.18,K's tau,0.314465408805031,,,,,
3.18,Winsor,0.676100628930818,,,,,
3.18,Quad,0.457112060440647,,,,,
3.18,Ball,0,,,,,
3.18,Shell,1,,,,,
3.18,LR,0.485,,,,,
3.181,PCA,0.707106781186548,,,,,
3.181,K's tau,0.314366551398931,,,,,
3.181,Winsor,0.675888085507702,,,,,
3.181,Quad,0.456824704131267,,,,,
3.181,Ball,0,,,,,
3.181,Shell,1,,,,,
3.181,LR,0.4845,,,,,
3.182,PCA,0.707106781186548,,,,,
3.182,K's tau,0.314267756128221,,,,,
3.182,Winsor,0.675675675675676,,,,,
3.182,Quad,0.456537618699781,,,,,
3.182,Ball,0,,,,,
3.182,Shell,1,,,,,
3.182,LR,0.484,,,,,
3.183,PCA,0.707106781186548,,,,,
3.183,K's tau,0.314169022934339,,,,,
3.183,Winsor,0.675463399308828,,,,,
3.183,Quad,0.456250803805837,,,,,
3.183,Ball,0,,,,,
3.183,Shell,1,,,,,
3.183,LR,0.4835,,,,,
3.184,PCA,0.707106781186548,,,,,
3.184,K's tau,0.314070351758794,,,,,
3.184,Winsor,0.675251256281407,,,,,
3.184,Quad,0.455964259109619,,,,,
3.184,Ball,0,,,,,
3.184,Shell,1,,,,,
3.184,LR,0.483,,,,,
3.185,PCA,0.707106781186548,,,,,
3.185,K's tau,0.313971742543171,,,,,
3.185,Winsor,0.675039246467818,,,,,
3.185,Quad,0.455677984271839,,,,,
3.185,Ball,0,,,,,
3.185,Shell,1,,,,,
3.185,LR,0.4825,,,,,
3.186,PCA,0.707106781186548,,,,,
3.186,K's tau,0.313873195229127,,,,,
3.186,Winsor,0.674827369742624,,,,,
3.186,Quad,0.455391978953748,,,,,
3.186,Ball,0,,,,,
3.186,Shell,1,,,,,
3.186,LR,0.482,,,,,
3.187,PCA,0.707106781186548,,,,,
3.187,K's tau,0.313774709758394,,,,,
3.187,Winsor,0.674615625980546,,,,,
3.187,Quad,0.455106242817124,,,,,
3.187,Ball,0,,,,,
3.187,Shell,1,,,,,
3.187,LR,0.4815,,,,,
3.188,PCA,0.707106781186548,,,,,
3.188,K's tau,0.313676286072773,,,,,
3.188,Winsor,0.674404015056462,,,,,
3.188,Quad,0.454820775524276,,,,,
3.188,Ball,0,,,,,
3.188,Shell,1,,,,,
3.188,LR,0.481,,,,,
3.189,PCA,0.707106781186548,,,,,
3.189,K's tau,0.313577924114142,,,,,
3.189,Winsor,0.674192536845406,,,,,
3.189,Quad,0.454535576738044,,,,,
3.189,Ball,0,,,,,
3.189,Shell,1,,,,,
3.189,LR,0.4805,,,,,
3.19,PCA,0.707106781186548,,,,,
3.19,K's tau,0.313479623824451,,,,,
3.19,Winsor,0.673981191222571,,,,,
3.19,Quad,0.454250646121795,,,,,
3.19,Ball,0,,,,,
3.19,Shell,1,,,,,
3.19,LR,0.48,,,,,
3.191,PCA,0.707106781186548,,,,,
3.191,K's tau,0.313381385145722,,,,,
3.191,Winsor,0.673769978063303,,,,,
3.191,Quad,0.453965983339424,,,,,
3.191,Ball,0,,,,,
3.191,Shell,1,,,,,
3.191,LR,0.4795,,,,,
3.192,PCA,0.707106781186548,,,,,
3.192,K's tau,0.31328320802005,,,,,
3.192,Winsor,0.673558897243108,,,,,
3.192,Quad,0.453681588055351,,,,,
3.192,Ball,0,,,,,
3.192,Shell,1,,,,,
3.192,LR,0.479,,,,,
3.193,PCA,0.707106781186548,,,,,
3.193,K's tau,0.313185092389602,,,,,
3.193,Winsor,0.673347948637645,,,,,
3.193,Quad,0.453397459934524,,,,,
3.193,Ball,0,,,,,
3.193,Shell,1,,,,,
3.193,LR,0.4785,,,,,
3.194,PCA,0.707106781186548,,,,,
3.194,K's tau,0.313087038196619,,,,,
3.194,Winsor,0.67313713212273,,,,,
3.194,Quad,0.453113598642414,,,,,
3.194,Ball,0,,,,,
3.194,Shell,1,,,,,
3.194,LR,0.478,,,,,
3.195,PCA,0.707106781186548,,,,,
3.195,K's tau,0.312989045383412,,,,,
3.195,Winsor,0.672926447574335,,,,,
3.195,Quad,0.452830003845014,,,,,
3.195,Ball,0,,,,,
3.195,Shell,1,,,,,
3.195,LR,0.4775,,,,,
3.196,PCA,0.707106781186548,,,,,
3.196,K's tau,0.312891113892365,,,,,
3.196,Winsor,0.672715894868586,,,,,
3.196,Quad,0.452546675208842,,,,,
3.196,Ball,0,,,,,
3.196,Shell,1,,,,,
3.196,LR,0.477,,,,,
3.197,PCA,0.707106781186548,,,,,
3.197,K's tau,0.312793243665937,,,,,
3.197,Winsor,0.672505473881764,,,,,
3.197,Quad,0.452263612400936,,,,,
3.197,Ball,0,,,,,
3.197,Shell,1,,,,,
3.197,LR,0.4765,,,,,
3.198,PCA,0.707106781186548,,,,,
3.198,K's tau,0.312695434646654,,,,,
3.198,Winsor,0.672295184490307,,,,,
3.198,Quad,0.451980815088855,,,,,
3.198,Ball,0,,,,,
3.198,Shell,1,,,,,
3.198,LR,0.476,,,,,
3.199,PCA,0.707106781186548,,,,,
3.199,K's tau,0.312597686777118,,,,,
3.199,Winsor,0.672085026570803,,,,,
3.199,Quad,0.451698282940678,,,,,
3.199,Ball,0,,,,,
3.199,Shell,1,,,,,
3.199,LR,0.4755,,,,,
3.2,PCA,0.707106781186548,,,,,
3.2,K's tau,0.3125,,,,,
3.2,Winsor,0.671875,,,,,
3.2,Quad,0.451416015625,,,,,
3.2,Ball,0,,,,,
3.2,Shell,1,,,,,
3.2,LR,0.475,,,,,
3.201,PCA,0.707106781186548,,,,,
3.201,K's tau,0.312402374258044,,,,,
3.201,Winsor,0.671665104654795,,,,,
3.201,Quad,0.451134012810937,,,,,
3.201,Ball,0,,,,,
3.201,Shell,1,,,,,
3.201,LR,0.4745,,,,,
3.202,PCA,0.707106781186548,,,,,
3.202,K's tau,0.312304809494066,,,,,
3.202,Winsor,0.671455340412242,,,,,
3.202,Quad,0.45085227416812,,,,,
3.202,Ball,0,,,,,
3.202,Shell,1,,,,,
3.202,LR,0.474,,,,,
3.203,PCA,0.707106781186548,,,,,
3.203,K's tau,0.312207305650952,,,,,
3.203,Winsor,0.671245707149547,,,,,
3.203,Quad,0.450570799366696,,,,,
3.203,Ball,0,,,,,
3.203,Shell,1,,,,,
3.203,LR,0.4735,,,,,
3.204,PCA,0.707106781186548,,,,,
3.204,K's tau,0.312109862671661,,,,,
3.204,Winsor,0.67103620474407,,,,,
3.204,Quad,0.450289588077325,,,,,
3.204,Ball,0,,,,,
3.204,Shell,1,,,,,
3.204,LR,0.473,,,,,
3.205,PCA,0.707106781186548,,,,,
3.205,K's tau,0.31201248049922,,,,,
3.205,Winsor,0.670826833073323,,,,,
3.205,Quad,0.450008639971184,,,,,
3.205,Ball,0,,,,,
3.205,Shell,1,,,,,
3.205,LR,0.4725,,,,,
3.206,PCA,0.707106781186548,,,,,
3.206,K's tau,0.311915159076731,,,,,
3.206,Winsor,0.670617592014972,,,,,
3.206,Quad,0.449727954719959,,,,,
3.206,Ball,0,,,,,
3.206,Shell,1,,,,,
3.206,LR,0.472,,,,,
3.207,PCA,0.707106781186548,,,,,
3.207,K's tau,0.311817898347365,,,,,
3.207,Winsor,0.670408481446835,,,,,
3.207,Quad,0.449447531995851,,,,,
3.207,Ball,0,,,,,
3.207,Shell,1,,,,,
3.207,LR,0.4715,,,,,
3.208,PCA,0.707106781186548,,,,,
3.208,K's tau,0.311720698254364,,,,,
3.208,Winsor,0.670199501246883,,,,,
3.208,Quad,0.449167371471571,,,,,
3.208,Ball,0,,,,,
3.208,Shell,1,,,,,
3.208,LR,0.471,,,,,
3.209,PCA,0.707106781186548,,,,,
3.209,K's tau,0.311623558741041,,,,,
3.209,Winsor,0.669990651293238,,,,,
3.209,Quad,0.448887472820337,,,,,
3.209,Ball,0,,,,,
3.209,Shell,1,,,,,
3.209,LR,0.4705,,,,,
3.21,PCA,0.707106781186548,,,,,
3.21,K's tau,0.311526479750779,,,,,
3.21,Winsor,0.669781931464175,,,,,
3.21,Quad,0.44860783571588,,,,,
3.21,Ball,0,,,,,
3.21,Shell,1,,,,,
3.21,LR,0.47,,,,,
3.211,PCA,0.707106781186548,,,,,
3.211,K's tau,0.311429461227032,,,,,
3.211,Winsor,0.669573341638119,,,,,
3.211,Quad,0.448328459832437,,,,,
3.211,Ball,0,,,,,
3.211,Shell,1,,,,,
3.211,LR,0.4695,,,,,
3.212,PCA,0.707106781186548,,,,,
3.212,K's tau,0.311332503113325,,,,,
3.212,Winsor,0.669364881693649,,,,,
3.212,Quad,0.448049344844753,,,,,
3.212,Ball,0,,,,,
3.212,Shell,1,,,,,
3.212,LR,0.469,,,,,
3.213,PCA,0.707106781186548,,,,,
3.213,K's tau,0.311235605353252,,,,,
3.213,Winsor,0.669156551509493,,,,,
3.213,Quad,0.447770490428076,,,,,
3.213,Ball,0,,,,,
3.213,Shell,1,,,,,
3.213,LR,0.4685,,,,,
3.214,PCA,0.707106781186548,,,,,
3.214,K's tau,0.311138767890479,,,,,
3.214,Winsor,0.66894835096453,,,,,
3.214,Quad,0.447491896258164,,,,,
3.214,Ball,0,,,,,
3.214,Shell,1,,,,,
3.214,LR,0.468,,,,,
3.215,PCA,0.707106781186548,,,,,
3.215,K's tau,0.31104199066874,,,,,
3.215,Winsor,0.668740279937792,,,,,
3.215,Quad,0.447213562011276,,,,,
3.215,Ball,0,,,,,
3.215,Shell,1,,,,,
3.215,LR,0.4675,,,,,
3.216,PCA,0.707106781186548,,,,,
3.216,K's tau,0.310945273631841,,,,,
3.216,Winsor,0.668532338308458,,,,,
3.216,Quad,0.446935487364174,,,,,
3.216,Ball,0,,,,,
3.216,Shell,1,,,,,
3.216,LR,0.467,,,,,
3.217,PCA,0.707106781186548,,,,,
3.217,K's tau,0.310848616723656,,,,,
3.217,Winsor,0.66832452595586,,,,,
3.217,Quad,0.446657671994124,,,,,
3.217,Ball,0,,,,,
3.217,Shell,1,,,,,
3.217,LR,0.4665,,,,,
3.218,PCA,0.707106781186548,,,,,
3.218,K's tau,0.310752019888129,,,,,
3.218,Winsor,0.668116842759478,,,,,
3.218,Quad,0.446380115578893,,,,,
3.218,Ball,0,,,,,
3.218,Shell,1,,,,,
3.218,LR,0.466,,,,,
3.219,PCA,0.707106781186548,,,,,
3.219,K's tau,0.310655483069276,,,,,
3.219,Winsor,0.667909288598944,,,,,
3.219,Quad,0.446102817796747,,,,,
3.219,Ball,0,,,,,
3.219,Shell,1,,,,,
3.219,LR,0.4655,,,,,
3.22,PCA,0.707106781186548,,,,,
3.22,K's tau,0.31055900621118,,,,,
3.22,Winsor,0.667701863354037,,,,,
3.22,Quad,0.445825778326454,,,,,
3.22,Ball,0,,,,,
3.22,Shell,1,,,,,
3.22,LR,0.465,,,,,
3.221,PCA,0.707106781186548,,,,,
3.221,K's tau,0.310462589257994,,,,,
3.221,Winsor,0.667494566904688,,,,,
3.221,Quad,0.445548996847277,,,,,
3.221,Ball,0,,,,,
3.221,Shell,1,,,,,
3.221,LR,0.4645,,,,,
3.222,PCA,0.707106781186548,,,,,
3.222,K's tau,0.310366232153942,,,,,
3.222,Winsor,0.667287399130975,,,,,
3.222,Quad,0.445272473038981,,,,,
3.222,Ball,0,,,,,
3.222,Shell,1,,,,,
3.222,LR,0.464,,,,,
3.223,PCA,0.707106781186548,,,,,
3.223,K's tau,0.310269934843314,,,,,
3.223,Winsor,0.667080359913124,,,,,
3.223,Quad,0.444996206581824,,,,,
3.223,Ball,0,,,,,
3.223,Shell,1,,,,,
3.223,LR,0.4635,,,,,
3.224,PCA,0.707106781186548,,,,,
3.224,K's tau,0.310173697270472,,,,,
3.224,Winsor,0.666873449131514,,,,,
3.224,Quad,0.444720197156562,,,,,
3.224,Ball,0,,,,,
3.224,Shell,1,,,,,
3.224,LR,0.463,,,,,
3.225,PCA,0.707106781186548,,,,,
3.225,K's tau,0.310077519379845,,,,,
3.225,Winsor,0.666666666666667,,,,,
3.225,Quad,0.444444444444444,,,,,
3.225,Ball,0,,,,,
3.225,Shell,1,,,,,
3.225,LR,0.4625,,,,,
3.226,PCA,0.707106781186548,,,,,
3.226,K's tau,0.309981401115933,,,,,
3.226,Winsor,0.666460012399256,,,,,
3.226,Quad,0.444168948127216,,,,,
3.226,Ball,0,,,,,
3.226,Shell,1,,,,,
3.226,LR,0.462,,,,,
3.227,PCA,0.707106781186548,,,,,
3.227,K's tau,0.309885342423303,,,,,
3.227,Winsor,0.666253486210102,,,,,
3.227,Quad,0.443893707887115,,,,,
3.227,Ball,0,,,,,
3.227,Shell,1,,,,,
3.227,LR,0.4615,,,,,
3.228,PCA,0.707106781186548,,,,,
3.228,K's tau,0.309789343246592,,,,,
3.228,Winsor,0.666047087980174,,,,,
3.228,Quad,0.443618723406869,,,,,
3.228,Ball,0,,,,,
3.228,Shell,1,,,,,
3.228,LR,0.461,,,,,
3.229,PCA,0.707106781186548,,,,,
3.229,K's tau,0.309693403530505,,,,,
3.229,Winsor,0.665840817590585,,,,,
3.229,Quad,0.443343994369699,,,,,
3.229,Ball,0,,,,,
3.229,Shell,1,,,,,
3.229,LR,0.4605,,,,,
3.23,PCA,0.707106781186548,,,,,
3.23,K's tau,0.309597523219814,,,,,
3.23,Winsor,0.665634674922601,,,,,
3.23,Quad,0.443069520459316,,,,,
3.23,Ball,0,,,,,
3.23,Shell,1,,,,,
3.23,LR,0.46,,,,,
3.231,PCA,0.707106781186548,,,,,
3.231,K's tau,0.309501702259362,,,,,
3.231,Winsor,0.665428659857629,,,,,
3.231,Quad,0.44279530135992,,,,,
3.231,Ball,0,,,,,
3.231,Shell,1,,,,,
3.231,LR,0.4595,,,,,
3.232,PCA,0.707106781186548,,,,,
3.232,K's tau,0.309405940594059,,,,,
3.232,Winsor,0.665222772277228,,,,,
3.232,Quad,0.4425213367562,,,,,
3.232,Ball,0,,,,,
3.232,Shell,1,,,,,
3.232,LR,0.459,,,,,
3.233,PCA,0.707106781186548,,,,,
3.233,K's tau,0.309310238168883,,,,,
3.233,Winsor,0.665017012063099,,,,,
3.233,Quad,0.442247626333332,,,,,
3.233,Ball,0,,,,,
3.233,Shell,1,,,,,
3.233,LR,0.4585,,,,,
3.234,PCA,0.707106781186548,,,,,
3.234,K's tau,0.309214594928881,,,,,
3.234,Winsor,0.664811379097093,,,,,
3.234,Quad,0.441974169776979,,,,,
3.234,Ball,0,,,,,
3.234,Shell,1,,,,,
3.234,LR,0.458,,,,,
3.235,PCA,0.707106781186548,,,,,
3.235,K's tau,0.309119010819165,,,,,
3.235,Winsor,0.664605873261206,,,,,
3.235,Quad,0.44170096677329,,,,,
3.235,Ball,0,,,,,
3.235,Shell,1,,,,,
3.235,LR,0.4575,,,,,
3.236,PCA,0.707106781186548,,,,,
3.236,K's tau,0.30902348578492,,,,,
3.236,Winsor,0.664400494437577,,,,,
3.236,Quad,0.441428017008897,,,,,
3.236,Ball,0,,,,,
3.236,Shell,1,,,,,
3.236,LR,0.457,,,,,
3.237,PCA,0.707106781186548,,,,,
3.237,K's tau,0.308928019771393,,,,,
3.237,Winsor,0.664195242508496,,,,,
3.237,Quad,0.441155320170919,,,,,
3.237,Ball,0,,,,,
3.237,Shell,1,,,,,
3.237,LR,0.4565,,,,,
3.238,PCA,0.707106781186548,,,,,
3.238,K's tau,0.308832612723904,,,,,
3.238,Winsor,0.663990117356393,,,,,
3.238,Quad,0.440882875946956,,,,,
3.238,Ball,0,,,,,
3.238,Shell,1,,,,,
3.238,LR,0.456,,,,,
3.239,PCA,0.707106781186548,,,,,
3.239,K's tau,0.308737264587836,,,,,
3.239,Winsor,0.663785118863847,,,,,
3.239,Quad,0.440610684025091,,,,,
3.239,Ball,0,,,,,
3.239,Shell,1,,,,,
3.239,LR,0.4555,,,,,
3.24,PCA,0.707106781186548,,,,,
3.24,K's tau,0.308641975308642,,,,,
3.24,Winsor,0.66358024691358,,,,,
3.24,Quad,0.440338744093888,,,,,
3.24,Ball,0,,,,,
3.24,Shell,1,,,,,
3.24,LR,0.455,,,,,
3.241,PCA,0.707106781186548,,,,,
3.241,K's tau,0.308546744831842,,,,,
3.241,Winsor,0.66337550138846,,,,,
3.241,Quad,0.440067055842391,,,,,
3.241,Ball,0,,,,,
3.241,Shell,1,,,,,
3.241,LR,0.4545,,,,,
3.242,PCA,0.707106781186548,,,,,
3.242,K's tau,0.308451573103023,,,,,
3.242,Winsor,0.663170882171499,,,,,
3.242,Quad,0.439795618960124,,,,,
3.242,Ball,0,,,,,
3.242,Shell,1,,,,,
3.242,LR,0.454,,,,,
3.243,PCA,0.707106781186548,,,,,
3.243,K's tau,0.308356460067838,,,,,
3.243,Winsor,0.662966389145853,,,,,
3.243,Quad,0.43952443313709,,,,,
3.243,Ball,0,,,,,
3.243,Shell,1,,,,,
3.243,LR,0.4535,,,,,
3.244,PCA,0.707106781186548,,,,,
3.244,K's tau,0.30826140567201,,,,,
3.244,Winsor,0.662762022194821,,,,,
3.244,Quad,0.439253498063769,,,,,
3.244,Ball,0,,,,,
3.244,Shell,1,,,,,
3.244,LR,0.453,,,,,
3.245,PCA,0.707106781186548,,,,,
3.245,K's tau,0.308166409861325,,,,,
3.245,Winsor,0.662557781201849,,,,,
3.245,Quad,0.438982813431117,,,,,
3.245,Ball,0,,,,,
3.245,Shell,1,,,,,
3.245,LR,0.4525,,,,,
3.246,PCA,0.707106781186548,,,,,
3.246,K's tau,0.308071472581639,,,,,
3.246,Winsor,0.662353666050524,,,,,
3.246,Quad,0.438712378930569,,,,,
3.246,Ball,0,,,,,
3.246,Shell,1,,,,,
3.246,LR,0.452,,,,,
3.247,PCA,0.707106781186548,,,,,
3.247,K's tau,0.307976593778873,,,,,
3.247,Winsor,0.662149676624577,,,,,
3.247,Quad,0.438442194254031,,,,,
3.247,Ball,0,,,,,
3.247,Shell,1,,,,,
3.247,LR,0.4515,,,,,
3.248,PCA,0.707106781186548,,,,,
3.248,K's tau,0.307881773399015,,,,,
3.248,Winsor,0.661945812807882,,,,,
3.248,Quad,0.438172259093887,,,,,
3.248,Ball,0,,,,,
3.248,Shell,1,,,,,
3.248,LR,0.451,,,,,
3.249,PCA,0.707106781186548,,,,,
3.249,K's tau,0.30778701138812,,,,,
3.249,Winsor,0.661742074484457,,,,,
3.249,Quad,0.437902573142992,,,,,
3.249,Ball,0,,,,,
3.249,Shell,1,,,,,
3.249,LR,0.4505,,,,,
3.25,PCA,0.707106781186548,,,,,
3.25,K's tau,0.307692307692308,,,,,
3.25,Winsor,0.661538461538462,,,,,
3.25,Quad,0.437633136094675,,,,,
3.25,Ball,0,,,,,
3.25,Shell,1,,,,,
3.25,LR,0.45,,,,,
3.251,PCA,0.707106781186548,,,,,
3.251,K's tau,0.307597662257767,,,,,
3.251,Winsor,0.661334973854199,,,,,
3.251,Quad,0.437363947642734,,,,,
3.251,Ball,0,,,,,
3.251,Shell,1,,,,,
3.251,LR,0.4495,,,,,
3.252,PCA,0.707106781186548,,,,,
3.252,K's tau,0.30750307503075,,,,,
3.252,Winsor,0.661131611316113,,,,,
3.252,Quad,0.43709500748144,,,,,
3.252,Ball,0,,,,,
3.252,Shell,1,,,,,
3.252,LR,0.449,,,,,
3.253,PCA,0.707106781186548,,,,,
3.253,K's tau,0.307408545957578,,,,,
3.253,Winsor,0.660928373808792,,,,,
3.253,Quad,0.436826315305534,,,,,
3.253,Ball,0,,,,,
3.253,Shell,1,,,,,
3.253,LR,0.4485,,,,,
3.254,PCA,0.707106781186548,,,,,
3.254,K's tau,0.307314074984634,,,,,
3.254,Winsor,0.660725261216964,,,,,
3.254,Quad,0.436557870810225,,,,,
3.254,Ball,0,,,,,
3.254,Shell,1,,,,,
3.254,LR,0.448,,,,,
3.255,PCA,0.707106781186548,,,,,
3.255,K's tau,0.307219662058372,,,,,
3.255,Winsor,0.660522273425499,,,,,
3.255,Quad,0.43628967369119,,,,,
3.255,Ball,0,,,,,
3.255,Shell,1,,,,,
3.255,LR,0.4475,,,,,
3.256,PCA,0.707106781186548,,,,,
3.256,K's tau,0.307125307125307,,,,,
3.256,Winsor,0.66031941031941,,,,,
3.256,Quad,0.436021723644574,,,,,
3.256,Ball,0,,,,,
3.256,Shell,1,,,,,
3.256,LR,0.447,,,,,
3.257,PCA,0.707106781186548,,,,,
3.257,K's tau,0.307031010132023,,,,,
3.257,Winsor,0.66011667178385,,,,,
3.257,Quad,0.435754020366987,,,,,
3.257,Ball,0,,,,,
3.257,Shell,1,,,,,
3.257,LR,0.4465,,,,,
3.258,PCA,0.707106781186548,,,,,
3.258,K's tau,0.306936771025169,,,,,
3.258,Winsor,0.659914057704113,,,,,
3.258,Quad,0.435486563555507,,,,,
3.258,Ball,0,,,,,
3.258,Shell,1,,,,,
3.258,LR,0.446,,,,,
3.259,PCA,0.707106781186548,,,,,
3.259,K's tau,0.306842589751458,,,,,
3.259,Winsor,0.659711567965634,,,,,
3.259,Quad,0.435219352907675,,,,,
3.259,Ball,0,,,,,
3.259,Shell,1,,,,,
3.259,LR,0.4455,,,,,
3.26,PCA,0.707106781186548,,,,,
3.26,K's tau,0.306748466257669,,,,,
3.26,Winsor,0.659509202453988,,,,,
3.26,Quad,0.434952388121495,,,,,
3.26,Ball,0,,,,,
3.26,Shell,1,,,,,
3.26,LR,0.445,,,,,
3.261,PCA,0.707106781186548,,,,,
3.261,K's tau,0.306654400490647,,,,,
3.261,Winsor,0.659306961054891,,,,,
3.261,Quad,0.434685668895436,,,,,
3.261,Ball,0,,,,,
3.261,Shell,1,,,,,
3.261,LR,0.4445,,,,,
3.262,PCA,0.707106781186548,,,,,
3.262,K's tau,0.306560392397302,,,,,
3.262,Winsor,0.6591048436542,,,,,
3.262,Quad,0.434419194928427,,,,,
3.262,Ball,0,,,,,
3.262,Shell,1,,,,,
3.262,LR,0.444,,,,,
3.263,PCA,0.707106781186548,,,,,
3.263,K's tau,0.306466441924609,,,,,
3.263,Winsor,0.65890285013791,,,,,
3.263,Quad,0.434152965919861,,,,,
3.263,Ball,0,,,,,
3.263,Shell,1,,,,,
3.263,LR,0.4435,,,,,
3.264,PCA,0.707106781186548,,,,,
3.264,K's tau,0.306372549019608,,,,,
3.264,Winsor,0.658700980392157,,,,,
3.264,Quad,0.433886981569589,,,,,
3.264,Ball,0,,,,,
3.264,Shell,1,,,,,
3.264,LR,0.443,,,,,
3.265,PCA,0.707106781186548,,,,,
3.265,K's tau,0.306278713629403,,,,,
3.265,Winsor,0.658499234303216,,,,,
3.265,Quad,0.433621241577922,,,,,
3.265,Ball,0,,,,,
3.265,Shell,1,,,,,
3.265,LR,0.4425,,,,,
3.266,PCA,0.707106781186548,,,,,
3.266,K's tau,0.306184935701164,,,,,
3.266,Winsor,0.658297611757502,,,,,
3.266,Quad,0.43335574564563,,,,,
3.266,Ball,0,,,,,
3.266,Shell,1,,,,,
3.266,LR,0.442,,,,,
3.267,PCA,0.707106781186548,,,,,
3.267,K's tau,0.306091215182124,,,,,
3.267,Winsor,0.658096112641567,,,,,
3.267,Quad,0.433090493473942,,,,,
3.267,Ball,0,,,,,
3.267,Shell,1,,,,,
3.267,LR,0.4415,,,,,
3.268,PCA,0.707106781186548,,,,,
3.268,K's tau,0.305997552019584,,,,,
3.268,Winsor,0.657894736842105,,,,,
3.268,Quad,0.432825484764543,,,,,
3.268,Ball,0,,,,,
3.268,Shell,1,,,,,
3.268,LR,0.441,,,,,
3.269,PCA,0.707106781186548,,,,,
3.269,K's tau,0.305903946160906,,,,,
3.269,Winsor,0.657693484245947,,,,,
3.269,Quad,0.432560719219573,,,,,
3.269,Ball,0,,,,,
3.269,Shell,1,,,,,
3.269,LR,0.4405,,,,,
3.27,PCA,0.707106781186548,,,,,
3.27,K's tau,0.305810397553517,,,,,
3.27,Winsor,0.657492354740061,,,,,
3.27,Quad,0.43229619654163,,,,,
3.27,Ball,0,,,,,
3.27,Shell,1,,,,,
3.27,LR,0.44,,,,,
3.271,PCA,0.707106781186548,,,,,
3.271,K's tau,0.30571690614491,,,,,
3.271,Winsor,0.657291348211556,,,,,
3.271,Quad,0.432031916433765,,,,,
3.271,Ball,0,,,,,
3.271,Shell,1,,,,,
3.271,LR,0.4395,,,,,
3.272,PCA,0.707106781186548,,,,,
3.272,K's tau,0.305623471882641,,,,,
3.272,Winsor,0.657090464547677,,,,,
3.272,Quad,0.431767878599482,,,,,
3.272,Ball,0,,,,,
3.272,Shell,1,,,,,
3.272,LR,0.439,,,,,
3.273,PCA,0.707106781186548,,,,,
3.273,K's tau,0.305530094714329,,,,,
3.273,Winsor,0.656889703635808,,,,,
3.273,Quad,0.43150408274274,,,,,
3.273,Ball,0,,,,,
3.273,Shell,1,,,,,
3.273,LR,0.4385,,,,,
3.274,PCA,0.707106781186548,,,,,
3.274,K's tau,0.30543677458766,,,,,
3.274,Winsor,0.65668906536347,,,,,
3.274,Quad,0.431240528567947,,,,,
3.274,Ball,0,,,,,
3.274,Shell,1,,,,,
3.274,LR,0.438,,,,,
3.275,PCA,0.707106781186548,,,,,
3.275,K's tau,0.305343511450382,,,,,
3.275,Winsor,0.656488549618321,,,,,
3.275,Quad,0.430977215779966,,,,,
3.275,Ball,0,,,,,
3.275,Shell,1,,,,,
3.275,LR,0.4375,,,,,
3.276,PCA,0.707106781186548,,,,,
3.276,K's tau,0.305250305250305,,,,,
3.276,Winsor,0.656288156288156,,,,,
3.276,Quad,0.430714144084107,,,,,
3.276,Ball,0,,,,,
3.276,Shell,1,,,,,
3.276,LR,0.437,,,,,
3.277,PCA,0.707106781186548,,,,,
3.277,K's tau,0.305157155935307,,,,,
3.277,Winsor,0.656087885260909,,,,,
3.277,Quad,0.430451313186132,,,,,
3.277,Ball,0,,,,,
3.277,Shell,1,,,,,
3.277,LR,0.4365,,,,,
3.278,PCA,0.707106781186548,,,,,
3.278,K's tau,0.305064063453325,,,,,
3.278,Winsor,0.655887736424649,,,,,
3.278,Quad,0.43018872279225,,,,,
3.278,Ball,0,,,,,
3.278,Shell,1,,,,,
3.278,LR,0.436,,,,,
3.279,PCA,0.707106781186548,,,,,
3.279,K's tau,0.304971027752364,,,,,
3.279,Winsor,0.655687709667582,,,,,
3.279,Quad,0.429926372609119,,,,,
3.279,Ball,0,,,,,
3.279,Shell,1,,,,,
3.279,LR,0.4355,,,,,
3.28,PCA,0.707106781186548,,,,,
3.28,K's tau,0.304878048780488,,,,,
3.28,Winsor,0.655487804878049,,,,,
3.28,Quad,0.429664262343843,,,,,
3.28,Ball,0,,,,,
3.28,Shell,1,,,,,
3.28,LR,0.435,,,,,
3.281,PCA,0.707106781186548,,,,,
3.281,K's tau,0.304785126485828,,,,,
3.281,Winsor,0.655288021944529,,,,,
3.281,Quad,0.429402391703974,,,,,
3.281,Ball,0,,,,,
3.281,Shell,1,,,,,
3.281,LR,0.4345,,,,,
3.282,PCA,0.707106781186548,,,,,
3.282,K's tau,0.304692260816575,,,,,
3.282,Winsor,0.655088360755637,,,,,
3.282,Quad,0.429140760397507,,,,,
3.282,Ball,0,,,,,
3.282,Shell,1,,,,,
3.282,LR,0.434,,,,,
3.283,PCA,0.707106781186548,,,,,
3.283,K's tau,0.304599451720987,,,,,
3.283,Winsor,0.654888821200122,,,,,
3.283,Quad,0.428879368132885,,,,,
3.283,Ball,0,,,,,
3.283,Shell,1,,,,,
3.283,LR,0.4335,,,,,
3.284,PCA,0.707106781186548,,,,,
3.284,K's tau,0.304506699147381,,,,,
3.284,Winsor,0.65468940316687,,,,,
3.284,Quad,0.428618214618992,,,,,
3.284,Ball,0,,,,,
3.284,Shell,1,,,,,
3.284,LR,0.433,,,,,
3.285,PCA,0.707106781186548,,,,,
3.285,K's tau,0.30441400304414,,,,,
3.285,Winsor,0.654490106544901,,,,,
3.285,Quad,0.428357299565156,,,,,
3.285,Ball,0,,,,,
3.285,Shell,1,,,,,
3.285,LR,0.4325,,,,,
3.286,PCA,0.707106781186548,,,,,
3.286,K's tau,0.304321363359708,,,,,
3.286,Winsor,0.654290931223372,,,,,
3.286,Quad,0.428096622681147,,,,,
3.286,Ball,0,,,,,
3.286,Shell,1,,,,,
3.286,LR,0.432,,,,,
3.287,PCA,0.707106781186548,,,,,
3.287,K's tau,0.304228780042592,,,,,
3.287,Winsor,0.654091877091573,,,,,
3.287,Quad,0.427836183677177,,,,,
3.287,Ball,0,,,,,
3.287,Shell,1,,,,,
3.287,LR,0.4315,,,,,
3.288,PCA,0.707106781186548,,,,,
3.288,K's tau,0.304136253041363,,,,,
3.288,Winsor,0.65389294403893,,,,,
3.288,Quad,0.427575982263899,,,,,
3.288,Ball,0,,,,,
3.288,Shell,1,,,,,
3.288,LR,0.431,,,,,
3.289,PCA,0.707106781186548,,,,,
3.289,K's tau,0.304043782304652,,,,,
3.289,Winsor,0.653694131955002,,,,,
3.289,Quad,0.427316018152403,,,,,
3.289,Ball,0,,,,,
3.289,Shell,1,,,,,
3.289,LR,0.4305,,,,,
3.29,PCA,0.707106781186548,,,,,
3.29,K's tau,0.303951367781155,,,,,
3.29,Winsor,0.653495440729483,,,,,
3.29,Quad,0.427056291054222,,,,,
3.29,Ball,0,,,,,
3.29,Shell,1,,,,,
3.29,LR,0.43,,,,,
3.291,PCA,0.707106781186548,,,,,
3.291,K's tau,0.303859009419629,,,,,
3.291,Winsor,0.653296870252203,,,,,
3.291,Quad,0.426796800681324,,,,,
3.291,Ball,0,,,,,
3.291,Shell,1,,,,,
3.291,LR,0.4295,,,,,
3.292,PCA,0.707106781186548,,,,,
3.292,K's tau,0.303766707168894,,,,,
3.292,Winsor,0.653098420413123,,,,,
3.292,Quad,0.426537546746116,,,,,
3.292,Ball,0,,,,,
3.292,Shell,1,,,,,
3.292,LR,0.429,,,,,
3.293,PCA,0.707106781186548,,,,,
3.293,K's tau,0.303674460977832,,,,,
3.293,Winsor,0.652900091102338,,,,,
3.293,Quad,0.426278528961442,,,,,
3.293,Ball,0,,,,,
3.293,Shell,1,,,,,
3.293,LR,0.4285,,,,,
3.294,PCA,0.707106781186548,,,,,
3.294,K's tau,0.303582270795386,,,,,
3.294,Winsor,0.652701882210079,,,,,
3.294,Quad,0.42601974704058,,,,,
3.294,Ball,0,,,,,
3.294,Shell,1,,,,,
3.294,LR,0.428,,,,,
3.295,PCA,0.707106781186548,,,,,
3.295,K's tau,0.303490136570562,,,,,
3.295,Winsor,0.652503793626707,,,,,
3.295,Quad,0.425761200697244,,,,,
3.295,Ball,0,,,,,
3.295,Shell,1,,,,,
3.295,LR,0.4275,,,,,
3.296,PCA,0.707106781186548,,,,,
3.296,K's tau,0.303398058252427,,,,,
3.296,Winsor,0.652305825242718,,,,,
3.296,Quad,0.425502889645584,,,,,
3.296,Ball,0,,,,,
3.296,Shell,1,,,,,
3.296,LR,0.427,,,,,
3.297,PCA,0.707106781186548,,,,,
3.297,K's tau,0.303306035790112,,,,,
3.297,Winsor,0.652107976948741,,,,,
3.297,Quad,0.42524481360018,,,,,
3.297,Ball,0,,,,,
3.297,Shell,1,,,,,
3.297,LR,0.4265,,,,,
3.298,PCA,0.707106781186548,,,,,
3.298,K's tau,0.303214069132808,,,,,
3.298,Winsor,0.651910248635537,,,,,
3.298,Quad,0.424986972276047,,,,,
3.298,Ball,0,,,,,
3.298,Shell,1,,,,,
3.298,LR,0.426,,,,,
3.299,PCA,0.707106781186548,,,,,
3.299,K's tau,0.303122158229767,,,,,
3.299,Winsor,0.651712640193998,,,,,
3.299,Quad,0.424729365388632,,,,,
3.299,Ball,0,,,,,
3.299,Shell,1,,,,,
3.299,LR,0.4255,,,,,
3.3,PCA,0.707106781186548,,,,,
3.3,K's tau,0.303030303030303,,,,,
3.3,Winsor,0.651515151515152,,,,,
3.3,Quad,0.424471992653811,,,,,
3.3,Ball,0,,,,,
3.3,Shell,1,,,,,
3.3,LR,0.425,,,,,
3.301,PCA,0.707106781186548,,,,,
3.301,K's tau,0.302938503483793,,,,,
3.301,Winsor,0.651317782490155,,,,,
3.301,Quad,0.424214853787892,,,,,
3.301,Ball,0,,,,,
3.301,Shell,1,,,,,
3.301,LR,0.4245,,,,,
3.302,PCA,0.707106781186548,,,,,
3.302,K's tau,0.302846759539673,,,,,
3.302,Winsor,0.651120533010297,,,,,
3.302,Quad,0.423957948507613,,,,,
3.302,Ball,0,,,,,
3.302,Shell,1,,,,,
3.302,LR,0.424,,,,,
3.303,PCA,0.707106781186548,,,,,
3.303,K's tau,0.302755071147442,,,,,
3.303,Winsor,0.650923402967,,,,,
3.303,Quad,0.423701276530139,,,,,
3.303,Ball,0,,,,,
3.303,Shell,1,,,,,
3.303,LR,0.4235,,,,,
3.304,PCA,0.707106781186548,,,,,
3.304,K's tau,0.302663438256659,,,,,
3.304,Winsor,0.650726392251816,,,,,
3.304,Quad,0.423444837573064,,,,,
3.304,Ball,0,,,,,
3.304,Shell,1,,,,,
3.304,LR,0.423,,,,,
3.305,PCA,0.707106781186548,,,,,
3.305,K's tau,0.302571860816944,,,,,
3.305,Winsor,0.65052950075643,,,,,
3.305,Quad,0.42318863135441,,,,,
3.305,Ball,0,,,,,
3.305,Shell,1,,,,,
3.305,LR,0.4225,,,,,
3.306,PCA,0.707106781186548,,,,,
3.306,K's tau,0.302480338777979,,,,,
3.306,Winsor,0.650332728372656,,,,,
3.306,Quad,0.422932657592622,,,,,
3.306,Ball,0,,,,,
3.306,Shell,1,,,,,
3.306,LR,0.422,,,,,
3.307,PCA,0.707106781186548,,,,,
3.307,K's tau,0.302388872089507,,,,,
3.307,Winsor,0.65013607499244,,,,,
3.307,Quad,0.422676916006576,,,,,
3.307,Ball,0,,,,,
3.307,Shell,1,,,,,
3.307,LR,0.4215,,,,,
3.308,PCA,0.707106781186548,,,,,
3.308,K's tau,0.30229746070133,,,,,
3.308,Winsor,0.64993954050786,,,,,
3.308,Quad,0.422421406315568,,,,,
3.308,Ball,0,,,,,
3.308,Shell,1,,,,,
3.308,LR,0.421,,,,,
3.309,PCA,0.707106781186548,,,,,
3.309,K's tau,0.302206104563312,,,,,
3.309,Winsor,0.649743124811121,,,,,
3.309,Quad,0.42216612823932,,,,,
3.309,Ball,0,,,,,
3.309,Shell,1,,,,,
3.309,LR,0.4205,,,,,
3.31,PCA,0.707106781186548,,,,,
3.31,K's tau,0.302114803625378,,,,,
3.31,Winsor,0.649546827794562,,,,,
3.31,Quad,0.421911081497978,,,,,
3.31,Ball,0,,,,,
3.31,Shell,1,,,,,
3.31,LR,0.42,,,,,
3.311,PCA,0.707106781186548,,,,,
3.311,K's tau,0.302023557837511,,,,,
3.311,Winsor,0.649350649350649,,,,,
3.311,Quad,0.42165626581211,,,,,
3.311,Ball,0,,,,,
3.311,Shell,1,,,,,
3.311,LR,0.4195,,,,,
3.312,PCA,0.707106781186548,,,,,
3.312,K's tau,0.301932367149758,,,,,
3.312,Winsor,0.649154589371981,,,,,
3.312,Quad,0.421401680902705,,,,,
3.312,Ball,0,,,,,
3.312,Shell,1,,,,,
3.312,LR,0.419,,,,,
3.313,PCA,0.707106781186548,,,,,
3.313,K's tau,0.301841231512225,,,,,
3.313,Winsor,0.648958647751283,,,,,
3.313,Quad,0.421147326491174,,,,,
3.313,Ball,0,,,,,
3.313,Shell,1,,,,,
3.313,LR,0.4185,,,,,
3.314,PCA,0.707106781186548,,,,,
3.314,K's tau,0.301750150875075,,,,,
3.314,Winsor,0.648762824381412,,,,,
3.314,Quad,0.420893202299347,,,,,
3.314,Ball,0,,,,,
3.314,Shell,1,,,,,
3.314,LR,0.418,,,,,
3.315,PCA,0.707106781186548,,,,,
3.315,K's tau,0.301659125188537,,,,,
3.315,Winsor,0.648567119155355,,,,,
3.315,Quad,0.420639308049476,,,,,
3.315,Ball,0,,,,,
3.315,Shell,1,,,,,
3.315,LR,0.4175,,,,,
3.316,PCA,0.707106781186548,,,,,
3.316,K's tau,0.301568154402895,,,,,
3.316,Winsor,0.648371531966224,,,,,
3.316,Quad,0.420385643464229,,,,,
3.316,Ball,0,,,,,
3.316,Shell,1,,,,,
3.316,LR,0.417,,,,,
3.317,PCA,0.707106781186548,,,,,
3.317,K's tau,0.301477238468496,,,,,
3.317,Winsor,0.648176062707266,,,,,
3.317,Quad,0.420132208266693,,,,,
3.317,Ball,0,,,,,
3.317,Shell,1,,,,,
3.317,LR,0.4165,,,,,
3.318,PCA,0.707106781186548,,,,,
3.318,K's tau,0.301386377335744,,,,,
3.318,Winsor,0.647980711271851,,,,,
3.318,Quad,0.419879002180373,,,,,
3.318,Ball,0,,,,,
3.318,Shell,1,,,,,
3.318,LR,0.416,,,,,
3.319,PCA,0.707106781186548,,,,,
3.319,K's tau,0.301295570955107,,,,,
3.319,Winsor,0.64778547755348,,,,,
3.319,Quad,0.41962602492919,,,,,
3.319,Ball,0,,,,,
3.319,Shell,1,,,,,
3.319,LR,0.4155,,,,,
3.32,PCA,0.707106781186548,,,,,
3.32,K's tau,0.301204819277108,,,,,
3.32,Winsor,0.647590361445783,,,,,
3.32,Quad,0.41937327623748,,,,,
3.32,Ball,0,,,,,
3.32,Shell,1,,,,,
3.32,LR,0.415,,,,,
3.321,PCA,0.707106781186548,,,,,
3.321,K's tau,0.301114122252334,,,,,
3.321,Winsor,0.647395362842517,,,,,
3.321,Quad,0.419120755829995,,,,,
3.321,Ball,0,,,,,
3.321,Shell,1,,,,,
3.321,LR,0.4145,,,,,
3.322,PCA,0.707106781186548,,,,,
3.322,K's tau,0.301023479831427,,,,,
3.322,Winsor,0.647200481637568,,,,,
3.322,Quad,0.4188684634319,,,,,
3.322,Ball,0,,,,,
3.322,Shell,1,,,,,
3.322,LR,0.414,,,,,
3.323,PCA,0.707106781186548,,,,,
3.323,K's tau,0.300932891965092,,,,,
3.323,Winsor,0.647005717724947,,,,,
3.323,Quad,0.418616398768774,,,,,
3.323,Ball,0,,,,,
3.323,Shell,1,,,,,
3.323,LR,0.4135,,,,,
3.324,PCA,0.707106781186548,,,,,
3.324,K's tau,0.300842358604092,,,,,
3.324,Winsor,0.646811070998797,,,,,
3.324,Quad,0.41836456156661,,,,,
3.324,Ball,0,,,,,
3.324,Shell,1,,,,,
3.324,LR,0.413,,,,,
3.325,PCA,0.707106781186548,,,,,
3.325,K's tau,0.300751879699248,,,,,
3.325,Winsor,0.646616541353384,,,,,
3.325,Quad,0.418112951551812,,,,,
3.325,Ball,0,,,,,
3.325,Shell,1,,,,,
3.325,LR,0.4125,,,,,
3.326,PCA,0.707106781186548,,,,,
3.326,K's tau,0.300661455201443,,,,,
3.326,Winsor,0.646422128683103,,,,,
3.326,Quad,0.417861568451194,,,,,
3.326,Ball,0,,,,,
3.326,Shell,1,,,,,
3.326,LR,0.412,,,,,
3.327,PCA,0.707106781186548,,,,,
3.327,K's tau,0.300571085061617,,,,,
3.327,Winsor,0.646227832882477,,,,,
3.327,Quad,0.417610411991982,,,,,
3.327,Ball,0,,,,,
3.327,Shell,1,,,,,
3.327,LR,0.4115,,,,,
3.328,PCA,0.707106781186548,,,,,
3.328,K's tau,0.300480769230769,,,,,
3.328,Winsor,0.646033653846154,,,,,
3.328,Quad,0.417359481901812,,,,,
3.328,Ball,0,,,,,
3.328,Shell,1,,,,,
3.328,LR,0.411,,,,,
3.329,PCA,0.707106781186548,,,,,
3.329,K's tau,0.300390507659958,,,,,
3.329,Winsor,0.64583959146891,,,,,
3.329,Quad,0.417108777908728,,,,,
3.329,Ball,0,,,,,
3.329,Shell,1,,,,,
3.329,LR,0.4105,,,,,
3.33,PCA,0.707106781186548,,,,,
3.33,K's tau,0.3003003003003,,,,,
3.33,Winsor,0.645645645645646,,,,,
3.33,Quad,0.416858299741183,,,,,
3.33,Ball,0,,,,,
3.33,Shell,1,,,,,
3.33,LR,0.41,,,,,
3.331,PCA,0.707106781186548,,,,,
3.331,K's tau,0.300210147102972,,,,,
3.331,Winsor,0.64545181627139,,,,,
3.331,Quad,0.416608047128036,,,,,
3.331,Ball,0,,,,,
3.331,Shell,1,,,,,
3.331,LR,0.4095,,,,,
3.332,PCA,0.707106781186548,,,,,
3.332,K's tau,0.300120048019208,,,,,
3.332,Winsor,0.645258103241297,,,,,
3.332,Quad,0.416358019798556,,,,,
3.332,Ball,0,,,,,
3.332,Shell,1,,,,,
3.332,LR,0.409,,,,,
3.333,PCA,0.707106781186548,,,,,
3.333,K's tau,0.3000300030003,,,,,
3.333,Winsor,0.645064506450645,,,,,
3.333,Quad,0.416108217482414,,,,,
3.333,Ball,0,,,,,
3.333,Shell,1,,,,,
3.333,LR,0.4085,,,,,
3.334,PCA,0.707106781186548,,,,,
3.334,K's tau,0.299940011997601,,,,,
3.334,Winsor,0.644871025794841,,,,,
3.334,Quad,0.415858639909691,,,,,
3.334,Ball,0,,,,,
3.334,Shell,1,,,,,
3.334,LR,0.408,,,,,
3.335,PCA,0.707106781186548,,,,,
3.335,K's tau,0.299850074962519,,,,,
3.335,Winsor,0.644677661169415,,,,,
3.335,Quad,0.415609286810867,,,,,
3.335,Ball,0,,,,,
3.335,Shell,1,,,,,
3.335,LR,0.4075,,,,,
3.336,PCA,0.707106781186548,,,,,
3.336,K's tau,0.299760191846523,,,,,
3.336,Winsor,0.644484412470024,,,,,
3.336,Quad,0.415360157916832,,,,,
3.336,Ball,0,,,,,
3.336,Shell,1,,,,,
3.336,LR,0.407,,,,,
3.337,PCA,0.707106781186548,,,,,
3.337,K's tau,0.299670362601139,,,,,
3.337,Winsor,0.644291279592448,,,,,
3.337,Quad,0.415111252958874,,,,,
3.337,Ball,0,,,,,
3.337,Shell,1,,,,,
3.337,LR,0.4065,,,,,
3.338,PCA,0.707106781186548,,,,,
3.338,K's tau,0.299580587177951,,,,,
3.338,Winsor,0.644098262432594,,,,,
3.338,Quad,0.414862571668687,,,,,
3.338,Ball,0,,,,,
3.338,Shell,1,,,,,
3.338,LR,0.406,,,,,
3.339,PCA,0.707106781186548,,,,,
3.339,K's tau,0.299490865528601,,,,,
3.339,Winsor,0.643905360886493,,,,,
3.339,Quad,0.414614113778365,,,,,
3.339,Ball,0,,,,,
3.339,Shell,1,,,,,
3.339,LR,0.4055,,,,,
3.34,PCA,0.707106781186548,,,,,
3.34,K's tau,0.29940119760479,,,,,
3.34,Winsor,0.6437125748503,,,,,
3.34,Quad,0.414365879020402,,,,,
3.34,Ball,0,,,,,
3.34,Shell,1,,,,,
3.34,LR,0.405,,,,,
3.341,PCA,0.707106781186548,,,,,
3.341,K's tau,0.299311583358276,,,,,
3.341,Winsor,0.643519904220293,,,,,
3.341,Quad,0.414117867127696,,,,,
3.341,Ball,0,,,,,
3.341,Shell,1,,,,,
3.341,LR,0.4045,,,,,
3.342,PCA,0.707106781186548,,,,,
3.342,K's tau,0.299222022740874,,,,,
3.342,Winsor,0.643327348892879,,,,,
3.342,Quad,0.41387007783354,,,,,
3.342,Ball,0,,,,,
3.342,Shell,1,,,,,
3.342,LR,0.404,,,,,
3.343,PCA,0.707106781186548,,,,,
3.343,K's tau,0.299132515704457,,,,,
3.343,Winsor,0.643134908764583,,,,,
3.343,Quad,0.413622510871628,,,,,
3.343,Ball,0,,,,,
3.343,Shell,1,,,,,
3.343,LR,0.4035,,,,,
3.344,PCA,0.707106781186548,,,,,
3.344,K's tau,0.299043062200957,,,,,
3.344,Winsor,0.642942583732057,,,,,
3.344,Quad,0.413375165976054,,,,,
3.344,Ball,0,,,,,
3.344,Shell,1,,,,,
3.344,LR,0.403,,,,,
3.345,PCA,0.707106781186548,,,,,
3.345,K's tau,0.298953662182362,,,,,
3.345,Winsor,0.642750373692078,,,,,
3.345,Quad,0.413128042881306,,,,,
3.345,Ball,0,,,,,
3.345,Shell,1,,,,,
3.345,LR,0.4025,,,,,
3.346,PCA,0.707106781186548,,,,,
3.346,K's tau,0.298864315600717,,,,,
3.346,Winsor,0.642558278541542,,,,,
3.346,Quad,0.41288114132227,,,,,
3.346,Ball,0,,,,,
3.346,Shell,1,,,,,
3.346,LR,0.402,,,,,
3.347,PCA,0.707106781186548,,,,,
3.347,K's tau,0.298775022408127,,,,,
3.347,Winsor,0.642366298177472,,,,,
3.347,Quad,0.412634461034229,,,,,
3.347,Ball,0,,,,,
3.347,Shell,1,,,,,
3.347,LR,0.4015,,,,,
3.348,PCA,0.707106781186548,,,,,
3.348,K's tau,0.29868578255675,,,,,
3.348,Winsor,0.642174432497013,,,,,
3.348,Quad,0.412388001752861,,,,,
3.348,Ball,0,,,,,
3.348,Shell,1,,,,,
3.348,LR,0.401,,,,,
3.349,PCA,0.707106781186548,,,,,
3.349,K's tau,0.298596595998806,,,,,
3.349,Winsor,0.641982681397432,,,,,
3.349,Quad,0.412141763214237,,,,,
3.349,Ball,0,,,,,
3.349,Shell,1,,,,,
3.349,LR,0.4005,,,,,
3.35,PCA,0.707106781186548,,,,,
3.35,K's tau,0.298507462686567,,,,,
3.35,Winsor,0.641791044776119,,,,,
3.35,Quad,0.411895745154823,,,,,
3.35,Ball,0,,,,,
3.35,Shell,1,,,,,
3.35,LR,0.4,,,,,
3.351,PCA,0.707106781186548,,,,,
3.351,K's tau,0.298418382572367,,,,,
3.351,Winsor,0.641599522530588,,,,,
3.351,Quad,0.411649947311478,,,,,
3.351,Ball,0,,,,,
3.351,Shell,1,,,,,
3.351,LR,0.3995,,,,,
3.352,PCA,0.707106781186548,,,,,
3.352,K's tau,0.298329355608592,,,,,
3.352,Winsor,0.641408114558473,,,,,
3.352,Quad,0.411404369421455,,,,,
3.352,Ball,0,,,,,
3.352,Shell,1,,,,,
3.352,LR,0.399,,,,,
3.353,PCA,0.707106781186548,,,,,
3.353,K's tau,0.298240381747689,,,,,
3.353,Winsor,0.641216820757531,,,,,
3.353,Quad,0.411159011222395,,,,,
3.353,Ball,0,,,,,
3.353,Shell,1,,,,,
3.353,LR,0.3985,,,,,
3.354,PCA,0.707106781186548,,,,,
3.354,K's tau,0.298151460942159,,,,,
3.354,Winsor,0.641025641025641,,,,,
3.354,Quad,0.410913872452334,,,,,
3.354,Ball,0,,,,,
3.354,Shell,1,,,,,
3.354,LR,0.398,,,,,
3.355,PCA,0.707106781186548,,,,,
3.355,K's tau,0.29806259314456,,,,,
3.355,Winsor,0.640834575260805,,,,,
3.355,Quad,0.410668952849696,,,,,
3.355,Ball,0,,,,,
3.355,Shell,1,,,,,
3.355,LR,0.3975,,,,,
3.356,PCA,0.707106781186548,,,,,
3.356,K's tau,0.297973778307509,,,,,
3.356,Winsor,0.640643623361144,,,,,
3.356,Quad,0.410424252153296,,,,,
3.356,Ball,0,,,,,
3.356,Shell,1,,,,,
3.356,LR,0.397,,,,,
3.357,PCA,0.707106781186548,,,,,
3.357,K's tau,0.297885016383676,,,,,
3.357,Winsor,0.640452785224903,,,,,
3.357,Quad,0.410179770102336,,,,,
3.357,Ball,0,,,,,
3.357,Shell,1,,,,,
3.357,LR,0.3965,,,,,
3.358,PCA,0.707106781186548,,,,,
3.358,K's tau,0.297796307325789,,,,,
3.358,Winsor,0.640262060750447,,,,,
3.358,Quad,0.409935506436409,,,,,
3.358,Ball,0,,,,,
3.358,Shell,1,,,,,
3.358,LR,0.396,,,,,
3.359,PCA,0.707106781186548,,,,,
3.359,K's tau,0.297707651086633,,,,,
3.359,Winsor,0.640071449836261,,,,,
3.359,Quad,0.409691460895493,,,,,
3.359,Ball,0,,,,,
3.359,Shell,1,,,,,
3.359,LR,0.3955,,,,,
3.36,PCA,0.707106781186548,,,,,
3.36,K's tau,0.297619047619048,,,,,
3.36,Winsor,0.639880952380952,,,,,
3.36,Quad,0.409447633219955,,,,,
3.36,Ball,0,,,,,
3.36,Shell,1,,,,,
3.36,LR,0.395,,,,,
3.361,PCA,0.707106781186548,,,,,
3.361,K's tau,0.29753049687593,,,,,
3.361,Winsor,0.639690568283249,,,,,
3.361,Quad,0.409204023150546,,,,,
3.361,Ball,0,,,,,
3.361,Shell,1,,,,,
3.361,LR,0.3945,,,,,
3.362,PCA,0.707106781186548,,,,,
3.362,K's tau,0.297441998810232,,,,,
3.362,Winsor,0.639500297441999,,,,,
3.362,Quad,0.408960630428405,,,,,
3.362,Ball,0,,,,,
3.362,Shell,1,,,,,
3.362,LR,0.394,,,,,
3.363,PCA,0.707106781186548,,,,,
3.363,K's tau,0.297353553374963,,,,,
3.363,Winsor,0.63931013975617,,,,,
3.363,Quad,0.408717454795054,,,,,
3.363,Ball,0,,,,,
3.363,Shell,1,,,,,
3.363,LR,0.3935,,,,,
3.364,PCA,0.707106781186548,,,,,
3.364,K's tau,0.297265160523187,,,,,
3.364,Winsor,0.639120095124851,,,,,
3.364,Quad,0.408474495992399,,,,,
3.364,Ball,0,,,,,
3.364,Shell,1,,,,,
3.364,LR,0.393,,,,,
3.365,PCA,0.707106781186548,,,,,
3.365,K's tau,0.297176820208024,,,,,
3.365,Winsor,0.638930163447251,,,,,
3.365,Quad,0.408231753762731,,,,,
3.365,Ball,0,,,,,
3.365,Shell,1,,,,,
3.365,LR,0.3925,,,,,
3.366,PCA,0.707106781186548,,,,,
3.366,K's tau,0.29708853238265,,,,,
3.366,Winsor,0.638740344622698,,,,,
3.366,Quad,0.407989227848723,,,,,
3.366,Ball,0,,,,,
3.366,Shell,1,,,,,
3.366,LR,0.392,,,,,
3.367,PCA,0.707106781186548,,,,,
3.367,K's tau,0.297000297000297,,,,,
3.367,Winsor,0.638550638550639,,,,,
3.367,Quad,0.407746917993428,,,,,
3.367,Ball,0,,,,,
3.367,Shell,1,,,,,
3.367,LR,0.3915,,,,,
3.368,PCA,0.707106781186548,,,,,
3.368,K's tau,0.296912114014252,,,,,
3.368,Winsor,0.638361045130641,,,,,
3.368,Quad,0.407504823940285,,,,,
3.368,Ball,0,,,,,
3.368,Shell,1,,,,,
3.368,LR,0.391,,,,,
3.369,PCA,0.707106781186548,,,,,
3.369,K's tau,0.296823983377857,,,,,
3.369,Winsor,0.638171564262392,,,,,
3.369,Quad,0.407262945433109,,,,,
3.369,Ball,0,,,,,
3.369,Shell,1,,,,,
3.369,LR,0.3905,,,,,
3.37,PCA,0.707106781186548,,,,,
3.37,K's tau,0.29673590504451,,,,,
3.37,Winsor,0.637982195845697,,,,,
3.37,Quad,0.407021282216098,,,,,
3.37,Ball,0,,,,,
3.37,Shell,1,,,,,
3.37,LR,0.39,,,,,
3.371,PCA,0.707106781186548,,,,,
3.371,K's tau,0.296647878967665,,,,,
3.371,Winsor,0.637792939780481,,,,,
3.371,Quad,0.406779834033828,,,,,
3.371,Ball,0,,,,,
3.371,Shell,1,,,,,
3.371,LR,0.3895,,,,,
3.372,PCA,0.707106781186548,,,,,
3.372,K's tau,0.29655990510083,,,,,
3.372,Winsor,0.637603795966785,,,,,
3.372,Quad,0.406538600631254,,,,,
3.372,Ball,0,,,,,
3.372,Shell,1,,,,,
3.372,LR,0.389,,,,,
3.373,PCA,0.707106781186548,,,,,
3.373,K's tau,0.296471983397569,,,,,
3.373,Winsor,0.637414764304773,,,,,
3.373,Quad,0.40629758175371,,,,,
3.373,Ball,0,,,,,
3.373,Shell,1,,,,,
3.373,LR,0.3885,,,,,
3.374,PCA,0.707106781186548,,,,,
3.374,K's tau,0.2963841138115,,,,,
3.374,Winsor,0.637225844694724,,,,,
3.374,Quad,0.406056777146905,,,,,
3.374,Ball,0,,,,,
3.374,Shell,1,,,,,
3.374,LR,0.388,,,,,
3.375,PCA,0.707106781186548,,,,,
3.375,K's tau,0.296296296296296,,,,,
3.375,Winsor,0.637037037037037,,,,,
3.375,Quad,0.405816186556927,,,,,
3.375,Ball,0,,,,,
3.375,Shell,1,,,,,
3.375,LR,0.3875,,,,,
3.376,PCA,0.707106781186548,,,,,
3.376,K's tau,0.296208530805687,,,,,
3.376,Winsor,0.636848341232227,,,,,
3.376,Quad,0.40557580973024,,,,,
3.376,Ball,0,,,,,
3.376,Shell,1,,,,,
3.376,LR,0.387,,,,,
3.377,PCA,0.707106781186548,,,,,
3.377,K's tau,0.296120817293456,,,,,
3.377,Winsor,0.63665975718093,,,,,
3.377,Quad,0.405335646413681,,,,,
3.377,Ball,0,,,,,
3.377,Shell,1,,,,,
3.377,LR,0.3865,,,,,
3.378,PCA,0.707106781186548,,,,,
3.378,K's tau,0.29603315571344,,,,,
3.378,Winsor,0.636471284783896,,,,,
3.378,Quad,0.405095696354463,,,,,
3.378,Ball,0,,,,,
3.378,Shell,1,,,,,
3.378,LR,0.386,,,,,
3.379,PCA,0.707106781186548,,,,,
3.379,K's tau,0.295945546019532,,,,,
3.379,Winsor,0.636282923941995,,,,,
3.379,Quad,0.404855959300174,,,,,
3.379,Ball,0,,,,,
3.379,Shell,1,,,,,
3.379,LR,0.3855,,,,,
3.38,PCA,0.707106781186548,,,,,
3.38,K's tau,0.29585798816568,,,,,
3.38,Winsor,0.636094674556213,,,,,
3.38,Quad,0.404616434998775,,,,,
3.38,Ball,0,,,,,
3.38,Shell,1,,,,,
3.38,LR,0.385,,,,,
3.381,PCA,0.707106781186548,,,,,
3.381,K's tau,0.295770482105886,,,,,
3.381,Winsor,0.635906536527655,,,,,
3.381,Quad,0.404377123198597,,,,,
3.381,Ball,0,,,,,
3.381,Shell,1,,,,,
3.381,LR,0.3845,,,,,
3.382,PCA,0.707106781186548,,,,,
3.382,K's tau,0.295683027794205,,,,,
3.382,Winsor,0.63571850975754,,,,,
3.382,Quad,0.404138023648348,,,,,
3.382,Ball,0,,,,,
3.382,Shell,1,,,,,
3.382,LR,0.384,,,,,
3.383,PCA,0.707106781186548,,,,,
3.383,K's tau,0.295595625184747,,,,,
3.383,Winsor,0.635530594147207,,,,,
3.383,Quad,0.403899136097101,,,,,
3.383,Ball,0,,,,,
3.383,Shell,1,,,,,
3.383,LR,0.3835,,,,,
3.384,PCA,0.707106781186548,,,,,
3.384,K's tau,0.295508274231679,,,,,
3.384,Winsor,0.635342789598109,,,,,
3.384,Quad,0.403660460294307,,,,,
3.384,Ball,0,,,,,
3.384,Shell,1,,,,,
3.384,LR,0.383,,,,,
3.385,PCA,0.707106781186548,,,,,
3.385,K's tau,0.295420974889217,,,,,
3.385,Winsor,0.635155096011817,,,,,
3.385,Quad,0.40342199598978,,,,,
3.385,Ball,0,,,,,
3.385,Shell,1,,,,,
3.385,LR,0.3825,,,,,
3.386,PCA,0.707106781186548,,,,,
3.386,K's tau,0.295333727111636,,,,,
3.386,Winsor,0.634967513290018,,,,,
3.386,Quad,0.403183742933709,,,,,
3.386,Ball,0,,,,,
3.386,Shell,1,,,,,
3.386,LR,0.382,,,,,
3.387,PCA,0.707106781186548,,,,,
3.387,K's tau,0.295246530853262,,,,,
3.387,Winsor,0.634780041334514,,,,,
3.387,Quad,0.402945700876648,,,,,
3.387,Ball,0,,,,,
3.387,Shell,1,,,,,
3.387,LR,0.3815,,,,,
3.388,PCA,0.707106781186548,,,,,
3.388,K's tau,0.295159386068477,,,,,
3.388,Winsor,0.634592680047225,,,,,
3.388,Quad,0.40270786956952,,,,,
3.388,Ball,0,,,,,
3.388,Shell,1,,,,,
3.388,LR,0.381,,,,,
3.389,PCA,0.707106781186548,,,,,
3.389,K's tau,0.295072292711714,,,,,
3.389,Winsor,0.634405429330186,,,,,
3.389,Quad,0.402470248763617,,,,,
3.389,Ball,0,,,,,
3.389,Shell,1,,,,,
3.389,LR,0.3805,,,,,
3.39,PCA,0.707106781186548,,,,,
3.39,K's tau,0.294985250737463,,,,,
3.39,Winsor,0.634218289085546,,,,,
3.39,Quad,0.402232838210597,,,,,
3.39,Ball,0,,,,,
3.39,Shell,1,,,,,
3.39,LR,0.38,,,,,
3.391,PCA,0.707106781186548,,,,,
3.391,K's tau,0.294898260100265,,,,,
3.391,Winsor,0.634031259215571,,,,,
3.391,Quad,0.401995637662482,,,,,
3.391,Ball,0,,,,,
3.391,Shell,1,,,,,
3.391,LR,0.3795,,,,,
3.392,PCA,0.707106781186548,,,,,
3.392,K's tau,0.294811320754717,,,,,
3.392,Winsor,0.633844339622642,,,,,
3.392,Quad,0.401758646871663,,,,,
3.392,Ball,0,,,,,
3.392,Shell,1,,,,,
3.392,LR,0.379,,,,,
3.393,PCA,0.707106781186548,,,,,
3.393,K's tau,0.294724432655467,,,,,
3.393,Winsor,0.633657530209254,,,,,
3.393,Quad,0.401521865590892,,,,,
3.393,Ball,0,,,,,
3.393,Shell,1,,,,,
3.393,LR,0.3785,,,,,
3.394,PCA,0.707106781186548,,,,,
3.394,K's tau,0.294637595757219,,,,,
3.394,Winsor,0.63347083087802,,,,,
3.394,Quad,0.401285293573289,,,,,
3.394,Ball,0,,,,,
3.394,Shell,1,,,,,
3.394,LR,0.378,,,,,
3.395,PCA,0.707106781186548,,,,,
3.395,K's tau,0.294550810014728,,,,,
3.395,Winsor,0.633284241531664,,,,,
3.395,Quad,0.401048930572335,,,,,
3.395,Ball,0,,,,,
3.395,Shell,1,,,,,
3.395,LR,0.3775,,,,,
3.396,PCA,0.707106781186548,,,,,
3.396,K's tau,0.294464075382803,,,,,
3.396,Winsor,0.633097762073027,,,,,
3.396,Quad,0.400812776341875,,,,,
3.396,Ball,0,,,,,
3.396,Shell,1,,,,,
3.396,LR,0.377,,,,,
3.397,PCA,0.707106781186548,,,,,
3.397,K's tau,0.294377391816309,,,,,
3.397,Winsor,0.632911392405063,,,,,
3.397,Quad,0.400576830636116,,,,,
3.397,Ball,0,,,,,
3.397,Shell,1,,,,,
3.397,LR,0.3765,,,,,
3.398,PCA,0.707106781186548,,,,,
3.398,K's tau,0.294290759270159,,,,,
3.398,Winsor,0.632725132430842,,,,,
3.398,Quad,0.400341093209626,,,,,
3.398,Ball,0,,,,,
3.398,Shell,1,,,,,
3.398,LR,0.376,,,,,
3.399,PCA,0.707106781186548,,,,,
3.399,K's tau,0.294204177699323,,,,,
3.399,Winsor,0.632538982053545,,,,,
3.399,Quad,0.400105563817335,,,,,
3.399,Ball,0,,,,,
3.399,Shell,1,,,,,
3.399,LR,0.3755,,,,,
3.4,PCA,0.707106781186548,,,,,
3.4,K's tau,0.294117647058824,,,,,
3.4,Winsor,0.632352941176471,,,,,
3.4,Quad,0.399870242214533,,,,,
3.4,Ball,0,,,,,
3.4,Shell,1,,,,,
3.4,LR,0.375,,,,,
3.401,PCA,0.707106781186548,,,,,
3.401,K's tau,0.294031167303734,,,,,
3.401,Winsor,0.632167009703029,,,,,
3.401,Quad,0.399635128156869,,,,,
3.401,Ball,0,,,,,
3.401,Shell,1,,,,,
3.401,LR,0.3745,,,,,
3.402,PCA,0.707106781186548,,,,,
3.402,K's tau,0.293944738389183,,,,,
3.402,Winsor,0.631981187536743,,,,,
3.402,Quad,0.399400221400352,,,,,
3.402,Ball,0,,,,,
3.402,Shell,1,,,,,
3.402,LR,0.374,,,,,
3.403,PCA,0.707106781186548,,,,,
3.403,K's tau,0.29385836027035,,,,,
3.403,Winsor,0.631795474581252,,,,,
3.403,Quad,0.399165521701349,,,,,
3.403,Ball,0,,,,,
3.403,Shell,1,,,,,
3.403,LR,0.3735,,,,,
3.404,PCA,0.707106781186548,,,,,
3.404,K's tau,0.293772032902468,,,,,
3.404,Winsor,0.631609870740306,,,,,
3.404,Quad,0.398931028816585,,,,,
3.404,Ball,0,,,,,
3.404,Shell,1,,,,,
3.404,LR,0.373,,,,,
3.405,PCA,0.707106781186548,,,,,
3.405,K's tau,0.293685756240822,,,,,
3.405,Winsor,0.631424375917768,,,,,
3.405,Quad,0.398696742503143,,,,,
3.405,Ball,0,,,,,
3.405,Shell,1,,,,,
3.405,LR,0.3725,,,,,
3.406,PCA,0.707106781186548,,,,,
3.406,K's tau,0.293599530240752,,,,,
3.406,Winsor,0.631238990017616,,,,,
3.406,Quad,0.39846266251846,,,,,
3.406,Ball,0,,,,,
3.406,Shell,1,,,,,
3.406,LR,0.372,,,,,
3.407,PCA,0.707106781186548,,,,,
3.407,K's tau,0.293513354857646,,,,,
3.407,Winsor,0.631053712943939,,,,,
3.407,Quad,0.398228788620331,,,,,
3.407,Ball,0,,,,,
3.407,Shell,1,,,,,
3.407,LR,0.3715,,,,,
3.408,PCA,0.707106781186548,,,,,
3.408,K's tau,0.293427230046948,,,,,
3.408,Winsor,0.630868544600939,,,,,
3.408,Quad,0.397995120566907,,,,,
3.408,Ball,0,,,,,
3.408,Shell,1,,,,,
3.408,LR,0.371,,,,,
3.409,PCA,0.707106781186548,,,,,
3.409,K's tau,0.293341155764154,,,,,
3.409,Winsor,0.630683484892931,,,,,
3.409,Quad,0.397761658116691,,,,,
3.409,Ball,0,,,,,
3.409,Shell,1,,,,,
3.409,LR,0.3705,,,,,
3.41,PCA,0.707106781186548,,,,,
3.41,K's tau,0.293255131964809,,,,,
3.41,Winsor,0.63049853372434,,,,,
3.41,Quad,0.397528401028543,,,,,
3.41,Ball,0,,,,,
3.41,Shell,1,,,,,
3.41,LR,0.37,,,,,
3.411,PCA,0.707106781186548,,,,,
3.411,K's tau,0.293169158604515,,,,,
3.411,Winsor,0.630313690999707,,,,,
3.411,Quad,0.397295349061674,,,,,
3.411,Ball,0,,,,,
3.411,Shell,1,,,,,
3.411,LR,0.3695,,,,,
3.412,PCA,0.707106781186548,,,,,
3.412,K's tau,0.293083235638921,,,,,
3.412,Winsor,0.630128956623681,,,,,
3.412,Quad,0.397062501975649,,,,,
3.412,Ball,0,,,,,
3.412,Shell,1,,,,,
3.412,LR,0.369,,,,,
3.413,PCA,0.707106781186548,,,,,
3.413,K's tau,0.292997363023733,,,,,
3.413,Winsor,0.629944330501026,,,,,
3.413,Quad,0.396829859530385,,,,,
3.413,Ball,0,,,,,
3.413,Shell,1,,,,,
3.413,LR,0.3685,,,,,
3.414,PCA,0.707106781186548,,,,,
3.414,K's tau,0.292911540714704,,,,,
3.414,Winsor,0.629759812536614,,,,,
3.414,Quad,0.396597421486151,,,,,
3.414,Ball,0,,,,,
3.414,Shell,1,,,,,
3.414,LR,0.368,,,,,
3.415,PCA,0.707106781186548,,,,,
3.415,K's tau,0.292825768667643,,,,,
3.415,Winsor,0.629575402635432,,,,,
3.415,Quad,0.396365187603566,,,,,
3.415,Ball,0,,,,,
3.415,Shell,1,,,,,
3.415,LR,0.3675,,,,,
3.416,PCA,0.707106781186548,,,,,
3.416,K's tau,0.292740046838408,,,,,
3.416,Winsor,0.629391100702576,,,,,
3.416,Quad,0.3961331576436,,,,,
3.416,Ball,0,,,,,
3.416,Shell,1,,,,,
3.416,LR,0.367,,,,,
3.417,PCA,0.707106781186548,,,,,
3.417,K's tau,0.292654375182909,,,,,
3.417,Winsor,0.629206906643254,,,,,
3.417,Quad,0.395901331367573,,,,,
3.417,Ball,0,,,,,
3.417,Shell,1,,,,,
3.417,LR,0.3665,,,,,
3.418,PCA,0.707106781186548,,,,,
3.418,K's tau,0.292568753657109,,,,,
3.418,Winsor,0.629022820362785,,,,,
3.418,Quad,0.395669708537153,,,,,
3.418,Ball,0,,,,,
3.418,Shell,1,,,,,
3.418,LR,0.366,,,,,
3.419,PCA,0.707106781186548,,,,,
3.419,K's tau,0.292483182217023,,,,,
3.419,Winsor,0.628838841766599,,,,,
3.419,Quad,0.395438288914357,,,,,
3.419,Ball,0,,,,,
3.419,Shell,1,,,,,
3.419,LR,0.3655,,,,,
3.42,PCA,0.707106781186548,,,,,
3.42,K's tau,0.292397660818713,,,,,
3.42,Winsor,0.628654970760234,,,,,
3.42,Quad,0.395207072261551,,,,,
3.42,Ball,0,,,,,
3.42,Shell,1,,,,,
3.42,LR,0.365,,,,,
3.421,PCA,0.707106781186548,,,,,
3.421,K's tau,0.292312189418299,,,,,
3.421,Winsor,0.628471207249342,,,,,
3.421,Quad,0.394976058341446,,,,,
3.421,Ball,0,,,,,
3.421,Shell,1,,,,,
3.421,LR,0.3645,,,,,
3.422,PCA,0.707106781186548,,,,,
3.422,K's tau,0.292226767971946,,,,,
3.422,Winsor,0.628287551139684,,,,,
3.422,Quad,0.394745246917102,,,,,
3.422,Ball,0,,,,,
3.422,Shell,1,,,,,
3.422,LR,0.364,,,,,
3.423,PCA,0.707106781186548,,,,,
3.423,K's tau,0.292141396435875,,,,,
3.423,Winsor,0.628104002337131,,,,,
3.423,Quad,0.394514637751923,,,,,
3.423,Ball,0,,,,,
3.423,Shell,1,,,,,
3.423,LR,0.3635,,,,,
3.424,PCA,0.707106781186548,,,,,
3.424,K's tau,0.292056074766355,,,,,
3.424,Winsor,0.627920560747664,,,,,
3.424,Quad,0.39428423060966,,,,,
3.424,Ball,0,,,,,
3.424,Shell,1,,,,,
3.424,LR,0.363,,,,,
3.425,PCA,0.707106781186548,,,,,
3.425,K's tau,0.291970802919708,,,,,
3.425,Winsor,0.627737226277372,,,,,
3.425,Quad,0.394054025254409,,,,,
3.425,Ball,0,,,,,
3.425,Shell,1,,,,,
3.425,LR,0.3625,,,,,
3.426,PCA,0.707106781186548,,,,,
3.426,K's tau,0.291885580852306,,,,,
3.426,Winsor,0.627553998832458,,,,,
3.426,Quad,0.393824021450608,,,,,
3.426,Ball,0,,,,,
3.426,Shell,1,,,,,
3.426,LR,0.362,,,,,
3.427,PCA,0.707106781186548,,,,,
3.427,K's tau,0.291800408520572,,,,,
3.427,Winsor,0.62737087831923,,,,,
3.427,Quad,0.393594218963042,,,,,
3.427,Ball,0,,,,,
3.427,Shell,1,,,,,
3.427,LR,0.3615,,,,,
3.428,PCA,0.707106781186548,,,,,
3.428,K's tau,0.29171528588098,,,,,
3.428,Winsor,0.627187864644107,,,,,
3.428,Quad,0.393364617556835,,,,,
3.428,Ball,0,,,,,
3.428,Shell,1,,,,,
3.428,LR,0.361,,,,,
3.429,PCA,0.707106781186548,,,,,
3.429,K's tau,0.291630212890055,,,,,
3.429,Winsor,0.627004957713619,,,,,
3.429,Quad,0.393135216997457,,,,,
3.429,Ball,0,,,,,
3.429,Shell,1,,,,,
3.429,LR,0.3605,,,,,
3.43,PCA,0.707106781186548,,,,,
3.43,K's tau,0.291545189504373,,,,,
3.43,Winsor,0.626822157434402,,,,,
3.43,Quad,0.392906017050719,,,,,
3.43,Ball,0,,,,,
3.43,Shell,1,,,,,
3.43,LR,0.36,,,,,
3.431,PCA,0.707106781186548,,,,,
3.431,K's tau,0.29146021568056,,,,,
3.431,Winsor,0.626639463713203,,,,,
3.431,Quad,0.392677017482771,,,,,
3.431,Ball,0,,,,,
3.431,Shell,1,,,,,
3.431,LR,0.3595,,,,,
3.432,PCA,0.707106781186548,,,,,
3.432,K's tau,0.291375291375291,,,,,
3.432,Winsor,0.626456876456876,,,,,
3.432,Quad,0.392448218060106,,,,,
3.432,Ball,0,,,,,
3.432,Shell,1,,,,,
3.432,LR,0.359,,,,,
3.433,PCA,0.707106781186548,,,,,
3.433,K's tau,0.291290416545296,,,,,
3.433,Winsor,0.626274395572386,,,,,
3.433,Quad,0.392219618549557,,,,,
3.433,Ball,0,,,,,
3.433,Shell,1,,,,,
3.433,LR,0.3585,,,,,
3.434,PCA,0.707106781186548,,,,,
3.434,K's tau,0.29120559114735,,,,,
3.434,Winsor,0.626092020966803,,,,,
3.434,Quad,0.391991218718295,,,,,
3.434,Ball,0,,,,,
3.434,Shell,1,,,,,
3.434,LR,0.358,,,,,
3.435,PCA,0.707106781186548,,,,,
3.435,K's tau,0.291120815138282,,,,,
3.435,Winsor,0.625909752547307,,,,,
3.435,Quad,0.391763018333831,,,,,
3.435,Ball,0,,,,,
3.435,Shell,1,,,,,
3.435,LR,0.3575,,,,,
3.436,PCA,0.707106781186548,,,,,
3.436,K's tau,0.291036088474971,,,,,
3.436,Winsor,0.625727590221187,,,,,
3.436,Quad,0.391535017164014,,,,,
3.436,Ball,0,,,,,
3.436,Shell,1,,,,,
3.436,LR,0.357,,,,,
3.437,PCA,0.707106781186548,,,,,
3.437,K's tau,0.290951411114344,,,,,
3.437,Winsor,0.625545533895839,,,,,
3.437,Quad,0.391307214977031,,,,,
3.437,Ball,0,,,,,
3.437,Shell,1,,,,,
3.437,LR,0.3565,,,,,
3.438,PCA,0.707106781186548,,,,,
3.438,K's tau,0.29086678301338,,,,,
3.438,Winsor,0.625363583478767,,,,,
3.438,Quad,0.391079611541405,,,,,
3.438,Ball,0,,,,,
3.438,Shell,1,,,,,
3.438,LR,0.356,,,,,
3.439,PCA,0.707106781186548,,,,,
3.439,K's tau,0.290782204129107,,,,,
3.439,Winsor,0.625181738877581,,,,,
3.439,Quad,0.390852206625995,,,,,
3.439,Ball,0,,,,,
3.439,Shell,1,,,,,
3.439,LR,0.3555,,,,,
3.44,PCA,0.707106781186548,,,,,
3.44,K's tau,0.290697674418605,,,,,
3.44,Winsor,0.625,,,,,
3.44,Quad,0.390625,,,,,
3.44,Ball,0,,,,,
3.44,Shell,1,,,,,
3.44,LR,0.355,,,,,
3.441,PCA,0.707106781186548,,,,,
3.441,K's tau,0.290613193839,,,,,
3.441,Winsor,0.624818366753851,,,,,
3.441,Quad,0.390397991432949,,,,,
3.441,Ball,0,,,,,
3.441,Shell,1,,,,,
3.441,LR,0.3545,,,,,
3.442,PCA,0.707106781186548,,,,,
3.442,K's tau,0.290528762347472,,,,,
3.442,Winsor,0.624636839047066,,,,,
3.442,Quad,0.39017118069471,,,,,
3.442,Ball,0,,,,,
3.442,Shell,1,,,,,
3.442,LR,0.354,,,,,
3.443,PCA,0.707106781186548,,,,,
3.443,K's tau,0.290444379901249,,,,,
3.443,Winsor,0.624455416787685,,,,,
3.443,Quad,0.389944567555482,,,,,
3.443,Ball,0,,,,,
3.443,Shell,1,,,,,
3.443,LR,0.3535,,,,,
3.444,PCA,0.707106781186548,,,,,
3.444,K's tau,0.290360046457607,,,,,
3.444,Winsor,0.624274099883856,,,,,
3.444,Quad,0.389718151785799,,,,,
3.444,Ball,0,,,,,
3.444,Shell,1,,,,,
3.444,LR,0.353,,,,,
3.445,PCA,0.707106781186548,,,,,
3.445,K's tau,0.290275761973875,,,,,
3.445,Winsor,0.624092888243832,,,,,
3.445,Quad,0.389491933156528,,,,,
3.445,Ball,0,,,,,
3.445,Shell,1,,,,,
3.445,LR,0.3525,,,,,
3.446,PCA,0.707106781186548,,,,,
3.446,K's tau,0.290191526407429,,,,,
3.446,Winsor,0.623911781775972,,,,,
3.446,Quad,0.389265911438868,,,,,
3.446,Ball,0,,,,,
3.446,Shell,1,,,,,
3.446,LR,0.352,,,,,
3.447,PCA,0.707106781186548,,,,,
3.447,K's tau,0.290107339715695,,,,,
3.447,Winsor,0.623730780388744,,,,,
3.447,Quad,0.389040086404351,,,,,
3.447,Ball,0,,,,,
3.447,Shell,1,,,,,
3.447,LR,0.3515,,,,,
3.448,PCA,0.707106781186548,,,,,
3.448,K's tau,0.290023201856148,,,,,
3.448,Winsor,0.623549883990719,,,,,
3.448,Quad,0.388814457824839,,,,,
3.448,Ball,0,,,,,
3.448,Shell,1,,,,,
3.448,LR,0.351,,,,,
3.449,PCA,0.707106781186548,,,,,
3.449,K's tau,0.289939112786315,,,,,
3.449,Winsor,0.623369092490577,,,,,
3.449,Quad,0.388589025472526,,,,,
3.449,Ball,0,,,,,
3.449,Shell,1,,,,,
3.449,LR,0.3505,,,,,
3.45,PCA,0.707106781186548,,,,,
3.45,K's tau,0.289855072463768,,,,,
3.45,Winsor,0.623188405797102,,,,,
3.45,Quad,0.388363789119933,,,,,
3.45,Ball,0,,,,,
3.45,Shell,1,,,,,
3.45,LR,0.35,,,,,
3.451,PCA,0.707106781186548,,,,,
3.451,K's tau,0.289771080846132,,,,,
3.451,Winsor,0.623007823819183,,,,,
3.451,Quad,0.388138748539914,,,,,
3.451,Ball,0,,,,,
3.451,Shell,0,,,,,
3.451,LR,0.3495,,,,,
3.452,PCA,0.707106781186548,,,,,
3.452,K's tau,0.289687137891078,,,,,
3.452,Winsor,0.622827346465817,,,,,
3.452,Quad,0.387913903505651,,,,,
3.452,Ball,0,,,,,
3.452,Shell,0,,,,,
3.452,LR,0.349,,,,,
3.453,PCA,0.707106781186548,,,,,
3.453,K's tau,0.289603243556328,,,,,
3.453,Winsor,0.622646973646105,,,,,
3.453,Quad,0.387689253790653,,,,,
3.453,Ball,0,,,,,
3.453,Shell,0,,,,,
3.453,LR,0.3485,,,,,
3.454,PCA,0.707106781186548,,,,,
3.454,K's tau,0.289519397799653,,,,,
3.454,Winsor,0.622466705269253,,,,,
3.454,Quad,0.387464799168759,,,,,
3.454,Ball,0,,,,,
3.454,Shell,0,,,,,
3.454,LR,0.348,,,,,
3.455,PCA,0.707106781186548,,,,,
3.455,K's tau,0.289435600578871,,,,,
3.455,Winsor,0.622286541244573,,,,,
3.455,Quad,0.387240539414134,,,,,
3.455,Ball,0,,,,,
3.455,Shell,0,,,,,
3.455,LR,0.3475,,,,,
3.456,PCA,0.707106781186548,,,,,
3.456,K's tau,0.289351851851852,,,,,
3.456,Winsor,0.622106481481482,,,,,
3.456,Quad,0.387016474301269,,,,,
3.456,Ball,0,,,,,
3.456,Shell,0,,,,,
3.456,LR,0.347,,,,,
3.457,PCA,0.707106781186548,,,,,
3.457,K's tau,0.289268151576511,,,,,
3.457,Winsor,0.6219265258895,,,,,
3.457,Quad,0.386792603604982,,,,,
3.457,Ball,0,,,,,
3.457,Shell,0,,,,,
3.457,LR,0.3465,,,,,
3.458,PCA,0.707106781186548,,,,,
3.458,K's tau,0.289184499710816,,,,,
3.458,Winsor,0.621746674378253,,,,,
3.458,Quad,0.386568927100418,,,,,
3.458,Ball,0,,,,,
3.458,Shell,0,,,,,
3.458,LR,0.346,,,,,
3.459,PCA,0.707106781186548,,,,,
3.459,K's tau,0.289100896212778,,,,,
3.459,Winsor,0.621566926857473,,,,,
3.459,Quad,0.386345444563043,,,,,
3.459,Ball,0,,,,,
3.459,Shell,0,,,,,
3.459,LR,0.3455,,,,,
3.46,PCA,0.707106781186548,,,,,
3.46,K's tau,0.289017341040462,,,,,
3.46,Winsor,0.621387283236994,,,,,
3.46,Quad,0.386122155768652,,,,,
3.46,Ball,0,,,,,
3.46,Shell,0,,,,,
3.46,LR,0.345,,,,,
3.461,PCA,0.707106781186548,,,,,
3.461,K's tau,0.288933834151979,,,,,
3.461,Winsor,0.621207743426755,,,,,
3.461,Quad,0.385899060493361,,,,,
3.461,Ball,0,,,,,
3.461,Shell,0,,,,,
3.461,LR,0.3445,,,,,
3.462,PCA,0.707106781186548,,,,,
3.462,K's tau,0.288850375505488,,,,,
3.462,Winsor,0.6210283073368,,,,,
3.462,Quad,0.38567615851361,,,,,
3.462,Ball,0,,,,,
3.462,Shell,0,,,,,
3.462,LR,0.344,,,,,
3.463,PCA,0.707106781186548,,,,,
3.463,K's tau,0.288766965059197,,,,,
3.463,Winsor,0.620848974877274,,,,,
3.463,Quad,0.385453449606162,,,,,
3.463,Ball,0,,,,,
3.463,Shell,0,,,,,
3.463,LR,0.3435,,,,,
3.464,PCA,0.707106781186548,,,,,
3.464,K's tau,0.288683602771363,,,,,
3.464,Winsor,0.62066974595843,,,,,
3.464,Quad,0.385230933548102,,,,,
3.464,Ball,0,,,,,
3.464,Shell,0,,,,,
3.464,LR,0.343,,,,,
3.465,PCA,0.707106781186548,,,,,
3.465,K's tau,0.288600288600289,,,,,
3.465,Winsor,0.620490620490621,,,,,
3.465,Quad,0.385008610116835,,,,,
3.465,Ball,0,,,,,
3.465,Shell,0,,,,,
3.465,LR,0.3425,,,,,
3.466,PCA,0.707106781186548,,,,,
3.466,K's tau,0.288517022504328,,,,,
3.466,Winsor,0.620311598384305,,,,,
3.466,Quad,0.384786479090091,,,,,
3.466,Ball,0,,,,,
3.466,Shell,0,,,,,
3.466,LR,0.342,,,,,
3.467,PCA,0.707106781186548,,,,,
3.467,K's tau,0.288433804441881,,,,,
3.467,Winsor,0.620132679550043,,,,,
3.467,Quad,0.384564540245917,,,,,
3.467,Ball,0,,,,,
3.467,Shell,0,,,,,
3.467,LR,0.3415,,,,,
3.468,PCA,0.707106781186548,,,,,
3.468,K's tau,0.288350634371396,,,,,
3.468,Winsor,0.619953863898501,,,,,
3.468,Quad,0.384342793362681,,,,,
3.468,Ball,0,,,,,
3.468,Shell,0,,,,,
3.468,LR,0.341,,,,,
3.469,PCA,0.707106781186548,,,,,
3.469,K's tau,0.288267512251369,,,,,
3.469,Winsor,0.619775151340444,,,,,
3.469,Quad,0.38412123821907,,,,,
3.469,Ball,0,,,,,
3.469,Shell,0,,,,,
3.469,LR,0.3405,,,,,
3.47,PCA,0.707106781186548,,,,,
3.47,K's tau,0.288184438040346,,,,,
3.47,Winsor,0.619596541786744,,,,,
3.47,Quad,0.383899874594092,,,,,
3.47,Ball,0,,,,,
3.47,Shell,0,,,,,
3.47,LR,0.34,,,,,
3.471,PCA,0.707106781186548,,,,,
3.471,K's tau,0.288101411696917,,,,,
3.471,Winsor,0.619418035148372,,,,,
3.471,Quad,0.38367870226707,,,,,
3.471,Ball,0,,,,,
3.471,Shell,0,,,,,
3.471,LR,0.3395,,,,,
3.472,PCA,0.707106781186548,,,,,
3.472,K's tau,0.288018433179724,,,,,
3.472,Winsor,0.619239631336406,,,,,
3.472,Quad,0.383457721017647,,,,,
3.472,Ball,0,,,,,
3.472,Shell,0,,,,,
3.472,LR,0.339,,,,,
3.473,PCA,0.707106781186548,,,,,
3.473,K's tau,0.287935502447452,,,,,
3.473,Winsor,0.619061330262021,,,,,
3.473,Quad,0.383236930625783,,,,,
3.473,Ball,0,,,,,
3.473,Shell,0,,,,,
3.473,LR,0.3385,,,,,
3.474,PCA,0.707106781186548,,,,,
3.474,K's tau,0.287852619458837,,,,,
3.474,Winsor,0.6188831318365,,,,,
3.474,Quad,0.383016330871754,,,,,
3.474,Ball,0,,,,,
3.474,Shell,0,,,,,
3.474,LR,0.338,,,,,
3.475,PCA,0.707106781186548,,,,,
3.475,K's tau,0.287769784172662,,,,,
3.475,Winsor,0.618705035971223,,,,,
3.475,Quad,0.382795921536152,,,,,
3.475,Ball,0,,,,,
3.475,Shell,0,,,,,
3.475,LR,0.3375,,,,,
3.476,PCA,0.707106781186548,,,,,
3.476,K's tau,0.287686996547756,,,,,
3.476,Winsor,0.618527042577675,,,,,
3.476,Quad,0.382575702399886,,,,,
3.476,Ball,0,,,,,
3.476,Shell,0,,,,,
3.476,LR,0.337,,,,,
3.477,PCA,0.707106781186548,,,,,
3.477,K's tau,0.287604256542997,,,,,
3.477,Winsor,0.618349151567443,,,,,
3.477,Quad,0.382355673244177,,,,,
3.477,Ball,0,,,,,
3.477,Shell,0,,,,,
3.477,LR,0.3365,,,,,
3.478,PCA,0.707106781186548,,,,,
3.478,K's tau,0.287521564117309,,,,,
3.478,Winsor,0.618171362852214,,,,,
3.478,Quad,0.382135833850564,,,,,
3.478,Ball,0,,,,,
3.478,Shell,0,,,,,
3.478,LR,0.336,,,,,
3.479,PCA,0.707106781186548,,,,,
3.479,K's tau,0.287438919229664,,,,,
3.479,Winsor,0.617993676343777,,,,,
3.479,Quad,0.381916184000897,,,,,
3.479,Ball,0,,,,,
3.479,Shell,0,,,,,
3.479,LR,0.3355,,,,,
3.48,PCA,0.707106781186548,,,,,
3.48,K's tau,0.28735632183908,,,,,
3.48,Winsor,0.617816091954023,,,,,
3.48,Quad,0.381696723477342,,,,,
3.48,Ball,0,,,,,
3.48,Shell,0,,,,,
3.48,LR,0.335,,,,,
3.481,PCA,0.707106781186548,,,,,
3.481,K's tau,0.287273771904625,,,,,
3.481,Winsor,0.617638609594944,,,,,
3.481,Quad,0.381477452062376,,,,,
3.481,Ball,0,,,,,
3.481,Shell,0,,,,,
3.481,LR,0.3345,,,,,
3.482,PCA,0.707106781186548,,,,,
3.482,K's tau,0.287191269385411,,,,,
3.482,Winsor,0.617461229178633,,,,,
3.482,Quad,0.381258369538788,,,,,
3.482,Ball,0,,,,,
3.482,Shell,0,,,,,
3.482,LR,0.334,,,,,
3.483,PCA,0.707106781186548,,,,,
3.483,K's tau,0.287108814240597,,,,,
3.483,Winsor,0.617283950617284,,,,,
3.483,Quad,0.381039475689682,,,,,
3.483,Ball,0,,,,,
3.483,Shell,0,,,,,
3.483,LR,0.3335,,,,,
3.484,PCA,0.707106781186548,,,,,
3.484,K's tau,0.287026406429392,,,,,
3.484,Winsor,0.617106773823192,,,,,
3.484,Quad,0.380820770298468,,,,,
3.484,Ball,0,,,,,
3.484,Shell,0,,,,,
3.484,LR,0.333,,,,,
3.485,PCA,0.707106781186548,,,,,
3.485,K's tau,0.286944045911047,,,,,
3.485,Winsor,0.616929698708752,,,,,
3.485,Quad,0.380602253148871,,,,,
3.485,Ball,0,,,,,
3.485,Shell,0,,,,,
3.485,LR,0.3325,,,,,
3.486,PCA,0.707106781186548,,,,,
3.486,K's tau,0.286861732644865,,,,,
3.486,Winsor,0.61675272518646,,,,,
3.486,Quad,0.380383924024925,,,,,
3.486,Ball,0,,,,,
3.486,Shell,0,,,,,
3.486,LR,0.332,,,,,
3.487,PCA,0.707106781186548,,,,,
3.487,K's tau,0.286779466590192,,,,,
3.487,Winsor,0.616575853168913,,,,,
3.487,Quad,0.380165782710973,,,,,
3.487,Ball,0,,,,,
3.487,Shell,0,,,,,
3.487,LR,0.3315,,,,,
3.488,PCA,0.707106781186548,,,,,
3.488,K's tau,0.286697247706422,,,,,
3.488,Winsor,0.616399082568807,,,,,
3.488,Quad,0.379947828991667,,,,,
3.488,Ball,0,,,,,
3.488,Shell,0,,,,,
3.488,LR,0.331,,,,,
3.489,PCA,0.707106781186548,,,,,
3.489,K's tau,0.286615075952995,,,,,
3.489,Winsor,0.61622241329894,,,,,
3.489,Quad,0.379730062651969,,,,,
3.489,Ball,0,,,,,
3.489,Shell,0,,,,,
3.489,LR,0.3305,,,,,
3.49,PCA,0.707106781186548,,,,,
3.49,K's tau,0.286532951289398,,,,,
3.49,Winsor,0.616045845272206,,,,,
3.49,Quad,0.379512483477147,,,,,
3.49,Ball,0,,,,,
3.49,Shell,0,,,,,
3.49,LR,0.33,,,,,
3.491,PCA,0.707106781186548,,,,,
3.491,K's tau,0.286450873675165,,,,,
3.491,Winsor,0.615869378401604,,,,,
3.491,Quad,0.379295091252778,,,,,
3.491,Ball,0,,,,,
3.491,Shell,0,,,,,
3.491,LR,0.3295,,,,,
3.492,PCA,0.707106781186548,,,,,
3.492,K's tau,0.286368843069874,,,,,
3.492,Winsor,0.615693012600229,,,,,
3.492,Quad,0.379077885764746,,,,,
3.492,Ball,0,,,,,
3.492,Shell,0,,,,,
3.492,LR,0.329,,,,,
3.493,PCA,0.707106781186548,,,,,
3.493,K's tau,0.286286859433152,,,,,
3.493,Winsor,0.615516747781277,,,,,
3.493,Quad,0.37886086679924,,,,,
3.493,Ball,0,,,,,
3.493,Shell,0,,,,,
3.493,LR,0.3285,,,,,
3.494,PCA,0.707106781186548,,,,,
3.494,K's tau,0.286204922724671,,,,,
3.494,Winsor,0.615340583858042,,,,,
3.494,Quad,0.378644034142757,,,,,
3.494,Ball,0,,,,,
3.494,Shell,0,,,,,
3.494,LR,0.328,,,,,
3.495,PCA,0.707106781186548,,,,,
3.495,K's tau,0.286123032904149,,,,,
3.495,Winsor,0.61516452074392,,,,,
3.495,Quad,0.378427387582097,,,,,
3.495,Ball,0,,,,,
3.495,Shell,0,,,,,
3.495,LR,0.3275,,,,,
3.496,PCA,0.707106781186548,,,,,
3.496,K's tau,0.28604118993135,,,,,
3.496,Winsor,0.614988558352403,,,,,
3.496,Quad,0.378210926904367,,,,,
3.496,Ball,0,,,,,
3.496,Shell,0,,,,,
3.496,LR,0.327,,,,,
3.497,PCA,0.707106781186548,,,,,
3.497,K's tau,0.285959393766085,,,,,
3.497,Winsor,0.614812696597083,,,,,
3.497,Quad,0.377994651896977,,,,,
3.497,Ball,0,,,,,
3.497,Shell,0,,,,,
3.497,LR,0.3265,,,,,
3.498,PCA,0.707106781186548,,,,,
3.498,K's tau,0.28587764436821,,,,,
3.498,Winsor,0.614636935391653,,,,,
3.498,Quad,0.377778562347642,,,,,
3.498,Ball,0,,,,,
3.498,Shell,0,,,,,
3.498,LR,0.326,,,,,
3.499,PCA,0.707106781186548,,,,,
3.499,K's tau,0.285795941697628,,,,,
3.499,Winsor,0.6144612746499,,,,,
3.499,Quad,0.37756265804438,,,,,
3.499,Ball,0,,,,,
3.499,Shell,0,,,,,
3.499,LR,0.3255,,,,,
3.5,PCA,0.707106781186548,,,,,
3.5,K's tau,0.285714285714286,,,,,
3.5,Winsor,0.614285714285714,,,,,
3.5,Quad,0.37734693877551,,,,,
3.5,Ball,0,,,,,
3.5,Shell,0,,,,,
3.5,LR,0.325,,,,,
3.501,PCA,0.707106781186548,,,,,
3.501,K's tau,0.285632676378178,,,,,
3.501,Winsor,0.614110254213082,,,,,
3.501,Quad,0.377131404329656,,,,,
3.501,Ball,0,,,,,
3.501,Shell,0,,,,,
3.501,LR,0.3245,,,,,
3.502,PCA,0.707106781186548,,,,,
3.502,K's tau,0.285551113649343,,,,,
3.502,Winsor,0.613934894346088,,,,,
3.502,Quad,0.376916054495742,,,,,
3.502,Ball,0,,,,,
3.502,Shell,0,,,,,
3.502,LR,0.324,,,,,
3.503,PCA,0.707106781186548,,,,,
3.503,K's tau,0.285469597487868,,,,,
3.503,Winsor,0.613759634598915,,,,,
3.503,Quad,0.376700889062994,,,,,
3.503,Ball,0,,,,,
3.503,Shell,0,,,,,
3.503,LR,0.3235,,,,,
3.504,PCA,0.707106781186548,,,,,
3.504,K's tau,0.285388127853881,,,,,
3.504,Winsor,0.613584474885845,,,,,
3.504,Quad,0.376485907820938,,,,,
3.504,Ball,0,,,,,
3.504,Shell,0,,,,,
3.504,LR,0.323,,,,,
3.505,PCA,0.707106781186548,,,,,
3.505,K's tau,0.285306704707561,,,,,
3.505,Winsor,0.613409415121255,,,,,
3.505,Quad,0.376271110559401,,,,,
3.505,Ball,0,,,,,
3.505,Shell,0,,,,,
3.505,LR,0.3225,,,,,
3.506,PCA,0.707106781186548,,,,,
3.506,K's tau,0.285225328009127,,,,,
3.506,Winsor,0.613234455219624,,,,,
3.506,Quad,0.376056497068509,,,,,
3.506,Ball,0,,,,,
3.506,Shell,0,,,,,
3.506,LR,0.322,,,,,
3.507,PCA,0.707106781186548,,,,,
3.507,K's tau,0.285143997718848,,,,,
3.507,Winsor,0.613059595095523,,,,,
3.507,Quad,0.375842067138687,,,,,
3.507,Ball,0,,,,,
3.507,Shell,0,,,,,
3.507,LR,0.3215,,,,,
3.508,PCA,0.707106781186548,,,,,
3.508,K's tau,0.285062713797035,,,,,
3.508,Winsor,0.612884834663626,,,,,
3.508,Quad,0.37562782056066,,,,,
3.508,Ball,0,,,,,
3.508,Shell,0,,,,,
3.508,LR,0.321,,,,,
3.509,PCA,0.707106781186548,,,,,
3.509,K's tau,0.284981476204047,,,,,
3.509,Winsor,0.612710173838701,,,,,
3.509,Quad,0.375413757125451,,,,,
3.509,Ball,0,,,,,
3.509,Shell,0,,,,,
3.509,LR,0.3205,,,,,
3.51,PCA,0.707106781186548,,,,,
3.51,K's tau,0.284900284900285,,,,,
3.51,Winsor,0.612535612535613,,,,,
3.51,Quad,0.375199876624378,,,,,
3.51,Ball,0,,,,,
3.51,Shell,0,,,,,
3.51,LR,0.32,,,,,
3.511,PCA,0.707106781186548,,,,,
3.511,K's tau,0.284819139846198,,,,,
3.511,Winsor,0.612361150669325,,,,,
3.511,Quad,0.37498617884906,,,,,
3.511,Ball,0,,,,,
3.511,Shell,0,,,,,
3.511,LR,0.3195,,,,,
3.512,PCA,0.707106781186548,,,,,
3.512,K's tau,0.284738041002278,,,,,
3.512,Winsor,0.612186788154897,,,,,
3.512,Quad,0.374772663591409,,,,,
3.512,Ball,0,,,,,
3.512,Shell,0,,,,,
3.512,LR,0.319,,,,,
3.513,PCA,0.707106781186548,,,,,
3.513,K's tau,0.284656988329064,,,,,
3.513,Winsor,0.612012524907487,,,,,
3.513,Quad,0.374559330643637,,,,,
3.513,Ball,0,,,,,
3.513,Shell,0,,,,,
3.513,LR,0.3185,,,,,
3.514,PCA,0.707106781186548,,,,,
3.514,K's tau,0.284575981787137,,,,,
3.514,Winsor,0.611838360842345,,,,,
3.514,Quad,0.374346179798247,,,,,
3.514,Ball,0,,,,,
3.514,Shell,0,,,,,
3.514,LR,0.318,,,,,
3.515,PCA,0.707106781186548,,,,,
3.515,K's tau,0.284495021337127,,,,,
3.515,Winsor,0.611664295874822,,,,,
3.515,Quad,0.374133210848042,,,,,
3.515,Ball,0,,,,,
3.515,Shell,0,,,,,
3.515,LR,0.3175,,,,,
3.516,PCA,0.707106781186548,,,,,
3.516,K's tau,0.284414106939704,,,,,
3.516,Winsor,0.611490329920364,,,,,
3.516,Quad,0.373920423586116,,,,,
3.516,Ball,0,,,,,
3.516,Shell,0,,,,,
3.516,LR,0.317,,,,,
3.517,PCA,0.707106781186548,,,,,
3.517,K's tau,0.284333238555587,,,,,
3.517,Winsor,0.611316462894512,,,,,
3.517,Quad,0.373707817805858,,,,,
3.517,Ball,0,,,,,
3.517,Shell,0,,,,,
3.517,LR,0.3165,,,,,
3.518,PCA,0.707106781186548,,,,,
3.518,K's tau,0.284252416145537,,,,,
3.518,Winsor,0.611142694712905,,,,,
3.518,Quad,0.373495393300951,,,,,
3.518,Ball,0,,,,,
3.518,Shell,0,,,,,
3.518,LR,0.316,,,,,
3.519,PCA,0.707106781186548,,,,,
3.519,K's tau,0.284171639670361,,,,,
3.519,Winsor,0.610969025291276,,,,,
3.519,Quad,0.373283149865372,,,,,
3.519,Ball,0,,,,,
3.519,Shell,0,,,,,
3.519,LR,0.3155,,,,,
3.52,PCA,0.707106781186548,,,,,
3.52,K's tau,0.284090909090909,,,,,
3.52,Winsor,0.610795454545455,,,,,
3.52,Quad,0.373071087293388,,,,,
3.52,Ball,0,,,,,
3.52,Shell,0,,,,,
3.52,LR,0.315,,,,,
3.521,PCA,0.707106781186548,,,,,
3.521,K's tau,0.284010224368077,,,,,
3.521,Winsor,0.610621982391366,,,,,
3.521,Quad,0.372859205379562,,,,,
3.521,Ball,0,,,,,
3.521,Shell,0,,,,,
3.521,LR,0.3145,,,,,
3.522,PCA,0.707106781186548,,,,,
3.522,K's tau,0.283929585462805,,,,,
3.522,Winsor,0.610448608745031,,,,,
3.522,Quad,0.372647503918744,,,,,
3.522,Ball,0,,,,,
3.522,Shell,0,,,,,
3.522,LR,0.314,,,,,
3.523,PCA,0.707106781186548,,,,,
3.523,K's tau,0.283848992336077,,,,,
3.523,Winsor,0.610275333522566,,,,,
3.523,Quad,0.372435982706079,,,,,
3.523,Ball,0,,,,,
3.523,Shell,0,,,,,
3.523,LR,0.3135,,,,,
3.524,PCA,0.707106781186548,,,,,
3.524,K's tau,0.283768444948922,,,,,
3.524,Winsor,0.610102156640182,,,,,
3.524,Quad,0.372224641537001,,,,,
3.524,Ball,0,,,,,
3.524,Shell,0,,,,,
3.524,LR,0.313,,,,,
3.525,PCA,0.707106781186548,,,,,
3.525,K's tau,0.283687943262411,,,,,
3.525,Winsor,0.609929078014184,,,,,
3.525,Quad,0.372013480207233,,,,,
3.525,Ball,0,,,,,
3.525,Shell,0,,,,,
3.525,LR,0.3125,,,,,
3.526,PCA,0.707106781186548,,,,,
3.526,K's tau,0.283607487237663,,,,,
3.526,Winsor,0.609756097560976,,,,,
3.526,Quad,0.37180249851279,,,,,
3.526,Ball,0,,,,,
3.526,Shell,0,,,,,
3.526,LR,0.312,,,,,
3.527,PCA,0.707106781186548,,,,,
3.527,K's tau,0.283527076835838,,,,,
3.527,Winsor,0.609583215197051,,,,,
3.527,Quad,0.371591696249975,,,,,
3.527,Ball,0,,,,,
3.527,Shell,0,,,,,
3.527,LR,0.3115,,,,,
3.528,PCA,0.707106781186548,,,,,
3.528,K's tau,0.283446712018141,,,,,
3.528,Winsor,0.609410430839002,,,,,
3.528,Quad,0.371381073215378,,,,,
3.528,Ball,0,,,,,
3.528,Shell,0,,,,,
3.528,LR,0.311,,,,,
3.529,PCA,0.707106781186548,,,,,
3.529,K's tau,0.28336639274582,,,,,
3.529,Winsor,0.609237744403514,,,,,
3.529,Quad,0.371170629205881,,,,,
3.529,Ball,0,,,,,
3.529,Shell,0,,,,,
3.529,LR,0.3105,,,,,
3.53,PCA,0.707106781186548,,,,,
3.53,K's tau,0.28328611898017,,,,,
3.53,Winsor,0.609065155807365,,,,,
3.53,Quad,0.37096036401865,,,,,
3.53,Ball,0,,,,,
3.53,Shell,0,,,,,
3.53,LR,0.31,,,,,
3.531,PCA,0.707106781186548,,,,,
3.531,K's tau,0.283205890682526,,,,,
3.531,Winsor,0.608892664967431,,,,,
3.531,Quad,0.370750277451141,,,,,
3.531,Ball,0,,,,,
3.531,Shell,0,,,,,
3.531,LR,0.3095,,,,,
3.532,PCA,0.707106781186548,,,,,
3.532,K's tau,0.28312570781427,,,,,
3.532,Winsor,0.60872027180068,,,,,
3.532,Quad,0.370540369301093,,,,,
3.532,Ball,0,,,,,
3.532,Shell,0,,,,,
3.532,LR,0.309,,,,,
3.533,PCA,0.707106781186548,,,,,
3.533,K's tau,0.283045570336824,,,,,
3.533,Winsor,0.608547976224172,,,,,
3.533,Quad,0.370330639366536,,,,,
3.533,Ball,0,,,,,
3.533,Shell,0,,,,,
3.533,LR,0.3085,,,,,
3.534,PCA,0.707106781186548,,,,,
3.534,K's tau,0.282965478211658,,,,,
3.534,Winsor,0.608375778155065,,,,,
3.534,Quad,0.370121087445781,,,,,
3.534,Ball,0,,,,,
3.534,Shell,0,,,,,
3.534,LR,0.308,,,,,
3.535,PCA,0.707106781186548,,,,,
3.535,K's tau,0.282885431400283,,,,,
3.535,Winsor,0.608203677510608,,,,,
3.535,Quad,0.369911713337428,,,,,
3.535,Ball,0,,,,,
3.535,Shell,0,,,,,
3.535,LR,0.3075,,,,,
3.536,PCA,0.707106781186548,,,,,
3.536,K's tau,0.282805429864253,,,,,
3.536,Winsor,0.608031674208145,,,,,
3.536,Quad,0.36970251684036,,,,,
3.536,Ball,0,,,,,
3.536,Shell,0,,,,,
3.536,LR,0.307,,,,,
3.537,PCA,0.707106781186548,,,,,
3.537,K's tau,0.282725473565168,,,,,
3.537,Winsor,0.607859768165112,,,,,
3.537,Quad,0.369493497753743,,,,,
3.537,Ball,0,,,,,
3.537,Shell,0,,,,,
3.537,LR,0.3065,,,,,
3.538,PCA,0.707106781186548,,,,,
3.538,K's tau,0.282645562464669,,,,,
3.538,Winsor,0.607687959299039,,,,,
3.538,Quad,0.36928465587703,,,,,
3.538,Ball,0,,,,,
3.538,Shell,0,,,,,
3.538,LR,0.306,,,,,
3.539,PCA,0.707106781186548,,,,,
3.539,K's tau,0.282565696524442,,,,,
3.539,Winsor,0.60751624752755,,,,,
3.539,Quad,0.369075991009956,,,,,
3.539,Ball,0,,,,,
3.539,Shell,0,,,,,
3.539,LR,0.3055,,,,,
3.54,PCA,0.707106781186548,,,,,
3.54,K's tau,0.282485875706215,,,,,
3.54,Winsor,0.607344632768362,,,,,
3.54,Quad,0.368867502952536,,,,,
3.54,Ball,0,,,,,
3.54,Shell,0,,,,,
3.54,LR,0.305,,,,,
3.541,PCA,0.707106781186548,,,,,
3.541,K's tau,0.282406099971759,,,,,
3.541,Winsor,0.607173114939283,,,,,
3.541,Quad,0.368659191505071,,,,,
3.541,Ball,0,,,,,
3.541,Shell,0,,,,,
3.541,LR,0.3045,,,,,
3.542,PCA,0.707106781186548,,,,,
3.542,K's tau,0.282326369282891,,,,,
3.542,Winsor,0.607001693958216,,,,,
3.542,Quad,0.368451056468143,,,,,
3.542,Ball,0,,,,,
3.542,Shell,0,,,,,
3.542,LR,0.304,,,,,
3.543,PCA,0.707106781186548,,,,,
3.543,K's tau,0.282246683601468,,,,,
3.543,Winsor,0.606830369743156,,,,,
3.543,Quad,0.368243097642615,,,,,
3.543,Ball,0,,,,,
3.543,Shell,0,,,,,
3.543,LR,0.3035,,,,,
3.544,PCA,0.707106781186548,,,,,
3.544,K's tau,0.282167042889391,,,,,
3.544,Winsor,0.60665914221219,,,,,
3.544,Quad,0.36803531482963,,,,,
3.544,Ball,0,,,,,
3.544,Shell,0,,,,,
3.544,LR,0.303,,,,,
3.545,PCA,0.707106781186548,,,,,
3.545,K's tau,0.282087447108604,,,,,
3.545,Winsor,0.606488011283498,,,,,
3.545,Quad,0.367827707830612,,,,,
3.545,Ball,0,,,,,
3.545,Shell,0,,,,,
3.545,LR,0.3025,,,,,
3.546,PCA,0.707106781186548,,,,,
3.546,K's tau,0.282007896221094,,,,,
3.546,Winsor,0.606316976875353,,,,,
3.546,Quad,0.367620276447267,,,,,
3.546,Ball,0,,,,,
3.546,Shell,0,,,,,
3.546,LR,0.302,,,,,
3.547,PCA,0.707106781186548,,,,,
3.547,K's tau,0.281928390188892,,,,,
3.547,Winsor,0.606146038906118,,,,,
3.547,Quad,0.367413020481577,,,,,
3.547,Ball,0,,,,,
3.547,Shell,0,,,,,
3.547,LR,0.3015,,,,,
3.548,PCA,0.707106781186548,,,,,
3.548,K's tau,0.28184892897407,,,,,
3.548,Winsor,0.60597519729425,,,,,
3.548,Quad,0.367205939735806,,,,,
3.548,Ball,0,,,,,
3.548,Shell,0,,,,,
3.548,LR,0.301,,,,,
3.549,PCA,0.707106781186548,,,,,
3.549,K's tau,0.281769512538743,,,,,
3.549,Winsor,0.605804451958298,,,,,
3.549,Quad,0.366999034012494,,,,,
3.549,Ball,0,,,,,
3.549,Shell,0,,,,,
3.549,LR,0.3005,,,,,
3.55,PCA,0.707106781186548,,,,,
3.55,K's tau,0.28169014084507,,,,,
3.55,Winsor,0.605633802816901,,,,,
3.55,Quad,0.366792303114461,,,,,
3.55,Ball,0,,,,,
3.55,Shell,0,,,,,
3.55,LR,0.3,,,,,
3.551,PCA,0.707106781186548,,,,,
3.551,K's tau,0.281610813855252,,,,,
3.551,Winsor,0.605463249788792,,,,,
3.551,Quad,0.366585746844805,,,,,
3.551,Ball,0,,,,,
3.551,Shell,0,,,,,
3.551,LR,0.2995,,,,,
3.552,PCA,0.707106781186548,,,,,
3.552,K's tau,0.281531531531532,,,,,
3.552,Winsor,0.605292792792793,,,,,
3.552,Quad,0.366379365006899,,,,,
3.552,Ball,0,,,,,
3.552,Shell,0,,,,,
3.552,LR,0.299,,,,,
3.553,PCA,0.707106781186548,,,,,
3.553,K's tau,0.281452293836195,,,,,
3.553,Winsor,0.605122431747819,,,,,
3.553,Quad,0.366173157404394,,,,,
3.553,Ball,0,,,,,
3.553,Shell,0,,,,,
3.553,LR,0.2985,,,,,
3.554,PCA,0.707106781186548,,,,,
3.554,K's tau,0.28137310073157,,,,,
3.554,Winsor,0.604952166572876,,,,,
3.554,Quad,0.365967123841216,,,,,
3.554,Ball,0,,,,,
3.554,Shell,0,,,,,
3.554,LR,0.298,,,,,
3.555,PCA,0.707106781186548,,,,,
3.555,K's tau,0.281293952180028,,,,,
3.555,Winsor,0.604781997187061,,,,,
3.555,Quad,0.36576126412157,,,,,
3.555,Ball,0,,,,,
3.555,Shell,0,,,,,
3.555,LR,0.2975,,,,,
3.556,PCA,0.707106781186548,,,,,
3.556,K's tau,0.281214848143982,,,,,
3.556,Winsor,0.604611923509561,,,,,
3.556,Quad,0.365555578049932,,,,,
3.556,Ball,0,,,,,
3.556,Shell,0,,,,,
3.556,LR,0.297,,,,,
3.557,PCA,0.707106781186548,,,,,
3.557,K's tau,0.281135788585887,,,,,
3.557,Winsor,0.604441945459657,,,,,
3.557,Quad,0.365350065431055,,,,,
3.557,Ball,0,,,,,
3.557,Shell,0,,,,,
3.557,LR,0.2965,,,,,
3.558,PCA,0.707106781186548,,,,,
3.558,K's tau,0.281056773468241,,,,,
3.558,Winsor,0.604272062956717,,,,,
3.558,Quad,0.365144726069967,,,,,
3.558,Ball,0,,,,,
3.558,Shell,0,,,,,
3.558,LR,0.296,,,,,
3.559,PCA,0.707106781186548,,,,,
3.559,K's tau,0.280977802753583,,,,,
3.559,Winsor,0.604102275920202,,,,,
3.559,Quad,0.364939559771968,,,,,
3.559,Ball,0,,,,,
3.559,Shell,0,,,,,
3.559,LR,0.2955,,,,,
3.56,PCA,0.707106781186548,,,,,
3.56,K's tau,0.280898876404494,,,,,
3.56,Winsor,0.603932584269663,,,,,
3.56,Quad,0.364734566342634,,,,,
3.56,Ball,0,,,,,
3.56,Shell,0,,,,,
3.56,LR,0.295,,,,,
3.561,PCA,0.707106781186548,,,,,
3.561,K's tau,0.2808199943836,,,,,
3.561,Winsor,0.60376298792474,,,,,
3.561,Quad,0.36452974558781,,,,,
3.561,Ball,0,,,,,
3.561,Shell,0,,,,,
3.561,LR,0.2945,,,,,
3.562,PCA,0.707106781186548,,,,,
3.562,K's tau,0.280741156653565,,,,,
3.562,Winsor,0.603593486805166,,,,,
3.562,Quad,0.364325097313618,,,,,
3.562,Ball,0,,,,,
3.562,Shell,0,,,,,
3.562,LR,0.294,,,,,
3.563,PCA,0.707106781186548,,,,,
3.563,K's tau,0.280662363177098,,,,,
3.563,Winsor,0.603424080830761,,,,,
3.563,Quad,0.364120621326448,,,,,
3.563,Ball,0,,,,,
3.563,Shell,0,,,,,
3.563,LR,0.2935,,,,,
3.564,PCA,0.707106781186548,,,,,
3.564,K's tau,0.280583613916947,,,,,
3.564,Winsor,0.603254769921437,,,,,
3.564,Quad,0.363916317432965,,,,,
3.564,Ball,0,,,,,
3.564,Shell,0,,,,,
3.564,LR,0.293,,,,,
3.565,PCA,0.707106781186548,,,,,
3.565,K's tau,0.280504908835905,,,,,
3.565,Winsor,0.603085553997195,,,,,
3.565,Quad,0.363712185440104,,,,,
3.565,Ball,0,,,,,
3.565,Shell,0,,,,,
3.565,LR,0.2925,,,,,
3.566,PCA,0.707106781186548,,,,,
3.566,K's tau,0.280426247896803,,,,,
3.566,Winsor,0.602916432978127,,,,,
3.566,Quad,0.363508225155068,,,,,
3.566,Ball,0,,,,,
3.566,Shell,0,,,,,
3.566,LR,0.292,,,,,
3.567,PCA,0.707106781186548,,,,,
3.567,K's tau,0.280347631062518,,,,,
3.567,Winsor,0.602747406784413,,,,,
3.567,Quad,0.363304436385334,,,,,
3.567,Ball,0,,,,,
3.567,Shell,0,,,,,
3.567,LR,0.2915,,,,,
3.568,PCA,0.707106781186548,,,,,
3.568,K's tau,0.280269058295964,,,,,
3.568,Winsor,0.602578475336323,,,,,
3.568,Quad,0.363100818938647,,,,,
3.568,Ball,0,,,,,
3.568,Shell,0,,,,,
3.568,LR,0.291,,,,,
3.569,PCA,0.707106781186548,,,,,
3.569,K's tau,0.280190529560101,,,,,
3.569,Winsor,0.602409638554217,,,,,
3.569,Quad,0.362897372623022,,,,,
3.569,Ball,0,,,,,
3.569,Shell,0,,,,,
3.569,LR,0.2905,,,,,
3.57,PCA,0.707106781186548,,,,,
3.57,K's tau,0.280112044817927,,,,,
3.57,Winsor,0.602240896358543,,,,,
3.57,Quad,0.362694097246742,,,,,
3.57,Ball,0,,,,,
3.57,Shell,0,,,,,
3.57,LR,0.29,,,,,
3.571,PCA,0.707106781186548,,,,,
3.571,K's tau,0.280033604032484,,,,,
3.571,Winsor,0.60207224866984,,,,,
3.571,Quad,0.362490992618358,,,,,
3.571,Ball,0,,,,,
3.571,Shell,0,,,,,
3.571,LR,0.2895,,,,,
3.572,PCA,0.707106781186548,,,,,
3.572,K's tau,0.279955207166853,,,,,
3.572,Winsor,0.601903695408735,,,,,
3.572,Quad,0.362288058546691,,,,,
3.572,Ball,0,,,,,
3.572,Shell,0,,,,,
3.572,LR,0.289,,,,,
3.573,PCA,0.707106781186548,,,,,
3.573,K's tau,0.279876854184159,,,,,
3.573,Winsor,0.601735236495942,,,,,
3.573,Quad,0.362085294840827,,,,,
3.573,Ball,0,,,,,
3.573,Shell,0,,,,,
3.573,LR,0.2885,,,,,
3.574,PCA,0.707106781186548,,,,,
3.574,K's tau,0.279798545047566,,,,,
3.574,Winsor,0.601566871852266,,,,,
3.574,Quad,0.361882701310121,,,,,
3.574,Ball,0,,,,,
3.574,Shell,0,,,,,
3.574,LR,0.288,,,,,
3.575,PCA,0.707106781186548,,,,,
3.575,K's tau,0.27972027972028,,,,,
3.575,Winsor,0.601398601398602,,,,,
3.575,Quad,0.361680277764194,,,,,
3.575,Ball,0,,,,,
3.575,Shell,0,,,,,
3.575,LR,0.2875,,,,,
3.576,PCA,0.707106781186548,,,,,
3.576,K's tau,0.279642058165548,,,,,
3.576,Winsor,0.601230425055928,,,,,
3.576,Quad,0.361478024012932,,,,,
3.576,Ball,0,,,,,
3.576,Shell,0,,,,,
3.576,LR,0.287,,,,,
3.577,PCA,0.707106781186548,,,,,
3.577,K's tau,0.279563880346659,,,,,
3.577,Winsor,0.601062342745317,,,,,
3.577,Quad,0.361275939866489,,,,,
3.577,Ball,0,,,,,
3.577,Shell,0,,,,,
3.577,LR,0.2865,,,,,
3.578,PCA,0.707106781186548,,,,,
3.578,K's tau,0.279485746226942,,,,,
3.578,Winsor,0.600894354387926,,,,,
3.578,Quad,0.361074025135283,,,,,
3.578,Ball,0,,,,,
3.578,Shell,0,,,,,
3.578,LR,0.286,,,,,
3.579,PCA,0.707106781186548,,,,,
3.579,K's tau,0.279407655769768,,,,,
3.579,Winsor,0.600726459905001,,,,,
3.579,Quad,0.360872279629995,,,,,
3.579,Ball,0,,,,,
3.579,Shell,0,,,,,
3.579,LR,0.2855,,,,,
3.58,PCA,0.707106781186548,,,,,
3.58,K's tau,0.279329608938548,,,,,
3.58,Winsor,0.600558659217877,,,,,
3.58,Quad,0.360670703161574,,,,,
3.58,Ball,0,,,,,
3.58,Shell,0,,,,,
3.58,LR,0.285,,,,,
3.581,PCA,0.707106781186548,,,,,
3.581,K's tau,0.279251605696733,,,,,
3.581,Winsor,0.600390952247976,,,,,
3.581,Quad,0.360469295541231,,,,,
3.581,Ball,0,,,,,
3.581,Shell,0,,,,,
3.581,LR,0.2845,,,,,
3.582,PCA,0.707106781186548,,,,,
3.582,K's tau,0.279173646007817,,,,,
3.582,Winsor,0.600223338916806,,,,,
3.582,Quad,0.360268056580439,,,,,
3.582,Ball,0,,,,,
3.582,Shell,0,,,,,
3.582,LR,0.284,,,,,
3.583,PCA,0.707106781186548,,,,,
3.583,K's tau,0.279095729835334,,,,,
3.583,Winsor,0.600055819145967,,,,,
3.583,Quad,0.360066986090938,,,,,
3.583,Ball,0,,,,,
3.583,Shell,0,,,,,
3.583,LR,0.2835,,,,,
3.584,PCA,0.707106781186548,,,,,
3.584,K's tau,0.279017857142857,,,,,
3.584,Winsor,0.599888392857143,,,,,
3.584,Quad,0.359866083884726,,,,,
3.584,Ball,0,,,,,
3.584,Shell,0,,,,,
3.584,LR,0.283,,,,,
3.585,PCA,0.707106781186548,,,,,
3.585,K's tau,0.278940027894003,,,,,
3.585,Winsor,0.599721059972106,,,,,
3.585,Quad,0.359665349774066,,,,,
3.585,Ball,0,,,,,
3.585,Shell,0,,,,,
3.585,LR,0.2825,,,,,
3.586,PCA,0.707106781186548,,,,,
3.586,K's tau,0.278862242052426,,,,,
3.586,Winsor,0.599553820412716,,,,,
3.586,Quad,0.359464783571484,,,,,
3.586,Ball,0,,,,,
3.586,Shell,0,,,,,
3.586,LR,0.282,,,,,
3.587,PCA,0.707106781186548,,,,,
3.587,K's tau,0.278784499581823,,,,,
3.587,Winsor,0.59938667410092,,,,,
3.587,Quad,0.359264385089763,,,,,
3.587,Ball,0,,,,,
3.587,Shell,0,,,,,
3.587,LR,0.2815,,,,,
3.588,PCA,0.707106781186548,,,,,
3.588,K's tau,0.278706800445931,,,,,
3.588,Winsor,0.599219620958751,,,,,
3.588,Quad,0.35906415414195,,,,,
3.588,Ball,0,,,,,
3.588,Shell,0,,,,,
3.588,LR,0.281,,,,,
3.589,PCA,0.707106781186548,,,,,
3.589,K's tau,0.278629144608526,,,,,
3.589,Winsor,0.599052660908331,,,,,
3.589,Quad,0.358864090541352,,,,,
3.589,Ball,0,,,,,
3.589,Shell,0,,,,,
3.589,LR,0.2805,,,,,
3.59,PCA,0.707106781186548,,,,,
3.59,K's tau,0.278551532033426,,,,,
3.59,Winsor,0.598885793871866,,,,,
3.59,Quad,0.358664194101535,,,,,
3.59,Ball,0,,,,,
3.59,Shell,0,,,,,
3.59,LR,0.28,,,,,
3.591,PCA,0.707106781186548,,,,,
3.591,K's tau,0.278473962684489,,,,,
3.591,Winsor,0.598719019771651,,,,,
3.591,Quad,0.358464464636327,,,,,
3.591,Ball,0,,,,,
3.591,Shell,0,,,,,
3.591,LR,0.2795,,,,,
3.592,PCA,0.707106781186548,,,,,
3.592,K's tau,0.278396436525612,,,,,
3.592,Winsor,0.598552338530067,,,,,
3.592,Quad,0.358264901959812,,,,,
3.592,Ball,0,,,,,
3.592,Shell,0,,,,,
3.592,LR,0.279,,,,,
3.593,PCA,0.707106781186548,,,,,
3.593,K's tau,0.278318953520735,,,,,
3.593,Winsor,0.59838575006958,,,,,
3.593,Quad,0.358065505886334,,,,,
3.593,Ball,0,,,,,
3.593,Shell,0,,,,,
3.593,LR,0.2785,,,,,
3.594,PCA,0.707106781186548,,,,,
3.594,K's tau,0.278241513633834,,,,,
3.594,Winsor,0.598219254312744,,,,,
3.594,Quad,0.357866276230495,,,,,
3.594,Ball,0,,,,,
3.594,Shell,0,,,,,
3.594,LR,0.278,,,,,
3.595,PCA,0.707106781186548,,,,,
3.595,K's tau,0.278164116828929,,,,,
3.595,Winsor,0.598052851182198,,,,,
3.595,Quad,0.357667212807156,,,,,
3.595,Ball,0,,,,,
3.595,Shell,0,,,,,
3.595,LR,0.2775,,,,,
3.596,PCA,0.707106781186548,,,,,
3.596,K's tau,0.278086763070078,,,,,
3.596,Winsor,0.597886540600667,,,,,
3.596,Quad,0.357468315431434,,,,,
3.596,Ball,0,,,,,
3.596,Shell,0,,,,,
3.596,LR,0.277,,,,,
3.597,PCA,0.707106781186548,,,,,
3.597,K's tau,0.278009452321379,,,,,
3.597,Winsor,0.597720322490965,,,,,
3.597,Quad,0.357269583918703,,,,,
3.597,Ball,0,,,,,
3.597,Shell,0,,,,,
3.597,LR,0.2765,,,,,
3.598,PCA,0.707106781186548,,,,,
3.598,K's tau,0.277932184546971,,,,,
3.598,Winsor,0.597554196775987,,,,,
3.598,Quad,0.357071018084595,,,,,
3.598,Ball,0,,,,,
3.598,Shell,0,,,,,
3.598,LR,0.276,,,,,
3.599,PCA,0.707106781186548,,,,,
3.599,K's tau,0.277854959711031,,,,,
3.599,Winsor,0.597388163378716,,,,,
3.599,Quad,0.356872617744996,,,,,
3.599,Ball,0,,,,,
3.599,Shell,0,,,,,
3.599,LR,0.2755,,,,,
3.6,PCA,0.707106781186548,,,,,
3.6,K's tau,0.277777777777778,,,,,
3.6,Winsor,0.597222222222222,,,,,
3.6,Quad,0.356674382716049,,,,,
3.6,Ball,0,,,,,
3.6,Shell,0,,,,,
3.6,LR,0.275,,,,,
3.601,PCA,0.707106781186548,,,,,
3.601,K's tau,0.277700638711469,,,,,
3.601,Winsor,0.597056373229659,,,,,
3.601,Quad,0.356476312814153,,,,,
3.601,Ball,0,,,,,
3.601,Shell,0,,,,,
3.601,LR,0.2745,,,,,
3.602,PCA,0.707106781186548,,,,,
3.602,K's tau,0.277623542476402,,,,,
3.602,Winsor,0.596890616324264,,,,,
3.602,Quad,0.35627840785596,,,,,
3.602,Ball,0,,,,,
3.602,Shell,0,,,,,
3.602,LR,0.274,,,,,
3.603,PCA,0.707106781186548,,,,,
3.603,K's tau,0.277546489036914,,,,,
3.603,Winsor,0.596724951429365,,,,,
3.603,Quad,0.356080667658377,,,,,
3.603,Ball,0,,,,,
3.603,Shell,0,,,,,
3.603,LR,0.2735,,,,,
3.604,PCA,0.707106781186548,,,,,
3.604,K's tau,0.277469478357381,,,,,
3.604,Winsor,0.596559378468369,,,,,
3.604,Quad,0.355883092038566,,,,,
3.604,Ball,0,,,,,
3.604,Shell,0,,,,,
3.604,LR,0.273,,,,,
3.605,PCA,0.707106781186548,,,,,
3.605,K's tau,0.277392510402219,,,,,
3.605,Winsor,0.596393897364771,,,,,
3.605,Quad,0.355685680813941,,,,,
3.605,Ball,0,,,,,
3.605,Shell,0,,,,,
3.605,LR,0.2725,,,,,
3.606,PCA,0.707106781186548,,,,,
3.606,K's tau,0.277315585135885,,,,,
3.606,Winsor,0.596228508042152,,,,,
3.606,Quad,0.355488433802171,,,,,
3.606,Ball,0,,,,,
3.606,Shell,0,,,,,
3.606,LR,0.272,,,,,
3.607,PCA,0.707106781186548,,,,,
3.607,K's tau,0.277238702522872,,,,,
3.607,Winsor,0.596063210424175,,,,,
3.607,Quad,0.355291350821175,,,,,
3.607,Ball,0,,,,,
3.607,Shell,0,,,,,
3.607,LR,0.2715,,,,,
3.608,PCA,0.707106781186548,,,,,
3.608,K's tau,0.277161862527716,,,,,
3.608,Winsor,0.59589800443459,,,,,
3.608,Quad,0.355094431689126,,,,,
3.608,Ball,0,,,,,
3.608,Shell,0,,,,,
3.608,LR,0.271,,,,,
3.609,PCA,0.707106781186548,,,,,
3.609,K's tau,0.27708506511499,,,,,
3.609,Winsor,0.595732889997229,,,,,
3.609,Quad,0.354897676224451,,,,,
3.609,Ball,0,,,,,
3.609,Shell,0,,,,,
3.609,LR,0.2705,,,,,
3.61,PCA,0.707106781186548,,,,,
3.61,K's tau,0.277008310249308,,,,,
3.61,Winsor,0.595567867036011,,,,,
3.61,Quad,0.354701084245824,,,,,
3.61,Ball,0,,,,,
3.61,Shell,0,,,,,
3.61,LR,0.27,,,,,
3.611,PCA,0.707106781186548,,,,,
3.611,K's tau,0.27693159789532,,,,,
3.611,Winsor,0.595402935474938,,,,,
3.611,Quad,0.354504655572173,,,,,
3.611,Ball,0,,,,,
3.611,Shell,0,,,,,
3.611,LR,0.2695,,,,,
3.612,PCA,0.707106781186548,,,,,
3.612,K's tau,0.276854928017719,,,,,
3.612,Winsor,0.595238095238095,,,,,
3.612,Quad,0.354308390022676,,,,,
3.612,Ball,0,,,,,
3.612,Shell,0,,,,,
3.612,LR,0.269,,,,,
3.613,PCA,0.707106781186548,,,,,
3.613,K's tau,0.276778300581234,,,,,
3.613,Winsor,0.595073346249654,,,,,
3.613,Quad,0.354112287416761,,,,,
3.613,Ball,0,,,,,
3.613,Shell,0,,,,,
3.613,LR,0.2685,,,,,
3.614,PCA,0.707106781186548,,,,,
3.614,K's tau,0.276701715550636,,,,,
3.614,Winsor,0.594908688433868,,,,,
3.614,Quad,0.353916347574105,,,,,
3.614,Ball,0,,,,,
3.614,Shell,0,,,,,
3.614,LR,0.268,,,,,
3.615,PCA,0.707106781186548,,,,,
3.615,K's tau,0.276625172890733,,,,,
3.615,Winsor,0.594744121715076,,,,,
3.615,Quad,0.353720570314637,,,,,
3.615,Ball,0,,,,,
3.615,Shell,0,,,,,
3.615,LR,0.2675,,,,,
3.616,PCA,0.707106781186548,,,,,
3.616,K's tau,0.276548672566372,,,,,
3.616,Winsor,0.594579646017699,,,,,
3.616,Quad,0.353524955458532,,,,,
3.616,Ball,0,,,,,
3.616,Shell,0,,,,,
3.616,LR,0.267,,,,,
3.617,PCA,0.707106781186548,,,,,
3.617,K's tau,0.276472214542439,,,,,
3.617,Winsor,0.594415261266243,,,,,
3.617,Quad,0.353329502826216,,,,,
3.617,Ball,0,,,,,
3.617,Shell,0,,,,,
3.617,LR,0.2665,,,,,
3.618,PCA,0.707106781186548,,,,,
3.618,K's tau,0.276395798783859,,,,,
3.618,Winsor,0.594250967385296,,,,,
3.618,Quad,0.35313421223836,,,,,
3.618,Ball,0,,,,,
3.618,Shell,0,,,,,
3.618,LR,0.266,,,,,
3.619,PCA,0.707106781186548,,,,,
3.619,K's tau,0.276319425255596,,,,,
3.619,Winsor,0.59408676429953,,,,,
3.619,Quad,0.352939083515886,,,,,
3.619,Ball,0,,,,,
3.619,Shell,0,,,,,
3.619,LR,0.2655,,,,,
3.62,PCA,0.707106781186548,,,,,
3.62,K's tau,0.276243093922652,,,,,
3.62,Winsor,0.593922651933702,,,,,
3.62,Quad,0.352744116479961,,,,,
3.62,Ball,0,,,,,
3.62,Shell,0,,,,,
3.62,LR,0.265,,,,,
3.621,PCA,0.707106781186548,,,,,
3.621,K's tau,0.276166804750069,,,,,
3.621,Winsor,0.593758630212648,,,,,
3.621,Quad,0.352549310952001,,,,,
3.621,Ball,0,,,,,
3.621,Shell,0,,,,,
3.621,LR,0.2645,,,,,
3.622,PCA,0.707106781186548,,,,,
3.622,K's tau,0.276090557702927,,,,,
3.622,Winsor,0.593594699061292,,,,,
3.622,Quad,0.352354666753666,,,,,
3.622,Ball,0,,,,,
3.622,Shell,0,,,,,
3.622,LR,0.264,,,,,
3.623,PCA,0.707106781186548,,,,,
3.623,K's tau,0.276014352746343,,,,,
3.623,Winsor,0.593430858404637,,,,,
3.623,Quad,0.352160183706864,,,,,
3.623,Ball,0,,,,,
3.623,Shell,0,,,,,
3.623,LR,0.2635,,,,,
3.624,PCA,0.707106781186548,,,,,
3.624,K's tau,0.275938189845475,,,,,
3.624,Winsor,0.59326710816777,,,,,
3.624,Quad,0.351965861633749,,,,,
3.624,Ball,0,,,,,
3.624,Shell,0,,,,,
3.624,LR,0.263,,,,,
3.625,PCA,0.707106781186548,,,,,
3.625,K's tau,0.275862068965517,,,,,
3.625,Winsor,0.593103448275862,,,,,
3.625,Quad,0.351771700356718,,,,,
3.625,Ball,0,,,,,
3.625,Shell,0,,,,,
3.625,LR,0.2625,,,,,
3.626,PCA,0.707106781186548,,,,,
3.626,K's tau,0.275785990071704,,,,,
3.626,Winsor,0.592939878654164,,,,,
3.626,Quad,0.351577699698415,,,,,
3.626,Ball,0,,,,,
3.626,Shell,0,,,,,
3.626,LR,0.262,,,,,
3.627,PCA,0.707106781186548,,,,,
3.627,K's tau,0.275709953129308,,,,,
3.627,Winsor,0.592776399228012,,,,,
3.627,Quad,0.351383859481728,,,,,
3.627,Ball,0,,,,,
3.627,Shell,0,,,,,
3.627,LR,0.2615,,,,,
3.628,PCA,0.707106781186548,,,,,
3.628,K's tau,0.275633958103638,,,,,
3.628,Winsor,0.592613009922823,,,,,
3.628,Quad,0.351190179529787,,,,,
3.628,Ball,0,,,,,
3.628,Shell,0,,,,,
3.628,LR,0.261,,,,,
3.629,PCA,0.707106781186548,,,,,
3.629,K's tau,0.275558004960044,,,,,
3.629,Winsor,0.592449710664095,,,,,
3.629,Quad,0.35099665966597,,,,,
3.629,Ball,0,,,,,
3.629,Shell,0,,,,,
3.629,LR,0.2605,,,,,
3.63,PCA,0.707106781186548,,,,,
3.63,K's tau,0.275482093663912,,,,,
3.63,Winsor,0.59228650137741,,,,,
3.63,Quad,0.350803299713893,,,,,
3.63,Ball,0,,,,,
3.63,Shell,0,,,,,
3.63,LR,0.26,,,,,
3.631,PCA,0.707106781186548,,,,,
3.631,K's tau,0.275406224180667,,,,,
3.631,Winsor,0.592123381988433,,,,,
3.631,Quad,0.35061009949742,,,,,
3.631,Ball,0,,,,,
3.631,Shell,0,,,,,
3.631,LR,0.2595,,,,,
3.632,PCA,0.707106781186548,,,,,
3.632,K's tau,0.275330396475771,,,,,
3.632,Winsor,0.591960352422908,,,,,
3.632,Quad,0.350417058840653,,,,,
3.632,Ball,0,,,,,
3.632,Shell,0,,,,,
3.632,LR,0.259,,,,,
3.633,PCA,0.707106781186548,,,,,
3.633,K's tau,0.275254610514726,,,,,
3.633,Winsor,0.591797412606661,,,,,
3.633,Quad,0.350224177567939,,,,,
3.633,Ball,0,,,,,
3.633,Shell,0,,,,,
3.633,LR,0.2585,,,,,
3.634,PCA,0.707106781186548,,,,,
3.634,K's tau,0.275178866263071,,,,,
3.634,Winsor,0.591634562465603,,,,,
3.634,Quad,0.350031455503865,,,,,
3.634,Ball,0,,,,,
3.634,Shell,0,,,,,
3.634,LR,0.258,,,,,
3.635,PCA,0.707106781186548,,,,,
3.635,K's tau,0.275103163686382,,,,,
3.635,Winsor,0.591471801925722,,,,,
3.635,Quad,0.349838892473261,,,,,
3.635,Ball,0,,,,,
3.635,Shell,0,,,,,
3.635,LR,0.2575,,,,,
3.636,PCA,0.707106781186548,,,,,
3.636,K's tau,0.275027502750275,,,,,
3.636,Winsor,0.591309130913091,,,,,
3.636,Quad,0.349646488301195,,,,,
3.636,Ball,0,,,,,
3.636,Shell,0,,,,,
3.636,LR,0.257,,,,,
3.637,PCA,0.707106781186548,,,,,
3.637,K's tau,0.274951883420401,,,,,
3.637,Winsor,0.591146549353863,,,,,
3.637,Quad,0.349454242812979,,,,,
3.637,Ball,0,,,,,
3.637,Shell,0,,,,,
3.637,LR,0.2565,,,,,
3.638,PCA,0.707106781186548,,,,,
3.638,K's tau,0.274876305662452,,,,,
3.638,Winsor,0.590984057174272,,,,,
3.638,Quad,0.349262155834163,,,,,
3.638,Ball,0,,,,,
3.638,Shell,0,,,,,
3.638,LR,0.256,,,,,
3.639,PCA,0.707106781186548,,,,,
3.639,K's tau,0.274800769442154,,,,,
3.639,Winsor,0.590821654300632,,,,,
3.639,Quad,0.349070227190536,,,,,
3.639,Ball,0,,,,,
3.639,Shell,0,,,,,
3.639,LR,0.2555,,,,,
3.64,PCA,0.707106781186548,,,,,
3.64,K's tau,0.274725274725275,,,,,
3.64,Winsor,0.590659340659341,,,,,
3.64,Quad,0.348878456708127,,,,,
3.64,Ball,0,,,,,
3.64,Shell,0,,,,,
3.64,LR,0.255,,,,,
3.641,PCA,0.707106781186548,,,,,
3.641,K's tau,0.274649821477616,,,,,
3.641,Winsor,0.590497116176875,,,,,
3.641,Quad,0.348686844213205,,,,,
3.641,Ball,0,,,,,
3.641,Shell,0,,,,,
3.641,LR,0.2545,,,,,
3.642,PCA,0.707106781186548,,,,,
3.642,K's tau,0.274574409665019,,,,,
3.642,Winsor,0.590334980779791,,,,,
3.642,Quad,0.348495389532277,,,,,
3.642,Ball,0,,,,,
3.642,Shell,0,,,,,
3.642,LR,0.254,,,,,
3.643,PCA,0.707106781186548,,,,,
3.643,K's tau,0.274499039253363,,,,,
3.643,Winsor,0.59017293439473,,,,,
3.643,Quad,0.348304092492086,,,,,
3.643,Ball,0,,,,,
3.643,Shell,0,,,,,
3.643,LR,0.2535,,,,,
3.644,PCA,0.707106781186548,,,,,
3.644,K's tau,0.274423710208562,,,,,
3.644,Winsor,0.590010976948408,,,,,
3.644,Quad,0.348112952919615,,,,,
3.644,Ball,0,,,,,
3.644,Shell,0,,,,,
3.644,LR,0.253,,,,,
3.645,PCA,0.707106781186548,,,,,
3.645,K's tau,0.274348422496571,,,,,
3.645,Winsor,0.589849108367627,,,,,
3.645,Quad,0.347921970642084,,,,,
3.645,Ball,0,,,,,
3.645,Shell,0,,,,,
3.645,LR,0.2525,,,,,
3.646,PCA,0.707106781186548,,,,,
3.646,K's tau,0.274273176083379,,,,,
3.646,Winsor,0.589687328579265,,,,,
3.646,Quad,0.34773114548695,,,,,
3.646,Ball,0,,,,,
3.646,Shell,0,,,,,
3.646,LR,0.252,,,,,
3.647,PCA,0.707106781186548,,,,,
3.647,K's tau,0.274197970935015,,,,,
3.647,Winsor,0.589525637510282,,,,,
3.647,Quad,0.347540477281905,,,,,
3.647,Ball,0,,,,,
3.647,Shell,0,,,,,
3.647,LR,0.2515,,,,,
3.648,PCA,0.707106781186548,,,,,
3.648,K's tau,0.274122807017544,,,,,
3.648,Winsor,0.589364035087719,,,,,
3.648,Quad,0.347349965854878,,,,,
3.648,Ball,0,,,,,
3.648,Shell,0,,,,,
3.648,LR,0.251,,,,,
3.649,PCA,0.707106781186548,,,,,
3.649,K's tau,0.274047684297068,,,,,
3.649,Winsor,0.589202521238696,,,,,
3.649,Quad,0.347159611034035,,,,,
3.649,Ball,0,,,,,
3.649,Shell,0,,,,,
3.649,LR,0.2505,,,,,
3.65,PCA,0.707106781186548,,,,,
3.65,K's tau,0.273972602739726,,,,,
3.65,Winsor,0.589041095890411,,,,,
3.65,Quad,0.346969412647776,,,,,
3.65,Ball,0,,,,,
3.65,Shell,0,,,,,
3.65,LR,0.25,,,,,
3.651,PCA,0.707106781186548,,,,,
3.651,K's tau,0.273897562311695,,,,,
3.651,Winsor,0.588879758970145,,,,,
3.651,Quad,0.346779370524736,,,,,
3.651,Ball,0,,,,,
3.651,Shell,0,,,,,
3.651,LR,0.2495,,,,,
3.652,PCA,0.707106781186548,,,,,
3.652,K's tau,0.27382256297919,,,,,
3.652,Winsor,0.588718510405258,,,,,
3.652,Quad,0.346589484493785,,,,,
3.652,Ball,0,,,,,
3.652,Shell,0,,,,,
3.652,LR,0.249,,,,,
3.653,PCA,0.707106781186548,,,,,
3.653,K's tau,0.273747604708459,,,,,
3.653,Winsor,0.588557350123186,,,,,
3.653,Quad,0.346399754384027,,,,,
3.653,Ball,0,,,,,
3.653,Shell,0,,,,,
3.653,LR,0.2485,,,,,
3.654,PCA,0.707106781186548,,,,,
3.654,K's tau,0.273672687465791,,,,,
3.654,Winsor,0.588396278051451,,,,,
3.654,Quad,0.3462101800248,,,,,
3.654,Ball,0,,,,,
3.654,Shell,0,,,,,
3.654,LR,0.248,,,,,
3.655,PCA,0.707106781186548,,,,,
3.655,K's tau,0.27359781121751,,,,,
3.655,Winsor,0.588235294117647,,,,,
3.655,Quad,0.346020761245675,,,,,
3.655,Ball,0,,,,,
3.655,Shell,0,,,,,
3.655,LR,0.2475,,,,,
3.656,PCA,0.707106781186548,,,,,
3.656,K's tau,0.273522975929978,,,,,
3.656,Winsor,0.588074398249453,,,,,
3.656,Quad,0.345831497876456,,,,,
3.656,Ball,0,,,,,
3.656,Shell,0,,,,,
3.656,LR,0.247,,,,,
3.657,PCA,0.707106781186548,,,,,
3.657,K's tau,0.273448181569593,,,,,
3.657,Winsor,0.587913590374624,,,,,
3.657,Quad,0.345642389747181,,,,,
3.657,Ball,0,,,,,
3.657,Shell,0,,,,,
3.657,LR,0.2465,,,,,
3.658,PCA,0.707106781186548,,,,,
3.658,K's tau,0.273373428102788,,,,,
3.658,Winsor,0.587752870420995,,,,,
3.658,Quad,0.345453436688119,,,,,
3.658,Ball,0,,,,,
3.658,Shell,0,,,,,
3.658,LR,0.246,,,,,
3.659,PCA,0.707106781186548,,,,,
3.659,K's tau,0.273298715496037,,,,,
3.659,Winsor,0.58759223831648,,,,,
3.659,Quad,0.345264638529771,,,,,
3.659,Ball,0,,,,,
3.659,Shell,0,,,,,
3.659,LR,0.2455,,,,,
3.66,PCA,0.707106781186548,,,,,
3.66,K's tau,0.273224043715847,,,,,
3.66,Winsor,0.587431693989071,,,,,
3.66,Quad,0.34507599510287,,,,,
3.66,Ball,0,,,,,
3.66,Shell,0,,,,,
3.66,LR,0.245,,,,,
3.661,PCA,0.707106781186548,,,,,
3.661,K's tau,0.273149412728763,,,,,
3.661,Winsor,0.58727123736684,,,,,
3.661,Quad,0.344887506238379,,,,,
3.661,Ball,0,,,,,
3.661,Shell,0,,,,,
3.661,LR,0.2445,,,,,
3.662,PCA,0.707106781186548,,,,,
3.662,K's tau,0.273074822501365,,,,,
3.662,Winsor,0.587110868377936,,,,,
3.662,Quad,0.344699171767494,,,,,
3.662,Ball,0,,,,,
3.662,Shell,0,,,,,
3.662,LR,0.244,,,,,
3.663,PCA,0.707106781186548,,,,,
3.663,K's tau,0.273000273000273,,,,,
3.663,Winsor,0.586950586950587,,,,,
3.663,Quad,0.344510991521639,,,,,
3.663,Ball,0,,,,,
3.663,Shell,0,,,,,
3.663,LR,0.2435,,,,,
3.664,PCA,0.707106781186548,,,,,
3.664,K's tau,0.27292576419214,,,,,
3.664,Winsor,0.5867903930131,,,,,
3.664,Quad,0.344322965332469,,,,,
3.664,Ball,0,,,,,
3.664,Shell,0,,,,,
3.664,LR,0.243,,,,,
3.665,PCA,0.707106781186548,,,,,
3.665,K's tau,0.272851296043656,,,,,
3.665,Winsor,0.586630286493861,,,,,
3.665,Quad,0.344135093031869,,,,,
3.665,Ball,0,,,,,
3.665,Shell,0,,,,,
3.665,LR,0.2425,,,,,
3.666,PCA,0.707106781186548,,,,,
3.666,K's tau,0.272776868521549,,,,,
3.666,Winsor,0.586470267321331,,,,,
3.666,Quad,0.343947374451954,,,,,
3.666,Ball,0,,,,,
3.666,Shell,0,,,,,
3.666,LR,0.242,,,,,
3.667,PCA,0.707106781186548,,,,,
3.667,K's tau,0.272702481592583,,,,,
3.667,Winsor,0.586310335424052,,,,,
3.667,Quad,0.343759809425065,,,,,
3.667,Ball,0,,,,,
3.667,Shell,0,,,,,
3.667,LR,0.2415,,,,,
3.668,PCA,0.707106781186548,,,,,
3.668,K's tau,0.272628135223555,,,,,
3.668,Winsor,0.586150490730643,,,,,
3.668,Quad,0.343572397783774,,,,,
3.668,Ball,0,,,,,
3.668,Shell,0,,,,,
3.668,LR,0.241,,,,,
3.669,PCA,0.707106781186548,,,,,
3.669,K's tau,0.272553829381303,,,,,
3.669,Winsor,0.585990733169801,,,,,
3.669,Quad,0.343385139360881,,,,,
3.669,Ball,0,,,,,
3.669,Shell,0,,,,,
3.669,LR,0.2405,,,,,
3.67,PCA,0.707106781186548,,,,,
3.67,K's tau,0.272479564032698,,,,,
3.67,Winsor,0.5858310626703,,,,,
3.67,Quad,0.343198033989413,,,,,
3.67,Ball,0,,,,,
3.67,Shell,0,,,,,
3.67,LR,0.24,,,,,
3.671,PCA,0.707106781186548,,,,,
3.671,K's tau,0.272405339144647,,,,,
3.671,Winsor,0.585671479160992,,,,,
3.671,Quad,0.343011081502624,,,,,
3.671,Ball,0,,,,,
3.671,Shell,0,,,,,
3.671,LR,0.2395,,,,,
3.672,PCA,0.707106781186548,,,,,
3.672,K's tau,0.272331154684096,,,,,
3.672,Winsor,0.585511982570806,,,,,
3.672,Quad,0.342824281733996,,,,,
3.672,Ball,0,,,,,
3.672,Shell,0,,,,,
3.672,LR,0.239,,,,,
3.673,PCA,0.707106781186548,,,,,
3.673,K's tau,0.272257010618023,,,,,
3.673,Winsor,0.58535257282875,,,,,
3.673,Quad,0.342637634517237,,,,,
3.673,Ball,0,,,,,
3.673,Shell,0,,,,,
3.673,LR,0.2385,,,,,
3.674,PCA,0.707106781186548,,,,,
3.674,K's tau,0.272182906913446,,,,,
3.674,Winsor,0.585193249863909,,,,,
3.674,Quad,0.342451139686283,,,,,
3.674,Ball,0,,,,,
3.674,Shell,0,,,,,
3.674,LR,0.238,,,,,
3.675,PCA,0.707106781186548,,,,,
3.675,K's tau,0.272108843537415,,,,,
3.675,Winsor,0.585034013605442,,,,,
3.675,Quad,0.342264797075293,,,,,
3.675,Ball,0,,,,,
3.675,Shell,0,,,,,
3.675,LR,0.2375,,,,,
3.676,PCA,0.707106781186548,,,,,
3.676,K's tau,0.272034820457019,,,,,
3.676,Winsor,0.58487486398259,,,,,
3.676,Quad,0.342078606518653,,,,,
3.676,Ball,0,,,,,
3.676,Shell,0,,,,,
3.676,LR,0.237,,,,,
3.677,PCA,0.707106781186548,,,,,
3.677,K's tau,0.27196083763938,,,,,
3.677,Winsor,0.584715800924667,,,,,
3.677,Quad,0.341892567850975,,,,,
3.677,Ball,0,,,,,
3.677,Shell,0,,,,,
3.677,LR,0.2365,,,,,
3.678,PCA,0.707106781186548,,,,,
3.678,K's tau,0.271886895051659,,,,,
3.678,Winsor,0.584556824361066,,,,,
3.678,Quad,0.341706680907094,,,,,
3.678,Ball,0,,,,,
3.678,Shell,0,,,,,
3.678,LR,0.236,,,,,
3.679,PCA,0.707106781186548,,,,,
3.679,K's tau,0.271812992661049,,,,,
3.679,Winsor,0.584397934221256,,,,,
3.679,Quad,0.341520945522071,,,,,
3.679,Ball,0,,,,,
3.679,Shell,0,,,,,
3.679,LR,0.2355,,,,,
3.68,PCA,0.707106781186548,,,,,
3.68,K's tau,0.271739130434783,,,,,
3.68,Winsor,0.584239130434783,,,,,
3.68,Quad,0.341335361531191,,,,,
3.68,Ball,0,,,,,
3.68,Shell,0,,,,,
3.68,LR,0.235,,,,,
3.681,PCA,0.707106781186548,,,,,
3.681,K's tau,0.271665308340125,,,,,
3.681,Winsor,0.584080412931269,,,,,
3.681,Quad,0.341149928769961,,,,,
3.681,Ball,0,,,,,
3.681,Shell,0,,,,,
3.681,LR,0.2345,,,,,
3.682,PCA,0.707106781186548,,,,,
3.682,K's tau,0.271591526344378,,,,,
3.682,Winsor,0.583921781640413,,,,,
3.682,Quad,0.340964647074114,,,,,
3.682,Ball,0,,,,,
3.682,Shell,0,,,,,
3.682,LR,0.234,,,,,
3.683,PCA,0.707106781186548,,,,,
3.683,K's tau,0.271517784414879,,,,,
3.683,Winsor,0.58376323649199,,,,,
3.683,Quad,0.340779516279603,,,,,
3.683,Ball,0,,,,,
3.683,Shell,0,,,,,
3.683,LR,0.2335,,,,,
3.684,PCA,0.707106781186548,,,,,
3.684,K's tau,0.271444082519001,,,,,
3.684,Winsor,0.583604777415852,,,,,
3.684,Quad,0.340594536222607,,,,,
3.684,Ball,0,,,,,
3.684,Shell,0,,,,,
3.684,LR,0.233,,,,,
3.685,PCA,0.707106781186548,,,,,
3.685,K's tau,0.271370420624152,,,,,
3.685,Winsor,0.583446404341927,,,,,
3.685,Quad,0.340409706739523,,,,,
3.685,Ball,0,,,,,
3.685,Shell,0,,,,,
3.685,LR,0.2325,,,,,
3.686,PCA,0.707106781186548,,,,,
3.686,K's tau,0.271296798697775,,,,,
3.686,Winsor,0.583288117200217,,,,,
3.686,Quad,0.340225027666974,,,,,
3.686,Ball,0,,,,,
3.686,Shell,0,,,,,
3.686,LR,0.232,,,,,
3.687,PCA,0.707106781186548,,,,,
3.687,K's tau,0.27122321670735,,,,,
3.687,Winsor,0.583129915920803,,,,,
3.687,Quad,0.340040498841803,,,,,
3.687,Ball,0,,,,,
3.687,Shell,0,,,,,
3.687,LR,0.2315,,,,,
3.688,PCA,0.707106781186548,,,,,
3.688,K's tau,0.271149674620391,,,,,
3.688,Winsor,0.582971800433839,,,,,
3.688,Quad,0.339856120101072,,,,,
3.688,Ball,0,,,,,
3.688,Shell,0,,,,,
3.688,LR,0.231,,,,,
3.689,PCA,0.707106781186548,,,,,
3.689,K's tau,0.271076172404446,,,,,
3.689,Winsor,0.582813770669558,,,,,
3.689,Quad,0.339671891282068,,,,,
3.689,Ball,0,,,,,
3.689,Shell,0,,,,,
3.689,LR,0.2305,,,,,
3.69,PCA,0.707106781186548,,,,,
3.69,K's tau,0.2710027100271,,,,,
3.69,Winsor,0.582655826558266,,,,,
3.69,Quad,0.339487812222296,,,,,
3.69,Ball,0,,,,,
3.69,Shell,0,,,,,
3.69,LR,0.23,,,,,
3.691,PCA,0.707106781186548,,,,,
3.691,K's tau,0.270929287455974,,,,,
3.691,Winsor,0.582497968030344,,,,,
3.691,Quad,0.33930388275948,,,,,
3.691,Ball,0,,,,,
3.691,Shell,0,,,,,
3.691,LR,0.2295,,,,,
3.692,PCA,0.707106781186548,,,,,
3.692,K's tau,0.270855904658722,,,,,
3.692,Winsor,0.582340195016251,,,,,
3.692,Quad,0.339120102731566,,,,,
3.692,Ball,0,,,,,
3.692,Shell,0,,,,,
3.692,LR,0.229,,,,,
3.693,PCA,0.707106781186548,,,,,
3.693,K's tau,0.270782561603033,,,,,
3.693,Winsor,0.58218250744652,,,,,
3.693,Quad,0.338936471976718,,,,,
3.693,Ball,0,,,,,
3.693,Shell,0,,,,,
3.693,LR,0.2285,,,,,
3.694,PCA,0.707106781186548,,,,,
3.694,K's tau,0.270709258256632,,,,,
3.694,Winsor,0.58202490525176,,,,,
3.694,Quad,0.33875299033332,,,,,
3.694,Ball,0,,,,,
3.694,Shell,0,,,,,
3.694,LR,0.228,,,,,
3.695,PCA,0.707106781186548,,,,,
3.695,K's tau,0.27063599458728,,,,,
3.695,Winsor,0.581867388362652,,,,,
3.695,Quad,0.338569657639974,,,,,
3.695,Ball,0,,,,,
3.695,Shell,0,,,,,
3.695,LR,0.2275,,,,,
3.696,PCA,0.707106781186548,,,,,
3.696,K's tau,0.270562770562771,,,,,
3.696,Winsor,0.581709956709957,,,,,
3.696,Quad,0.3383864737355,,,,,
3.696,Ball,0,,,,,
3.696,Shell,0,,,,,
3.696,LR,0.227,,,,,
3.697,PCA,0.707106781186548,,,,,
3.697,K's tau,0.270489586150933,,,,,
3.697,Winsor,0.581552610224506,,,,,
3.697,Quad,0.338203438458937,,,,,
3.697,Ball,0,,,,,
3.697,Shell,0,,,,,
3.697,LR,0.2265,,,,,
3.698,PCA,0.707106781186548,,,,,
3.698,K's tau,0.270416441319632,,,,,
3.698,Winsor,0.581395348837209,,,,,
3.698,Quad,0.33802055164954,,,,,
3.698,Ball,0,,,,,
3.698,Shell,0,,,,,
3.698,LR,0.226,,,,,
3.699,PCA,0.707106781186548,,,,,
3.699,K's tau,0.270343336036767,,,,,
3.699,Winsor,0.581238172479048,,,,,
3.699,Quad,0.337837813146784,,,,,
3.699,Ball,0,,,,,
3.699,Shell,0,,,,,
3.699,LR,0.2255,,,,,
3.7,PCA,0.707106781186548,,,,,
3.7,K's tau,0.27027027027027,,,,,
3.7,Winsor,0.581081081081081,,,,,
3.7,Quad,0.337655222790358,,,,,
3.7,Ball,0,,,,,
3.7,Shell,0,,,,,
3.7,LR,0.225,,,,,
3.701,PCA,0.707106781186548,,,,,
3.701,K's tau,0.270197243988111,,,,,
3.701,Winsor,0.580924074574439,,,,,
3.701,Quad,0.337472780420169,,,,,
3.701,Ball,0,,,,,
3.701,Shell,0,,,,,
3.701,LR,0.2245,,,,,
3.702,PCA,0.707106781186548,,,,,
3.702,K's tau,0.270124257158293,,,,,
3.702,Winsor,0.58076715289033,,,,,
3.702,Quad,0.337290485876339,,,,,
3.702,Ball,0,,,,,
3.702,Shell,0,,,,,
3.702,LR,0.224,,,,,
3.703,PCA,0.707106781186548,,,,,
3.703,K's tau,0.270051309748852,,,,,
3.703,Winsor,0.580610315960032,,,,,
3.703,Quad,0.337108338999209,,,,,
3.703,Ball,0,,,,,
3.703,Shell,0,,,,,
3.703,LR,0.2235,,,,,
3.704,PCA,0.707106781186548,,,,,
3.704,K's tau,0.269978401727862,,,,,
3.704,Winsor,0.580453563714903,,,,,
3.704,Quad,0.336926339629331,,,,,
3.704,Ball,0,,,,,
3.704,Shell,0,,,,,
3.704,LR,0.223,,,,,
3.705,PCA,0.707106781186548,,,,,
3.705,K's tau,0.269905533063428,,,,,
3.705,Winsor,0.58029689608637,,,,,
3.705,Quad,0.336744487607475,,,,,
3.705,Ball,0,,,,,
3.705,Shell,0,,,,,
3.705,LR,0.2225,,,,,
3.706,PCA,0.707106781186548,,,,,
3.706,K's tau,0.269832703723691,,,,,
3.706,Winsor,0.580140313005936,,,,,
3.706,Quad,0.336562782774626,,,,,
3.706,Ball,0,,,,,
3.706,Shell,0,,,,,
3.706,LR,0.222,,,,,
3.707,PCA,0.707106781186548,,,,,
3.707,K's tau,0.269759913676828,,,,,
3.707,Winsor,0.579983814405179,,,,,
3.707,Quad,0.336381224971982,,,,,
3.707,Ball,0,,,,,
3.707,Shell,0,,,,,
3.707,LR,0.2215,,,,,
3.708,PCA,0.707106781186548,,,,,
3.708,K's tau,0.269687162891046,,,,,
3.708,Winsor,0.57982740021575,,,,,
3.708,Quad,0.336199814040955,,,,,
3.708,Ball,0,,,,,
3.708,Shell,0,,,,,
3.708,LR,0.221,,,,,
3.709,PCA,0.707106781186548,,,,,
3.709,K's tau,0.269614451334592,,,,,
3.709,Winsor,0.579671070369372,,,,,
3.709,Quad,0.336018549823173,,,,,
3.709,Ball,0,,,,,
3.709,Shell,0,,,,,
3.709,LR,0.2205,,,,,
3.71,PCA,0.707106781186548,,,,,
3.71,K's tau,0.269541778975741,,,,,
3.71,Winsor,0.579514824797844,,,,,
3.71,Quad,0.335837432160476,,,,,
3.71,Ball,0,,,,,
3.71,Shell,0,,,,,
3.71,LR,0.22,,,,,
3.711,PCA,0.707106781186548,,,,,
3.711,K's tau,0.269469145782808,,,,,
3.711,Winsor,0.579358663433037,,,,,
3.711,Quad,0.335656460894915,,,,,
3.711,Ball,0,,,,,
3.711,Shell,0,,,,,
3.711,LR,0.2195,,,,,
3.712,PCA,0.707106781186548,,,,,
3.712,K's tau,0.269396551724138,,,,,
3.712,Winsor,0.579202586206897,,,,,
3.712,Quad,0.335475635868757,,,,,
3.712,Ball,0,,,,,
3.712,Shell,0,,,,,
3.712,LR,0.219,,,,,
3.713,PCA,0.707106781186548,,,,,
3.713,K's tau,0.269323996768112,,,,,
3.713,Winsor,0.579046593051441,,,,,
3.713,Quad,0.335294956924481,,,,,
3.713,Ball,0,,,,,
3.713,Shell,0,,,,,
3.713,LR,0.2185,,,,,
3.714,PCA,0.707106781186548,,,,,
3.714,K's tau,0.269251480883145,,,,,
3.714,Winsor,0.578890683898761,,,,,
3.714,Quad,0.335114423904776,,,,,
3.714,Ball,0,,,,,
3.714,Shell,0,,,,,
3.714,LR,0.218,,,,,
3.715,PCA,0.707106781186548,,,,,
3.715,K's tau,0.269179004037685,,,,,
3.715,Winsor,0.578734858681023,,,,,
3.715,Quad,0.334934036652544,,,,,
3.715,Ball,0,,,,,
3.715,Shell,0,,,,,
3.715,LR,0.2175,,,,,
3.716,PCA,0.707106781186548,,,,,
3.716,K's tau,0.269106566200215,,,,,
3.716,Winsor,0.578579117330463,,,,,
3.716,Quad,0.334753795010898,,,,,
3.716,Ball,0,,,,,
3.716,Shell,0,,,,,
3.716,LR,0.217,,,,,
3.717,PCA,0.707106781186548,,,,,
3.717,K's tau,0.269034167339252,,,,,
3.717,Winsor,0.578423459779392,,,,,
3.717,Quad,0.334573698823162,,,,,
3.717,Ball,0,,,,,
3.717,Shell,0,,,,,
3.717,LR,0.2165,,,,,
3.718,PCA,0.707106781186548,,,,,
3.718,K's tau,0.268961807423346,,,,,
3.718,Winsor,0.578267885960194,,,,,
3.718,Quad,0.334393747932872,,,,,
3.718,Ball,0,,,,,
3.718,Shell,0,,,,,
3.718,LR,0.216,,,,,
3.719,PCA,0.707106781186548,,,,,
3.719,K's tau,0.268889486421081,,,,,
3.719,Winsor,0.578112395805324,,,,,
3.719,Quad,0.334213942183772,,,,,
3.719,Ball,0,,,,,
3.719,Shell,0,,,,,
3.719,LR,0.2155,,,,,
3.72,PCA,0.707106781186548,,,,,
3.72,K's tau,0.268817204301075,,,,,
3.72,Winsor,0.577956989247312,,,,,
3.72,Quad,0.334034281419817,,,,,
3.72,Ball,0,,,,,
3.72,Shell,0,,,,,
3.72,LR,0.215,,,,,
3.721,PCA,0.707106781186548,,,,,
3.721,K's tau,0.268744961031981,,,,,
3.721,Winsor,0.577801666218758,,,,,
3.721,Quad,0.333854765485174,,,,,
3.721,Ball,0,,,,,
3.721,Shell,0,,,,,
3.721,LR,0.2145,,,,,
3.722,PCA,0.707106781186548,,,,,
3.722,K's tau,0.268672756582483,,,,,
3.722,Winsor,0.577646426652338,,,,,
3.722,Quad,0.333675394224214,,,,,
3.722,Ball,0,,,,,
3.722,Shell,0,,,,,
3.722,LR,0.214,,,,,
3.723,PCA,0.707106781186548,,,,,
3.723,K's tau,0.2686005909213,,,,,
3.723,Winsor,0.577491270480795,,,,,
3.723,Quad,0.333496167481523,,,,,
3.723,Ball,0,,,,,
3.723,Shell,0,,,,,
3.723,LR,0.2135,,,,,
3.724,PCA,0.707106781186548,,,,,
3.724,K's tau,0.268528464017186,,,,,
3.724,Winsor,0.57733619763695,,,,,
3.724,Quad,0.333317085101891,,,,,
3.724,Ball,0,,,,,
3.724,Shell,0,,,,,
3.724,LR,0.213,,,,,
3.725,PCA,0.707106781186548,,,,,
3.725,K's tau,0.268456375838926,,,,,
3.725,Winsor,0.577181208053691,,,,,
3.725,Quad,0.333138146930318,,,,,
3.725,Ball,0,,,,,
3.725,Shell,0,,,,,
3.725,LR,0.2125,,,,,
3.726,PCA,0.707106781186548,,,,,
3.726,K's tau,0.268384326355341,,,,,
3.726,Winsor,0.577026301663983,,,,,
3.726,Quad,0.332959352812014,,,,,
3.726,Ball,0,,,,,
3.726,Shell,0,,,,,
3.726,LR,0.212,,,,,
3.727,PCA,0.707106781186548,,,,,
3.727,K's tau,0.268312315535283,,,,,
3.727,Winsor,0.576871478400859,,,,,
3.727,Quad,0.332780702592392,,,,,
3.727,Ball,0,,,,,
3.727,Shell,0,,,,,
3.727,LR,0.2115,,,,,
3.728,PCA,0.707106781186548,,,,,
3.728,K's tau,0.26824034334764,,,,,
3.728,Winsor,0.576716738197425,,,,,
3.728,Quad,0.332602196117077,,,,,
3.728,Ball,0,,,,,
3.728,Shell,0,,,,,
3.728,LR,0.211,,,,,
3.729,PCA,0.707106781186548,,,,,
3.729,K's tau,0.26816840976133,,,,,
3.729,Winsor,0.57656208098686,,,,,
3.729,Quad,0.332423833231898,,,,,
3.729,Ball,0,,,,,
3.729,Shell,0,,,,,
3.729,LR,0.2105,,,,,
3.73,PCA,0.707106781186548,,,,,
3.73,K's tau,0.268096514745308,,,,,
3.73,Winsor,0.576407506702413,,,,,
3.73,Quad,0.332245613782892,,,,,
3.73,Ball,0,,,,,
3.73,Shell,0,,,,,
3.73,LR,0.21,,,,,
3.731,PCA,0.707106781186548,,,,,
3.731,K's tau,0.268024658268561,,,,,
3.731,Winsor,0.576253015277406,,,,,
3.731,Quad,0.332067537616302,,,,,
3.731,Ball,0,,,,,
3.731,Shell,0,,,,,
3.731,LR,0.2095,,,,,
3.732,PCA,0.707106781186548,,,,,
3.732,K's tau,0.267952840300107,,,,,
3.732,Winsor,0.576098606645231,,,,,
3.732,Quad,0.331889604578576,,,,,
3.732,Ball,0,,,,,
3.732,Shell,0,,,,,
3.732,LR,0.209,,,,,
3.733,PCA,0.707106781186548,,,,,
3.733,K's tau,0.267881060809001,,,,,
3.733,Winsor,0.575944280739352,,,,,
3.733,Quad,0.331711814516369,,,,,
3.733,Ball,0,,,,,
3.733,Shell,0,,,,,
3.733,LR,0.2085,,,,,
3.734,PCA,0.707106781186548,,,,,
3.734,K's tau,0.267809319764328,,,,,
3.734,Winsor,0.575790037493305,,,,,
3.734,Quad,0.331534167276541,,,,,
3.734,Ball,0,,,,,
3.734,Shell,0,,,,,
3.734,LR,0.208,,,,,
3.735,PCA,0.707106781186548,,,,,
3.735,K's tau,0.267737617135208,,,,,
3.735,Winsor,0.575635876840696,,,,,
3.735,Quad,0.331356662706157,,,,,
3.735,Ball,0,,,,,
3.735,Shell,0,,,,,
3.735,LR,0.2075,,,,,
3.736,PCA,0.707106781186548,,,,,
3.736,K's tau,0.267665952890792,,,,,
3.736,Winsor,0.575481798715203,,,,,
3.736,Quad,0.331179300652486,,,,,
3.736,Ball,0,,,,,
3.736,Shell,0,,,,,
3.736,LR,0.207,,,,,
3.737,PCA,0.707106781186548,,,,,
3.737,K's tau,0.267594327000268,,,,,
3.737,Winsor,0.575327803050575,,,,,
3.737,Quad,0.331002080963002,,,,,
3.737,Ball,0,,,,,
3.737,Shell,0,,,,,
3.737,LR,0.2065,,,,,
3.738,PCA,0.707106781186548,,,,,
3.738,K's tau,0.267522739432852,,,,,
3.738,Winsor,0.575173889780631,,,,,
3.738,Quad,0.330825003485382,,,,,
3.738,Ball,0,,,,,
3.738,Shell,0,,,,,
3.738,LR,0.206,,,,,
3.739,PCA,0.707106781186548,,,,,
3.739,K's tau,0.267451190157796,,,,,
3.739,Winsor,0.575020058839262,,,,,
3.739,Quad,0.330648068067508,,,,,
3.739,Ball,0,,,,,
3.739,Shell,0,,,,,
3.739,LR,0.2055,,,,,
3.74,PCA,0.707106781186548,,,,,
3.74,K's tau,0.267379679144385,,,,,
3.74,Winsor,0.574866310160428,,,,,
3.74,Quad,0.330471274557465,,,,,
3.74,Ball,0,,,,,
3.74,Shell,0,,,,,
3.74,LR,0.205,,,,,
3.741,PCA,0.707106781186548,,,,,
3.741,K's tau,0.267308206361935,,,,,
3.741,Winsor,0.574712643678161,,,,,
3.741,Quad,0.330294622803541,,,,,
3.741,Ball,0,,,,,
3.741,Shell,0,,,,,
3.741,LR,0.2045,,,,,
3.742,PCA,0.707106781186548,,,,,
3.742,K's tau,0.267236771779797,,,,,
3.742,Winsor,0.574559059326563,,,,,
3.742,Quad,0.330118112654225,,,,,
3.742,Ball,0,,,,,
3.742,Shell,0,,,,,
3.742,LR,0.204,,,,,
3.743,PCA,0.707106781186548,,,,,
3.743,K's tau,0.267165375367352,,,,,
3.743,Winsor,0.574405557039808,,,,,
3.743,Quad,0.329941743958212,,,,,
3.743,Ball,0,,,,,
3.743,Shell,0,,,,,
3.743,LR,0.2035,,,,,
3.744,PCA,0.707106781186548,,,,,
3.744,K's tau,0.267094017094017,,,,,
3.744,Winsor,0.574252136752137,,,,,
3.744,Quad,0.329765516564395,,,,,
3.744,Ball,0,,,,,
3.744,Shell,0,,,,,
3.744,LR,0.203,,,,,
3.745,PCA,0.707106781186548,,,,,
3.745,K's tau,0.267022696929239,,,,,
3.745,Winsor,0.574098798397864,,,,,
3.745,Quad,0.329589430321871,,,,,
3.745,Ball,0,,,,,
3.745,Shell,0,,,,,
3.745,LR,0.2025,,,,,
3.746,PCA,0.707106781186548,,,,,
3.746,K's tau,0.266951414842499,,,,,
3.746,Winsor,0.573945541911372,,,,,
3.746,Quad,0.329413485079939,,,,,
3.746,Ball,0,,,,,
3.746,Shell,0,,,,,
3.746,LR,0.202,,,,,
3.747,PCA,0.707106781186548,,,,,
3.747,K's tau,0.266880170803309,,,,,
3.747,Winsor,0.573792367227115,,,,,
3.747,Quad,0.329237680688096,,,,,
3.747,Ball,0,,,,,
3.747,Shell,0,,,,,
3.747,LR,0.2015,,,,,
3.748,PCA,0.707106781186548,,,,,
3.748,K's tau,0.266808964781217,,,,,
3.748,Winsor,0.573639274279616,,,,,
3.748,Quad,0.329062016996044,,,,,
3.748,Ball,0,,,,,
3.748,Shell,0,,,,,
3.748,LR,0.201,,,,,
3.749,PCA,0.707106781186548,,,,,
3.749,K's tau,0.266737796745799,,,,,
3.749,Winsor,0.573486263003468,,,,,
3.749,Quad,0.328886493853682,,,,,
3.749,Ball,0,,,,,
3.749,Shell,0,,,,,
3.749,LR,0.2005,,,,,
3.75,PCA,0.707106781186548,,,,,
3.75,K's tau,0.266666666666667,,,,,
3.75,Winsor,0.573333333333333,,,,,
3.75,Quad,0.328711111111111,,,,,
3.75,Ball,0,,,,,
3.75,Shell,0,,,,,
3.75,LR,0.2,,,,,
3.751,PCA,0.707106781186548,,,,,
3.751,K's tau,0.266595574513463,,,,,
3.751,Winsor,0.573180485203946,,,,,
3.751,Quad,0.32853586861863,,,,,
3.751,Ball,0,,,,,
3.751,Shell,0,,,,,
3.751,LR,0.1995,,,,,
3.752,PCA,0.707106781186548,,,,,
3.752,K's tau,0.266524520255864,,,,,
3.752,Winsor,0.573027718550107,,,,,
3.752,Quad,0.32836076622674,,,,,
3.752,Ball,0,,,,,
3.752,Shell,0,,,,,
3.752,LR,0.199,,,,,
3.753,PCA,0.707106781186548,,,,,
3.753,K's tau,0.266453503863576,,,,,
3.753,Winsor,0.572875033306688,,,,,
3.753,Quad,0.328185803786139,,,,,
3.753,Ball,0,,,,,
3.753,Shell,0,,,,,
3.753,LR,0.1985,,,,,
3.754,PCA,0.707106781186548,,,,,
3.754,K's tau,0.26638252530634,,,,,
3.754,Winsor,0.572722429408631,,,,,
3.754,Quad,0.328010981147724,,,,,
3.754,Ball,0,,,,,
3.754,Shell,0,,,,,
3.754,LR,0.198,,,,,
3.755,PCA,0.707106781186548,,,,,
3.755,K's tau,0.266311584553928,,,,,
3.755,Winsor,0.572569906790946,,,,,
3.755,Quad,0.327836298162592,,,,,
3.755,Ball,0,,,,,
3.755,Shell,0,,,,,
3.755,LR,0.1975,,,,,
3.756,PCA,0.707106781186548,,,,,
3.756,K's tau,0.266240681576145,,,,,
3.756,Winsor,0.572417465388711,,,,,
3.756,Quad,0.327661754682037,,,,,
3.756,Ball,0,,,,,
3.756,Shell,0,,,,,
3.756,LR,0.197,,,,,
3.757,PCA,0.707106781186548,,,,,
3.757,K's tau,0.266169816342827,,,,,
3.757,Winsor,0.572265105137078,,,,,
3.757,Quad,0.32748735055755,,,,,
3.757,Ball,0,,,,,
3.757,Shell,0,,,,,
3.757,LR,0.1965,,,,,
3.758,PCA,0.707106781186548,,,,,
3.758,K's tau,0.266098988823843,,,,,
3.758,Winsor,0.572112825971261,,,,,
3.758,Quad,0.327313085640823,,,,,
3.758,Ball,0,,,,,
3.758,Shell,0,,,,,
3.758,LR,0.196,,,,,
3.759,PCA,0.707106781186548,,,,,
3.759,K's tau,0.266028198989093,,,,,
3.759,Winsor,0.57196062782655,,,,,
3.759,Quad,0.327138959783741,,,,,
3.759,Ball,0,,,,,
3.759,Shell,0,,,,,
3.759,LR,0.1955,,,,,
3.76,PCA,0.707106781186548,,,,,
3.76,K's tau,0.265957446808511,,,,,
3.76,Winsor,0.571808510638298,,,,,
3.76,Quad,0.326964972838388,,,,,
3.76,Ball,0,,,,,
3.76,Shell,0,,,,,
3.76,LR,0.195,,,,,
3.761,PCA,0.707106781186548,,,,,
3.761,K's tau,0.265886732252061,,,,,
3.761,Winsor,0.57165647434193,,,,,
3.761,Quad,0.326791124657046,,,,,
3.761,Ball,0,,,,,
3.761,Shell,0,,,,,
3.761,LR,0.1945,,,,,
3.762,PCA,0.707106781186548,,,,,
3.762,K's tau,0.26581605528974,,,,,
3.762,Winsor,0.57150451887294,,,,,
3.762,Quad,0.326617415092191,,,,,
3.762,Ball,0,,,,,
3.762,Shell,0,,,,,
3.762,LR,0.194,,,,,
3.763,PCA,0.707106781186548,,,,,
3.763,K's tau,0.265745415891576,,,,,
3.763,Winsor,0.571352644166888,,,,,
3.763,Quad,0.326443843996495,,,,,
3.763,Ball,0,,,,,
3.763,Shell,0,,,,,
3.763,LR,0.1935,,,,,
3.764,PCA,0.707106781186548,,,,,
3.764,K's tau,0.26567481402763,,,,,
3.764,Winsor,0.571200850159405,,,,,
3.764,Quad,0.326270411222827,,,,,
3.764,Ball,0,,,,,
3.764,Shell,0,,,,,
3.764,LR,0.193,,,,,
3.765,PCA,0.707106781186548,,,,,
3.765,K's tau,0.265604249667995,,,,,
3.765,Winsor,0.571049136786189,,,,,
3.765,Quad,0.326097116624251,,,,,
3.765,Ball,0,,,,,
3.765,Shell,0,,,,,
3.765,LR,0.1925,,,,,
3.766,PCA,0.707106781186548,,,,,
3.766,K's tau,0.265533722782793,,,,,
3.766,Winsor,0.570897503983006,,,,,
3.766,Quad,0.325923960054026,,,,,
3.766,Ball,0,,,,,
3.766,Shell,0,,,,,
3.766,LR,0.192,,,,,
3.767,PCA,0.707106781186548,,,,,
3.767,K's tau,0.265463233342182,,,,,
3.767,Winsor,0.570745951685692,,,,,
3.767,Quad,0.325750941365606,,,,,
3.767,Ball,0,,,,,
3.767,Shell,0,,,,,
3.767,LR,0.1915,,,,,
3.768,PCA,0.707106781186548,,,,,
3.768,K's tau,0.265392781316348,,,,,
3.768,Winsor,0.570594479830149,,,,,
3.768,Quad,0.325578060412638,,,,,
3.768,Ball,0,,,,,
3.768,Shell,0,,,,,
3.768,LR,0.191,,,,,
3.769,PCA,0.707106781186548,,,,,
3.769,K's tau,0.265322366675511,,,,,
3.769,Winsor,0.570443088352348,,,,,
3.769,Quad,0.325405317048965,,,,,
3.769,Ball,0,,,,,
3.769,Shell,0,,,,,
3.769,LR,0.1905,,,,,
3.77,PCA,0.707106781186548,,,,,
3.77,K's tau,0.26525198938992,,,,,
3.77,Winsor,0.570291777188329,,,,,
3.77,Quad,0.325232711128623,,,,,
3.77,Ball,0,,,,,
3.77,Shell,0,,,,,
3.77,LR,0.19,,,,,
3.771,PCA,0.707106781186548,,,,,
3.771,K's tau,0.265181649429859,,,,,
3.771,Winsor,0.570140546274198,,,,,
3.771,Quad,0.325060242505841,,,,,
3.771,Ball,0,,,,,
3.771,Shell,0,,,,,
3.771,LR,0.1895,,,,,
3.772,PCA,0.707106781186548,,,,,
3.772,K's tau,0.265111346765642,,,,,
3.772,Winsor,0.569989395546129,,,,,
3.772,Quad,0.324887911035042,,,,,
3.772,Ball,0,,,,,
3.772,Shell,0,,,,,
3.772,LR,0.189,,,,,
3.773,PCA,0.707106781186548,,,,,
3.773,K's tau,0.265041081367612,,,,,
3.773,Winsor,0.569838324940366,,,,,
3.773,Quad,0.324715716570842,,,,,
3.773,Ball,0,,,,,
3.773,Shell,0,,,,,
3.773,LR,0.1885,,,,,
3.774,PCA,0.707106781186548,,,,,
3.774,K's tau,0.264970853206147,,,,,
3.774,Winsor,0.569687334393217,,,,,
3.774,Quad,0.324543658968049,,,,,
3.774,Ball,0,,,,,
3.774,Shell,0,,,,,
3.774,LR,0.188,,,,,
3.775,PCA,0.707106781186548,,,,,
3.775,K's tau,0.264900662251656,,,,,
3.775,Winsor,0.56953642384106,,,,,
3.775,Quad,0.324371738081663,,,,,
3.775,Ball,0,,,,,
3.775,Shell,0,,,,,
3.775,LR,0.1875,,,,,
3.776,PCA,0.707106781186548,,,,,
3.776,K's tau,0.264830508474576,,,,,
3.776,Winsor,0.569385593220339,,,,,
3.776,Quad,0.324199953766877,,,,,
3.776,Ball,0,,,,,
3.776,Shell,0,,,,,
3.776,LR,0.187,,,,,
3.777,PCA,0.707106781186548,,,,,
3.777,K's tau,0.26476039184538,,,,,
3.777,Winsor,0.569234842467567,,,,,
3.777,Quad,0.324028305879076,,,,,
3.777,Ball,0,,,,,
3.777,Shell,0,,,,,
3.777,LR,0.1865,,,,,
3.778,PCA,0.707106781186548,,,,,
3.778,K's tau,0.264690312334569,,,,,
3.778,Winsor,0.569084171519322,,,,,
3.778,Quad,0.323856794273834,,,,,
3.778,Ball,0,,,,,
3.778,Shell,0,,,,,
3.778,LR,0.186,,,,,
3.779,PCA,0.707106781186548,,,,,
3.779,K's tau,0.264620269912675,,,,,
3.779,Winsor,0.568933580312252,,,,,
3.779,Quad,0.323685418806918,,,,,
3.779,Ball,0,,,,,
3.779,Shell,0,,,,,
3.779,LR,0.1855,,,,,
3.78,PCA,0.707106781186548,,,,,
3.78,K's tau,0.264550264550265,,,,,
3.78,Winsor,0.568783068783069,,,,,
3.78,Quad,0.323514179334285,,,,,
3.78,Ball,0,,,,,
3.78,Shell,0,,,,,
3.78,LR,0.185,,,,,
3.781,PCA,0.707106781186548,,,,,
3.781,K's tau,0.264480296217932,,,,,
3.781,Winsor,0.568632636868553,,,,,
3.781,Quad,0.323343075712084,,,,,
3.781,Ball,0,,,,,
3.781,Shell,0,,,,,
3.781,LR,0.1845,,,,,
3.782,PCA,0.707106781186548,,,,,
3.782,K's tau,0.264410364886304,,,,,
3.782,Winsor,0.568482284505553,,,,,
3.782,Quad,0.323172107796652,,,,,
3.782,Ball,0,,,,,
3.782,Shell,0,,,,,
3.782,LR,0.184,,,,,
3.783,PCA,0.707106781186548,,,,,
3.783,K's tau,0.264340470526038,,,,,
3.783,Winsor,0.568332011630981,,,,,
3.783,Quad,0.323001275444517,,,,,
3.783,Ball,0,,,,,
3.783,Shell,0,,,,,
3.783,LR,0.1835,,,,,
3.784,PCA,0.707106781186548,,,,,
3.784,K's tau,0.264270613107822,,,,,
3.784,Winsor,0.568181818181818,,,,,
3.784,Quad,0.322830578512397,,,,,
3.784,Ball,0,,,,,
3.784,Shell,0,,,,,
3.784,LR,0.183,,,,,
3.785,PCA,0.707106781186548,,,,,
3.785,K's tau,0.264200792602378,,,,,
3.785,Winsor,0.568031704095112,,,,,
3.785,Quad,0.322660016857197,,,,,
3.785,Ball,0,,,,,
3.785,Shell,0,,,,,
3.785,LR,0.1825,,,,,
3.786,PCA,0.707106781186548,,,,,
3.786,K's tau,0.264131008980454,,,,,
3.786,Winsor,0.567881669307977,,,,,
3.786,Quad,0.322489590336014,,,,,
3.786,Ball,0,,,,,
3.786,Shell,0,,,,,
3.786,LR,0.182,,,,,
3.787,PCA,0.707106781186548,,,,,
3.787,K's tau,0.264061262212833,,,,,
3.787,Winsor,0.567731713757592,,,,,
3.787,Quad,0.322319298806132,,,,,
3.787,Ball,0,,,,,
3.787,Shell,0,,,,,
3.787,LR,0.1815,,,,,
3.788,PCA,0.707106781186548,,,,,
3.788,K's tau,0.263991552270327,,,,,
3.788,Winsor,0.567581837381204,,,,,
3.788,Quad,0.322149142125023,,,,,
3.788,Ball,0,,,,,
3.788,Shell,0,,,,,
3.788,LR,0.181,,,,,
3.789,PCA,0.707106781186548,,,,,
3.789,K's tau,0.263921879123779,,,,,
3.789,Winsor,0.567432040116126,,,,,
3.789,Quad,0.321979120150349,,,,,
3.789,Ball,0,,,,,
3.789,Shell,0,,,,,
3.789,LR,0.1805,,,,,
3.79,PCA,0.707106781186548,,,,,
3.79,K's tau,0.263852242744063,,,,,
3.79,Winsor,0.567282321899736,,,,,
3.79,Quad,0.321809232739956,,,,,
3.79,Ball,0,,,,,
3.79,Shell,0,,,,,
3.79,LR,0.18,,,,,
3.791,PCA,0.707106781186548,,,,,
3.791,K's tau,0.263782643102084,,,,,
3.791,Winsor,0.56713268266948,,,,,
3.791,Quad,0.321639479751882,,,,,
3.791,Ball,0,,,,,
3.791,Shell,0,,,,,
3.791,LR,0.1795,,,,,
3.792,PCA,0.707106781186548,,,,,
3.792,K's tau,0.263713080168776,,,,,
3.792,Winsor,0.566983122362869,,,,,
3.792,Quad,0.321469861044348,,,,,
3.792,Ball,0,,,,,
3.792,Shell,0,,,,,
3.792,LR,0.179,,,,,
3.793,PCA,0.707106781186548,,,,,
3.793,K's tau,0.263643553915107,,,,,
3.793,Winsor,0.56683364091748,,,,,
3.793,Quad,0.321300376475766,,,,,
3.793,Ball,0,,,,,
3.793,Shell,0,,,,,
3.793,LR,0.1785,,,,,
3.794,PCA,0.707106781186548,,,,,
3.794,K's tau,0.263574064312072,,,,,
3.794,Winsor,0.566684238270954,,,,,
3.794,Quad,0.321131025904732,,,,,
3.794,Ball,0,,,,,
3.794,Shell,0,,,,,
3.794,LR,0.178,,,,,
3.795,PCA,0.707106781186548,,,,,
3.795,K's tau,0.263504611330698,,,,,
3.795,Winsor,0.566534914361001,,,,,
3.795,Quad,0.320961809190027,,,,,
3.795,Ball,0,,,,,
3.795,Shell,0,,,,,
3.795,LR,0.1775,,,,,
3.796,PCA,0.707106781186548,,,,,
3.796,K's tau,0.263435194942044,,,,,
3.796,Winsor,0.566385669125395,,,,,
3.796,Quad,0.320792726190622,,,,,
3.796,Ball,0,,,,,
3.796,Shell,0,,,,,
3.796,LR,0.177,,,,,
3.797,PCA,0.707106781186548,,,,,
3.797,K's tau,0.263365815117198,,,,,
3.797,Winsor,0.566236502501975,,,,,
3.797,Quad,0.320623776765669,,,,,
3.797,Ball,0,,,,,
3.797,Shell,0,,,,,
3.797,LR,0.1765,,,,,
3.798,PCA,0.707106781186548,,,,,
3.798,K's tau,0.263296471827278,,,,,
3.798,Winsor,0.566087414428647,,,,,
3.798,Quad,0.32045496077451,,,,,
3.798,Ball,0,,,,,
3.798,Shell,0,,,,,
3.798,LR,0.176,,,,,
3.799,PCA,0.707106781186548,,,,,
3.799,K's tau,0.263227165043432,,,,,
3.799,Winsor,0.56593840484338,,,,,
3.799,Quad,0.320286278076669,,,,,
3.799,Ball,0,,,,,
3.799,Shell,0,,,,,
3.799,LR,0.1755,,,,,
3.8,PCA,0.707106781186548,,,,,
3.8,K's tau,0.263157894736842,,,,,
3.8,Winsor,0.565789473684211,,,,,
3.8,Quad,0.320117728531856,,,,,
3.8,Ball,0,,,,,
3.8,Shell,0,,,,,
3.8,LR,0.175,,,,,
3.801,PCA,0.707106781186548,,,,,
3.801,K's tau,0.263088660878716,,,,,
3.801,Winsor,0.56564062088924,,,,,
3.801,Quad,0.319949311999965,,,,,
3.801,Ball,0,,,,,
3.801,Shell,0,,,,,
3.801,LR,0.1745,,,,,
3.802,PCA,0.707106781186548,,,,,
3.802,K's tau,0.263019463440295,,,,,
3.802,Winsor,0.565491846396633,,,,,
3.802,Quad,0.319781028341074,,,,,
3.802,Ball,0,,,,,
3.802,Shell,0,,,,,
3.802,LR,0.174,,,,,
3.803,PCA,0.707106781186548,,,,,
3.803,K's tau,0.262950302392848,,,,,
3.803,Winsor,0.565343150144623,,,,,
3.803,Quad,0.319612877415445,,,,,
3.803,Ball,0,,,,,
3.803,Shell,0,,,,,
3.803,LR,0.1735,,,,,
3.804,PCA,0.707106781186548,,,,,
3.804,K's tau,0.262881177707676,,,,,
3.804,Winsor,0.565194532071504,,,,,
3.804,Quad,0.319444859083526,,,,,
3.804,Ball,0,,,,,
3.804,Shell,0,,,,,
3.804,LR,0.173,,,,,
3.805,PCA,0.707106781186548,,,,,
3.805,K's tau,0.26281208935611,,,,,
3.805,Winsor,0.565045992115637,,,,,
3.805,Quad,0.319276973205945,,,,,
3.805,Ball,0,,,,,
3.805,Shell,0,,,,,
3.805,LR,0.1725,,,,,
3.806,PCA,0.707106781186548,,,,,
3.806,K's tau,0.262743037309511,,,,,
3.806,Winsor,0.564897530215449,,,,,
3.806,Quad,0.319109219643514,,,,,
3.806,Ball,0,,,,,
3.806,Shell,0,,,,,
3.806,LR,0.172,,,,,
3.807,PCA,0.707106781186548,,,,,
3.807,K's tau,0.26267402153927,,,,,
3.807,Winsor,0.56474914630943,,,,,
3.807,Quad,0.31894159825723,,,,,
3.807,Ball,0,,,,,
3.807,Shell,0,,,,,
3.807,LR,0.1715,,,,,
3.808,PCA,0.707106781186548,,,,,
3.808,K's tau,0.262605042016807,,,,,
3.808,Winsor,0.564600840336134,,,,,
3.808,Quad,0.318774108908269,,,,,
3.808,Ball,0,,,,,
3.808,Shell,0,,,,,
3.808,LR,0.171,,,,,
3.809,PCA,0.707106781186548,,,,,
3.809,K's tau,0.262536098713573,,,,,
3.809,Winsor,0.564452612234182,,,,,
3.809,Quad,0.318606751457992,,,,,
3.809,Ball,0,,,,,
3.809,Shell,0,,,,,
3.809,LR,0.1705,,,,,
3.81,PCA,0.707106781186548,,,,,
3.81,K's tau,0.26246719160105,,,,,
3.81,Winsor,0.564304461942257,,,,,
3.81,Quad,0.31843952576794,,,,,
3.81,Ball,0,,,,,
3.81,Shell,0,,,,,
3.81,LR,0.17,,,,,
3.811,PCA,0.707106781186548,,,,,
3.811,K's tau,0.262398320650748,,,,,
3.811,Winsor,0.564156389399108,,,,,
3.811,Quad,0.318272431699838,,,,,
3.811,Ball,0,,,,,
3.811,Shell,0,,,,,
3.811,LR,0.1695,,,,,
3.812,PCA,0.707106781186548,,,,,
3.812,K's tau,0.262329485834208,,,,,
3.812,Winsor,0.564008394543547,,,,,
3.812,Quad,0.318105469115589,,,,,
3.812,Ball,0,,,,,
3.812,Shell,0,,,,,
3.812,LR,0.169,,,,,
3.813,PCA,0.707106781186548,,,,,
3.813,K's tau,0.262260687123,,,,,
3.813,Winsor,0.563860477314451,,,,,
3.813,Quad,0.31793863787728,,,,,
3.813,Ball,0,,,,,
3.813,Shell,0,,,,,
3.813,LR,0.1685,,,,,
3.814,PCA,0.707106781186548,,,,,
3.814,K's tau,0.262191924488726,,,,,
3.814,Winsor,0.56371263765076,,,,,
3.814,Quad,0.317771937847177,,,,,
3.814,Ball,0,,,,,
3.814,Shell,0,,,,,
3.814,LR,0.168,,,,,
3.815,PCA,0.707106781186548,,,,,
3.815,K's tau,0.262123197903014,,,,,
3.815,Winsor,0.563564875491481,,,,,
3.815,Quad,0.317605368887729,,,,,
3.815,Ball,0,,,,,
3.815,Shell,0,,,,,
3.815,LR,0.1675,,,,,
3.816,PCA,0.707106781186548,,,,,
3.816,K's tau,0.262054507337526,,,,,
3.816,Winsor,0.563417190775681,,,,,
3.816,Quad,0.317438930861561,,,,,
3.816,Ball,0,,,,,
3.816,Shell,0,,,,,
3.816,LR,0.167,,,,,
3.817,PCA,0.707106781186548,,,,,
3.817,K's tau,0.261985852763951,,,,,
3.817,Winsor,0.563269583442494,,,,,
3.817,Quad,0.317272623631481,,,,,
3.817,Ball,0,,,,,
3.817,Shell,0,,,,,
3.817,LR,0.1665,,,,,
3.818,PCA,0.707106781186548,,,,,
3.818,K's tau,0.261917234154007,,,,,
3.818,Winsor,0.563122053431116,,,,,
3.818,Quad,0.317106447060476,,,,,
3.818,Ball,0,,,,,
3.818,Shell,0,,,,,
3.818,LR,0.166,,,,,
3.819,PCA,0.707106781186548,,,,,
3.819,K's tau,0.261848651479445,,,,,
3.819,Winsor,0.562974600680807,,,,,
3.819,Quad,0.316940401011714,,,,,
3.819,Ball,0,,,,,
3.819,Shell,0,,,,,
3.819,LR,0.1655,,,,,
3.82,PCA,0.707106781186548,,,,,
3.82,K's tau,0.261780104712042,,,,,
3.82,Winsor,0.56282722513089,,,,,
3.82,Quad,0.316774485348538,,,,,
3.82,Ball,0,,,,,
3.82,Shell,0,,,,,
3.82,LR,0.165,,,,,
3.821,PCA,0.707106781186548,,,,,
3.821,K's tau,0.261711593823606,,,,,
3.821,Winsor,0.562679926720754,,,,,
3.821,Quad,0.316608699934473,,,,,
3.821,Ball,0,,,,,
3.821,Shell,0,,,,,
3.821,LR,0.1645,,,,,
3.822,PCA,0.707106781186548,,,,,
3.822,K's tau,0.261643118785976,,,,,
3.822,Winsor,0.562532705389848,,,,,
3.822,Quad,0.316443044633222,,,,,
3.822,Ball,0,,,,,
3.822,Shell,0,,,,,
3.822,LR,0.164,,,,,
3.823,PCA,0.707106781186548,,,,,
3.823,K's tau,0.261574679571018,,,,,
3.823,Winsor,0.562385561077688,,,,,
3.823,Quad,0.316277519308666,,,,,
3.823,Ball,0,,,,,
3.823,Shell,0,,,,,
3.823,LR,0.1635,,,,,
3.824,PCA,0.707106781186548,,,,,
3.824,K's tau,0.261506276150628,,,,,
3.824,Winsor,0.562238493723849,,,,,
3.824,Quad,0.316112123824863,,,,,
3.824,Ball,0,,,,,
3.824,Shell,0,,,,,
3.824,LR,0.163,,,,,
3.825,PCA,0.707106781186548,,,,,
3.825,K's tau,0.261437908496732,,,,,
3.825,Winsor,0.562091503267974,,,,,
3.825,Quad,0.315946858046051,,,,,
3.825,Ball,0,,,,,
3.825,Shell,0,,,,,
3.825,LR,0.1625,,,,,
3.826,PCA,0.707106781186548,,,,,
3.826,K's tau,0.261369576581286,,,,,
3.826,Winsor,0.561944589649765,,,,,
3.826,Quad,0.315781721836642,,,,,
3.826,Ball,0,,,,,
3.826,Shell,0,,,,,
3.826,LR,0.162,,,,,
3.827,PCA,0.707106781186548,,,,,
3.827,K's tau,0.261301280376274,,,,,
3.827,Winsor,0.561797752808989,,,,,
3.827,Quad,0.31561671506123,,,,,
3.827,Ball,0,,,,,
3.827,Shell,0,,,,,
3.827,LR,0.1615,,,,,
3.828,PCA,0.707106781186548,,,,,
3.828,K's tau,0.26123301985371,,,,,
3.828,Winsor,0.561650992685475,,,,,
3.828,Quad,0.31545183758458,,,,,
3.828,Ball,0,,,,,
3.828,Shell,0,,,,,
3.828,LR,0.161,,,,,
3.829,PCA,0.707106781186548,,,,,
3.829,K's tau,0.261164794985636,,,,,
3.829,Winsor,0.561504309219117,,,,,
3.829,Quad,0.315287089271638,,,,,
3.829,Ball,0,,,,,
3.829,Shell,0,,,,,
3.829,LR,0.1605,,,,,
3.83,PCA,0.707106781186548,,,,,
3.83,K's tau,0.261096605744125,,,,,
3.83,Winsor,0.561357702349869,,,,,
3.83,Quad,0.315122469987525,,,,,
3.83,Ball,0,,,,,
3.83,Shell,0,,,,,
3.83,LR,0.16,,,,,
3.831,PCA,0.707106781186548,,,,,
3.831,K's tau,0.261028452101279,,,,,
3.831,Winsor,0.56121117201775,,,,,
3.831,Quad,0.314957979597537,,,,,
3.831,Ball,0,,,,,
3.831,Shell,0,,,,,
3.831,LR,0.1595,,,,,
3.832,PCA,0.707106781186548,,,,,
3.832,K's tau,0.260960334029228,,,,,
3.832,Winsor,0.561064718162839,,,,,
3.832,Quad,0.314793617967146,,,,,
3.832,Ball,0,,,,,
3.832,Shell,0,,,,,
3.832,LR,0.159,,,,,
3.833,PCA,0.707106781186548,,,,,
3.833,K's tau,0.26089225150013,,,,,
3.833,Winsor,0.560918340725281,,,,,
3.833,Quad,0.314629384962002,,,,,
3.833,Ball,0,,,,,
3.833,Shell,0,,,,,
3.833,LR,0.1585,,,,,
3.834,PCA,0.707106781186548,,,,,
3.834,K's tau,0.260824204486176,,,,,
3.834,Winsor,0.560772039645279,,,,,
3.834,Quad,0.314465280447926,,,,,
3.834,Ball,0,,,,,
3.834,Shell,0,,,,,
3.834,LR,0.158,,,,,
3.835,PCA,0.707106781186548,,,,,
3.835,K's tau,0.260756192959583,,,,,
3.835,Winsor,0.560625814863103,,,,,
3.835,Quad,0.314301304290918,,,,,
3.835,Ball,0,,,,,
3.835,Shell,0,,,,,
3.835,LR,0.1575,,,,,
3.836,PCA,0.707106781186548,,,,,
3.836,K's tau,0.260688216892596,,,,,
3.836,Winsor,0.560479666319082,,,,,
3.836,Quad,0.31413745635715,,,,,
3.836,Ball,0,,,,,
3.836,Shell,0,,,,,
3.836,LR,0.157,,,,,
3.837,PCA,0.707106781186548,,,,,
3.837,K's tau,0.260620276257493,,,,,
3.837,Winsor,0.56033359395361,,,,,
3.837,Quad,0.313973736512969,,,,,
3.837,Ball,0,,,,,
3.837,Shell,0,,,,,
3.837,LR,0.1565,,,,,
3.838,PCA,0.707106781186548,,,,,
3.838,K's tau,0.260552371026576,,,,,
3.838,Winsor,0.560187597707139,,,,,
3.838,Quad,0.313810144624896,,,,,
3.838,Ball,0,,,,,
3.838,Shell,0,,,,,
3.838,LR,0.156,,,,,
3.839,PCA,0.707106781186548,,,,,
3.839,K's tau,0.26048450117218,,,,,
3.839,Winsor,0.560041677520188,,,,,
3.839,Quad,0.313646680559626,,,,,
3.839,Ball,0,,,,,
3.839,Shell,0,,,,,
3.839,LR,0.1555,,,,,
3.84,PCA,0.707106781186548,,,,,
3.84,K's tau,0.260416666666667,,,,,
3.84,Winsor,0.559895833333333,,,,,
3.84,Quad,0.313483344184028,,,,,
3.84,Ball,0,,,,,
3.84,Shell,0,,,,,
3.84,LR,0.155,,,,,
3.841,PCA,0.707106781186548,,,,,
3.841,K's tau,0.260348867482426,,,,,
3.841,Winsor,0.559750065087217,,,,,
3.841,Quad,0.313320135365144,,,,,
3.841,Ball,0,,,,,
3.841,Shell,0,,,,,
3.841,LR,0.1545,,,,,
3.842,PCA,0.707106781186548,,,,,
3.842,K's tau,0.260281103591879,,,,,
3.842,Winsor,0.55960437272254,,,,,
3.842,Quad,0.313157053970188,,,,,
3.842,Ball,0,,,,,
3.842,Shell,0,,,,,
3.842,LR,0.154,,,,,
3.843,PCA,0.707106781186548,,,,,
3.843,K's tau,0.260213374967473,,,,,
3.843,Winsor,0.559458756180068,,,,,
3.843,Quad,0.312994099866548,,,,,
3.843,Ball,0,,,,,
3.843,Shell,0,,,,,
3.843,LR,0.1535,,,,,
3.844,PCA,0.707106781186548,,,,,
3.844,K's tau,0.260145681581686,,,,,
3.844,Winsor,0.559313215400624,,,,,
3.844,Quad,0.312831272921785,,,,,
3.844,Ball,0,,,,,
3.844,Shell,0,,,,,
3.844,LR,0.153,,,,,
3.845,PCA,0.707106781186548,,,,,
3.845,K's tau,0.260078023407022,,,,,
3.845,Winsor,0.559167750325098,,,,,
3.845,Quad,0.312668573003631,,,,,
3.845,Ball,0,,,,,
3.845,Shell,0,,,,,
3.845,LR,0.1525,,,,,
3.846,PCA,0.707106781186548,,,,,
3.846,K's tau,0.260010400416017,,,,,
3.846,Winsor,0.559022360894436,,,,,
3.846,Quad,0.312505999979989,,,,,
3.846,Ball,0,,,,,
3.846,Shell,0,,,,,
3.846,LR,0.152,,,,,
3.847,PCA,0.707106781186548,,,,,
3.847,K's tau,0.259942812581232,,,,,
3.847,Winsor,0.558877047049649,,,,,
3.847,Quad,0.312343553718936,,,,,
3.847,Ball,0,,,,,
3.847,Shell,0,,,,,
3.847,LR,0.1515,,,,,
3.848,PCA,0.707106781186548,,,,,
3.848,K's tau,0.25987525987526,,,,,
3.848,Winsor,0.558731808731809,,,,,
3.848,Quad,0.312181234088719,,,,,
3.848,Ball,0,,,,,
3.848,Shell,0,,,,,
3.848,LR,0.151,,,,,
3.849,PCA,0.707106781186548,,,,,
3.849,K's tau,0.25980774227072,,,,,
3.849,Winsor,0.558586645882047,,,,,
3.849,Quad,0.312019040957756,,,,,
3.849,Ball,0,,,,,
3.849,Shell,0,,,,,
3.849,LR,0.1505,,,,,
3.85,PCA,0.707106781186548,,,,,
3.85,K's tau,0.25974025974026,,,,,
3.85,Winsor,0.558441558441559,,,,,
3.85,Quad,0.311856974194637,,,,,
3.85,Ball,0,,,,,
3.85,Shell,0,,,,,
3.85,LR,0.15,,,,,
3.851,PCA,0.707106781186548,,,,,
3.851,K's tau,0.259672812256557,,,,,
3.851,Winsor,0.558296546351597,,,,,
3.851,Quad,0.311695033668121,,,,,
3.851,Ball,0,,,,,
3.851,Shell,0,,,,,
3.851,LR,0.1495,,,,,
3.852,PCA,0.707106781186548,,,,,
3.852,K's tau,0.259605399792316,,,,,
3.852,Winsor,0.558151609553479,,,,,
3.852,Quad,0.311533219247139,,,,,
3.852,Ball,0,,,,,
3.852,Shell,0,,,,,
3.852,LR,0.149,,,,,
3.853,PCA,0.707106781186548,,,,,
3.853,K's tau,0.25953802232027,,,,,
3.853,Winsor,0.55800674798858,,,,,
3.853,Quad,0.311371530800791,,,,,
3.853,Ball,0,,,,,
3.853,Shell,0,,,,,
3.853,LR,0.1485,,,,,
3.854,PCA,0.707106781186548,,,,,
3.854,K's tau,0.259470679813181,,,,,
3.854,Winsor,0.55786196159834,,,,,
3.854,Quad,0.311209968198347,,,,,
3.854,Ball,0,,,,,
3.854,Shell,0,,,,,
3.854,LR,0.148,,,,,
3.855,PCA,0.707106781186548,,,,,
3.855,K's tau,0.259403372243839,,,,,
3.855,Winsor,0.557717250324254,,,,,
3.855,Quad,0.311048531309247,,,,,
3.855,Ball,0,,,,,
3.855,Shell,0,,,,,
3.855,LR,0.1475,,,,,
3.856,PCA,0.707106781186548,,,,,
3.856,K's tau,0.259336099585062,,,,,
3.856,Winsor,0.557572614107884,,,,,
3.856,Quad,0.310887220003099,,,,,
3.856,Ball,0,,,,,
3.856,Shell,0,,,,,
3.856,LR,0.147,,,,,
3.857,PCA,0.707106781186548,,,,,
3.857,K's tau,0.259268861809697,,,,,
3.857,Winsor,0.557428052890848,,,,,
3.857,Quad,0.310726034149682,,,,,
3.857,Ball,0,,,,,
3.857,Shell,0,,,,,
3.857,LR,0.1465,,,,,
3.858,PCA,0.707106781186548,,,,,
3.858,K's tau,0.259201658890617,,,,,
3.858,Winsor,0.557283566614826,,,,,
3.858,Quad,0.310564973618942,,,,,
3.858,Ball,0,,,,,
3.858,Shell,0,,,,,
3.858,LR,0.146,,,,,
3.859,PCA,0.707106781186548,,,,,
3.859,K's tau,0.259134490800726,,,,,
3.859,Winsor,0.55713915522156,,,,,
3.859,Quad,0.310404038280994,,,,,
3.859,Ball,0,,,,,
3.859,Shell,0,,,,,
3.859,LR,0.1455,,,,,
3.86,PCA,0.707106781186548,,,,,
3.86,K's tau,0.259067357512953,,,,,
3.86,Winsor,0.55699481865285,,,,,
3.86,Quad,0.310243228006121,,,,,
3.86,Ball,0,,,,,
3.86,Shell,0,,,,,
3.86,LR,0.145,,,,,
3.861,PCA,0.707106781186548,,,,,
3.861,K's tau,0.259000259000259,,,,,
3.861,Winsor,0.556850556850557,,,,,
3.861,Quad,0.310082542664775,,,,,
3.861,Ball,0,,,,,
3.861,Shell,0,,,,,
3.861,LR,0.1445,,,,,
3.862,PCA,0.707106781186548,,,,,
3.862,K's tau,0.258933195235629,,,,,
3.862,Winsor,0.556706369756603,,,,,
3.862,Quad,0.309921982127575,,,,,
3.862,Ball,0,,,,,
3.862,Shell,0,,,,,
3.862,LR,0.144,,,,,
3.863,PCA,0.707106781186548,,,,,
3.863,K's tau,0.258866166192079,,,,,
3.863,Winsor,0.556562257312969,,,,,
3.863,Quad,0.309761546265308,,,,,
3.863,Ball,0,,,,,
3.863,Shell,0,,,,,
3.863,LR,0.1435,,,,,
3.864,PCA,0.707106781186548,,,,,
3.864,K's tau,0.25879917184265,,,,,
3.864,Winsor,0.556418219461698,,,,,
3.864,Quad,0.309601234948926,,,,,
3.864,Ball,0,,,,,
3.864,Shell,0,,,,,
3.864,LR,0.143,,,,,
3.865,PCA,0.707106781186548,,,,,
3.865,K's tau,0.258732212160414,,,,,
3.865,Winsor,0.55627425614489,,,,,
3.865,Quad,0.309441048049551,,,,,
3.865,Ball,0,,,,,
3.865,Shell,0,,,,,
3.865,LR,0.1425,,,,,
3.866,PCA,0.707106781186548,,,,,
3.866,K's tau,0.258665287118469,,,,,
3.866,Winsor,0.556130367304708,,,,,
3.866,Quad,0.309280985438469,,,,,
3.866,Ball,0,,,,,
3.866,Shell,0,,,,,
3.866,LR,0.142,,,,,
3.867,PCA,0.707106781186548,,,,,
3.867,K's tau,0.258598396689941,,,,,
3.867,Winsor,0.555986552883372,,,,,
3.867,Quad,0.309121046987135,,,,,
3.867,Ball,0,,,,,
3.867,Shell,0,,,,,
3.867,LR,0.1415,,,,,
3.868,PCA,0.707106781186548,,,,,
3.868,K's tau,0.258531540847983,,,,,
3.868,Winsor,0.555842812823164,,,,,
3.868,Quad,0.308961232567167,,,,,
3.868,Ball,0,,,,,
3.868,Shell,0,,,,,
3.868,LR,0.141,,,,,
3.869,PCA,0.707106781186548,,,,,
3.869,K's tau,0.258464719565779,,,,,
3.869,Winsor,0.555699147066425,,,,,
3.869,Quad,0.308801542050353,,,,,
3.869,Ball,0,,,,,
3.869,Shell,0,,,,,
3.869,LR,0.1405,,,,,
3.87,PCA,0.707106781186548,,,,,
3.87,K's tau,0.258397932816538,,,,,
3.87,Winsor,0.555555555555556,,,,,
3.87,Quad,0.308641975308642,,,,,
3.87,Ball,0,,,,,
3.87,Shell,0,,,,,
3.87,LR,0.14,,,,,
3.871,PCA,0.707106781186548,,,,,
3.871,K's tau,0.258331180573495,,,,,
3.871,Winsor,0.555412038233015,,,,,
3.871,Quad,0.308482532214152,,,,,
3.871,Ball,0,,,,,
3.871,Shell,0,,,,,
3.871,LR,0.1395,,,,,
3.872,PCA,0.707106781186548,,,,,
3.872,K's tau,0.258264462809917,,,,,
3.872,Winsor,0.555268595041322,,,,,
3.872,Quad,0.308323212639164,,,,,
3.872,Ball,0,,,,,
3.872,Shell,0,,,,,
3.872,LR,0.139,,,,,
3.873,PCA,0.707106781186548,,,,,
3.873,K's tau,0.258197779499096,,,,,
3.873,Winsor,0.555125225923057,,,,,
3.873,Quad,0.308164016456125,,,,,
3.873,Ball,0,,,,,
3.873,Shell,0,,,,,
3.873,LR,0.1385,,,,,
3.874,PCA,0.707106781186548,,,,,
3.874,K's tau,0.258131130614352,,,,,
3.874,Winsor,0.554981930820857,,,,,
3.874,Quad,0.308004943537647,,,,,
3.874,Ball,0,,,,,
3.874,Shell,0,,,,,
3.874,LR,0.138,,,,,
3.875,PCA,0.707106781186548,,,,,
3.875,K's tau,0.258064516129032,,,,,
3.875,Winsor,0.554838709677419,,,,,
3.875,Quad,0.307845993756504,,,,,
3.875,Ball,0,,,,,
3.875,Shell,0,,,,,
3.875,LR,0.1375,,,,,
3.876,PCA,0.707106781186548,,,,,
3.876,K's tau,0.257997936016512,,,,,
3.876,Winsor,0.554695562435501,,,,,
3.876,Quad,0.307687166985636,,,,,
3.876,Ball,0,,,,,
3.876,Shell,0,,,,,
3.876,LR,0.137,,,,,
3.877,PCA,0.707106781186548,,,,,
3.877,K's tau,0.257931390250193,,,,,
3.877,Winsor,0.554552489037916,,,,,
3.877,Quad,0.307528463098148,,,,,
3.877,Ball,0,,,,,
3.877,Shell,0,,,,,
3.877,LR,0.1365,,,,,
3.878,PCA,0.707106781186548,,,,,
3.878,K's tau,0.257864878803507,,,,,
3.878,Winsor,0.55440948942754,,,,,
3.878,Quad,0.307369881967306,,,,,
3.878,Ball,0,,,,,
3.878,Shell,0,,,,,
3.878,LR,0.136,,,,,
3.879,PCA,0.707106781186548,,,,,
3.879,K's tau,0.25779840164991,,,,,
3.879,Winsor,0.554266563547306,,,,,
3.879,Quad,0.30721142346654,,,,,
3.879,Ball,0,,,,,
3.879,Shell,0,,,,,
3.879,LR,0.1355,,,,,
3.88,PCA,0.707106781186548,,,,,
3.88,K's tau,0.257731958762887,,,,,
3.88,Winsor,0.554123711340206,,,,,
3.88,Quad,0.307053087469444,,,,,
3.88,Ball,0,,,,,
3.88,Shell,0,,,,,
3.88,LR,0.135,,,,,
3.881,PCA,0.707106781186548,,,,,
3.881,K's tau,0.25766555011595,,,,,
3.881,Winsor,0.553980932749291,,,,,
3.881,Quad,0.306894873849775,,,,,
3.881,Ball,0,,,,,
3.881,Shell,0,,,,,
3.881,LR,0.1345,,,,,
3.882,PCA,0.707106781186548,,,,,
3.882,K's tau,0.257599175682638,,,,,
3.882,Winsor,0.553838227717671,,,,,
3.882,Quad,0.306736782481451,,,,,
3.882,Ball,0,,,,,
3.882,Shell,0,,,,,
3.882,LR,0.134,,,,,
3.883,PCA,0.707106781186548,,,,,
3.883,K's tau,0.257532835436518,,,,,
3.883,Winsor,0.553695596188514,,,,,
3.883,Quad,0.306578813238554,,,,,
3.883,Ball,0,,,,,
3.883,Shell,0,,,,,
3.883,LR,0.1335,,,,,
3.884,PCA,0.707106781186548,,,,,
3.884,K's tau,0.257466529351184,,,,,
3.884,Winsor,0.553553038105046,,,,,
3.884,Quad,0.306420965995327,,,,,
3.884,Ball,0,,,,,
3.884,Shell,0,,,,,
3.884,LR,0.133,,,,,
3.885,PCA,0.707106781186548,,,,,
3.885,K's tau,0.257400257400257,,,,,
3.885,Winsor,0.553410553410553,,,,,
3.885,Quad,0.306263240626175,,,,,
3.885,Ball,0,,,,,
3.885,Shell,0,,,,,
3.885,LR,0.1325,,,,,
3.886,PCA,0.707106781186548,,,,,
3.886,K's tau,0.257334019557386,,,,,
3.886,Winsor,0.553268142048379,,,,,
3.886,Quad,0.306105637005665,,,,,
3.886,Ball,0,,,,,
3.886,Shell,0,,,,,
3.886,LR,0.132,,,,,
3.887,PCA,0.707106781186548,,,,,
3.887,K's tau,0.257267815796244,,,,,
3.887,Winsor,0.553125803961924,,,,,
3.887,Quad,0.305948155008525,,,,,
3.887,Ball,0,,,,,
3.887,Shell,0,,,,,
3.887,LR,0.1315,,,,,
3.888,PCA,0.707106781186548,,,,,
3.888,K's tau,0.257201646090535,,,,,
3.888,Winsor,0.55298353909465,,,,,
3.888,Quad,0.305790794509645,,,,,
3.888,Ball,0,,,,,
3.888,Shell,0,,,,,
3.888,LR,0.131,,,,,
3.889,PCA,0.707106781186548,,,,,
3.889,K's tau,0.257135510413988,,,,,
3.889,Winsor,0.552841347390075,,,,,
3.889,Quad,0.305633555384073,,,,,
3.889,Ball,0,,,,,
3.889,Shell,0,,,,,
3.889,LR,0.1305,,,,,
3.89,PCA,0.707106781186548,,,,,
3.89,K's tau,0.25706940874036,,,,,
3.89,Winsor,0.552699228791774,,,,,
3.89,Quad,0.305476437507022,,,,,
3.89,Ball,0,,,,,
3.89,Shell,0,,,,,
3.89,LR,0.13,,,,,
3.891,PCA,0.707106781186548,,,,,
3.891,K's tau,0.257003341043434,,,,,
3.891,Winsor,0.552557183243382,,,,,
3.891,Quad,0.305319440753861,,,,,
3.891,Ball,0,,,,,
3.891,Shell,0,,,,,
3.891,LR,0.1295,,,,,
3.892,PCA,0.707106781186548,,,,,
3.892,K's tau,0.25693730729702,,,,,
3.892,Winsor,0.552415210688592,,,,,
3.892,Quad,0.305162565000121,,,,,
3.892,Ball,0,,,,,
3.892,Shell,0,,,,,
3.892,LR,0.129,,,,,
3.893,PCA,0.707106781186548,,,,,
3.893,K's tau,0.256871307474955,,,,,
3.893,Winsor,0.552273311071153,,,,,
3.893,Quad,0.305005810121495,,,,,
3.893,Ball,0,,,,,
3.893,Shell,0,,,,,
3.893,LR,0.1285,,,,,
3.894,PCA,0.707106781186548,,,,,
3.894,K's tau,0.256805341551104,,,,,
3.894,Winsor,0.552131484334874,,,,,
3.894,Quad,0.304849175993831,,,,,
3.894,Ball,0,,,,,
3.894,Shell,0,,,,,
3.894,LR,0.128,,,,,
3.895,PCA,0.707106781186548,,,,,
3.895,K's tau,0.256739409499358,,,,,
3.895,Winsor,0.55198973042362,,,,,
3.895,Quad,0.304692662493141,,,,,
3.895,Ball,0,,,,,
3.895,Shell,0,,,,,
3.895,LR,0.1275,,,,,
3.896,PCA,0.707106781186548,,,,,
3.896,K's tau,0.256673511293635,,,,,
3.896,Winsor,0.551848049281314,,,,,
3.896,Quad,0.304536269495592,,,,,
3.896,Ball,0,,,,,
3.896,Shell,0,,,,,
3.896,LR,0.127,,,,,
3.897,PCA,0.707106781186548,,,,,
3.897,K's tau,0.256607646907878,,,,,
3.897,Winsor,0.551706440851937,,,,,
3.897,Quad,0.304379996877512,,,,,
3.897,Ball,0,,,,,
3.897,Shell,0,,,,,
3.897,LR,0.1265,,,,,
3.898,PCA,0.707106781186548,,,,,
3.898,K's tau,0.25654181631606,,,,,
3.898,Winsor,0.551564905079528,,,,,
3.898,Quad,0.304223844515389,,,,,
3.898,Ball,0,,,,,
3.898,Shell,0,,,,,
3.898,LR,0.126,,,,,
3.899,PCA,0.707106781186548,,,,,
3.899,K's tau,0.256476019492177,,,,,
3.899,Winsor,0.551423441908182,,,,,
3.899,Quad,0.304067812285866,,,,,
3.899,Ball,0,,,,,
3.899,Shell,0,,,,,
3.899,LR,0.1255,,,,,
3.9,PCA,0.707106781186548,,,,,
3.9,K's tau,0.256410256410256,,,,,
3.9,Winsor,0.551282051282051,,,,,
3.9,Quad,0.303911900065746,,,,,
3.9,Ball,0,,,,,
3.9,Shell,0,,,,,
3.9,LR,0.125,,,,,
3.901,PCA,0.707106781186548,,,,,
3.901,K's tau,0.256344527044348,,,,,
3.901,Winsor,0.551140733145347,,,,,
3.901,Quad,0.303756107731991,,,,,
3.901,Ball,0,,,,,
3.901,Shell,0,,,,,
3.901,LR,0.1245,,,,,
3.902,PCA,0.707106781186548,,,,,
3.902,K's tau,0.256278831368529,,,,,
3.902,Winsor,0.550999487442337,,,,,
3.902,Quad,0.303600435161718,,,,,
3.902,Ball,0,,,,,
3.902,Shell,0,,,,,
3.902,LR,0.124,,,,,
3.903,PCA,0.707106781186548,,,,,
3.903,K's tau,0.256213169356905,,,,,
3.903,Winsor,0.550858314117346,,,,,
3.903,Quad,0.303444882232204,,,,,
3.903,Ball,0,,,,,
3.903,Shell,0,,,,,
3.903,LR,0.1235,,,,,
3.904,PCA,0.707106781186548,,,,,
3.904,K's tau,0.256147540983607,,,,,
3.904,Winsor,0.550717213114754,,,,,
3.904,Quad,0.303289448820882,,,,,
3.904,Ball,0,,,,,
3.904,Shell,0,,,,,
3.904,LR,0.123,,,,,
3.905,PCA,0.707106781186548,,,,,
3.905,K's tau,0.256081946222791,,,,,
3.905,Winsor,0.550576184379001,,,,,
3.905,Quad,0.30313413480534,,,,,
3.905,Ball,0,,,,,
3.905,Shell,0,,,,,
3.905,LR,0.1225,,,,,
3.906,PCA,0.707106781186548,,,,,
3.906,K's tau,0.256016385048643,,,,,
3.906,Winsor,0.550435227854583,,,,,
3.906,Quad,0.302978940063326,,,,,
3.906,Ball,0,,,,,
3.906,Shell,0,,,,,
3.906,LR,0.122,,,,,
3.907,PCA,0.707106781186548,,,,,
3.907,K's tau,0.255950857435372,,,,,
3.907,Winsor,0.550294343486051,,,,,
3.907,Quad,0.302823864472744,,,,,
3.907,Ball,0,,,,,
3.907,Shell,0,,,,,
3.907,LR,0.1215,,,,,
3.908,PCA,0.707106781186548,,,,,
3.908,K's tau,0.255885363357216,,,,,
3.908,Winsor,0.550153531218014,,,,,
3.908,Quad,0.302668907911651,,,,,
3.908,Ball,0,,,,,
3.908,Shell,0,,,,,
3.908,LR,0.121,,,,,
3.909,PCA,0.707106781186548,,,,,
3.909,K's tau,0.255819902788437,,,,,
3.909,Winsor,0.550012790995139,,,,,
3.909,Quad,0.302514070258263,,,,,
3.909,Ball,0,,,,,
3.909,Shell,0,,,,,
3.909,LR,0.1205,,,,,
3.91,PCA,0.707106781186548,,,,,
3.91,K's tau,0.255754475703325,,,,,
3.91,Winsor,0.549872122762148,,,,,
3.91,Quad,0.302359351390951,,,,,
3.91,Ball,0,,,,,
3.91,Shell,0,,,,,
3.91,LR,0.12,,,,,
3.911,PCA,0.707106781186548,,,,,
3.911,K's tau,0.255689082076195,,,,,
3.911,Winsor,0.54973152646382,,,,,
3.911,Quad,0.302204751188242,,,,,
3.911,Ball,0,,,,,
3.911,Shell,0,,,,,
3.911,LR,0.1195,,,,,
3.912,PCA,0.707106781186548,,,,,
3.912,K's tau,0.255623721881391,,,,,
3.912,Winsor,0.54959100204499,,,,,
3.912,Quad,0.302050269528816,,,,,
3.912,Ball,0,,,,,
3.912,Shell,0,,,,,
3.912,LR,0.119,,,,,
3.913,PCA,0.707106781186548,,,,,
3.913,K's tau,0.255558395093279,,,,,
3.913,Winsor,0.54945054945055,,,,,
3.913,Quad,0.301895906291511,,,,,
3.913,Ball,0,,,,,
3.913,Shell,0,,,,,
3.913,LR,0.1185,,,,,
3.914,PCA,0.707106781186548,,,,,
3.914,K's tau,0.255493101686255,,,,,
3.914,Winsor,0.549310168625447,,,,,
3.914,Quad,0.301741661355317,,,,,
3.914,Ball,0,,,,,
3.914,Shell,0,,,,,
3.914,LR,0.118,,,,,
3.915,PCA,0.707106781186548,,,,,
3.915,K's tau,0.255427841634738,,,,,
3.915,Winsor,0.549169859514687,,,,,
3.915,Quad,0.301587534599381,,,,,
3.915,Ball,0,,,,,
3.915,Shell,0,,,,,
3.915,LR,0.1175,,,,,
3.916,PCA,0.707106781186548,,,,,
3.916,K's tau,0.255362614913177,,,,,
3.916,Winsor,0.54902962206333,,,,,
3.916,Quad,0.301433525903003,,,,,
3.916,Ball,0,,,,,
3.916,Shell,0,,,,,
3.916,LR,0.117,,,,,
3.917,PCA,0.707106781186548,,,,,
3.917,K's tau,0.255297421496043,,,,,
3.917,Winsor,0.548889456216492,,,,,
3.917,Quad,0.301279635145637,,,,,
3.917,Ball,0,,,,,
3.917,Shell,0,,,,,
3.917,LR,0.1165,,,,,
3.918,PCA,0.707106781186548,,,,,
3.918,K's tau,0.255232261357836,,,,,
3.918,Winsor,0.548749361919347,,,,,
3.918,Quad,0.30112586220689,,,,,
3.918,Ball,0,,,,,
3.918,Shell,0,,,,,
3.918,LR,0.116,,,,,
3.919,PCA,0.707106781186548,,,,,
3.919,K's tau,0.25516713447308,,,,,
3.919,Winsor,0.548609339117122,,,,,
3.919,Quad,0.300972206966525,,,,,
3.919,Ball,0,,,,,
3.919,Shell,0,,,,,
3.919,LR,0.1155,,,,,
3.92,PCA,0.707106781186548,,,,,
3.92,K's tau,0.255102040816327,,,,,
3.92,Winsor,0.548469387755102,,,,,
3.92,Quad,0.300818669304457,,,,,
3.92,Ball,0,,,,,
3.92,Shell,0,,,,,
3.92,LR,0.115,,,,,
3.921,PCA,0.707106781186548,,,,,
3.921,K's tau,0.255036980362153,,,,,
3.921,Winsor,0.548329507778628,,,,,
3.921,Quad,0.300665249100752,,,,,
3.921,Ball,0,,,,,
3.921,Shell,0,,,,,
3.921,LR,0.1145,,,,,
3.922,PCA,0.707106781186548,,,,,
3.922,K's tau,0.254971953085161,,,,,
3.922,Winsor,0.548189699133095,,,,,
3.922,Quad,0.300511946235634,,,,,
3.922,Ball,0,,,,,
3.922,Shell,0,,,,,
3.922,LR,0.114,,,,,
3.923,PCA,0.707106781186548,,,,,
3.923,K's tau,0.25490695895998,,,,,
3.923,Winsor,0.548049961763956,,,,,
3.923,Quad,0.300358760589474,,,,,
3.923,Ball,0,,,,,
3.923,Shell,0,,,,,
3.923,LR,0.1135,,,,,
3.924,PCA,0.707106781186548,,,,,
3.924,K's tau,0.254841997961264,,,,,
3.924,Winsor,0.547910295616718,,,,,
3.924,Quad,0.300205692042799,,,,,
3.924,Ball,0,,,,,
3.924,Shell,0,,,,,
3.924,LR,0.113,,,,,
3.925,PCA,0.707106781186548,,,,,
3.925,K's tau,0.254777070063694,,,,,
3.925,Winsor,0.547770700636943,,,,,
3.925,Quad,0.300052740476287,,,,,
3.925,Ball,0,,,,,
3.925,Shell,0,,,,,
3.925,LR,0.1125,,,,,
3.926,PCA,0.707106781186548,,,,,
3.926,K's tau,0.254712175241977,,,,,
3.926,Winsor,0.54763117677025,,,,,
3.926,Quad,0.299899905770768,,,,,
3.926,Ball,0,,,,,
3.926,Shell,0,,,,,
3.926,LR,0.112,,,,,
3.927,PCA,0.707106781186548,,,,,
3.927,K's tau,0.254647313470843,,,,,
3.927,Winsor,0.547491723962312,,,,,
3.927,Quad,0.299747187807225,,,,,
3.927,Ball,0,,,,,
3.927,Shell,0,,,,,
3.927,LR,0.1115,,,,,
3.928,PCA,0.707106781186548,,,,,
3.928,K's tau,0.254582484725051,,,,,
3.928,Winsor,0.547352342158859,,,,,
3.928,Quad,0.299594586466789,,,,,
3.928,Ball,0,,,,,
3.928,Shell,0,,,,,
3.928,LR,0.111,,,,,
3.929,PCA,0.707106781186548,,,,,
3.929,K's tau,0.254517688979384,,,,,
3.929,Winsor,0.547213031305676,,,,,
3.929,Quad,0.299442101630746,,,,,
3.929,Ball,0,,,,,
3.929,Shell,0,,,,,
3.929,LR,0.1105,,,,,
3.93,PCA,0.707106781186548,,,,,
3.93,K's tau,0.254452926208651,,,,,
3.93,Winsor,0.547073791348601,,,,,
3.93,Quad,0.299289733180532,,,,,
3.93,Ball,0,,,,,
3.93,Shell,0,,,,,
3.93,LR,0.11,,,,,
3.931,PCA,0.707106781186548,,,,,
3.931,K's tau,0.254388196387688,,,,,
3.931,Winsor,0.546934622233528,,,,,
3.931,Quad,0.299137480997732,,,,,
3.931,Ball,0,,,,,
3.931,Shell,0,,,,,
3.931,LR,0.1095,,,,,
3.932,PCA,0.707106781186548,,,,,
3.932,K's tau,0.254323499491353,,,,,
3.932,Winsor,0.546795523906409,,,,,
3.932,Quad,0.298985344964084,,,,,
3.932,Ball,0,,,,,
3.932,Shell,0,,,,,
3.932,LR,0.109,,,,,
3.933,PCA,0.707106781186548,,,,,
3.933,K's tau,0.254258835494533,,,,,
3.933,Winsor,0.546656496313247,,,,,
3.933,Quad,0.298833324961475,,,,,
3.933,Ball,0,,,,,
3.933,Shell,0,,,,,
3.933,LR,0.1085,,,,,
3.934,PCA,0.707106781186548,,,,,
3.934,K's tau,0.25419420437214,,,,,
3.934,Winsor,0.546517539400102,,,,,
3.934,Quad,0.298681420871942,,,,,
3.934,Ball,0,,,,,
3.934,Shell,0,,,,,
3.934,LR,0.108,,,,,
3.935,PCA,0.707106781186548,,,,,
3.935,K's tau,0.254129606099111,,,,,
3.935,Winsor,0.546378653113088,,,,,
3.935,Quad,0.298529632577672,,,,,
3.935,Ball,0,,,,,
3.935,Shell,0,,,,,
3.935,LR,0.1075,,,,,
3.936,PCA,0.707106781186548,,,,,
3.936,K's tau,0.254065040650407,,,,,
3.936,Winsor,0.546239837398374,,,,,
3.936,Quad,0.298377959961002,,,,,
3.936,Ball,0,,,,,
3.936,Shell,0,,,,,
3.936,LR,0.107,,,,,
3.937,PCA,0.707106781186548,,,,,
3.937,K's tau,0.254000508001016,,,,,
3.937,Winsor,0.546101092202184,,,,,
3.937,Quad,0.298226402904419,,,,,
3.937,Ball,0,,,,,
3.937,Shell,0,,,,,
3.937,LR,0.1065,,,,,
3.938,PCA,0.707106781186548,,,,,
3.938,K's tau,0.253936008125952,,,,,
3.938,Winsor,0.545962417470797,,,,,
3.938,Quad,0.298074961290557,,,,,
3.938,Ball,0,,,,,
3.938,Shell,0,,,,,
3.938,LR,0.106,,,,,
3.939,PCA,0.707106781186548,,,,,
3.939,K's tau,0.253871541000254,,,,,
3.939,Winsor,0.545823813150546,,,,,
3.939,Quad,0.297923635002202,,,,,
3.939,Ball,0,,,,,
3.939,Shell,0,,,,,
3.939,LR,0.1055,,,,,
3.94,PCA,0.707106781186548,,,,,
3.94,K's tau,0.253807106598985,,,,,
3.94,Winsor,0.545685279187817,,,,,
3.94,Quad,0.297772423922286,,,,,
3.94,Ball,0,,,,,
3.94,Shell,0,,,,,
3.94,LR,0.105,,,,,
3.941,PCA,0.707106781186548,,,,,
3.941,K's tau,0.253742704897234,,,,,
3.941,Winsor,0.545546815529054,,,,,
3.941,Quad,0.297621327933891,,,,,
3.941,Ball,0,,,,,
3.941,Shell,0,,,,,
3.941,LR,0.1045,,,,,
3.942,PCA,0.707106781186548,,,,,
3.942,K's tau,0.253678335870117,,,,,
3.942,Winsor,0.545408422120751,,,,,
3.942,Quad,0.297470346920247,,,,,
3.942,Ball,0,,,,,
3.942,Shell,0,,,,,
3.942,LR,0.104,,,,,
3.943,PCA,0.707106781186548,,,,,
3.943,K's tau,0.253613999492772,,,,,
3.943,Winsor,0.54527009890946,,,,,
3.943,Quad,0.297319480764732,,,,,
3.943,Ball,0,,,,,
3.943,Shell,0,,,,,
3.943,LR,0.1035,,,,,
3.944,PCA,0.707106781186548,,,,,
3.944,K's tau,0.253549695740365,,,,,
3.944,Winsor,0.545131845841785,,,,,
3.944,Quad,0.297168729350872,,,,,
3.944,Ball,0,,,,,
3.944,Shell,0,,,,,
3.944,LR,0.103,,,,,
3.945,PCA,0.707106781186548,,,,,
3.945,K's tau,0.253485424588086,,,,,
3.945,Winsor,0.544993662864385,,,,,
3.945,Quad,0.297018092562339,,,,,
3.945,Ball,0,,,,,
3.945,Shell,0,,,,,
3.945,LR,0.1025,,,,,
3.946,PCA,0.707106781186548,,,,,
3.946,K's tau,0.253421186011151,,,,,
3.946,Winsor,0.544855549923974,,,,,
3.946,Quad,0.296867570282956,,,,,
3.946,Ball,0,,,,,
3.946,Shell,0,,,,,
3.946,LR,0.102,,,,,
3.947,PCA,0.707106781186548,,,,,
3.947,K's tau,0.253356979984799,,,,,
3.947,Winsor,0.544717506967317,,,,,
3.947,Quad,0.296717162396689,,,,,
3.947,Ball,0,,,,,
3.947,Shell,0,,,,,
3.947,LR,0.1015,,,,,
3.948,PCA,0.707106781186548,,,,,
3.948,K's tau,0.253292806484296,,,,,
3.948,Winsor,0.544579533941236,,,,,
3.948,Quad,0.296566868787654,,,,,
3.948,Ball,0,,,,,
3.948,Shell,0,,,,,
3.948,LR,0.101,,,,,
3.949,PCA,0.707106781186548,,,,,
3.949,K's tau,0.253228665484933,,,,,
3.949,Winsor,0.544441630792606,,,,,
3.949,Quad,0.296416689340112,,,,,
3.949,Ball,0,,,,,
3.949,Shell,0,,,,,
3.949,LR,0.1005,,,,,
3.95,PCA,0.707106781186548,,,,,
3.95,K's tau,0.253164556962025,,,,,
3.95,Winsor,0.544303797468355,,,,,
3.95,Quad,0.296266623938471,,,,,
3.95,Ball,0,,,,,
3.95,Shell,0,,,,,
3.95,LR,0.1,,,,,
3.951,PCA,0.707106781186548,,,,,
3.951,K's tau,0.253100480890914,,,,,
3.951,Winsor,0.544166033915464,,,,,
3.951,Quad,0.296116672467286,,,,,
3.951,Ball,0,,,,,
3.951,Shell,0,,,,,
3.951,LR,0.0995000000000001,,,,,
3.952,PCA,0.707106781186548,,,,,
3.952,K's tau,0.253036437246964,,,,,
3.952,Winsor,0.544028340080972,,,,,
3.952,Quad,0.295966834811257,,,,,
3.952,Ball,0,,,,,
3.952,Shell,0,,,,,
3.952,LR,0.0990000000000002,,,,,
3.953,PCA,0.707106781186548,,,,,
3.953,K's tau,0.252972426005565,,,,,
3.953,Winsor,0.543890715911966,,,,,
3.953,Quad,0.29581711085523,,,,,
3.953,Ball,0,,,,,
3.953,Shell,0,,,,,
3.953,LR,0.0985000000000002,,,,,
3.954,PCA,0.707106781186548,,,,,
3.954,K's tau,0.252908447142135,,,,,
3.954,Winsor,0.543753161355589,,,,,
3.954,Quad,0.295667500484198,,,,,
3.954,Ball,0,,,,,
3.954,Shell,0,,,,,
3.954,LR,0.0980000000000003,,,,,
3.955,PCA,0.707106781186548,,,,,
3.955,K's tau,0.252844500632111,,,,,
3.955,Winsor,0.543615676359039,,,,,
3.955,Quad,0.295518003583296,,,,,
3.955,Ball,0,,,,,
3.955,Shell,0,,,,,
3.955,LR,0.0975000000000001,,,,,
3.956,PCA,0.707106781186548,,,,,
3.956,K's tau,0.252780586450961,,,,,
3.956,Winsor,0.543478260869565,,,,,
3.956,Quad,0.295368620037807,,,,,
3.956,Ball,0,,,,,
3.956,Shell,0,,,,,
3.956,LR,0.0970000000000002,,,,,
3.957,PCA,0.707106781186548,,,,,
3.957,K's tau,0.252716704574172,,,,,
3.957,Winsor,0.543340914834471,,,,,
3.957,Quad,0.295219349733159,,,,,
3.957,Ball,0,,,,,
3.957,Shell,0,,,,,
3.957,LR,0.0965000000000002,,,,,
3.958,PCA,0.707106781186548,,,,,
3.958,K's tau,0.252652854977261,,,,,
3.958,Winsor,0.543203638201112,,,,,
3.958,Quad,0.295070192554924,,,,,
3.958,Ball,0,,,,,
3.958,Shell,0,,,,,
3.958,LR,0.0960000000000003,,,,,
3.959,PCA,0.707106781186548,,,,,
3.959,K's tau,0.252589037635767,,,,,
3.959,Winsor,0.543066430916898,,,,,
3.959,Quad,0.294921148388818,,,,,
3.959,Ball,0,,,,,
3.959,Shell,0,,,,,
3.959,LR,0.0955000000000001,,,,,
3.96,PCA,0.707106781186548,,,,,
3.96,K's tau,0.252525252525253,,,,,
3.96,Winsor,0.542929292929293,,,,,
3.96,Quad,0.294772217120702,,,,,
3.96,Ball,0,,,,,
3.96,Shell,0,,,,,
3.96,LR,0.0950000000000002,,,,,
3.961,PCA,0.707106781186548,,,,,
3.961,K's tau,0.252461499621308,,,,,
3.961,Winsor,0.542792224185812,,,,,
3.961,Quad,0.29462339863658,,,,,
3.961,Ball,0,,,,,
3.961,Shell,0,,,,,
3.961,LR,0.0945000000000002,,,,,
3.962,PCA,0.707106781186548,,,,,
3.962,K's tau,0.252397778899546,,,,,
3.962,Winsor,0.542655224634023,,,,,
3.962,Quad,0.294474692822602,,,,,
3.962,Ball,0,,,,,
3.962,Shell,0,,,,,
3.962,LR,0.0940000000000003,,,,,
3.963,PCA,0.707106781186548,,,,,
3.963,K's tau,0.252334090335604,,,,,
3.963,Winsor,0.542518294221549,,,,,
3.963,Quad,0.29432609956506,,,,,
3.963,Ball,0,,,,,
3.963,Shell,0,,,,,
3.963,LR,0.0935000000000001,,,,,
3.964,PCA,0.707106781186548,,,,,
3.964,K's tau,0.252270433905146,,,,,
3.964,Winsor,0.542381432896065,,,,,
3.964,Quad,0.294177618750388,,,,,
3.964,Ball,0,,,,,
3.964,Shell,0,,,,,
3.964,LR,0.0930000000000002,,,,,
3.965,PCA,0.707106781186548,,,,,
3.965,K's tau,0.252206809583859,,,,,
3.965,Winsor,0.542244640605296,,,,,
3.965,Quad,0.294029250265167,,,,,
3.965,Ball,0,,,,,
3.965,Shell,0,,,,,
3.965,LR,0.0925000000000002,,,,,
3.966,PCA,0.707106781186548,,,,,
3.966,K's tau,0.252143217347453,,,,,
3.966,Winsor,0.542107917297025,,,,,
3.966,Quad,0.293880993996118,,,,,
3.966,Ball,0,,,,,
3.966,Shell,0,,,,,
3.966,LR,0.0920000000000003,,,,,
3.967,PCA,0.707106781186548,,,,,
3.967,K's tau,0.252079657171666,,,,,
3.967,Winsor,0.541971262919082,,,,,
3.967,Quad,0.293732849830105,,,,,
3.967,Ball,0,,,,,
3.967,Shell,0,,,,,
3.967,LR,0.0915000000000001,,,,,
3.968,PCA,0.707106781186548,,,,,
3.968,K's tau,0.252016129032258,,,,,
3.968,Winsor,0.541834677419355,,,,,
3.968,Quad,0.293584817654136,,,,,
3.968,Ball,0,,,,,
3.968,Shell,0,,,,,
3.968,LR,0.0910000000000002,,,,,
3.969,PCA,0.707106781186548,,,,,
3.969,K's tau,0.251952632905014,,,,,
3.969,Winsor,0.54169816074578,,,,,
3.969,Quad,0.293436897355361,,,,,
3.969,Ball,0,,,,,
3.969,Shell,0,,,,,
3.969,LR,0.0905000000000002,,,,,
3.97,PCA,0.707106781186548,,,,,
3.97,K's tau,0.251889168765743,,,,,
3.97,Winsor,0.541561712846348,,,,,
3.97,Quad,0.29328908882107,,,,,
3.97,Ball,0,,,,,
3.97,Shell,0,,,,,
3.97,LR,0.0900000000000003,,,,,
3.971,PCA,0.707106781186548,,,,,
3.971,K's tau,0.25182573659028,,,,,
3.971,Winsor,0.541425333669101,,,,,
3.971,Quad,0.293141391938697,,,,,
3.971,Ball,0,,,,,
3.971,Shell,0,,,,,
3.971,LR,0.0895000000000001,,,,,
3.972,PCA,0.707106781186548,,,,,
3.972,K's tau,0.251762336354481,,,,,
3.972,Winsor,0.541289023162135,,,,,
3.972,Quad,0.292993806595818,,,,,
3.972,Ball,0,,,,,
3.972,Shell,0,,,,,
3.972,LR,0.0890000000000002,,,,,
3.973,PCA,0.707106781186548,,,,,
3.973,K's tau,0.251698968034231,,,,,
3.973,Winsor,0.541152781273597,,,,,
3.973,Quad,0.292846332680149,,,,,
3.973,Ball,0,,,,,
3.973,Shell,0,,,,,
3.973,LR,0.0885000000000002,,,,,
3.974,PCA,0.707106781186548,,,,,
3.974,K's tau,0.251635631605435,,,,,
3.974,Winsor,0.541016607951686,,,,,
3.974,Quad,0.292698970079548,,,,,
3.974,Ball,0,,,,,
3.974,Shell,0,,,,,
3.974,LR,0.0880000000000003,,,,,
3.975,PCA,0.707106781186548,,,,,
3.975,K's tau,0.251572327044025,,,,,
3.975,Winsor,0.540880503144654,,,,,
3.975,Quad,0.292551718682014,,,,,
3.975,Ball,0,,,,,
3.975,Shell,0,,,,,
3.975,LR,0.0875000000000001,,,,,
3.976,PCA,0.707106781186548,,,,,
3.976,K's tau,0.251509054325956,,,,,
3.976,Winsor,0.540744466800805,,,,,
3.976,Quad,0.292404578375687,,,,,
3.976,Ball,0,,,,,
3.976,Shell,0,,,,,
3.976,LR,0.0870000000000002,,,,,
3.977,PCA,0.707106781186548,,,,,
3.977,K's tau,0.251445813427206,,,,,
3.977,Winsor,0.540608498868494,,,,,
3.977,Quad,0.292257549048846,,,,,
3.977,Ball,0,,,,,
3.977,Shell,0,,,,,
3.977,LR,0.0865000000000002,,,,,
3.978,PCA,0.707106781186548,,,,,
3.978,K's tau,0.251382604323781,,,,,
3.978,Winsor,0.540472599296129,,,,,
3.978,Quad,0.292110630589914,,,,,
3.978,Ball,0,,,,,
3.978,Shell,0,,,,,
3.978,LR,0.0860000000000003,,,,,
3.979,PCA,0.707106781186548,,,,,
3.979,K's tau,0.251319426991707,,,,,
3.979,Winsor,0.540336768032169,,,,,
3.979,Quad,0.29196382288745,,,,,
3.979,Ball,0,,,,,
3.979,Shell,0,,,,,
3.979,LR,0.0855000000000003,,,,,
3.98,PCA,0.707106781186548,,,,,
3.98,K's tau,0.251256281407035,,,,,
3.98,Winsor,0.540201005025126,,,,,
3.98,Quad,0.291817125830156,,,,,
3.98,Ball,0,,,,,
3.98,Shell,0,,,,,
3.98,LR,0.0850000000000002,,,,,
3.981,PCA,0.707106781186548,,,,,
3.981,K's tau,0.251193167545843,,,,,
3.981,Winsor,0.540065310223562,,,,,
3.981,Quad,0.291670539306872,,,,,
3.981,Ball,0,,,,,
3.981,Shell,0,,,,,
3.981,LR,0.0845000000000002,,,,,
3.982,PCA,0.707106781186548,,,,,
3.982,K's tau,0.251130085384229,,,,,
3.982,Winsor,0.539929683576092,,,,,
3.982,Quad,0.291524063206579,,,,,
3.982,Ball,0,,,,,
3.982,Shell,0,,,,,
3.982,LR,0.0840000000000003,,,,,
3.983,PCA,0.707106781186548,,,,,
3.983,K's tau,0.251067034898318,,,,,
3.983,Winsor,0.539794125031383,,,,,
3.983,Quad,0.291377697418397,,,,,
3.983,Ball,0,,,,,
3.983,Shell,0,,,,,
3.983,LR,0.0835000000000003,,,,,
3.984,PCA,0.707106781186548,,,,,
3.984,K's tau,0.251004016064257,,,,,
3.984,Winsor,0.539658634538153,,,,,
3.984,Quad,0.291231441831583,,,,,
3.984,Ball,0,,,,,
3.984,Shell,0,,,,,
3.984,LR,0.0830000000000002,,,,,
3.985,PCA,0.707106781186548,,,,,
3.985,K's tau,0.250941028858218,,,,,
3.985,Winsor,0.539523212045169,,,,,
3.985,Quad,0.291085296335537,,,,,
3.985,Ball,0,,,,,
3.985,Shell,0,,,,,
3.985,LR,0.0825000000000002,,,,,
3.986,PCA,0.707106781186548,,,,,
3.986,K's tau,0.250878073256397,,,,,
3.986,Winsor,0.539387857501254,,,,,
3.986,Quad,0.290939260819794,,,,,
3.986,Ball,0,,,,,
3.986,Shell,0,,,,,
3.986,LR,0.0820000000000003,,,,,
3.987,PCA,0.707106781186548,,,,,
3.987,K's tau,0.250815149235014,,,,,
3.987,Winsor,0.53925257085528,,,,,
3.987,Quad,0.290793335174028,,,,,
3.987,Ball,0,,,,,
3.987,Shell,0,,,,,
3.987,LR,0.0815000000000003,,,,,
3.988,PCA,0.707106781186548,,,,,
3.988,K's tau,0.250752256770311,,,,,
3.988,Winsor,0.539117352056169,,,,,
3.988,Quad,0.290647519288055,,,,,
3.988,Ball,0,,,,,
3.988,Shell,0,,,,,
3.988,LR,0.0810000000000002,,,,,
3.989,PCA,0.707106781186548,,,,,
3.989,K's tau,0.250689395838556,,,,,
3.989,Winsor,0.538982201052895,,,,,
3.989,Quad,0.290501813051824,,,,,
3.989,Ball,0,,,,,
3.989,Shell,0,,,,,
3.989,LR,0.0805000000000002,,,,,
3.99,PCA,0.707106781186548,,,,,
3.99,K's tau,0.25062656641604,,,,,
3.99,Winsor,0.538847117794486,,,,,
3.99,Quad,0.290356216355425,,,,,
3.99,Ball,0,,,,,
3.99,Shell,0,,,,,
3.99,LR,0.0800000000000003,,,,,
3.991,PCA,0.707106781186548,,,,,
3.991,K's tau,0.250563768479078,,,,,
3.991,Winsor,0.538712102230018,,,,,
3.991,Quad,0.290210729089085,,,,,
3.991,Ball,0,,,,,
3.991,Shell,0,,,,,
3.991,LR,0.0795000000000003,,,,,
3.992,PCA,0.707106781186548,,,,,
3.992,K's tau,0.250501002004008,,,,,
3.992,Winsor,0.538577154308617,,,,,
3.992,Quad,0.290065351143168,,,,,
3.992,Ball,0,,,,,
3.992,Shell,0,,,,,
3.992,LR,0.0790000000000002,,,,,
3.993,PCA,0.707106781186548,,,,,
3.993,K's tau,0.250438266967193,,,,,
3.993,Winsor,0.538442273979464,,,,,
3.993,Quad,0.289920082408176,,,,,
3.993,Ball,0,,,,,
3.993,Shell,0,,,,,
3.993,LR,0.0785000000000002,,,,,
3.994,PCA,0.707106781186548,,,,,
3.994,K's tau,0.250375563345018,,,,,
3.994,Winsor,0.538307461191788,,,,,
3.994,Quad,0.289774922774748,,,,,
3.994,Ball,0,,,,,
3.994,Shell,0,,,,,
3.994,LR,0.0780000000000003,,,,,
3.995,PCA,0.707106781186548,,,,,
3.995,K's tau,0.250312891113892,,,,,
3.995,Winsor,0.538172715894869,,,,,
3.995,Quad,0.289629872133659,,,,,
3.995,Ball,0,,,,,
3.995,Shell,0,,,,,
3.995,LR,0.0775000000000003,,,,,
3.996,PCA,0.707106781186548,,,,,
3.996,K's tau,0.25025025025025,,,,,
3.996,Winsor,0.538038038038038,,,,,
3.996,Quad,0.289484930375821,,,,,
3.996,Ball,0,,,,,
3.996,Shell,0,,,,,
3.996,LR,0.0770000000000002,,,,,
3.997,PCA,0.707106781186548,,,,,
3.997,K's tau,0.250187640730548,,,,,
3.997,Winsor,0.537903427570678,,,,,
3.997,Quad,0.289340097392284,,,,,
3.997,Ball,0,,,,,
3.997,Shell,0,,,,,
3.997,LR,0.0765000000000002,,,,,
3.998,PCA,0.707106781186548,,,,,
3.998,K's tau,0.250125062531266,,,,,
3.998,Winsor,0.537768884442221,,,,,
3.998,Quad,0.289195373074231,,,,,
3.998,Ball,0,,,,,
3.998,Shell,0,,,,,
3.998,LR,0.0760000000000003,,,,,
3.999,PCA,0.707106781186548,,,,,
3.999,K's tau,0.250062515628907,,,,,
3.999,Winsor,0.537634408602151,,,,,
3.999,Quad,0.289050757312984,,,,,
3.999,Ball,0,,,,,
3.999,Shell,0,,,,,
3.999,LR,0.0755000000000003,,,,,
4,PCA,0.707106781186548,,,,,
4,K's tau,0.25,,,,,
4,Winsor,0.5375,,,,,
4,Quad,0.28890625,,,,,
4,Ball,0,,,,,
4,Shell,0,,,,,
4,LR,0.0750000000000002,,,,,
4.001,PCA,0.707106781186548,,,,,
4.001,K's tau,0.249937515621095,,,,,
4.001,Winsor,0.537365658585354,,,,,
4.001,Quad,0.288761851026871,,,,,
4.001,Ball,0,,,,,
4.001,Shell,0,,,,,
4.001,LR,0.0745,,,,,
4.002,PCA,0.707106781186548,,,,,
4.002,K's tau,0.249875062468766,,,,,
4.002,Winsor,0.537231384307846,,,,,
4.002,Quad,0.288617560285325,,,,,
4.002,Ball,0,,,,,
4.002,Shell,0,,,,,
4.002,LR,0.0740000000000003,,,,,
4.003,PCA,0.707106781186548,,,,,
4.003,K's tau,0.24981264051961,,,,,
4.003,Winsor,0.537097177117162,,,,,
4.003,Quad,0.288473377667224,,,,,
4.003,Ball,0,,,,,
4.003,Shell,0,,,,,
4.003,LR,0.0735000000000001,,,,,
4.004,PCA,0.707106781186548,,,,,
4.004,K's tau,0.24975024975025,,,,,
4.004,Winsor,0.536963036963037,,,,,
4.004,Quad,0.288329303064568,,,,,
4.004,Ball,0,,,,,
4.004,Shell,0,,,,,
4.004,LR,0.0729999999999999,,,,,
4.005,PCA,0.707106781186548,,,,,
4.005,K's tau,0.249687890137328,,,,,
4.005,Winsor,0.536828963795256,,,,,
4.005,Quad,0.288185336369488,,,,,
4.005,Ball,0,,,,,
4.005,Shell,0,,,,,
4.005,LR,0.0725000000000002,,,,,
4.006,PCA,0.707106781186548,,,,,
4.006,K's tau,0.249625561657514,,,,,
4.006,Winsor,0.536694957563655,,,,,
4.006,Quad,0.288041477474253,,,,,
4.006,Ball,0,,,,,
4.006,Shell,0,,,,,
4.006,LR,0.0720000000000001,,,,,
4.007,PCA,0.707106781186548,,,,,
4.007,K's tau,0.249563264287497,,,,,
4.007,Winsor,0.536561018218118,,,,,
4.007,Quad,0.287897726271264,,,,,
4.007,Ball,0,,,,,
4.007,Shell,0,,,,,
4.007,LR,0.0715000000000003,,,,,
4.008,PCA,0.707106781186548,,,,,
4.008,K's tau,0.249500998003992,,,,,
4.008,Winsor,0.536427145708583,,,,,
4.008,Quad,0.287754082653057,,,,,
4.008,Ball,0,,,,,
4.008,Shell,0,,,,,
4.008,LR,0.0710000000000002,,,,,
4.009,PCA,0.707106781186548,,,,,
4.009,K's tau,0.249438762783737,,,,,
4.009,Winsor,0.536293339985034,,,,,
4.009,Quad,0.287610546512303,,,,,
4.009,Ball,0,,,,,
4.009,Shell,0,,,,,
4.009,LR,0.0705,,,,,
4.01,PCA,0.707106781186548,,,,,
4.01,K's tau,0.249376558603491,,,,,
4.01,Winsor,0.536159600997506,,,,,
4.01,Quad,0.287467117741805,,,,,
4.01,Ball,0,,,,,
4.01,Shell,0,,,,,
4.01,LR,0.0700000000000003,,,,,
4.011,PCA,0.707106781186548,,,,,
4.011,K's tau,0.24931438544004,,,,,
4.011,Winsor,0.536025928696086,,,,,
4.011,Quad,0.287323796234501,,,,,
4.011,Ball,0,,,,,
4.011,Shell,0,,,,,
4.011,LR,0.0695000000000001,,,,,
4.012,PCA,0.707106781186548,,,,,
4.012,K's tau,0.24925224327019,,,,,
4.012,Winsor,0.535892323030907,,,,,
4.012,Quad,0.287180581883462,,,,,
4.012,Ball,0,,,,,
4.012,Shell,0,,,,,
4.012,LR,0.0690000000000004,,,,,
4.013,PCA,0.707106781186548,,,,,
4.013,K's tau,0.24919013207077,,,,,
4.013,Winsor,0.535758783952156,,,,,
4.013,Quad,0.287037474581892,,,,,
4.013,Ball,0,,,,,
4.013,Shell,0,,,,,
4.013,LR,0.0685000000000002,,,,,
4.014,PCA,0.707106781186548,,,,,
4.014,K's tau,0.249128051818635,,,,,
4.014,Winsor,0.535625311410065,,,,,
4.014,Quad,0.286894474223129,,,,,
4.014,Ball,0,,,,,
4.014,Shell,0,,,,,
4.014,LR,0.068,,,,,
4.015,PCA,0.707106781186548,,,,,
4.015,K's tau,0.24906600249066,,,,,
4.015,Winsor,0.535491905354919,,,,,
4.015,Quad,0.286751580700642,,,,,
4.015,Ball,0,,,,,
4.015,Shell,0,,,,,
4.015,LR,0.0675000000000003,,,,,
4.016,PCA,0.707106781186548,,,,,
4.016,K's tau,0.249003984063745,,,,,
4.016,Winsor,0.535358565737052,,,,,
4.016,Quad,0.286608793908033,,,,,
4.016,Ball,0,,,,,
4.016,Shell,0,,,,,
4.016,LR,0.0670000000000002,,,,,
4.017,PCA,0.707106781186548,,,,,
4.017,K's tau,0.248941996514812,,,,,
4.017,Winsor,0.535225292506846,,,,,
4.017,Quad,0.286466113739039,,,,,
4.017,Ball,0,,,,,
4.017,Shell,0,,,,,
4.017,LR,0.0665000000000004,,,,,
4.018,PCA,0.707106781186548,,,,,
4.018,K's tau,0.248880039820806,,,,,
4.018,Winsor,0.535092085614734,,,,,
4.018,Quad,0.286323540087526,,,,,
4.018,Ball,0,,,,,
4.018,Shell,0,,,,,
4.018,LR,0.0660000000000003,,,,,
4.019,PCA,0.707106781186548,,,,,
4.019,K's tau,0.248818113958696,,,,,
4.019,Winsor,0.534958945011197,,,,,
4.019,Quad,0.286181072847493,,,,,
4.019,Ball,0,,,,,
4.019,Shell,0,,,,,
4.019,LR,0.0655000000000001,,,,,
4.02,PCA,0.707106781186548,,,,,
4.02,K's tau,0.248756218905473,,,,,
4.02,Winsor,0.534825870646766,,,,,
4.02,Quad,0.286038711913072,,,,,
4.02,Ball,0,,,,,
4.02,Shell,0,,,,,
4.02,LR,0.0650000000000004,,,,,
4.021,PCA,0.707106781186548,,,,,
4.021,K's tau,0.24869435463815,,,,,
4.021,Winsor,0.534692862472022,,,,,
4.021,Quad,0.285896457178525,,,,,
4.021,Ball,0,,,,,
4.021,Shell,0,,,,,
4.021,LR,0.0645000000000002,,,,,
4.022,PCA,0.707106781186548,,,,,
4.022,K's tau,0.248632521133764,,,,,
4.022,Winsor,0.534559920437593,,,,,
4.022,Quad,0.285754308538246,,,,,
4.022,Ball,0,,,,,
4.022,Shell,0,,,,,
4.022,LR,0.064,,,,,
4.023,PCA,0.707106781186548,,,,,
4.023,K's tau,0.248570718369376,,,,,
4.023,Winsor,0.534427044494159,,,,,
4.023,Quad,0.285612265886761,,,,,
4.023,Ball,0,,,,,
4.023,Shell,0,,,,,
4.023,LR,0.0635000000000003,,,,,
4.024,PCA,0.707106781186548,,,,,
4.024,K's tau,0.248508946322068,,,,,
4.024,Winsor,0.534294234592445,,,,,
4.024,Quad,0.285470329118727,,,,,
4.024,Ball,0,,,,,
4.024,Shell,0,,,,,
4.024,LR,0.0630000000000002,,,,,
4.025,PCA,0.707106781186548,,,,,
4.025,K's tau,0.248447204968944,,,,,
4.025,Winsor,0.53416149068323,,,,,
4.025,Quad,0.28532849812893,,,,,
4.025,Ball,0,,,,,
4.025,Shell,0,,,,,
4.025,LR,0.0625000000000004,,,,,
4.026,PCA,0.707106781186548,,,,,
4.026,K's tau,0.248385494287134,,,,,
4.026,Winsor,0.534028812717337,,,,,
4.026,Quad,0.285186772812289,,,,,
4.026,Ball,0,,,,,
4.026,Shell,0,,,,,
4.026,LR,0.0620000000000003,,,,,
4.027,PCA,0.707106781186548,,,,,
4.027,K's tau,0.248323814253787,,,,,
4.027,Winsor,0.533896200645642,,,,,
4.027,Quad,0.285045153063852,,,,,
4.027,Ball,0,,,,,
4.027,Shell,0,,,,,
4.027,LR,0.0615000000000001,,,,,
4.028,PCA,0.707106781186548,,,,,
4.028,K's tau,0.248262164846078,,,,,
4.028,Winsor,0.533763654419067,,,,,
4.028,Quad,0.284903638778797,,,,,
4.028,Ball,0,,,,,
4.028,Shell,0,,,,,
4.028,LR,0.0610000000000004,,,,,
4.029,PCA,0.707106781186548,,,,,
4.029,K's tau,0.248200546041201,,,,,
4.029,Winsor,0.533631173988583,,,,,
4.029,Quad,0.284762229852433,,,,,
4.029,Ball,0,,,,,
4.029,Shell,0,,,,,
4.029,LR,0.0605000000000002,,,,,
4.03,PCA,0.707106781186548,,,,,
4.03,K's tau,0.248138957816377,,,,,
4.03,Winsor,0.533498759305211,,,,,
4.03,Quad,0.284620926180199,,,,,
4.03,Ball,0,,,,,
4.03,Shell,0,,,,,
4.03,LR,0.06,,,,,
4.031,PCA,0.707106781186548,,,,,
4.031,K's tau,0.248077400148846,,,,,
4.031,Winsor,0.53336641032002,,,,,
4.031,Quad,0.284479727657664,,,,,
4.031,Ball,0,,,,,
4.031,Shell,0,,,,,
4.031,LR,0.0595000000000003,,,,,
4.032,PCA,0.707106781186548,,,,,
4.032,K's tau,0.248015873015873,,,,,
4.032,Winsor,0.533234126984127,,,,,
4.032,Quad,0.284338634180524,,,,,
4.032,Ball,0,,,,,
4.032,Shell,0,,,,,
4.032,LR,0.0590000000000002,,,,,
4.033,PCA,0.707106781186548,,,,,
4.033,K's tau,0.247954376394743,,,,,
4.033,Winsor,0.533101909248698,,,,,
4.033,Quad,0.284197645644607,,,,,
4.033,Ball,0,,,,,
4.033,Shell,0,,,,,
4.033,LR,0.0585000000000004,,,,,
4.034,PCA,0.707106781186548,,,,,
4.034,K's tau,0.247892910262767,,,,,
4.034,Winsor,0.532969757064948,,,,,
4.034,Quad,0.28405676194587,,,,,
4.034,Ball,0,,,,,
4.034,Shell,0,,,,,
4.034,LR,0.0580000000000003,,,,,
4.035,PCA,0.707106781186548,,,,,
4.035,K's tau,0.247831474597274,,,,,
4.035,Winsor,0.532837670384139,,,,,
4.035,Quad,0.283915982980396,,,,,
4.035,Ball,0,,,,,
4.035,Shell,0,,,,,
4.035,LR,0.0575000000000001,,,,,
4.036,PCA,0.707106781186548,,,,,
4.036,K's tau,0.247770069375619,,,,,
4.036,Winsor,0.532705649157582,,,,,
4.036,Quad,0.283775308644401,,,,,
4.036,Ball,0,,,,,
4.036,Shell,0,,,,,
4.036,LR,0.0570000000000004,,,,,
4.037,PCA,0.707106781186548,,,,,
4.037,K's tau,0.24770869457518,,,,,
4.037,Winsor,0.532573693336636,,,,,
4.037,Quad,0.283634738834225,,,,,
4.037,Ball,0,,,,,
4.037,Shell,0,,,,,
4.037,LR,0.0565000000000002,,,,,
4.038,PCA,0.707106781186548,,,,,
4.038,K's tau,0.247647350173353,,,,,
4.038,Winsor,0.532441802872709,,,,,
4.038,Quad,0.283494273446341,,,,,
4.038,Ball,0,,,,,
4.038,Shell,0,,,,,
4.038,LR,0.056,,,,,
4.039,PCA,0.707106781186548,,,,,
4.039,K's tau,0.247586036147561,,,,,
4.039,Winsor,0.532309977717257,,,,,
4.039,Quad,0.283353912377346,,,,,
4.039,Ball,0,,,,,
4.039,Shell,0,,,,,
4.039,LR,0.0555000000000003,,,,,
4.04,PCA,0.707106781186548,,,,,
4.04,K's tau,0.247524752475248,,,,,
4.04,Winsor,0.532178217821782,,,,,
4.04,Quad,0.283213655523968,,,,,
4.04,Ball,0,,,,,
4.04,Shell,0,,,,,
4.04,LR,0.0550000000000001,,,,,
4.041,PCA,0.707106781186548,,,,,
4.041,K's tau,0.247463499133878,,,,,
4.041,Winsor,0.532046523137837,,,,,
4.041,Quad,0.283073502783061,,,,,
4.041,Ball,0,,,,,
4.041,Shell,0,,,,,
4.041,LR,0.0545000000000004,,,,,
4.042,PCA,0.707106781186548,,,,,
4.042,K's tau,0.24740227610094,,,,,
4.042,Winsor,0.531914893617021,,,,,
4.042,Quad,0.282933454051607,,,,,
4.042,Ball,0,,,,,
4.042,Shell,0,,,,,
4.042,LR,0.0540000000000003,,,,,
4.043,PCA,0.707106781186548,,,,,
4.043,K's tau,0.247341083353945,,,,,
4.043,Winsor,0.531783329210982,,,,,
4.043,Quad,0.282793509226716,,,,,
4.043,Ball,0,,,,,
4.043,Shell,0,,,,,
4.043,LR,0.0535000000000001,,,,,
4.044,PCA,0.707106781186548,,,,,
4.044,K's tau,0.247279920870425,,,,,
4.044,Winsor,0.531651829871414,,,,,
4.044,Quad,0.282653668205623,,,,,
4.044,Ball,0,,,,,
4.044,Shell,0,,,,,
4.044,LR,0.0530000000000004,,,,,
4.045,PCA,0.707106781186548,,,,,
4.045,K's tau,0.247218788627936,,,,,
4.045,Winsor,0.531520395550062,,,,,
4.045,Quad,0.282513930885694,,,,,
4.045,Ball,0,,,,,
4.045,Shell,0,,,,,
4.045,LR,0.0525000000000002,,,,,
4.046,PCA,0.707106781186548,,,,,
4.046,K's tau,0.247157686604053,,,,,
4.046,Winsor,0.531389026198715,,,,,
4.046,Quad,0.282374297164418,,,,,
4.046,Ball,0,,,,,
4.046,Shell,0,,,,,
4.046,LR,0.052,,,,,
4.047,PCA,0.707106781186548,,,,,
4.047,K's tau,0.247096614776378,,,,,
4.047,Winsor,0.531257721769212,,,,,
4.047,Quad,0.282234766939413,,,,,
4.047,Ball,0,,,,,
4.047,Shell,0,,,,,
4.047,LR,0.0515000000000003,,,,,
4.048,PCA,0.707106781186548,,,,,
4.048,K's tau,0.24703557312253,,,,,
4.048,Winsor,0.531126482213439,,,,,
4.048,Quad,0.282095340108422,,,,,
4.048,Ball,0,,,,,
4.048,Shell,0,,,,,
4.048,LR,0.0510000000000001,,,,,
4.049,PCA,0.707106781186548,,,,,
4.049,K's tau,0.246974561620153,,,,,
4.049,Winsor,0.530995307483329,,,,,
4.049,Quad,0.281956016569315,,,,,
4.049,Ball,0,,,,,
4.049,Shell,0,,,,,
4.049,LR,0.0505000000000004,,,,,
4.05,PCA,0.707106781186548,,,,,
4.05,K's tau,0.246913580246914,,,,,
4.05,Winsor,0.530864197530864,,,,,
4.05,Quad,0.281816796220088,,,,,
4.05,Ball,0,,,,,
4.05,Shell,0,,,,,
4.05,LR,0.0500000000000003,,,,,
4.051,PCA,0.707106781186548,,,,,
4.051,K's tau,0.246852628980499,,,,,
4.051,Winsor,0.530733152308072,,,,,
4.051,Quad,0.281677678958863,,,,,
4.051,Ball,0,,,,,
4.051,Shell,0,,,,,
4.051,LR,0.0495000000000001,,,,,
4.052,PCA,0.707106781186548,,,,,
4.052,K's tau,0.246791707798618,,,,,
4.052,Winsor,0.530602171767029,,,,,
4.052,Quad,0.281538664683887,,,,,
4.052,Ball,0,,,,,
4.052,Shell,0,,,,,
4.052,LR,0.0490000000000004,,,,,
4.053,PCA,0.707106781186548,,,,,
4.053,K's tau,0.246730816679003,,,,,
4.053,Winsor,0.530471255859857,,,,,
4.053,Quad,0.281399753293534,,,,,
4.053,Ball,0,,,,,
4.053,Shell,0,,,,,
4.053,LR,0.0485000000000002,,,,,
4.054,PCA,0.707106781186548,,,,,
4.054,K's tau,0.246669955599408,,,,,
4.054,Winsor,0.530340404538727,,,,,
4.054,Quad,0.281260944686301,,,,,
4.054,Ball,0,,,,,
4.054,Shell,0,,,,,
4.054,LR,0.048,,,,,
4.055,PCA,0.707106781186548,,,,,
4.055,K's tau,0.246609124537608,,,,,
4.055,Winsor,0.530209617755857,,,,,
4.055,Quad,0.281122238760812,,,,,
4.055,Ball,0,,,,,
4.055,Shell,0,,,,,
4.055,LR,0.0475000000000003,,,,,
4.056,PCA,0.707106781186548,,,,,
4.056,K's tau,0.2465483234714,,,,,
4.056,Winsor,0.530078895463511,,,,,
4.056,Quad,0.280983635415816,,,,,
4.056,Ball,0,,,,,
4.056,Shell,0,,,,,
4.056,LR,0.0470000000000001,,,,,
4.057,PCA,0.707106781186548,,,,,
4.057,K's tau,0.246487552378605,,,,,
4.057,Winsor,0.529948237614001,,,,,
4.057,Quad,0.280845134550185,,,,,
4.057,Ball,0,,,,,
4.057,Shell,0,,,,,
4.057,LR,0.0465000000000004,,,,,
4.058,PCA,0.707106781186548,,,,,
4.058,K's tau,0.246426811237063,,,,,
4.058,Winsor,0.529817644159685,,,,,
4.058,Quad,0.280706736062918,,,,,
4.058,Ball,0,,,,,
4.058,Shell,0,,,,,
4.058,LR,0.0460000000000003,,,,,
4.059,PCA,0.707106781186548,,,,,
4.059,K's tau,0.246366100024637,,,,,
4.059,Winsor,0.529687115052969,,,,,
4.059,Quad,0.280568439853137,,,,,
4.059,Ball,0,,,,,
4.059,Shell,0,,,,,
4.059,LR,0.0455000000000001,,,,,
4.06,PCA,0.707106781186548,,,,,
4.06,K's tau,0.246305418719212,,,,,
4.06,Winsor,0.529556650246306,,,,,
4.06,Quad,0.280430245820088,,,,,
4.06,Ball,0,,,,,
4.06,Shell,0,,,,,
4.06,LR,0.0450000000000004,,,,,
4.061,PCA,0.707106781186548,,,,,
4.061,K's tau,0.246244767298695,,,,,
4.061,Winsor,0.529426249692194,,,,,
4.061,Quad,0.280292153863141,,,,,
4.061,Ball,0,,,,,
4.061,Shell,0,,,,,
4.061,LR,0.0445000000000002,,,,,
4.062,PCA,0.707106781186548,,,,,
4.062,K's tau,0.246184145741014,,,,,
4.062,Winsor,0.529295913343181,,,,,
4.062,Quad,0.280154163881792,,,,,
4.062,Ball,0,,,,,
4.062,Shell,0,,,,,
4.062,LR,0.044,,,,,
4.063,PCA,0.707106781186548,,,,,
4.063,K's tau,0.24612355402412,,,,,
4.063,Winsor,0.529165641151858,,,,,
4.063,Quad,0.280016275775657,,,,,
4.063,Ball,0,,,,,
4.063,Shell,0,,,,,
4.063,LR,0.0435000000000003,,,,,
4.064,PCA,0.707106781186548,,,,,
4.064,K's tau,0.246062992125984,,,,,
4.064,Winsor,0.529035433070866,,,,,
4.064,Quad,0.279878489444479,,,,,
4.064,Ball,0,,,,,
4.064,Shell,0,,,,,
4.064,LR,0.0430000000000001,,,,,
4.065,PCA,0.707106781186548,,,,,
4.065,K's tau,0.2460024600246,,,,,
4.065,Winsor,0.528905289052891,,,,,
4.065,Quad,0.279740804788122,,,,,
4.065,Ball,0,,,,,
4.065,Shell,0,,,,,
4.065,LR,0.0425000000000004,,,,,
4.066,PCA,0.707106781186548,,,,,
4.066,K's tau,0.245941957697983,,,,,
4.066,Winsor,0.528775209050664,,,,,
4.066,Quad,0.279603221706573,,,,,
4.066,Ball,0,,,,,
4.066,Shell,0,,,,,
4.066,LR,0.0420000000000003,,,,,
4.067,PCA,0.707106781186548,,,,,
4.067,K's tau,0.24588148512417,,,,,
4.067,Winsor,0.528645193016966,,,,,
4.067,Quad,0.279465740099945,,,,,
4.067,Ball,0,,,,,
4.067,Shell,0,,,,,
4.067,LR,0.0415000000000001,,,,,
4.068,PCA,0.707106781186548,,,,,
4.068,K's tau,0.245821042281219,,,,,
4.068,Winsor,0.528515240904621,,,,,
4.068,Quad,0.27932835986847,,,,,
4.068,Ball,0,,,,,
4.068,Shell,0,,,,,
4.068,LR,0.0410000000000004,,,,,
4.069,PCA,0.707106781186548,,,,,
4.069,K's tau,0.245760629147211,,,,,
4.069,Winsor,0.528385352666503,,,,,
4.069,Quad,0.279191080912505,,,,,
4.069,Ball,0,,,,,
4.069,Shell,0,,,,,
4.069,LR,0.0405000000000002,,,,,
4.07,PCA,0.707106781186548,,,,,
4.07,K's tau,0.245700245700246,,,,,
4.07,Winsor,0.528255528255528,,,,,
4.07,Quad,0.279053903132527,,,,,
4.07,Ball,0,,,,,
4.07,Shell,0,,,,,
4.07,LR,0.04,,,,,
4.071,PCA,0.707106781186548,,,,,
4.071,K's tau,0.245639891918448,,,,,
4.071,Winsor,0.528125767624662,,,,,
4.071,Quad,0.278916826429139,,,,,
4.071,Ball,0,,,,,
4.071,Shell,0,,,,,
4.071,LR,0.0395000000000003,,,,,
4.072,PCA,0.707106781186548,,,,,
4.072,K's tau,0.245579567779961,,,,,
4.072,Winsor,0.527996070726915,,,,,
4.072,Quad,0.278779850703062,,,,,
4.072,Ball,0,,,,,
4.072,Shell,0,,,,,
4.072,LR,0.0390000000000001,,,,,
4.073,PCA,0.707106781186548,,,,,
4.073,K's tau,0.245519273262951,,,,,
4.073,Winsor,0.527866437515345,,,,,
4.073,Quad,0.278642975855142,,,,,
4.073,Ball,0,,,,,
4.073,Shell,0,,,,,
4.073,LR,0.0385000000000004,,,,,
4.074,PCA,0.707106781186548,,,,,
4.074,K's tau,0.245459008345606,,,,,
4.074,Winsor,0.527736867943054,,,,,
4.074,Quad,0.278506201786344,,,,,
4.074,Ball,0,,,,,
4.074,Shell,0,,,,,
4.074,LR,0.0380000000000002,,,,,
4.075,PCA,0.707106781186548,,,,,
4.075,K's tau,0.245398773006135,,,,,
4.075,Winsor,0.52760736196319,,,,,
4.075,Quad,0.278369528397757,,,,,
4.075,Ball,0,,,,,
4.075,Shell,0,,,,,
4.075,LR,0.0375000000000001,,,,,
4.076,PCA,0.707106781186548,,,,,
4.076,K's tau,0.245338567222767,,,,,
4.076,Winsor,0.52747791952895,,,,,
4.076,Quad,0.278232955590589,,,,,
4.076,Ball,0,,,,,
4.076,Shell,0,,,,,
4.076,LR,0.0370000000000004,,,,,
4.077,PCA,0.707106781186548,,,,,
4.077,K's tau,0.245278390973755,,,,,
4.077,Winsor,0.527348540593574,,,,,
4.077,Quad,0.278096483266172,,,,,
4.077,Ball,0,,,,,
4.077,Shell,0,,,,,
4.077,LR,0.0365000000000002,,,,,
4.078,PCA,0.707106781186548,,,,,
4.078,K's tau,0.245218244237371,,,,,
4.078,Winsor,0.527219225110348,,,,,
4.078,Quad,0.277960111325956,,,,,
4.078,Ball,0,,,,,
4.078,Shell,0,,,,,
4.078,LR,0.036,,,,,
4.079,PCA,0.707106781186548,,,,,
4.079,K's tau,0.24515812699191,,,,,
4.079,Winsor,0.527089973032606,,,,,
4.079,Quad,0.277823839671513,,,,,
4.079,Ball,0,,,,,
4.079,Shell,0,,,,,
4.079,LR,0.0355000000000003,,,,,
4.08,PCA,0.707106781186548,,,,,
4.08,K's tau,0.245098039215686,,,,,
4.08,Winsor,0.526960784313726,,,,,
4.08,Quad,0.277687668204537,,,,,
4.08,Ball,0,,,,,
4.08,Shell,0,,,,,
4.08,LR,0.0350000000000001,,,,,
4.081,PCA,0.707106781186548,,,,,
4.081,K's tau,0.245037980887038,,,,,
4.081,Winsor,0.526831658907131,,,,,
4.081,Quad,0.277551596826839,,,,,
4.081,Ball,0,,,,,
4.081,Shell,0,,,,,
4.081,LR,0.0345000000000004,,,,,
4.082,PCA,0.707106781186548,,,,,
4.082,K's tau,0.244977951984321,,,,,
4.082,Winsor,0.526702596766291,,,,,
4.082,Quad,0.277415625440354,,,,,
4.082,Ball,0,,,,,
4.082,Shell,0,,,,,
4.082,LR,0.0340000000000002,,,,,
4.083,PCA,0.707106781186548,,,,,
4.083,K's tau,0.244917952485917,,,,,
4.083,Winsor,0.526573597844722,,,,,
4.083,Quad,0.277279753947135,,,,,
4.083,Ball,0,,,,,
4.083,Shell,0,,,,,
4.083,LR,0.0335000000000001,,,,,
4.084,PCA,0.707106781186548,,,,,
4.084,K's tau,0.244857982370225,,,,,
4.084,Winsor,0.526444662095984,,,,,
4.084,Quad,0.277143982249355,,,,,
4.084,Ball,0,,,,,
4.084,Shell,0,,,,,
4.084,LR,0.0330000000000004,,,,,
4.085,PCA,0.707106781186548,,,,,
4.085,K's tau,0.244798041615667,,,,,
4.085,Winsor,0.526315789473684,,,,,
4.085,Quad,0.277008310249308,,,,,
4.085,Ball,0,,,,,
4.085,Shell,0,,,,,
4.085,LR,0.0325000000000002,,,,,
4.086,PCA,0.707106781186548,,,,,
4.086,K's tau,0.244738130200685,,,,,
4.086,Winsor,0.526186979931473,,,,,
4.086,Quad,0.276872737849405,,,,,
4.086,Ball,0,,,,,
4.086,Shell,0,,,,,
4.086,LR,0.032,,,,,
4.087,PCA,0.707106781186548,,,,,
4.087,K's tau,0.244678248103744,,,,,
4.087,Winsor,0.526058233423049,,,,,
4.087,Quad,0.276737264952179,,,,,
4.087,Ball,0,,,,,
4.087,Shell,0,,,,,
4.087,LR,0.0315000000000003,,,,,
4.088,PCA,0.707106781186548,,,,,
4.088,K's tau,0.244618395303327,,,,,
4.088,Winsor,0.525929549902153,,,,,
4.088,Quad,0.276601891460281,,,,,
4.088,Ball,0,,,,,
4.088,Shell,0,,,,,
4.088,LR,0.0310000000000001,,,,,
4.089,PCA,0.707106781186548,,,,,
4.089,K's tau,0.244558571777941,,,,,
4.089,Winsor,0.525800929322573,,,,,
4.089,Quad,0.276466617276481,,,,,
4.089,Ball,0,,,,,
4.089,Shell,0,,,,,
4.089,LR,0.0305000000000004,,,,,
4.09,PCA,0.707106781186548,,,,,
4.09,K's tau,0.244498777506113,,,,,
4.09,Winsor,0.525672371638142,,,,,
4.09,Quad,0.276331442303669,,,,,
4.09,Ball,0,,,,,
4.09,Shell,0,,,,,
4.09,LR,0.0300000000000002,,,,,
4.091,PCA,0.707106781186548,,,,,
4.091,K's tau,0.24443901246639,,,,,
4.091,Winsor,0.525543876802738,,,,,
4.091,Quad,0.276196366444851,,,,,
4.091,Ball,0,,,,,
4.091,Shell,0,,,,,
4.091,LR,0.0295000000000001,,,,,
4.092,PCA,0.707106781186548,,,,,
4.092,K's tau,0.244379276637341,,,,,
4.092,Winsor,0.525415444770284,,,,,
4.092,Quad,0.276061389603155,,,,,
4.092,Ball,0,,,,,
4.092,Shell,0,,,,,
4.092,LR,0.0290000000000004,,,,,
4.093,PCA,0.707106781186548,,,,,
4.093,K's tau,0.244319569997557,,,,,
4.093,Winsor,0.525287075494747,,,,,
4.093,Quad,0.275926511681824,,,,,
4.093,Ball,0,,,,,
4.093,Shell,0,,,,,
4.093,LR,0.0285000000000002,,,,,
4.094,PCA,0.707106781186548,,,,,
4.094,K's tau,0.244259892525647,,,,,
4.094,Winsor,0.525158768930142,,,,,
4.094,Quad,0.275791732584222,,,,,
4.094,Ball,0,,,,,
4.094,Shell,0,,,,,
4.094,LR,0.028,,,,,
4.095,PCA,0.707106781186548,,,,,
4.095,K's tau,0.244200244200244,,,,,
4.095,Winsor,0.525030525030525,,,,,
4.095,Quad,0.275657052213829,,,,,
4.095,Ball,0,,,,,
4.095,Shell,0,,,,,
4.095,LR,0.0275000000000003,,,,,
4.096,PCA,0.707106781186548,,,,,
4.096,K's tau,0.244140625,,,,,
4.096,Winsor,0.52490234375,,,,,
4.096,Quad,0.275522470474243,,,,,
4.096,Ball,0,,,,,
4.096,Shell,0,,,,,
4.096,LR,0.0270000000000001,,,,,
4.097,PCA,0.707106781186548,,,,,
4.097,K's tau,0.244081034903588,,,,,
4.097,Winsor,0.524774225042714,,,,,
4.097,Quad,0.275387987269181,,,,,
4.097,Ball,0,,,,,
4.097,Shell,0,,,,,
4.097,LR,0.0265000000000004,,,,,
4.098,PCA,0.707106781186548,,,,,
4.098,K's tau,0.244021473889702,,,,,
4.098,Winsor,0.52464616886286,,,,,
4.098,Quad,0.275253602502477,,,,,
4.098,Ball,0,,,,,
4.098,Shell,0,,,,,
4.098,LR,0.0260000000000002,,,,,
4.099,PCA,0.707106781186548,,,,,
4.099,K's tau,0.243961941937058,,,,,
4.099,Winsor,0.524518175164674,,,,,
4.099,Quad,0.27511931607808,,,,,
4.099,Ball,0,,,,,
4.099,Shell,0,,,,,
4.099,LR,0.0255000000000001,,,,,
4.1,PCA,0.707106781186548,,,,,
4.1,K's tau,0.24390243902439,,,,,
4.1,Winsor,0.524390243902439,,,,,
4.1,Quad,0.274985127900059,,,,,
4.1,Ball,0,,,,,
4.1,Shell,0,,,,,
4.1,LR,0.0250000000000003,,,,,
4.101,PCA,0.707106781186548,,,,,
4.101,K's tau,0.243842965130456,,,,,
4.101,Winsor,0.52426237503048,,,,,
4.101,Quad,0.2748510378726,,,,,
4.101,Ball,0,,,,,
4.101,Shell,0,,,,,
4.101,LR,0.0245000000000002,,,,,
4.102,PCA,0.707106781186548,,,,,
4.102,K's tau,0.243783520234032,,,,,
4.102,Winsor,0.524134568503169,,,,,
4.102,Quad,0.274717045900003,,,,,
4.102,Ball,0,,,,,
4.102,Shell,0,,,,,
4.102,LR,0.024,,,,,
4.103,PCA,0.707106781186548,,,,,
4.103,K's tau,0.243724104313917,,,,,
4.103,Winsor,0.524006824274921,,,,,
4.103,Quad,0.274583151886688,,,,,
4.103,Ball,0,,,,,
4.103,Shell,0,,,,,
4.103,LR,0.0235000000000003,,,,,
4.104,PCA,0.707106781186548,,,,,
4.104,K's tau,0.243664717348928,,,,,
4.104,Winsor,0.523879142300195,,,,,
4.104,Quad,0.274449355737188,,,,,
4.104,Ball,0,,,,,
4.104,Shell,0,,,,,
4.104,LR,0.0230000000000001,,,,,
4.105,PCA,0.707106781186548,,,,,
4.105,K's tau,0.243605359317905,,,,,
4.105,Winsor,0.523751522533496,,,,,
4.105,Quad,0.274315657356155,,,,,
4.105,Ball,0,,,,,
4.105,Shell,0,,,,,
4.105,LR,0.0225000000000004,,,,,
4.106,PCA,0.707106781186548,,,,,
4.106,K's tau,0.243546030199708,,,,,
4.106,Winsor,0.523623964929372,,,,,
4.106,Quad,0.274182056648356,,,,,
4.106,Ball,0,,,,,
4.106,Shell,0,,,,,
4.106,LR,0.0220000000000002,,,,,
4.107,PCA,0.707106781186548,,,,,
4.107,K's tau,0.243486729973216,,,,,
4.107,Winsor,0.523496469442415,,,,,
4.107,Quad,0.274048553518674,,,,,
4.107,Ball,0,,,,,
4.107,Shell,0,,,,,
4.107,LR,0.0215000000000001,,,,,
4.108,PCA,0.707106781186548,,,,,
4.108,K's tau,0.243427458617332,,,,,
4.108,Winsor,0.523369036027264,,,,,
4.108,Quad,0.273915147872108,,,,,
4.108,Ball,0,,,,,
4.108,Shell,0,,,,,
4.108,LR,0.0210000000000003,,,,,
4.109,PCA,0.707106781186548,,,,,
4.109,K's tau,0.243368216110976,,,,,
4.109,Winsor,0.523241664638598,,,,,
4.109,Quad,0.273781839613771,,,,,
4.109,Ball,0,,,,,
4.109,Shell,0,,,,,
4.109,LR,0.0205000000000002,,,,,
4.11,PCA,0.707106781186548,,,,,
4.11,K's tau,0.24330900243309,,,,,
4.11,Winsor,0.523114355231144,,,,,
4.11,Quad,0.273648628648895,,,,,
4.11,Ball,0,,,,,
4.11,Shell,0,,,,,
4.11,LR,0.0200000000000005,,,,,
4.111,PCA,0.707106781186548,,,,,
4.111,K's tau,0.243249817562637,,,,,
4.111,Winsor,0.522987107759669,,,,,
4.111,Quad,0.273515514882824,,,,,
4.111,Ball,0,,,,,
4.111,Shell,0,,,,,
4.111,LR,0.0195000000000003,,,,,
4.112,PCA,0.707106781186548,,,,,
4.112,K's tau,0.243190661478599,,,,,
4.112,Winsor,0.522859922178988,,,,,
4.112,Quad,0.273382498221018,,,,,
4.112,Ball,0,,,,,
4.112,Shell,0,,,,,
4.112,LR,0.0190000000000001,,,,,
4.113,PCA,0.707106781186548,,,,,
4.113,K's tau,0.243131534159981,,,,,
4.113,Winsor,0.522732798443958,,,,,
4.113,Quad,0.273249578569052,,,,,
4.113,Ball,0,,,,,
4.113,Shell,0,,,,,
4.113,LR,0.0185000000000004,,,,,
4.114,PCA,0.707106781186548,,,,,
4.114,K's tau,0.243072435585805,,,,,
4.114,Winsor,0.52260573650948,,,,,
4.114,Quad,0.273116755832616,,,,,
4.114,Ball,0,,,,,
4.114,Shell,0,,,,,
4.114,LR,0.0180000000000002,,,,,
4.115,PCA,0.707106781186548,,,,,
4.115,K's tau,0.243013365735115,,,,,
4.115,Winsor,0.522478736330498,,,,,
4.115,Quad,0.272984029917514,,,,,
4.115,Ball,0,,,,,
4.115,Shell,0,,,,,
4.115,LR,0.0175000000000001,,,,,
4.116,PCA,0.707106781186548,,,,,
4.116,K's tau,0.242954324586978,,,,,
4.116,Winsor,0.522351797862002,,,,,
4.116,Quad,0.272851400729666,,,,,
4.116,Ball,0,,,,,
4.116,Shell,0,,,,,
4.116,LR,0.0170000000000003,,,,,
4.117,PCA,0.707106781186548,,,,,
4.117,K's tau,0.242895312120476,,,,,
4.117,Winsor,0.522224921059024,,,,,
4.117,Quad,0.272718868175103,,,,,
4.117,Ball,0,,,,,
4.117,Shell,0,,,,,
4.117,LR,0.0165000000000002,,,,,
4.118,PCA,0.707106781186548,,,,,
4.118,K's tau,0.242836328314716,,,,,
4.118,Winsor,0.522098105876639,,,,,
4.118,Quad,0.272586432159974,,,,,
4.118,Ball,0,,,,,
4.118,Shell,0,,,,,
4.118,LR,0.0160000000000005,,,,,
4.119,PCA,0.707106781186548,,,,,
4.119,K's tau,0.242777373148823,,,,,
4.119,Winsor,0.521971352269969,,,,,
4.119,Quad,0.27245409259054,,,,,
4.119,Ball,0,,,,,
4.119,Shell,0,,,,,
4.119,LR,0.0155000000000003,,,,,
4.12,PCA,0.707106781186548,,,,,
4.12,K's tau,0.242718446601942,,,,,
4.12,Winsor,0.521844660194175,,,,,
4.12,Quad,0.272321849373174,,,,,
4.12,Ball,0,,,,,
4.12,Shell,0,,,,,
4.12,LR,0.0150000000000001,,,,,
4.121,PCA,0.707106781186548,,,,,
4.121,K's tau,0.24265954865324,,,,,
4.121,Winsor,0.521718029604465,,,,,
4.121,Quad,0.272189702414365,,,,,
4.121,Ball,0,,,,,
4.121,Shell,0,,,,,
4.121,LR,0.0145000000000004,,,,,
4.122,PCA,0.707106781186548,,,,,
4.122,K's tau,0.242600679281902,,,,,
4.122,Winsor,0.521591460456089,,,,,
4.122,Quad,0.272057651620716,,,,,
4.122,Ball,0,,,,,
4.122,Shell,0,,,,,
4.122,LR,0.0140000000000002,,,,,
4.123,PCA,0.707106781186548,,,,,
4.123,K's tau,0.242541838467136,,,,,
4.123,Winsor,0.521464952704342,,,,,
4.123,Quad,0.271925696898941,,,,,
4.123,Ball,0,,,,,
4.123,Shell,0,,,,,
4.123,LR,0.0135000000000001,,,,,
4.124,PCA,0.707106781186548,,,,,
4.124,K's tau,0.242483026188167,,,,,
4.124,Winsor,0.521338506304559,,,,,
4.124,Quad,0.271793838155868,,,,,
4.124,Ball,0,,,,,
4.124,Shell,0,,,,,
4.124,LR,0.0130000000000003,,,,,
4.125,PCA,0.707106781186548,,,,,
4.125,K's tau,0.242424242424242,,,,,
4.125,Winsor,0.521212121212121,,,,,
4.125,Quad,0.271662075298439,,,,,
4.125,Ball,0,,,,,
4.125,Shell,0,,,,,
4.125,LR,0.0125000000000002,,,,,
4.126,PCA,0.707106781186548,,,,,
4.126,K's tau,0.242365487154629,,,,,
4.126,Winsor,0.521085797382453,,,,,
4.126,Quad,0.271530408233707,,,,,
4.126,Ball,0,,,,,
4.126,Shell,0,,,,,
4.126,LR,0.0120000000000005,,,,,
4.127,PCA,0.707106781186548,,,,,
4.127,K's tau,0.242306760358614,,,,,
4.127,Winsor,0.52095953477102,,,,,
4.127,Quad,0.271398836868838,,,,,
4.127,Ball,0,,,,,
4.127,Shell,0,,,,,
4.127,LR,0.0115000000000003,,,,,
4.128,PCA,0.707106781186548,,,,,
4.128,K's tau,0.242248062015504,,,,,
4.128,Winsor,0.520833333333333,,,,,
4.128,Quad,0.271267361111111,,,,,
4.128,Ball,0,,,,,
4.128,Shell,0,,,,,
4.128,LR,0.0110000000000001,,,,,
4.129,PCA,0.707106781186548,,,,,
4.129,K's tau,0.242189392104626,,,,,
4.129,Winsor,0.520707193024946,,,,,
4.129,Quad,0.271135980867918,,,,,
4.129,Ball,0,,,,,
4.129,Shell,0,,,,,
4.129,LR,0.0105000000000004,,,,,
4.13,PCA,0.707106781186548,,,,,
4.13,K's tau,0.242130750605327,,,,,
4.13,Winsor,0.520581113801453,,,,,
4.13,Quad,0.271004696046761,,,,,
4.13,Ball,0,,,,,
4.13,Shell,0,,,,,
4.13,LR,0.0100000000000002,,,,,
4.131,PCA,0.707106781186548,,,,,
4.131,K's tau,0.242072137496974,,,,,
4.131,Winsor,0.520455095618494,,,,,
4.131,Quad,0.270873506555256,,,,,
4.131,Ball,0,,,,,
4.131,Shell,0,,,,,
4.131,LR,0.00950000000000006,,,,,
4.132,PCA,0.707106781186548,,,,,
4.132,K's tau,0.242013552758955,,,,,
4.132,Winsor,0.520329138431752,,,,,
4.132,Quad,0.27074241230113,,,,,
4.132,Ball,0,,,,,
4.132,Shell,0,,,,,
4.132,LR,0.00900000000000034,,,,,
4.133,PCA,0.707106781186548,,,,,
4.133,K's tau,0.241954996370675,,,,,
4.133,Winsor,0.520203242196951,,,,,
4.133,Quad,0.27061141319222,,,,,
4.133,Ball,0,,,,,
4.133,Shell,0,,,,,
4.133,LR,0.00850000000000017,,,,,
4.134,PCA,0.707106781186548,,,,,
4.134,K's tau,0.241896468311563,,,,,
4.134,Winsor,0.52007740686986,,,,,
4.134,Quad,0.270480509136478,,,,,
4.134,Ball,0,,,,,
4.134,Shell,0,,,,,
4.134,LR,0.00800000000000045,,,,,
4.135,PCA,0.707106781186548,,,,,
4.135,K's tau,0.241837968561064,,,,,
4.135,Winsor,0.519951632406288,,,,,
4.135,Quad,0.270349700041963,,,,,
4.135,Ball,0,,,,,
4.135,Shell,0,,,,,
4.135,LR,0.00750000000000028,,,,,
4.136,PCA,0.707106781186548,,,,,
4.136,K's tau,0.241779497098646,,,,,
4.136,Winsor,0.519825918762089,,,,,
4.136,Quad,0.27021898581685,,,,,
4.136,Ball,0,,,,,
4.136,Shell,0,,,,,
4.136,LR,0.00700000000000012,,,,,
4.137,PCA,0.707106781186548,,,,,
4.137,K's tau,0.241721053903795,,,,,
4.137,Winsor,0.519700265893159,,,,,
4.137,Quad,0.270088366369421,,,,,
4.137,Ball,0,,,,,
4.137,Shell,0,,,,,
4.137,LR,0.00650000000000039,,,,,
4.138,PCA,0.707106781186548,,,,,
4.138,K's tau,0.241662638956017,,,,,
4.138,Winsor,0.519574673755438,,,,,
4.138,Quad,0.269957841608069,,,,,
4.138,Ball,0,,,,,
4.138,Shell,0,,,,,
4.138,LR,0.00600000000000023,,,,,
4.139,PCA,0.707106781186548,,,,,
4.139,K's tau,0.241604252234839,,,,,
4.139,Winsor,0.519449142304905,,,,,
4.139,Quad,0.269827411441301,,,,,
4.139,Ball,0,,,,,
4.139,Shell,0,,,,,
4.139,LR,0.00550000000000006,,,,,
4.14,PCA,0.707106781186548,,,,,
4.14,K's tau,0.241545893719807,,,,,
4.14,Winsor,0.519323671497585,,,,,
4.14,Quad,0.269697075777731,,,,,
4.14,Ball,0,,,,,
4.14,Shell,0,,,,,
4.14,LR,0.00500000000000034,,,,,
4.141,PCA,0.707106781186548,,,,,
4.141,K's tau,0.241487563390485,,,,,
4.141,Winsor,0.519198261289544,,,,,
4.141,Quad,0.269566834526085,,,,,
4.141,Ball,0,,,,,
4.141,Shell,0,,,,,
4.141,LR,0.00450000000000017,,,,,
4.142,PCA,0.707106781186548,,,,,
4.142,K's tau,0.241429261226461,,,,,
4.142,Winsor,0.51907291163689,,,,,
4.142,Quad,0.269436687595199,,,,,
4.142,Ball,0,,,,,
4.142,Shell,0,,,,,
4.142,LR,0.00400000000000045,,,,,
4.143,PCA,0.707106781186548,,,,,
4.143,K's tau,0.241370987207338,,,,,
4.143,Winsor,0.518947622495776,,,,,
4.143,Quad,0.269306634894018,,,,,
4.143,Ball,0,,,,,
4.143,Shell,0,,,,,
4.143,LR,0.00350000000000028,,,,,
4.144,PCA,0.707106781186548,,,,,
4.144,K's tau,0.241312741312741,,,,,
4.144,Winsor,0.518822393822394,,,,,
4.144,Quad,0.269176676331599,,,,,
4.144,Ball,0,,,,,
4.144,Shell,0,,,,,
4.144,LR,0.00300000000000011,,,,,
4.145,PCA,0.707106781186548,,,,,
4.145,K's tau,0.241254523522316,,,,,
4.145,Winsor,0.51869722557298,,,,,
4.145,Quad,0.269046811817106,,,,,
4.145,Ball,0,,,,,
4.145,Shell,0,,,,,
4.145,LR,0.00250000000000039,,,,,
4.146,PCA,0.707106781186548,,,,,
4.146,K's tau,0.241196333815726,,,,,
4.146,Winsor,0.518572117703811,,,,,
4.146,Quad,0.268917041259815,,,,,
4.146,Ball,0,,,,,
4.146,Shell,0,,,,,
4.146,LR,0.00200000000000022,,,,,
4.147,PCA,0.707106781186548,,,,,
4.147,K's tau,0.241138172172655,,,,,
4.147,Winsor,0.518447070171208,,,,,
4.147,Quad,0.26878736456911,,,,,
4.147,Ball,0,,,,,
4.147,Shell,0,,,,,
4.147,LR,0.00150000000000006,,,,,
4.148,PCA,0.707106781186548,,,,,
4.148,K's tau,0.241080038572806,,,,,
4.148,Winsor,0.518322082931533,,,,,
4.148,Quad,0.268657781654483,,,,,
4.148,Ball,0,,,,,
4.148,Shell,0,,,,,
4.148,LR,0.00100000000000033,,,,,
4.149,PCA,0.707106781186548,,,,,
4.149,K's tau,0.241021932995903,,,,,
4.149,Winsor,0.518197155941191,,,,,
4.149,Quad,0.268528292425539,,,,,
4.149,Ball,0,,,,,
4.149,Shell,0,,,,,
4.149,LR,0.000500000000000167,,,,,
4.15,PCA,0.707106781186548,,,,,
4.15,K's tau,0.240963855421687,,,,,
4.15,Winsor,0.518072289156627,,,,,
4.15,Quad,0.268398896791987,,,,,
4.15,Ball,0,,,,,
4.15,Shell,0,,,,,
4.15,LR,4.44089209850063e-16,,,,,
4.151,PCA,0.707106781186548,,,,,
4.151,K's tau,0.240905805829921,,,,,
4.151,Winsor,0.517947482534329,,,,,
4.151,Quad,0.268269594663649,,,,,
4.151,Ball,0,,,,,
4.151,Shell,0,,,,,
4.151,LR,0,,,,,
4.152,PCA,0.707106781186548,,,,,
4.152,K's tau,0.240847784200385,,,,,
4.152,Winsor,0.517822736030829,,,,,
4.152,Quad,0.268140385950453,,,,,
4.152,Ball,0,,,,,
4.152,Shell,0,,,,,
4.152,LR,0,,,,,
4.153,PCA,0.707106781186548,,,,,
4.153,K's tau,0.240789790512882,,,,,
4.153,Winsor,0.517698049602697,,,,,
4.153,Quad,0.268011270562436,,,,,
4.153,Ball,0,,,,,
4.153,Shell,0,,,,,
4.153,LR,0,,,,,
4.154,PCA,0.707106781186548,,,,,
4.154,K's tau,0.240731824747232,,,,,
4.154,Winsor,0.517573423206548,,,,,
4.154,Quad,0.267882248409744,,,,,
4.154,Ball,0,,,,,
4.154,Shell,0,,,,,
4.154,LR,0,,,,,
4.155,PCA,0.707106781186548,,,,,
4.155,K's tau,0.240673886883273,,,,,
4.155,Winsor,0.517448856799037,,,,,
4.155,Quad,0.267753319402631,,,,,
4.155,Ball,0,,,,,
4.155,Shell,0,,,,,
4.155,LR,0,,,,,
4.156,PCA,0.707106781186548,,,,,
4.156,K's tau,0.240615976900866,,,,,
4.156,Winsor,0.517324350336862,,,,,
4.156,Quad,0.267624483451457,,,,,
4.156,Ball,0,,,,,
4.156,Shell,0,,,,,
4.156,LR,0,,,,,
4.157,PCA,0.707106781186548,,,,,
4.157,K's tau,0.240558094779889,,,,,
4.157,Winsor,0.517199903776762,,,,,
4.157,Quad,0.267495740466692,,,,,
4.157,Ball,0,,,,,
4.157,Shell,0,,,,,
4.157,LR,0,,,,,
4.158,PCA,0.707106781186548,,,,,
4.158,K's tau,0.240500240500241,,,,,
4.158,Winsor,0.517075517075517,,,,,
4.158,Quad,0.267367090358913,,,,,
4.158,Ball,0,,,,,
4.158,Shell,0,,,,,
4.158,LR,0,,,,,
4.159,PCA,0.707106781186548,,,,,
4.159,K's tau,0.240442414041837,,,,,
4.159,Winsor,0.51695119018995,,,,,
4.159,Quad,0.267238533038805,,,,,
4.159,Ball,0,,,,,
4.159,Shell,0,,,,,
4.159,LR,0,,,,,
4.16,PCA,0.707106781186548,,,,,
4.16,K's tau,0.240384615384615,,,,,
4.16,Winsor,0.516826923076923,,,,,
4.16,Quad,0.26711006841716,,,,,
4.16,Ball,0,,,,,
4.16,Shell,0,,,,,
4.16,LR,0,,,,,
4.161,PCA,0.707106781186548,,,,,
4.161,K's tau,0.240326844508532,,,,,
4.161,Winsor,0.516702715693343,,,,,
4.161,Quad,0.266981696404876,,,,,
4.161,Ball,0,,,,,
4.161,Shell,0,,,,,
4.161,LR,0,,,,,
4.162,PCA,0.707106781186548,,,,,
4.162,K's tau,0.240269101393561,,,,,
4.162,Winsor,0.516578567996156,,,,,
4.162,Quad,0.266853416912959,,,,,
4.162,Ball,0,,,,,
4.162,Shell,0,,,,,
4.162,LR,0,,,,,
4.163,PCA,0.707106781186548,,,,,
4.163,K's tau,0.240211386019697,,,,,
4.163,Winsor,0.516454479942349,,,,,
4.163,Quad,0.266725229852522,,,,,
4.163,Ball,0,,,,,
4.163,Shell,0,,,,,
4.163,LR,0,,,,,
4.164,PCA,0.707106781186548,,,,,
4.164,K's tau,0.240153698366955,,,,,
4.164,Winsor,0.516330451488953,,,,,
4.164,Quad,0.266597135134786,,,,,
4.164,Ball,0,,,,,
4.164,Shell,0,,,,,
4.164,LR,0,,,,,
4.165,PCA,0.707106781186548,,,,,
4.165,K's tau,0.240096038415366,,,,,
4.165,Winsor,0.516206482593037,,,,,
4.165,Quad,0.266469132671076,,,,,
4.165,Ball,0,,,,,
4.165,Shell,0,,,,,
4.165,LR,0,,,,,
4.166,PCA,0.707106781186548,,,,,
4.166,K's tau,0.240038406144983,,,,,
4.166,Winsor,0.516082573211714,,,,,
4.166,Quad,0.266341222372824,,,,,
4.166,Ball,0,,,,,
4.166,Shell,0,,,,,
4.166,LR,0,,,,,
4.167,PCA,0.707106781186548,,,,,
4.167,K's tau,0.239980801535877,,,,,
4.167,Winsor,0.515958723302136,,,,,
4.167,Quad,0.26621340415157,,,,,
4.167,Ball,0,,,,,
4.167,Shell,0,,,,,
4.167,LR,0,,,,,
4.168,PCA,0.707106781186548,,,,,
4.168,K's tau,0.239923224568138,,,,,
4.168,Winsor,0.515834932821497,,,,,
4.168,Quad,0.266085677918958,,,,,
4.168,Ball,0,,,,,
4.168,Shell,0,,,,,
4.168,LR,0,,,,,
4.169,PCA,0.707106781186548,,,,,
4.169,K's tau,0.239865675221876,,,,,
4.169,Winsor,0.515711201727033,,,,,
4.169,Quad,0.26595804358674,,,,,
4.169,Ball,0,,,,,
4.169,Shell,0,,,,,
4.169,LR,0,,,,,
4.17,PCA,0.707106781186548,,,,,
4.17,K's tau,0.239808153477218,,,,,
4.17,Winsor,0.515587529976019,,,,,
4.17,Quad,0.265830501066773,,,,,
4.17,Ball,0,,,,,
4.17,Shell,0,,,,,
4.17,LR,0,,,,,
4.171,PCA,0.707106781186548,,,,,
4.171,K's tau,0.239750659314313,,,,,
4.171,Winsor,0.515463917525773,,,,,
4.171,Quad,0.265703050271017,,,,,
4.171,Ball,0,,,,,
4.171,Shell,0,,,,,
4.171,LR,0,,,,,
4.172,PCA,0.707106781186548,,,,,
4.172,K's tau,0.239693192713327,,,,,
4.172,Winsor,0.515340364333653,,,,,
4.172,Quad,0.265575691111542,,,,,
4.172,Ball,0,,,,,
4.172,Shell,0,,,,,
4.172,LR,0,,,,,
4.173,PCA,0.707106781186548,,,,,
4.173,K's tau,0.239635753654445,,,,,
4.173,Winsor,0.515216870357057,,,,,
4.173,Quad,0.265448423500521,,,,,
4.173,Ball,0,,,,,
4.173,Shell,0,,,,,
4.173,LR,0,,,,,
4.174,PCA,0.707106781186548,,,,,
4.174,K's tau,0.239578342117873,,,,,
4.174,Winsor,0.515093435553426,,,,,
4.174,Quad,0.265321247350231,,,,,
4.174,Ball,0,,,,,
4.174,Shell,0,,,,,
4.174,LR,0,,,,,
4.175,PCA,0.707106781186548,,,,,
4.175,K's tau,0.239520958083832,,,,,
4.175,Winsor,0.51497005988024,,,,,
4.175,Quad,0.265194162573057,,,,,
4.175,Ball,0,,,,,
4.175,Shell,0,,,,,
4.175,LR,0,,,,,
4.176,PCA,0.707106781186548,,,,,
4.176,K's tau,0.239463601532567,,,,,
4.176,Winsor,0.514846743295019,,,,,
4.176,Quad,0.265067169081487,,,,,
4.176,Ball,0,,,,,
4.176,Shell,0,,,,,
4.176,LR,0,,,,,
4.177,PCA,0.707106781186548,,,,,
4.177,K's tau,0.239406272444338,,,,,
4.177,Winsor,0.514723485755327,,,,,
4.177,Quad,0.264940266788114,,,,,
4.177,Ball,0,,,,,
4.177,Shell,0,,,,,
4.177,LR,0,,,,,
4.178,PCA,0.707106781186548,,,,,
4.178,K's tau,0.239348970799426,,,,,
4.178,Winsor,0.514600287218765,,,,,
4.178,Quad,0.264813455605635,,,,,
4.178,Ball,0,,,,,
4.178,Shell,0,,,,,
4.178,LR,0,,,,,
4.179,PCA,0.707106781186548,,,,,
4.179,K's tau,0.239291696578129,,,,,
4.179,Winsor,0.514477147642977,,,,,
4.179,Quad,0.264686735446853,,,,,
4.179,Ball,0,,,,,
4.179,Shell,0,,,,,
4.179,LR,0,,,,,
4.18,PCA,0.707106781186548,,,,,
4.18,K's tau,0.239234449760766,,,,,
4.18,Winsor,0.514354066985646,,,,,
4.18,Quad,0.264560106224674,,,,,
4.18,Ball,0,,,,,
4.18,Shell,0,,,,,
4.18,LR,0,,,,,
4.181,PCA,0.707106781186548,,,,,
4.181,K's tau,0.239177230327673,,,,,
4.181,Winsor,0.514231045204497,,,,,
4.181,Quad,0.264433567852109,,,,,
4.181,Ball,0,,,,,
4.181,Shell,0,,,,,
4.181,LR,0,,,,,
4.182,PCA,0.707106781186548,,,,,
4.182,K's tau,0.239120038259206,,,,,
4.182,Winsor,0.514108082257293,,,,,
4.182,Quad,0.264307120242272,,,,,
4.182,Ball,0,,,,,
4.182,Shell,0,,,,,
4.182,LR,0,,,,,
4.183,PCA,0.707106781186548,,,,,
4.183,K's tau,0.23906287353574,,,,,
4.183,Winsor,0.513985178101841,,,,,
4.183,Quad,0.264180763308381,,,,,
4.183,Ball,0,,,,,
4.183,Shell,0,,,,,
4.183,LR,0,,,,,
4.184,PCA,0.707106781186548,,,,,
4.184,K's tau,0.239005736137667,,,,,
4.184,Winsor,0.513862332695985,,,,,
4.184,Quad,0.264054496963759,,,,,
4.184,Ball,0,,,,,
4.184,Shell,0,,,,,
4.184,LR,0,,,,,
4.185,PCA,0.707106781186548,,,,,
4.185,K's tau,0.2389486260454,,,,,
4.185,Winsor,0.513739545997611,,,,,
4.185,Quad,0.263928321121831,,,,,
4.185,Ball,0,,,,,
4.185,Shell,0,,,,,
4.185,LR,0,,,,,
4.186,PCA,0.707106781186548,,,,,
4.186,K's tau,0.238891543239369,,,,,
4.186,Winsor,0.513616817964644,,,,,
4.186,Quad,0.263802235696126,,,,,
4.186,Ball,0,,,,,
4.186,Shell,0,,,,,
4.186,LR,0,,,,,
4.187,PCA,0.707106781186548,,,,,
4.187,K's tau,0.238834487700024,,,,,
4.187,Winsor,0.513494148555051,,,,,
4.187,Quad,0.263676240600277,,,,,
4.187,Ball,0,,,,,
4.187,Shell,0,,,,,
4.187,LR,0,,,,,
4.188,PCA,0.707106781186548,,,,,
4.188,K's tau,0.238777459407832,,,,,
4.188,Winsor,0.513371537726839,,,,,
4.188,Quad,0.263550335748019,,,,,
4.188,Ball,0,,,,,
4.188,Shell,0,,,,,
4.188,LR,0,,,,,
4.189,PCA,0.707106781186548,,,,,
4.189,K's tau,0.23872045834328,,,,,
4.189,Winsor,0.513248985438052,,,,,
4.189,Quad,0.26342452105319,,,,,
4.189,Ball,0,,,,,
4.189,Shell,0,,,,,
4.189,LR,0,,,,,
4.19,PCA,0.707106781186548,,,,,
4.19,K's tau,0.238663484486874,,,,,
4.19,Winsor,0.513126491646778,,,,,
4.19,Quad,0.263298796429731,,,,,
4.19,Ball,0,,,,,
4.19,Shell,0,,,,,
4.19,LR,0,,,,,
4.191,PCA,0.707106781186548,,,,,
4.191,K's tau,0.238606537819136,,,,,
4.191,Winsor,0.513004056311143,,,,,
4.191,Quad,0.263173161791686,,,,,
4.191,Ball,0,,,,,
4.191,Shell,0,,,,,
4.191,LR,0,,,,,
4.192,PCA,0.707106781186548,,,,,
4.192,K's tau,0.238549618320611,,,,,
4.192,Winsor,0.512881679389313,,,,,
4.192,Quad,0.263047617053202,,,,,
4.192,Ball,0,,,,,
4.192,Shell,0,,,,,
4.192,LR,0,,,,,
4.193,PCA,0.707106781186548,,,,,
4.193,K's tau,0.238492725971858,,,,,
4.193,Winsor,0.512759360839494,,,,,
4.193,Quad,0.262922162128527,,,,,
4.193,Ball,0,,,,,
4.193,Shell,0,,,,,
4.193,LR,0,,,,,
4.194,PCA,0.707106781186548,,,,,
4.194,K's tau,0.238435860753457,,,,,
4.194,Winsor,0.512637100619933,,,,,
4.194,Quad,0.262796796932012,,,,,
4.194,Ball,0,,,,,
4.194,Shell,0,,,,,
4.194,LR,0,,,,,
4.195,PCA,0.707106781186548,,,,,
4.195,K's tau,0.238379022646007,,,,,
4.195,Winsor,0.512514898688915,,,,,
4.195,Quad,0.262671521378109,,,,,
4.195,Ball,0,,,,,
4.195,Shell,0,,,,,
4.195,LR,0,,,,,
4.196,PCA,0.707106781186548,,,,,
4.196,K's tau,0.238322211630124,,,,,
4.196,Winsor,0.512392755004766,,,,,
4.196,Quad,0.262546335381375,,,,,
4.196,Ball,0,,,,,
4.196,Shell,0,,,,,
4.196,LR,0,,,,,
4.197,PCA,0.707106781186548,,,,,
4.197,K's tau,0.238265427686443,,,,,
4.197,Winsor,0.512270669525852,,,,,
4.197,Quad,0.262421238856464,,,,,
4.197,Ball,0,,,,,
4.197,Shell,0,,,,,
4.197,LR,0,,,,,
4.198,PCA,0.707106781186548,,,,,
4.198,K's tau,0.238208670795617,,,,,
4.198,Winsor,0.512148642210577,,,,,
4.198,Quad,0.262296231718137,,,,,
4.198,Ball,0,,,,,
4.198,Shell,0,,,,,
4.198,LR,0,,,,,
4.199,PCA,0.707106781186548,,,,,
4.199,K's tau,0.238151940938319,,,,,
4.199,Winsor,0.512026673017385,,,,,
4.199,Quad,0.262171313881252,,,,,
4.199,Ball,0,,,,,
4.199,Shell,0,,,,,
4.199,LR,0,,,,,
4.2,PCA,0.707106781186548,,,,,
4.2,K's tau,0.238095238095238,,,,,
4.2,Winsor,0.511904761904762,,,,,
4.2,Quad,0.262046485260771,,,,,
4.2,Ball,0,,,,,
4.2,Shell,0,,,,,
4.2,LR,0,,,,,
4.201,PCA,0.707106781186548,,,,,
4.201,K's tau,0.238038562247084,,,,,
4.201,Winsor,0.511782908831231,,,,,
4.201,Quad,0.261921745771756,,,,,
4.201,Ball,0,,,,,
4.201,Shell,0,,,,,
4.201,LR,0,,,,,
4.202,PCA,0.707106781186548,,,,,
4.202,K's tau,0.237981913374584,,,,,
4.202,Winsor,0.511661113755355,,,,,
4.202,Quad,0.26179709532937,,,,,
4.202,Ball,0,,,,,
4.202,Shell,0,,,,,
4.202,LR,0,,,,,
4.203,PCA,0.707106781186548,,,,,
4.203,K's tau,0.237925291458482,,,,,
4.203,Winsor,0.511539376635736,,,,,
4.203,Quad,0.261672533848878,,,,,
4.203,Ball,0,,,,,
4.203,Shell,0,,,,,
4.203,LR,0,,,,,
4.204,PCA,0.707106781186548,,,,,
4.204,K's tau,0.237868696479543,,,,,
4.204,Winsor,0.511417697431018,,,,,
4.204,Quad,0.261548061245644,,,,,
4.204,Ball,0,,,,,
4.204,Shell,0,,,,,
4.204,LR,0,,,,,
4.205,PCA,0.707106781186548,,,,,
4.205,K's tau,0.237812128418549,,,,,
4.205,Winsor,0.511296076099881,,,,,
4.205,Quad,0.261423677435135,,,,,
4.205,Ball,0,,,,,
4.205,Shell,0,,,,,
4.205,LR,0,,,,,
4.206,PCA,0.707106781186548,,,,,
4.206,K's tau,0.237755587256301,,,,,
4.206,Winsor,0.511174512601046,,,,,
4.206,Quad,0.261299382332917,,,,,
4.206,Ball,0,,,,,
4.206,Shell,0,,,,,
4.206,LR,0,,,,,
4.207,PCA,0.707106781186548,,,,,
4.207,K's tau,0.237699072973615,,,,,
4.207,Winsor,0.511053006893273,,,,,
4.207,Quad,0.261175175854656,,,,,
4.207,Ball,0,,,,,
4.207,Shell,0,,,,,
4.207,LR,0,,,,,
4.208,PCA,0.707106781186548,,,,,
4.208,K's tau,0.237642585551331,,,,,
4.208,Winsor,0.510931558935361,,,,,
4.208,Quad,0.261051057916118,,,,,
4.208,Ball,0,,,,,
4.208,Shell,0,,,,,
4.208,LR,0,,,,,
4.209,PCA,0.707106781186548,,,,,
4.209,K's tau,0.237586124970302,,,,,
4.209,Winsor,0.510810168686149,,,,,
4.209,Quad,0.260927028433172,,,,,
4.209,Ball,0,,,,,
4.209,Shell,0,,,,,
4.209,LR,0,,,,,
4.21,PCA,0.707106781186548,,,,,
4.21,K's tau,0.237529691211401,,,,,
4.21,Winsor,0.510688836104513,,,,,
4.21,Quad,0.260803087321782,,,,,
4.21,Ball,0,,,,,
4.21,Shell,0,,,,,
4.21,LR,0,,,,,
4.211,PCA,0.707106781186548,,,,,
4.211,K's tau,0.237473284255521,,,,,
4.211,Winsor,0.510567561149371,,,,,
4.211,Quad,0.260679234498016,,,,,
4.211,Ball,0,,,,,
4.211,Shell,0,,,,,
4.211,LR,0,,,,,
4.212,PCA,0.707106781186548,,,,,
4.212,K's tau,0.237416904083571,,,,,
4.212,Winsor,0.510446343779677,,,,,
4.212,Quad,0.26055546987804,,,,,
4.212,Ball,0,,,,,
4.212,Shell,0,,,,,
4.212,LR,0,,,,,
4.213,PCA,0.707106781186548,,,,,
4.213,K's tau,0.237360550676478,,,,,
4.213,Winsor,0.510325183954427,,,,,
4.213,Quad,0.26043179337812,,,,,
4.213,Ball,0,,,,,
4.213,Shell,0,,,,,
4.213,LR,0,,,,,
4.214,PCA,0.707106781186548,,,,,
4.214,K's tau,0.237304224015188,,,,,
4.214,Winsor,0.510204081632653,,,,,
4.214,Quad,0.260308204914619,,,,,
4.214,Ball,0,,,,,
4.214,Shell,0,,,,,
4.214,LR,0,,,,,
4.215,PCA,0.707106781186548,,,,,
4.215,K's tau,0.237247924080664,,,,,
4.215,Winsor,0.510083036773428,,,,,
4.215,Quad,0.260184704404003,,,,,
4.215,Ball,0,,,,,
4.215,Shell,0,,,,,
4.215,LR,0,,,,,
4.216,PCA,0.707106781186548,,,,,
4.216,K's tau,0.23719165085389,,,,,
4.216,Winsor,0.509962049335863,,,,,
4.216,Quad,0.260061291762834,,,,,
4.216,Ball,0,,,,,
4.216,Shell,0,,,,,
4.216,LR,0,,,,,
4.217,PCA,0.707106781186548,,,,,
4.217,K's tau,0.237135404315864,,,,,
4.217,Winsor,0.509841119279108,,,,,
4.217,Quad,0.259937966907774,,,,,
4.217,Ball,0,,,,,
4.217,Shell,0,,,,,
4.217,LR,0,,,,,
4.218,PCA,0.707106781186548,,,,,
4.218,K's tau,0.237079184447606,,,,,
4.218,Winsor,0.509720246562352,,,,,
4.218,Quad,0.259814729755585,,,,,
4.218,Ball,0,,,,,
4.218,Shell,0,,,,,
4.218,LR,0,,,,,
4.219,PCA,0.707106781186548,,,,,
4.219,K's tau,0.237022991230149,,,,,
4.219,Winsor,0.509599431144821,,,,,
4.219,Quad,0.259691580223125,,,,,
4.219,Ball,0,,,,,
4.219,Shell,0,,,,,
4.219,LR,0,,,,,
4.22,PCA,0.707106781186548,,,,,
4.22,K's tau,0.23696682464455,,,,,
4.22,Winsor,0.509478672985782,,,,,
4.22,Quad,0.259568518227353,,,,,
4.22,Ball,0,,,,,
4.22,Shell,0,,,,,
4.22,LR,0,,,,,
4.221,PCA,0.707106781186548,,,,,
4.221,K's tau,0.236910684671879,,,,,
4.221,Winsor,0.509357972044539,,,,,
4.221,Quad,0.259445543685326,,,,,
4.221,Ball,0,,,,,
4.221,Shell,0,,,,,
4.221,LR,0,,,,,
4.222,PCA,0.707106781186548,,,,,
4.222,K's tau,0.236854571293226,,,,,
4.222,Winsor,0.509237328280436,,,,,
4.222,Quad,0.259322656514196,,,,,
4.222,Ball,0,,,,,
4.222,Shell,0,,,,,
4.222,LR,0,,,,,
4.223,PCA,0.707106781186548,,,,,
4.223,K's tau,0.236798484489699,,,,,
4.223,Winsor,0.509116741652853,,,,,
4.223,Quad,0.259199856631218,,,,,
4.223,Ball,0,,,,,
4.223,Shell,0,,,,,
4.223,LR,0,,,,,
4.224,PCA,0.707106781186548,,,,,
4.224,K's tau,0.236742424242424,,,,,
4.224,Winsor,0.508996212121212,,,,,
4.224,Quad,0.259077143953742,,,,,
4.224,Ball,0,,,,,
4.224,Shell,0,,,,,
4.224,LR,0,,,,,
4.225,PCA,0.707106781186548,,,,,
4.225,K's tau,0.236686390532544,,,,,
4.225,Winsor,0.50887573964497,,,,,
4.225,Quad,0.258954518399216,,,,,
4.225,Ball,0,,,,,
4.225,Shell,0,,,,,
4.225,LR,0,,,,,
4.226,PCA,0.707106781186548,,,,,
4.226,K's tau,0.236630383341221,,,,,
4.226,Winsor,0.508755324183625,,,,,
4.226,Quad,0.258831979885186,,,,,
4.226,Ball,0,,,,,
4.226,Shell,0,,,,,
4.226,LR,0,,,,,
4.227,PCA,0.707106781186548,,,,,
4.227,K's tau,0.236574402649633,,,,,
4.227,Winsor,0.508634965696712,,,,,
4.227,Quad,0.258709528329295,,,,,
4.227,Ball,0,,,,,
4.227,Shell,0,,,,,
4.227,LR,0,,,,,
4.228,PCA,0.707106781186548,,,,,
4.228,K's tau,0.236518448438978,,,,,
4.228,Winsor,0.508514664143803,,,,,
4.228,Quad,0.258587163649285,,,,,
4.228,Ball,0,,,,,
4.228,Shell,0,,,,,
4.228,LR,0,,,,,
4.229,PCA,0.707106781186548,,,,,
4.229,K's tau,0.236462520690471,,,,,
4.229,Winsor,0.508394419484512,,,,,
4.229,Quad,0.258464885762994,,,,,
4.229,Ball,0,,,,,
4.229,Shell,0,,,,,
4.229,LR,0,,,,,
4.23,PCA,0.707106781186548,,,,,
4.23,K's tau,0.236406619385343,,,,,
4.23,Winsor,0.508274231678487,,,,,
4.23,Quad,0.258342694588356,,,,,
4.23,Ball,0,,,,,
4.23,Shell,0,,,,,
4.23,LR,0,,,,,
4.231,PCA,0.707106781186548,,,,,
4.231,K's tau,0.236350744504845,,,,,
4.231,Winsor,0.508154100685417,,,,,
4.231,Quad,0.258220590043405,,,,,
4.231,Ball,0,,,,,
4.231,Shell,0,,,,,
4.231,LR,0,,,,,
4.232,PCA,0.707106781186548,,,,,
4.232,K's tau,0.236294896030246,,,,,
4.232,Winsor,0.508034026465028,,,,,
4.232,Quad,0.258098572046269,,,,,
4.232,Ball,0,,,,,
4.232,Shell,0,,,,,
4.232,LR,0,,,,,
4.233,PCA,0.707106781186548,,,,,
4.233,K's tau,0.23623907394283,,,,,
4.233,Winsor,0.507914008977085,,,,,
4.233,Quad,0.257976640515174,,,,,
4.233,Ball,0,,,,,
4.233,Shell,0,,,,,
4.233,LR,0,,,,,
4.234,PCA,0.707106781186548,,,,,
4.234,K's tau,0.236183278223902,,,,,
4.234,Winsor,0.507794048181389,,,,,
4.234,Quad,0.257854795368443,,,,,
4.234,Ball,0,,,,,
4.234,Shell,0,,,,,
4.234,LR,0,,,,,
4.235,PCA,0.707106781186548,,,,,
4.235,K's tau,0.236127508854782,,,,,
4.235,Winsor,0.507674144037781,,,,,
4.235,Quad,0.257733036524493,,,,,
4.235,Ball,0,,,,,
4.235,Shell,0,,,,,
4.235,LR,0,,,,,
4.236,PCA,0.707106781186548,,,,,
4.236,K's tau,0.236071765816808,,,,,
4.236,Winsor,0.507554296506138,,,,,
4.236,Quad,0.257611363901841,,,,,
4.236,Ball,0,,,,,
4.236,Shell,0,,,,,
4.236,LR,0,,,,,
4.237,PCA,0.707106781186548,,,,,
4.237,K's tau,0.236016049091338,,,,,
4.237,Winsor,0.507434505546377,,,,,
4.237,Quad,0.257489777419096,,,,,
4.237,Ball,0,,,,,
4.237,Shell,0,,,,,
4.237,LR,0,,,,,
4.238,PCA,0.707106781186548,,,,,
4.238,K's tau,0.235960358659745,,,,,
4.238,Winsor,0.507314771118452,,,,,
4.238,Quad,0.257368276994968,,,,,
4.238,Ball,0,,,,,
4.238,Shell,0,,,,,
4.238,LR,0,,,,,
4.239,PCA,0.707106781186548,,,,,
4.239,K's tau,0.235904694503421,,,,,
4.239,Winsor,0.507195093182354,,,,,
4.239,Quad,0.257246862548257,,,,,
4.239,Ball,0,,,,,
4.239,Shell,0,,,,,
4.239,LR,0,,,,,
4.24,PCA,0.707106781186548,,,,,
4.24,K's tau,0.235849056603774,,,,,
4.24,Winsor,0.507075471698113,,,,,
4.24,Quad,0.257125533997864,,,,,
4.24,Ball,0,,,,,
4.24,Shell,0,,,,,
4.24,LR,0,,,,,
4.241,PCA,0.707106781186548,,,,,
4.241,K's tau,0.235793444942231,,,,,
4.241,Winsor,0.506955906625796,,,,,
4.241,Quad,0.257004291262783,,,,,
4.241,Ball,0,,,,,
4.241,Shell,0,,,,,
4.241,LR,0,,,,,
4.242,PCA,0.707106781186548,,,,,
4.242,K's tau,0.235737859500236,,,,,
4.242,Winsor,0.506836397925507,,,,,
4.242,Quad,0.256883134262103,,,,,
4.242,Ball,0,,,,,
4.242,Shell,0,,,,,
4.242,LR,0,,,,,
4.243,PCA,0.707106781186548,,,,,
4.243,K's tau,0.235682300259251,,,,,
4.243,Winsor,0.506716945557389,,,,,
4.243,Quad,0.25676206291501,,,,,
4.243,Ball,0,,,,,
4.243,Shell,0,,,,,
4.243,LR,0,,,,,
4.244,PCA,0.707106781186548,,,,,
4.244,K's tau,0.235626767200754,,,,,
4.244,Winsor,0.506597549481621,,,,,
4.244,Quad,0.256641077140784,,,,,
4.244,Ball,0,,,,,
4.244,Shell,0,,,,,
4.244,LR,0,,,,,
4.245,PCA,0.707106781186548,,,,,
4.245,K's tau,0.235571260306243,,,,,
4.245,Winsor,0.506478209658422,,,,,
4.245,Quad,0.2565201768588,,,,,
4.245,Ball,0,,,,,
4.245,Shell,0,,,,,
4.245,LR,0,,,,,
4.246,PCA,0.707106781186548,,,,,
4.246,K's tau,0.23551577955723,,,,,
4.246,Winsor,0.506358926048045,,,,,
4.246,Quad,0.25639936198853,,,,,
4.246,Ball,0,,,,,
4.246,Shell,0,,,,,
4.246,LR,0,,,,,
4.247,PCA,0.707106781186548,,,,,
4.247,K's tau,0.235460324935248,,,,,
4.247,Winsor,0.506239698610784,,,,,
4.247,Quad,0.256278632449538,,,,,
4.247,Ball,0,,,,,
4.247,Shell,0,,,,,
4.247,LR,0,,,,,
4.248,PCA,0.707106781186548,,,,,
4.248,K's tau,0.235404896421846,,,,,
4.248,Winsor,0.506120527306968,,,,,
4.248,Quad,0.256157988161483,,,,,
4.248,Ball,0,,,,,
4.248,Shell,0,,,,,
4.248,LR,0,,,,,
4.249,PCA,0.707106781186548,,,,,
4.249,K's tau,0.235349493998588,,,,,
4.249,Winsor,0.506001412096964,,,,,
4.249,Quad,0.256037429044122,,,,,
4.249,Ball,0,,,,,
4.249,Shell,0,,,,,
4.249,LR,0,,,,,
4.25,PCA,0.707106781186548,,,,,
4.25,K's tau,0.235294117647059,,,,,
4.25,Winsor,0.505882352941176,,,,,
4.25,Quad,0.255916955017301,,,,,
4.25,Ball,0,,,,,
4.25,Shell,0,,,,,
4.25,LR,0,,,,,
4.251,PCA,0.707106781186548,,,,,
4.251,K's tau,0.235238767348859,,,,,
4.251,Winsor,0.505763349800047,,,,,
4.251,Quad,0.255796566000965,,,,,
4.251,Ball,0,,,,,
4.251,Shell,0,,,,,
4.251,LR,0,,,,,
4.252,PCA,0.707106781186548,,,,,
4.252,K's tau,0.235183443085607,,,,,
4.252,Winsor,0.505644402634055,,,,,
4.252,Quad,0.25567626191515,,,,,
4.252,Ball,0,,,,,
4.252,Shell,0,,,,,
4.252,LR,0,,,,,
4.253,PCA,0.707106781186548,,,,,
4.253,K's tau,0.235128144838937,,,,,
4.253,Winsor,0.505525511403715,,,,,
4.253,Quad,0.255556042679988,,,,,
4.253,Ball,0,,,,,
4.253,Shell,0,,,,,
4.253,LR,0,,,,,
4.254,PCA,0.707106781186548,,,,,
4.254,K's tau,0.235072872590503,,,,,
4.254,Winsor,0.505406676069582,,,,,
4.254,Quad,0.255435908215703,,,,,
4.254,Ball,0,,,,,
4.254,Shell,0,,,,,
4.254,LR,0,,,,,
4.255,PCA,0.707106781186548,,,,,
4.255,K's tau,0.235017626321974,,,,,
4.255,Winsor,0.505287896592244,,,,,
4.255,Quad,0.255315858442615,,,,,
4.255,Ball,0,,,,,
4.255,Shell,0,,,,,
4.255,LR,0,,,,,
4.256,PCA,0.707106781186548,,,,,
4.256,K's tau,0.234962406015038,,,,,
4.256,Winsor,0.505169172932331,,,,,
4.256,Quad,0.255195893281135,,,,,
4.256,Ball,0,,,,,
4.256,Shell,0,,,,,
4.256,LR,0,,,,,
4.257,PCA,0.707106781186548,,,,,
4.257,K's tau,0.234907211651398,,,,,
4.257,Winsor,0.505050505050505,,,,,
4.257,Quad,0.25507601265177,,,,,
4.257,Ball,0,,,,,
4.257,Shell,0,,,,,
4.257,LR,0,,,,,
4.258,PCA,0.707106781186548,,,,,
4.258,K's tau,0.234852043212776,,,,,
4.258,Winsor,0.504931892907468,,,,,
4.258,Quad,0.254956216475119,,,,,
4.258,Ball,0,,,,,
4.258,Shell,0,,,,,
4.258,LR,0,,,,,
4.259,PCA,0.707106781186548,,,,,
4.259,K's tau,0.234796900680911,,,,,
4.259,Winsor,0.504813336463959,,,,,
4.259,Quad,0.254836504671874,,,,,
4.259,Ball,0,,,,,
4.259,Shell,0,,,,,
4.259,LR,0,,,,,
4.26,PCA,0.707106781186548,,,,,
4.26,K's tau,0.234741784037559,,,,,
4.26,Winsor,0.504694835680751,,,,,
4.26,Quad,0.25471687716282,,,,,
4.26,Ball,0,,,,,
4.26,Shell,0,,,,,
4.26,LR,0,,,,,
4.261,PCA,0.707106781186548,,,,,
4.261,K's tau,0.234686693264492,,,,,
4.261,Winsor,0.504576390518658,,,,,
4.261,Quad,0.254597333868837,,,,,
4.261,Ball,0,,,,,
4.261,Shell,0,,,,,
4.261,LR,0,,,,,
4.262,PCA,0.707106781186548,,,,,
4.262,K's tau,0.234631628343501,,,,,
4.262,Winsor,0.504458000938527,,,,,
4.262,Quad,0.254477874710894,,,,,
4.262,Ball,0,,,,,
4.262,Shell,0,,,,,
4.262,LR,0,,,,,
4.263,PCA,0.707106781186548,,,,,
4.263,K's tau,0.234576589256392,,,,,
4.263,Winsor,0.504339666901243,,,,,
4.263,Quad,0.254358499610057,,,,,
4.263,Ball,0,,,,,
4.263,Shell,0,,,,,
4.263,LR,0,,,,,
4.264,PCA,0.707106781186548,,,,,
4.264,K's tau,0.234521575984991,,,,,
4.264,Winsor,0.50422138836773,,,,,
4.264,Quad,0.254239208487481,,,,,
4.264,Ball,0,,,,,
4.264,Shell,0,,,,,
4.264,LR,0,,,,,
4.265,PCA,0.707106781186548,,,,,
4.265,K's tau,0.234466588511137,,,,,
4.265,Winsor,0.504103165298945,,,,,
4.265,Quad,0.254120001264415,,,,,
4.265,Ball,0,,,,,
4.265,Shell,0,,,,,
4.265,LR,0,,,,,
4.266,PCA,0.707106781186548,,,,,
4.266,K's tau,0.23441162681669,,,,,
4.266,Winsor,0.503984997655884,,,,,
4.266,Quad,0.254000877862201,,,,,
4.266,Ball,0,,,,,
4.266,Shell,0,,,,,
4.266,LR,0,,,,,
4.267,PCA,0.707106781186548,,,,,
4.267,K's tau,0.234356690883525,,,,,
4.267,Winsor,0.503866885399578,,,,,
4.267,Quad,0.253881838202272,,,,,
4.267,Ball,0,,,,,
4.267,Shell,0,,,,,
4.267,LR,0,,,,,
4.268,PCA,0.707106781186548,,,,,
4.268,K's tau,0.234301780693533,,,,,
4.268,Winsor,0.503748828491097,,,,,
4.268,Quad,0.253762882206152,,,,,
4.268,Ball,0,,,,,
4.268,Shell,0,,,,,
4.268,LR,0,,,,,
4.269,PCA,0.707106781186548,,,,,
4.269,K's tau,0.234246896228625,,,,,
4.269,Winsor,0.503630826891544,,,,,
4.269,Quad,0.25364400979546,,,,,
4.269,Ball,0,,,,,
4.269,Shell,0,,,,,
4.269,LR,0,,,,,
4.27,PCA,0.707106781186548,,,,,
4.27,K's tau,0.234192037470726,,,,,
4.27,Winsor,0.503512880562061,,,,,
4.27,Quad,0.253525220891904,,,,,
4.27,Ball,0,,,,,
4.27,Shell,0,,,,,
4.27,LR,0,,,,,
4.271,PCA,0.707106781186548,,,,,
4.271,K's tau,0.234137204401779,,,,,
4.271,Winsor,0.503394989463826,,,,,
4.271,Quad,0.253406515417285,,,,,
4.271,Ball,0,,,,,
4.271,Shell,0,,,,,
4.271,LR,0,,,,,
4.272,PCA,0.707106781186548,,,,,
4.272,K's tau,0.234082397003745,,,,,
4.272,Winsor,0.503277153558052,,,,,
4.272,Quad,0.253287893293495,,,,,
4.272,Ball,0,,,,,
4.272,Shell,0,,,,,
4.272,LR,0,,,,,
4.273,PCA,0.707106781186548,,,,,
4.273,K's tau,0.234027615258601,,,,,
4.273,Winsor,0.503159372805991,,,,,
4.273,Quad,0.253169354442518,,,,,
4.273,Ball,0,,,,,
4.273,Shell,0,,,,,
4.273,LR,0,,,,,
4.274,PCA,0.707106781186548,,,,,
4.274,K's tau,0.233972859148339,,,,,
4.274,Winsor,0.503041647168928,,,,,
4.274,Quad,0.253050898786429,,,,,
4.274,Ball,0,,,,,
4.274,Shell,0,,,,,
4.274,LR,0,,,,,
4.275,PCA,0.707106781186548,,,,,
4.275,K's tau,0.233918128654971,,,,,
4.275,Winsor,0.502923976608187,,,,,
4.275,Quad,0.252932526247392,,,,,
4.275,Ball,0,,,,,
4.275,Shell,0,,,,,
4.275,LR,0,,,,,
4.276,PCA,0.707106781186548,,,,,
4.276,K's tau,0.233863423760524,,,,,
4.276,Winsor,0.502806361085126,,,,,
4.276,Quad,0.252814236747666,,,,,
4.276,Ball,0,,,,,
4.276,Shell,0,,,,,
4.276,LR,0,,,,,
4.277,PCA,0.707106781186548,,,,,
4.277,K's tau,0.233808744447042,,,,,
4.277,Winsor,0.502688800561141,,,,,
4.277,Quad,0.252696030209599,,,,,
4.277,Ball,0,,,,,
4.277,Shell,0,,,,,
4.277,LR,0,,,,,
4.278,PCA,0.707106781186548,,,,,
4.278,K's tau,0.233754090696587,,,,,
4.278,Winsor,0.502571294997663,,,,,
4.278,Quad,0.252577906555628,,,,,
4.278,Ball,0,,,,,
4.278,Shell,0,,,,,
4.278,LR,0,,,,,
4.279,PCA,0.707106781186548,,,,,
4.279,K's tau,0.233699462491236,,,,,
4.279,Winsor,0.502453844356158,,,,,
4.279,Quad,0.252459865708282,,,,,
4.279,Ball,0,,,,,
4.279,Shell,0,,,,,
4.279,LR,0,,,,,
4.28,PCA,0.707106781186548,,,,,
4.28,K's tau,0.233644859813084,,,,,
4.28,Winsor,0.502336448598131,,,,,
4.28,Quad,0.252341907590183,,,,,
4.28,Ball,0,,,,,
4.28,Shell,0,,,,,
4.28,LR,0,,,,,
4.281,PCA,0.707106781186548,,,,,
4.281,K's tau,0.233590282644242,,,,,
4.281,Winsor,0.50221910768512,,,,,
4.281,Quad,0.252224032124039,,,,,
4.281,Ball,0,,,,,
4.281,Shell,0,,,,,
4.281,LR,0,,,,,
4.282,PCA,0.707106781186548,,,,,
4.282,K's tau,0.233535730966838,,,,,
4.282,Winsor,0.502101821578702,,,,,
4.282,Quad,0.25210623923265,,,,,
4.282,Ball,0,,,,,
4.282,Shell,0,,,,,
4.282,LR,0,,,,,
4.283,PCA,0.707106781186548,,,,,
4.283,K's tau,0.233481204763017,,,,,
4.283,Winsor,0.501984590240486,,,,,
4.283,Quad,0.251988528838908,,,,,
4.283,Ball,0,,,,,
4.283,Shell,0,,,,,
4.283,LR,0,,,,,
4.284,PCA,0.707106781186548,,,,,
4.284,K's tau,0.233426704014939,,,,,
4.284,Winsor,0.50186741363212,,,,,
4.284,Quad,0.251870900865793,,,,,
4.284,Ball,0,,,,,
4.284,Shell,0,,,,,
4.284,LR,0,,,,,
4.285,PCA,0.707106781186548,,,,,
4.285,K's tau,0.233372228704784,,,,,
4.285,Winsor,0.501750291715286,,,,,
4.285,Quad,0.251753355236374,,,,,
4.285,Ball,0,,,,,
4.285,Shell,0,,,,,
4.285,LR,0,,,,,
4.286,PCA,0.707106781186548,,,,,
4.286,K's tau,0.233317778814746,,,,,
4.286,Winsor,0.501633224451703,,,,,
4.286,Quad,0.251635891873813,,,,,
4.286,Ball,0,,,,,
4.286,Shell,0,,,,,
4.286,LR,0,,,,,
4.287,PCA,0.707106781186548,,,,,
4.287,K's tau,0.233263354327035,,,,,
4.287,Winsor,0.501516211803126,,,,,
4.287,Quad,0.251518510701358,,,,,
4.287,Ball,0,,,,,
4.287,Shell,0,,,,,
4.287,LR,0,,,,,
4.288,PCA,0.707106781186548,,,,,
4.288,K's tau,0.233208955223881,,,,,
4.288,Winsor,0.501399253731343,,,,,
4.288,Quad,0.251401211642348,,,,,
4.288,Ball,0,,,,,
4.288,Shell,0,,,,,
4.288,LR,0,,,,,
4.289,PCA,0.707106781186548,,,,,
4.289,K's tau,0.233154581487526,,,,,
4.289,Winsor,0.501282350198181,,,,,
4.289,Quad,0.251283994620212,,,,,
4.289,Ball,0,,,,,
4.289,Shell,0,,,,,
4.289,LR,0,,,,,
4.29,PCA,0.707106781186548,,,,,
4.29,K's tau,0.233100233100233,,,,,
4.29,Winsor,0.501165501165501,,,,,
4.29,Quad,0.251166859558468,,,,,
4.29,Ball,0,,,,,
4.29,Shell,0,,,,,
4.29,LR,0,,,,,
4.291,PCA,0.707106781186548,,,,,
4.291,K's tau,0.233045910044279,,,,,
4.291,Winsor,0.501048706595199,,,,,
4.291,Quad,0.251049806380722,,,,,
4.291,Ball,0,,,,,
4.291,Shell,0,,,,,
4.291,LR,0,,,,,
4.292,PCA,0.707106781186548,,,,,
4.292,K's tau,0.232991612301957,,,,,
4.292,Winsor,0.500931966449208,,,,,
4.292,Quad,0.25093283501067,,,,,
4.292,Ball,0,,,,,
4.292,Shell,0,,,,,
4.292,LR,0,,,,,
4.293,PCA,0.707106781186548,,,,,
4.293,K's tau,0.232937339855579,,,,,
4.293,Winsor,0.500815280689495,,,,,
4.293,Quad,0.250815945372097,,,,,
4.293,Ball,0,,,,,
4.293,Shell,0,,,,,
4.293,LR,0,,,,,
4.294,PCA,0.707106781186548,,,,,
4.294,K's tau,0.232883092687471,,,,,
4.294,Winsor,0.500698649278062,,,,,
4.294,Quad,0.250699137388876,,,,,
4.294,Ball,0,,,,,
4.294,Shell,0,,,,,
4.294,LR,0,,,,,
4.295,PCA,0.707106781186548,,,,,
4.295,K's tau,0.232828870779977,,,,,
4.295,Winsor,0.50058207217695,,,,,
4.295,Quad,0.250582410984969,,,,,
4.295,Ball,0,,,,,
4.295,Shell,0,,,,,
4.295,LR,0,,,,,
4.296,PCA,0.707106781186548,,,,,
4.296,K's tau,0.232774674115456,,,,,
4.296,Winsor,0.500465549348231,,,,,
4.296,Quad,0.250465766084427,,,,,
4.296,Ball,0,,,,,
4.296,Shell,0,,,,,
4.296,LR,0,,,,,
4.297,PCA,0.707106781186548,,,,,
4.297,K's tau,0.232720502676286,,,,,
4.297,Winsor,0.500349080754014,,,,,
4.297,Quad,0.250349202611387,,,,,
4.297,Ball,0,,,,,
4.297,Shell,0,,,,,
4.297,LR,0,,,,,
4.298,PCA,0.707106781186548,,,,,
4.298,K's tau,0.232666356444858,,,,,
4.298,Winsor,0.500232666356445,,,,,
4.298,Quad,0.250232720490078,,,,,
4.298,Ball,0,,,,,
4.298,Shell,0,,,,,
4.298,LR,0,,,,,
4.299,PCA,0.707106781186548,,,,,
4.299,K's tau,0.232612235403582,,,,,
4.299,Winsor,0.500116306117702,,,,,
4.299,Quad,0.250116319644815,,,,,
4.299,Ball,0,,,,,
4.299,Shell,0,,,,,
4.299,LR,0,,,,,
4.3,PCA,0.707106781186548,,,,,
4.3,K's tau,0.232558139534884,,,,,
4.3,Winsor,0.5,,,,,
4.3,Quad,0.25,,,,,
4.3,Ball,0,,,,,
4.3,Shell,0,,,,,
4.3,LR,0,,,,,
4.301,PCA,0.707106781186548,,,,,
4.301,K's tau,0.232504068821204,,,,,
4.301,Winsor,0.499883747965589,,,,,
4.301,Quad,0.249883761480125,,,,,
4.301,Ball,0,,,,,
4.301,Shell,0,,,,,
4.301,LR,0,,,,,
4.302,PCA,0.707106781186548,,,,,
4.302,K's tau,0.232450023245002,,,,,
4.302,Winsor,0.499767549976755,,,,,
4.302,Quad,0.249767604009768,,,,,
4.302,Ball,0,,,,,
4.302,Shell,0,,,,,
4.302,LR,0,,,,,
4.303,PCA,0.707106781186548,,,,,
4.303,K's tau,0.232396002788752,,,,,
4.303,Winsor,0.499651405995817,,,,,
4.303,Quad,0.249651527513597,,,,,
4.303,Ball,0,,,,,
4.303,Shell,0,,,,,
4.303,LR,0,,,,,
4.304,PCA,0.707106781186548,,,,,
4.304,K's tau,0.232342007434944,,,,,
4.304,Winsor,0.49953531598513,,,,,
4.304,Quad,0.249535531916364,,,,,
4.304,Ball,0,,,,,
4.304,Shell,0,,,,,
4.304,LR,0,,,,,
4.305,PCA,0.707106781186548,,,,,
4.305,K's tau,0.232288037166086,,,,,
4.305,Winsor,0.499419279907085,,,,,
4.305,Quad,0.249419617142911,,,,,
4.305,Ball,0,,,,,
4.305,Shell,0,,,,,
4.305,LR,0,,,,,
4.306,PCA,0.707106781186548,,,,,
4.306,K's tau,0.2322340919647,,,,,
4.306,Winsor,0.499303297724106,,,,,
4.306,Quad,0.249303783118167,,,,,
4.306,Ball,0,,,,,
4.306,Shell,0,,,,,
4.306,LR,0,,,,,
4.307,PCA,0.707106781186548,,,,,
4.307,K's tau,0.232180171813327,,,,,
4.307,Winsor,0.499187369398653,,,,,
4.307,Quad,0.249188029767148,,,,,
4.307,Ball,0,,,,,
4.307,Shell,0,,,,,
4.307,LR,0,,,,,
4.308,PCA,0.707106781186548,,,,,
4.308,K's tau,0.232126276694522,,,,,
4.308,Winsor,0.499071494893222,,,,,
4.308,Quad,0.249072357014955,,,,,
4.308,Ball,0,,,,,
4.308,Shell,0,,,,,
4.308,LR,0,,,,,
4.309,PCA,0.707106781186548,,,,,
4.309,K's tau,0.232072406590856,,,,,
4.309,Winsor,0.498955674170341,,,,,
4.309,Quad,0.24895676478678,,,,,
4.309,Ball,0,,,,,
4.309,Shell,0,,,,,
4.309,LR,0,,,,,
4.31,PCA,0.707106781186548,,,,,
4.31,K's tau,0.232018561484919,,,,,
4.31,Winsor,0.498839907192575,,,,,
4.31,Quad,0.248841253007897,,,,,
4.31,Ball,0,,,,,
4.31,Shell,0,,,,,
4.31,LR,0,,,,,
4.311,PCA,0.707106781186548,,,,,
4.311,K's tau,0.231964741359313,,,,,
4.311,Winsor,0.498724193922524,,,,,
4.311,Quad,0.248725821603671,,,,,
4.311,Ball,0,,,,,
4.311,Shell,0,,,,,
4.311,LR,0,,,,,
4.312,PCA,0.707106781186548,,,,,
4.312,K's tau,0.23191094619666,,,,,
4.312,Winsor,0.49860853432282,,,,,
4.312,Quad,0.248610470499551,,,,,
4.312,Ball,0,,,,,
4.312,Shell,0,,,,,
4.312,LR,0,,,,,
4.313,PCA,0.707106781186548,,,,,
4.313,K's tau,0.231857175979597,,,,,
4.313,Winsor,0.498492928356133,,,,,
4.313,Quad,0.248495199621072,,,,,
4.313,Ball,0,,,,,
4.313,Shell,0,,,,,
4.313,LR,0,,,,,
4.314,PCA,0.707106781186548,,,,,
4.314,K's tau,0.231803430690774,,,,,
4.314,Winsor,0.498377375985165,,,,,
4.314,Quad,0.248380008893858,,,,,
4.314,Ball,0,,,,,
4.314,Shell,0,,,,,
4.314,LR,0,,,,,
4.315,PCA,0.707106781186548,,,,,
4.315,K's tau,0.231749710312862,,,,,
4.315,Winsor,0.498261877172654,,,,,
4.315,Quad,0.248264898243617,,,,,
4.315,Ball,0,,,,,
4.315,Shell,0,,,,,
4.315,LR,0,,,,,
4.316,PCA,0.707106781186548,,,,,
4.316,K's tau,0.231696014828545,,,,,
4.316,Winsor,0.498146431881372,,,,,
4.316,Quad,0.248149867596142,,,,,
4.316,Ball,0,,,,,
4.316,Shell,0,,,,,
4.316,LR,0,,,,,
4.317,PCA,0.707106781186548,,,,,
4.317,K's tau,0.231642344220524,,,,,
4.317,Winsor,0.498031040074126,,,,,
4.317,Quad,0.248034916877315,,,,,
4.317,Ball,0,,,,,
4.317,Shell,0,,,,,
4.317,LR,0,,,,,
4.318,PCA,0.707106781186548,,,,,
4.318,K's tau,0.231588698471515,,,,,
4.318,Winsor,0.497915701713756,,,,,
4.318,Quad,0.247920046013102,,,,,
4.318,Ball,0,,,,,
4.318,Shell,0,,,,,
4.318,LR,0,,,,,
4.319,PCA,0.707106781186548,,,,,
4.319,K's tau,0.231535077564251,,,,,
4.319,Winsor,0.49780041676314,,,,,
4.319,Quad,0.247805254929555,,,,,
4.319,Ball,0,,,,,
4.319,Shell,0,,,,,
4.319,LR,0,,,,,
4.32,PCA,0.707106781186548,,,,,
4.32,K's tau,0.231481481481481,,,,,
4.32,Winsor,0.497685185185185,,,,,
4.32,Quad,0.247690543552812,,,,,
4.32,Ball,0,,,,,
4.32,Shell,0,,,,,
4.32,LR,0,,,,,
4.321,PCA,0.707106781186548,,,,,
4.321,K's tau,0.231427910205971,,,,,
4.321,Winsor,0.497570006942837,,,,,
4.321,Quad,0.247575911809095,,,,,
4.321,Ball,0,,,,,
4.321,Shell,0,,,,,
4.321,LR,0,,,,,
4.322,PCA,0.707106781186548,,,,,
4.322,K's tau,0.2313743637205,,,,,
4.322,Winsor,0.497454881999074,,,,,
4.322,Quad,0.247461359624713,,,,,
4.322,Ball,0,,,,,
4.322,Shell,0,,,,,
4.322,LR,0,,,,,
4.323,PCA,0.707106781186548,,,,,
4.323,K's tau,0.231320842007865,,,,,
4.323,Winsor,0.49733981031691,,,,,
4.323,Quad,0.24734688692606,,,,,
4.323,Ball,0,,,,,
4.323,Shell,0,,,,,
4.323,LR,0,,,,,
4.324,PCA,0.707106781186548,,,,,
4.324,K's tau,0.231267345050879,,,,,
4.324,Winsor,0.49722479185939,,,,,
4.324,Quad,0.247232493639613,,,,,
4.324,Ball,0,,,,,
4.324,Shell,0,,,,,
4.324,LR,0,,,,,
4.325,PCA,0.707106781186548,,,,,
4.325,K's tau,0.23121387283237,,,,,
4.325,Winsor,0.497109826589595,,,,,
4.325,Quad,0.247118179691938,,,,,
4.325,Ball,0,,,,,
4.325,Shell,0,,,,,
4.325,LR,0,,,,,
4.326,PCA,0.707106781186548,,,,,
4.326,K's tau,0.231160425335183,,,,,
4.326,Winsor,0.496994914470643,,,,,
4.326,Quad,0.247003945009681,,,,,
4.326,Ball,0,,,,,
4.326,Shell,0,,,,,
4.326,LR,0,,,,,
4.327,PCA,0.707106781186548,,,,,
4.327,K's tau,0.231107002542177,,,,,
4.327,Winsor,0.496880055465681,,,,,
4.327,Quad,0.246889789519578,,,,,
4.327,Ball,0,,,,,
4.327,Shell,0,,,,,
4.327,LR,0,,,,,
4.328,PCA,0.707106781186548,,,,,
4.328,K's tau,0.231053604436229,,,,,
4.328,Winsor,0.496765249537893,,,,,
4.328,Quad,0.246775713148445,,,,,
4.328,Ball,0,,,,,
4.328,Shell,0,,,,,
4.328,LR,0,,,,,
4.329,PCA,0.707106781186548,,,,,
4.329,K's tau,0.231000231000231,,,,,
4.329,Winsor,0.496650496650497,,,,,
4.329,Quad,0.246661715823185,,,,,
4.329,Ball,0,,,,,
4.329,Shell,0,,,,,
4.329,LR,0,,,,,
4.33,PCA,0.707106781186548,,,,,
4.33,K's tau,0.23094688221709,,,,,
4.33,Winsor,0.496535796766744,,,,,
4.33,Quad,0.246547797470785,,,,,
4.33,Ball,0,,,,,
4.33,Shell,0,,,,,
4.33,LR,0,,,,,
4.331,PCA,0.707106781186548,,,,,
4.331,K's tau,0.23089355806973,,,,,
4.331,Winsor,0.496421149849919,,,,,
4.331,Quad,0.246433958018316,,,,,
4.331,Ball,0,,,,,
4.331,Shell,0,,,,,
4.331,LR,0,,,,,
4.332,PCA,0.707106781186548,,,,,
4.332,K's tau,0.23084025854109,,,,,
4.332,Winsor,0.496306555863343,,,,,
4.332,Quad,0.246320197392933,,,,,
4.332,Ball,0,,,,,
4.332,Shell,0,,,,,
4.332,LR,0,,,,,
4.333,PCA,0.707106781186548,,,,,
4.333,K's tau,0.230786983614124,,,,,
4.333,Winsor,0.496192014770367,,,,,
4.333,Quad,0.246206515521876,,,,,
4.333,Ball,0,,,,,
4.333,Shell,0,,,,,
4.333,LR,0,,,,,
4.334,PCA,0.707106781186548,,,,,
4.334,K's tau,0.230733733271804,,,,,
4.334,Winsor,0.496077526534379,,,,,
4.334,Quad,0.246092912332468,,,,,
4.334,Ball,0,,,,,
4.334,Shell,0,,,,,
4.334,LR,0,,,,,
4.335,PCA,0.707106781186548,,,,,
4.335,K's tau,0.230680507497117,,,,,
4.335,Winsor,0.4959630911188,,,,,
4.335,Quad,0.245979387752116,,,,,
4.335,Ball,0,,,,,
4.335,Shell,0,,,,,
4.335,LR,0,,,,,
4.336,PCA,0.707106781186548,,,,,
4.336,K's tau,0.230627306273063,,,,,
4.336,Winsor,0.495848708487085,,,,,
4.336,Quad,0.24586594170831,,,,,
4.336,Ball,0,,,,,
4.336,Shell,0,,,,,
4.336,LR,0,,,,,
4.337,PCA,0.707106781186548,,,,,
4.337,K's tau,0.230574129582661,,,,,
4.337,Winsor,0.495734378602721,,,,,
4.337,Quad,0.245752574128626,,,,,
4.337,Ball,0,,,,,
4.337,Shell,0,,,,,
4.337,LR,0,,,,,
4.338,PCA,0.707106781186548,,,,,
4.338,K's tau,0.230520977408944,,,,,
4.338,Winsor,0.49562010142923,,,,,
4.338,Quad,0.24563928494072,,,,,
4.338,Ball,0,,,,,
4.338,Shell,0,,,,,
4.338,LR,0,,,,,
4.339,PCA,0.707106781186548,,,,,
4.339,K's tau,0.230467849734962,,,,,
4.339,Winsor,0.495505876930168,,,,,
4.339,Quad,0.245526074072335,,,,,
4.339,Ball,0,,,,,
4.339,Shell,0,,,,,
4.339,LR,0,,,,,
4.34,PCA,0.707106781186548,,,,,
4.34,K's tau,0.230414746543779,,,,,
4.34,Winsor,0.495391705069125,,,,,
4.34,Quad,0.245412941451294,,,,,
4.34,Ball,0,,,,,
4.34,Shell,0,,,,,
4.34,LR,0,,,,,
4.341,PCA,0.707106781186548,,,,,
4.341,K's tau,0.230361667818475,,,,,
4.341,Winsor,0.495277585809721,,,,,
4.341,Quad,0.245299887005506,,,,,
4.341,Ball,0,,,,,
4.341,Shell,0,,,,,
4.341,LR,0,,,,,
4.342,PCA,0.707106781186548,,,,,
4.342,K's tau,0.230308613542146,,,,,
4.342,Winsor,0.495163519115615,,,,,
4.342,Quad,0.24518691066296,,,,,
4.342,Ball,0,,,,,
4.342,Shell,0,,,,,
4.342,LR,0,,,,,
4.343,PCA,0.707106781186548,,,,,
4.343,K's tau,0.230255583697905,,,,,
4.343,Winsor,0.495049504950495,,,,,
4.343,Quad,0.24507401235173,,,,,
4.343,Ball,0,,,,,
4.343,Shell,0,,,,,
4.343,LR,0,,,,,
4.344,PCA,0.707106781186548,,,,,
4.344,K's tau,0.230202578268877,,,,,
4.344,Winsor,0.494935543278085,,,,,
4.344,Quad,0.244961191999973,,,,,
4.344,Ball,0,,,,,
4.344,Shell,0,,,,,
4.344,LR,0,,,,,
4.345,PCA,0.707106781186548,,,,,
4.345,K's tau,0.230149597238205,,,,,
4.345,Winsor,0.49482163406214,,,,,
4.345,Quad,0.244848449535927,,,,,
4.345,Ball,0,,,,,
4.345,Shell,0,,,,,
4.345,LR,0,,,,,
4.346,PCA,0.707106781186548,,,,,
4.346,K's tau,0.230096640589047,,,,,
4.346,Winsor,0.494707777266452,,,,,
4.346,Quad,0.244735784887913,,,,,
4.346,Ball,0,,,,,
4.346,Shell,0,,,,,
4.346,LR,0,,,,,
4.347,PCA,0.707106781186548,,,,,
4.347,K's tau,0.230043708304578,,,,,
4.347,Winsor,0.494593972854842,,,,,
4.347,Quad,0.244623197984337,,,,,
4.347,Ball,0,,,,,
4.347,Shell,0,,,,,
4.347,LR,0,,,,,
4.348,PCA,0.707106781186548,,,,,
4.348,K's tau,0.229990800367985,,,,,
4.348,Winsor,0.494480220791168,,,,,
4.348,Quad,0.244510688753683,,,,,
4.348,Ball,0,,,,,
4.348,Shell,0,,,,,
4.348,LR,0,,,,,
4.349,PCA,0.707106781186548,,,,,
4.349,K's tau,0.229937916762474,,,,,
4.349,Winsor,0.494366521039319,,,,,
4.349,Quad,0.24439825712452,,,,,
4.349,Ball,0,,,,,
4.349,Shell,0,,,,,
4.349,LR,0,,,,,
4.35,PCA,0.707106781186548,,,,,
4.35,K's tau,0.229885057471264,,,,,
4.35,Winsor,0.494252873563218,,,,,
4.35,Quad,0.244285903025499,,,,,
4.35,Ball,0,,,,,
4.35,Shell,0,,,,,
4.35,LR,0,,,,,
4.351,PCA,0.707106781186548,,,,,
4.351,K's tau,0.229832222477591,,,,,
4.351,Winsor,0.494139278326821,,,,,
4.351,Quad,0.244173626385352,,,,,
4.351,Ball,0,,,,,
4.351,Shell,0,,,,,
4.351,LR,0,,,,,
4.352,PCA,0.707106781186548,,,,,
4.352,K's tau,0.229779411764706,,,,,
4.352,Winsor,0.494025735294118,,,,,
4.352,Quad,0.244061427132894,,,,,
4.352,Ball,0,,,,,
4.352,Shell,0,,,,,
4.352,LR,0,,,,,
4.353,PCA,0.707106781186548,,,,,
4.353,K's tau,0.229726625315874,,,,,
4.353,Winsor,0.493912244429129,,,,,
4.353,Quad,0.24394930519702,,,,,
4.353,Ball,0,,,,,
4.353,Shell,0,,,,,
4.353,LR,0,,,,,
4.354,PCA,0.707106781186548,,,,,
4.354,K's tau,0.229673863114378,,,,,
4.354,Winsor,0.493798805695912,,,,,
4.354,Quad,0.243837260506709,,,,,
4.354,Ball,0,,,,,
4.354,Shell,0,,,,,
4.354,LR,0,,,,,
4.355,PCA,0.707106781186548,,,,,
4.355,K's tau,0.229621125143513,,,,,
4.355,Winsor,0.493685419058553,,,,,
4.355,Quad,0.24372529299102,,,,,
4.355,Ball,0,,,,,
4.355,Shell,0,,,,,
4.355,LR,0,,,,,
4.356,PCA,0.707106781186548,,,,,
4.356,K's tau,0.229568411386593,,,,,
4.356,Winsor,0.493572084481175,,,,,
4.356,Quad,0.243613402579093,,,,,
4.356,Ball,0,,,,,
4.356,Shell,0,,,,,
4.356,LR,0,,,,,
4.357,PCA,0.707106781186548,,,,,
4.357,K's tau,0.229515721826945,,,,,
4.357,Winsor,0.493458801927932,,,,,
4.357,Quad,0.24350158920015,,,,,
4.357,Ball,0,,,,,
4.357,Shell,0,,,,,
4.357,LR,0,,,,,
4.358,PCA,0.707106781186548,,,,,
4.358,K's tau,0.229463056447912,,,,,
4.358,Winsor,0.493345571363011,,,,,
4.358,Quad,0.243389852783495,,,,,
4.358,Ball,0,,,,,
4.358,Shell,0,,,,,
4.358,LR,0,,,,,
4.359,PCA,0.707106781186548,,,,,
4.359,K's tau,0.229410415232852,,,,,
4.359,Winsor,0.493232392750631,,,,,
4.359,Quad,0.243278193258513,,,,,
4.359,Ball,0,,,,,
4.359,Shell,0,,,,,
4.359,LR,0,,,,,
4.36,PCA,0.707106781186548,,,,,
4.36,K's tau,0.229357798165138,,,,,
4.36,Winsor,0.493119266055046,,,,,
4.36,Quad,0.243166610554667,,,,,
4.36,Ball,0,,,,,
4.36,Shell,0,,,,,
4.36,LR,0,,,,,
4.361,PCA,0.707106781186548,,,,,
4.361,K's tau,0.229305205228159,,,,,
4.361,Winsor,0.493006191240541,,,,,
4.361,Quad,0.243055104601505,,,,,
4.361,Ball,0,,,,,
4.361,Shell,0,,,,,
4.361,LR,0,,,,,
4.362,PCA,0.707106781186548,,,,,
4.362,K's tau,0.229252636405319,,,,,
4.362,Winsor,0.492893168271435,,,,,
4.362,Quad,0.242943675328653,,,,,
4.362,Ball,0,,,,,
4.362,Shell,0,,,,,
4.362,LR,0,,,,,
4.363,PCA,0.707106781186548,,,,,
4.363,K's tau,0.229200091680037,,,,,
4.363,Winsor,0.492780197112079,,,,,
4.363,Quad,0.242832322665819,,,,,
4.363,Ball,0,,,,,
4.363,Shell,0,,,,,
4.363,LR,0,,,,,
4.364,PCA,0.707106781186548,,,,,
4.364,K's tau,0.229147571035747,,,,,
4.364,Winsor,0.492667277726856,,,,,
4.364,Quad,0.242721046542791,,,,,
4.364,Ball,0,,,,,
4.364,Shell,0,,,,,
4.364,LR,0,,,,,
4.365,PCA,0.707106781186548,,,,,
4.365,K's tau,0.229095074455899,,,,,
4.365,Winsor,0.492554410080183,,,,,
4.365,Quad,0.242609846889437,,,,,
4.365,Ball,0,,,,,
4.365,Shell,0,,,,,
4.365,LR,0,,,,,
4.366,PCA,0.707106781186548,,,,,
4.366,K's tau,0.229042601923958,,,,,
4.366,Winsor,0.492441594136509,,,,,
4.366,Quad,0.242498723635707,,,,,
4.366,Ball,0,,,,,
4.366,Shell,0,,,,,
4.366,LR,0,,,,,
4.367,PCA,0.707106781186548,,,,,
4.367,K's tau,0.228990153423403,,,,,
4.367,Winsor,0.492328829860316,,,,,
4.367,Quad,0.242387676711628,,,,,
4.367,Ball,0,,,,,
4.367,Shell,0,,,,,
4.367,LR,0,,,,,
4.368,PCA,0.707106781186548,,,,,
4.368,K's tau,0.228937728937729,,,,,
4.368,Winsor,0.492216117216117,,,,,
4.368,Quad,0.24227670604731,,,,,
4.368,Ball,0,,,,,
4.368,Shell,0,,,,,
4.368,LR,0,,,,,
4.369,PCA,0.707106781186548,,,,,
4.369,K's tau,0.228885328450446,,,,,
4.369,Winsor,0.49210345616846,,,,,
4.369,Quad,0.242165811572943,,,,,
4.369,Ball,0,,,,,
4.369,Shell,0,,,,,
4.369,LR,0,,,,,
4.37,PCA,0.707106781186548,,,,,
4.37,K's tau,0.22883295194508,,,,,
4.37,Winsor,0.491990846681922,,,,,
4.37,Quad,0.242054993218795,,,,,
4.37,Ball,0,,,,,
4.37,Shell,0,,,,,
4.37,LR,0,,,,,
4.371,PCA,0.707106781186548,,,,,
4.371,K's tau,0.22878059940517,,,,,
4.371,Winsor,0.491878288721117,,,,,
4.371,Quad,0.241944250915214,,,,,
4.371,Ball,0,,,,,
4.371,Shell,0,,,,,
4.371,LR,0,,,,,
4.372,PCA,0.707106781186548,,,,,
4.372,K's tau,0.228728270814273,,,,,
4.372,Winsor,0.491765782250686,,,,,
4.372,Quad,0.241833584592629,,,,,
4.372,Ball,0,,,,,
4.372,Shell,0,,,,,
4.372,LR,0,,,,,
4.373,PCA,0.707106781186548,,,,,
4.373,K's tau,0.228675966155957,,,,,
4.373,Winsor,0.491653327235308,,,,,
4.373,Quad,0.241722994181548,,,,,
4.373,Ball,0,,,,,
4.373,Shell,0,,,,,
4.373,LR,0,,,,,
4.374,PCA,0.707106781186548,,,,,
4.374,K's tau,0.228623685413809,,,,,
4.374,Winsor,0.491540923639689,,,,,
4.374,Quad,0.241612479612559,,,,,
4.374,Ball,0,,,,,
4.374,Shell,0,,,,,
4.374,LR,0,,,,,
4.375,PCA,0.707106781186548,,,,,
4.375,K's tau,0.228571428571429,,,,,
4.375,Winsor,0.491428571428571,,,,,
4.375,Quad,0.241502040816327,,,,,
4.375,Ball,0,,,,,
4.375,Shell,0,,,,,
4.375,LR,0,,,,,
4.376,PCA,0.707106781186548,,,,,
4.376,K's tau,0.228519195612431,,,,,
4.376,Winsor,0.491316270566728,,,,,
4.376,Quad,0.241391677723598,,,,,
4.376,Ball,0,,,,,
4.376,Shell,0,,,,,
4.376,LR,0,,,,,
4.377,PCA,0.707106781186548,,,,,
4.377,K's tau,0.228466986520448,,,,,
4.377,Winsor,0.491204021018963,,,,,
4.377,Quad,0.241281390265198,,,,,
4.377,Ball,0,,,,,
4.377,Shell,0,,,,,
4.377,LR,0,,,,,
4.378,PCA,0.707106781186548,,,,,
4.378,K's tau,0.228414801279123,,,,,
4.378,Winsor,0.491091822750114,,,,,
4.378,Quad,0.24117117837203,,,,,
4.378,Ball,0,,,,,
4.378,Shell,0,,,,,
4.378,LR,0,,,,,
4.379,PCA,0.707106781186548,,,,,
4.379,K's tau,0.228362639872117,,,,,
4.379,Winsor,0.490979675725051,,,,,
4.379,Quad,0.241061041975077,,,,,
4.379,Ball,0,,,,,
4.379,Shell,0,,,,,
4.379,LR,0,,,,,
4.38,PCA,0.707106781186548,,,,,
4.38,K's tau,0.228310502283105,,,,,
4.38,Winsor,0.490867579908676,,,,,
4.38,Quad,0.2409509810054,,,,,
4.38,Ball,0,,,,,
4.38,Shell,0,,,,,
4.38,LR,0,,,,,
4.381,PCA,0.707106781186548,,,,,
4.381,K's tau,0.228258388495777,,,,,
4.381,Winsor,0.490755535265921,,,,,
4.381,Quad,0.240840995394141,,,,,
4.381,Ball,0,,,,,
4.381,Shell,0,,,,,
4.381,LR,0,,,,,
4.382,PCA,0.707106781186548,,,,,
4.382,K's tau,0.228206298493838,,,,,
4.382,Winsor,0.490643541761753,,,,,
4.382,Quad,0.240731085072517,,,,,
4.382,Ball,0,,,,,
4.382,Shell,0,,,,,
4.382,LR,0,,,,,
4.383,PCA,0.707106781186548,,,,,
4.383,K's tau,0.228154232261008,,,,,
4.383,Winsor,0.490531599361168,,,,,
4.383,Quad,0.240621249971826,,,,,
4.383,Ball,0,,,,,
4.383,Shell,0,,,,,
4.383,LR,0,,,,,
4.384,PCA,0.707106781186548,,,,,
4.384,K's tau,0.228102189781022,,,,,
4.384,Winsor,0.490419708029197,,,,,
4.384,Quad,0.240511490023443,,,,,
4.384,Ball,0,,,,,
4.384,Shell,0,,,,,
4.384,LR,0,,,,,
4.385,PCA,0.707106781186548,,,,,
4.385,K's tau,0.228050171037628,,,,,
4.385,Winsor,0.490307867730901,,,,,
4.385,Quad,0.240401805158823,,,,,
4.385,Ball,0,,,,,
4.385,Shell,0,,,,,
4.385,LR,0,,,,,
4.386,PCA,0.707106781186548,,,,,
4.386,K's tau,0.227998176014592,,,,,
4.386,Winsor,0.490196078431373,,,,,
4.386,Quad,0.240292195309496,,,,,
4.386,Ball,0,,,,,
4.386,Shell,0,,,,,
4.386,LR,0,,,,,
4.387,PCA,0.707106781186548,,,,,
4.387,K's tau,0.227946204695692,,,,,
4.387,Winsor,0.490084340095737,,,,,
4.387,Quad,0.240182660407074,,,,,
4.387,Ball,0,,,,,
4.387,Shell,0,,,,,
4.387,LR,0,,,,,
4.388,PCA,0.707106781186548,,,,,
4.388,K's tau,0.227894257064722,,,,,
4.388,Winsor,0.489972652689152,,,,,
4.388,Quad,0.240073200383245,,,,,
4.388,Ball,0,,,,,
4.388,Shell,0,,,,,
4.388,LR,0,,,,,
4.389,PCA,0.707106781186548,,,,,
4.389,K's tau,0.227842333105491,,,,,
4.389,Winsor,0.489861016176806,,,,,
4.389,Quad,0.239963815169773,,,,,
4.389,Ball,0,,,,,
4.389,Shell,0,,,,,
4.389,LR,0,,,,,
4.39,PCA,0.707106781186548,,,,,
4.39,K's tau,0.227790432801822,,,,,
4.39,Winsor,0.489749430523918,,,,,
4.39,Quad,0.239854504698502,,,,,
4.39,Ball,0,,,,,
4.39,Shell,0,,,,,
4.39,LR,0,,,,,
4.391,PCA,0.707106781186548,,,,,
4.391,K's tau,0.227738556137554,,,,,
4.391,Winsor,0.489637895695741,,,,,
4.391,Quad,0.239745268901354,,,,,
4.391,Ball,0,,,,,
4.391,Shell,0,,,,,
4.391,LR,0,,,,,
4.392,PCA,0.707106781186548,,,,,
4.392,K's tau,0.227686703096539,,,,,
4.392,Winsor,0.489526411657559,,,,,
4.392,Quad,0.239636107710326,,,,,
4.392,Ball,0,,,,,
4.392,Shell,0,,,,,
4.392,LR,0,,,,,
4.393,PCA,0.707106781186548,,,,,
4.393,K's tau,0.227634873662645,,,,,
4.393,Winsor,0.489414978374687,,,,,
4.393,Quad,0.239527021057495,,,,,
4.393,Ball,0,,,,,
4.393,Shell,0,,,,,
4.393,LR,0,,,,,
4.394,PCA,0.707106781186548,,,,,
4.394,K's tau,0.227583067819754,,,,,
4.394,Winsor,0.489303595812472,,,,,
4.394,Quad,0.239418008875015,,,,,
4.394,Ball,0,,,,,
4.394,Shell,0,,,,,
4.394,LR,0,,,,,
4.395,PCA,0.707106781186548,,,,,
4.395,K's tau,0.227531285551763,,,,,
4.395,Winsor,0.489192263936291,,,,,
4.395,Quad,0.239309071095114,,,,,
4.395,Ball,0,,,,,
4.395,Shell,0,,,,,
4.395,LR,0,,,,,
4.396,PCA,0.707106781186548,,,,,
4.396,K's tau,0.227479526842584,,,,,
4.396,Winsor,0.489080982711556,,,,,
4.396,Quad,0.239200207650101,,,,,
4.396,Ball,0,,,,,
4.396,Shell,0,,,,,
4.396,LR,0,,,,,
4.397,PCA,0.707106781186548,,,,,
4.397,K's tau,0.227427791676143,,,,,
4.397,Winsor,0.488969752103707,,,,,
4.397,Quad,0.239091418472361,,,,,
4.397,Ball,0,,,,,
4.397,Shell,0,,,,,
4.397,LR,0,,,,,
4.398,PCA,0.707106781186548,,,,,
4.398,K's tau,0.22737608003638,,,,,
4.398,Winsor,0.488858572078217,,,,,
4.398,Quad,0.238982703494354,,,,,
4.398,Ball,0,,,,,
4.398,Shell,0,,,,,
4.398,LR,0,,,,,
4.399,PCA,0.707106781186548,,,,,
4.399,K's tau,0.227324391907252,,,,,
4.399,Winsor,0.488747442600591,,,,,
4.399,Quad,0.238874062648618,,,,,
4.399,Ball,0,,,,,
4.399,Shell,0,,,,,
4.399,LR,0,,,,,
4.4,PCA,0.707106781186548,,,,,
4.4,K's tau,0.227272727272727,,,,,
4.4,Winsor,0.488636363636364,,,,,
4.4,Quad,0.238765495867769,,,,,
4.4,Ball,0,,,,,
4.4,Shell,0,,,,,
4.4,LR,0,,,,,
4.401,PCA,0.707106781186548,,,,,
4.401,K's tau,0.227221086116792,,,,,
4.401,Winsor,0.488525335151102,,,,,
4.401,Quad,0.238657003084497,,,,,
4.401,Ball,0,,,,,
4.401,Shell,0,,,,,
4.401,LR,0,,,,,
4.402,PCA,0.707106781186548,,,,,
4.402,K's tau,0.227169468423444,,,,,
4.402,Winsor,0.488414357110404,,,,,
4.402,Quad,0.23854858423157,,,,,
4.402,Ball,0,,,,,
4.402,Shell,0,,,,,
4.402,LR,0,,,,,
4.403,PCA,0.707106781186548,,,,,
4.403,K's tau,0.227117874176698,,,,,
4.403,Winsor,0.4883034294799,,,,,
4.403,Quad,0.238440239241832,,,,,
4.403,Ball,0,,,,,
4.403,Shell,0,,,,,
4.403,LR,0,,,,,
4.404,PCA,0.707106781186548,,,,,
4.404,K's tau,0.227066303360581,,,,,
4.404,Winsor,0.48819255222525,,,,,
4.404,Quad,0.238331968048203,,,,,
4.404,Ball,0,,,,,
4.404,Shell,0,,,,,
4.404,LR,0,,,,,
4.405,PCA,0.707106781186548,,,,,
4.405,K's tau,0.227014755959137,,,,,
4.405,Winsor,0.488081725312145,,,,,
4.405,Quad,0.23822377058368,,,,,
4.405,Ball,0,,,,,
4.405,Shell,0,,,,,
4.405,LR,0,,,,,
4.406,PCA,0.707106781186548,,,,,
4.406,K's tau,0.226963231956423,,,,,
4.406,Winsor,0.48797094870631,,,,,
4.406,Quad,0.238115646781336,,,,,
4.406,Ball,0,,,,,
4.406,Shell,0,,,,,
4.406,LR,0,,,,,
4.407,PCA,0.707106781186548,,,,,
4.407,K's tau,0.22691173133651,,,,,
4.407,Winsor,0.487860222373497,,,,,
4.407,Quad,0.238007596574318,,,,,
4.407,Ball,0,,,,,
4.407,Shell,0,,,,,
4.407,LR,0,,,,,
4.408,PCA,0.707106781186548,,,,,
4.408,K's tau,0.226860254083485,,,,,
4.408,Winsor,0.487749546279492,,,,,
4.408,Quad,0.23789961989585,,,,,
4.408,Ball,0,,,,,
4.408,Shell,0,,,,,
4.408,LR,0,,,,,
4.409,PCA,0.707106781186548,,,,,
4.409,K's tau,0.226808800181447,,,,,
4.409,Winsor,0.487638920390111,,,,,
4.409,Quad,0.237791716679233,,,,,
4.409,Ball,0,,,,,
4.409,Shell,0,,,,,
4.409,LR,0,,,,,
4.41,PCA,0.707106781186548,,,,,
4.41,K's tau,0.226757369614512,,,,,
4.41,Winsor,0.487528344671202,,,,,
4.41,Quad,0.237683886857842,,,,,
4.41,Ball,0,,,,,
4.41,Shell,0,,,,,
4.41,LR,0,,,,,
4.411,PCA,0.707106781186548,,,,,
4.411,K's tau,0.22670596236681,,,,,
4.411,Winsor,0.487417819088642,,,,,
4.411,Quad,0.237576130365128,,,,,
4.411,Ball,0,,,,,
4.411,Shell,0,,,,,
4.411,LR,0,,,,,
4.412,PCA,0.707106781186548,,,,,
4.412,K's tau,0.226654578422484,,,,,
4.412,Winsor,0.487307343608341,,,,,
4.412,Quad,0.237468447134618,,,,,
4.412,Ball,0,,,,,
4.412,Shell,0,,,,,
4.412,LR,0,,,,,
4.413,PCA,0.707106781186548,,,,,
4.413,K's tau,0.226603217765692,,,,,
4.413,Winsor,0.487196918196238,,,,,
4.413,Quad,0.237360837099912,,,,,
4.413,Ball,0,,,,,
4.413,Shell,0,,,,,
4.413,LR,0,,,,,
4.414,PCA,0.707106781186548,,,,,
4.414,K's tau,0.226551880380607,,,,,
4.414,Winsor,0.487086542818305,,,,,
4.414,Quad,0.237253300194689,,,,,
4.414,Ball,0,,,,,
4.414,Shell,0,,,,,
4.414,LR,0,,,,,
4.415,PCA,0.707106781186548,,,,,
4.415,K's tau,0.226500566251416,,,,,
4.415,Winsor,0.486976217440544,,,,,
4.415,Quad,0.2371458363527,,,,,
4.415,Ball,0,,,,,
4.415,Shell,0,,,,,
4.415,LR,0,,,,,
4.416,PCA,0.707106781186548,,,,,
4.416,K's tau,0.226449275362319,,,,,
4.416,Winsor,0.486865942028986,,,,,
4.416,Quad,0.237038445507772,,,,,
4.416,Ball,0,,,,,
4.416,Shell,0,,,,,
4.416,LR,0,,,,,
4.417,PCA,0.707106781186548,,,,,
4.417,K's tau,0.226398007697532,,,,,
4.417,Winsor,0.486755716549694,,,,,
4.417,Quad,0.236931127593806,,,,,
4.417,Ball,0,,,,,
4.417,Shell,0,,,,,
4.417,LR,0,,,,,
4.418,PCA,0.707106781186548,,,,,
4.418,K's tau,0.226346763241286,,,,,
4.418,Winsor,0.486645540968764,,,,,
4.418,Quad,0.236823882544781,,,,,
4.418,Ball,0,,,,,
4.418,Shell,0,,,,,
4.418,LR,0,,,,,
4.419,PCA,0.707106781186548,,,,,
4.419,K's tau,0.226295541977823,,,,,
4.419,Winsor,0.48653541525232,,,,,
4.419,Quad,0.236716710294747,,,,,
4.419,Ball,0,,,,,
4.419,Shell,0,,,,,
4.419,LR,0,,,,,
4.42,PCA,0.707106781186548,,,,,
4.42,K's tau,0.226244343891403,,,,,
4.42,Winsor,0.486425339366516,,,,,
4.42,Quad,0.23660961077783,,,,,
4.42,Ball,0,,,,,
4.42,Shell,0,,,,,
4.42,LR,0,,,,,
4.421,PCA,0.707106781186548,,,,,
4.421,K's tau,0.226193168966297,,,,,
4.421,Winsor,0.486315313277539,,,,,
4.421,Quad,0.236502583928231,,,,,
4.421,Ball,0,,,,,
4.421,Shell,0,,,,,
4.421,LR,0,,,,,
4.422,PCA,0.707106781186548,,,,,
4.422,K's tau,0.226142017186793,,,,,
4.422,Winsor,0.486205336951606,,,,,
4.422,Quad,0.236395629680224,,,,,
4.422,Ball,0,,,,,
4.422,Shell,0,,,,,
4.422,LR,0,,,,,
4.423,PCA,0.707106781186548,,,,,
4.423,K's tau,0.226090888537192,,,,,
4.423,Winsor,0.486095410354963,,,,,
4.423,Quad,0.23628874796816,,,,,
4.423,Ball,0,,,,,
4.423,Shell,0,,,,,
4.423,LR,0,,,,,
4.424,PCA,0.707106781186548,,,,,
4.424,K's tau,0.226039783001808,,,,,
4.424,Winsor,0.485985533453888,,,,,
4.424,Quad,0.23618193872646,,,,,
4.424,Ball,0,,,,,
4.424,Shell,0,,,,,
4.424,LR,0,,,,,
4.425,PCA,0.707106781186548,,,,,
4.425,K's tau,0.225988700564972,,,,,
4.425,Winsor,0.485875706214689,,,,,
4.425,Quad,0.236075201889623,,,,,
4.425,Ball,0,,,,,
4.425,Shell,0,,,,,
4.425,LR,0,,,,,
4.426,PCA,0.707106781186548,,,,,
4.426,K's tau,0.225937641211026,,,,,
4.426,Winsor,0.485765928603705,,,,,
4.426,Quad,0.23596853739222,,,,,
4.426,Ball,0,,,,,
4.426,Shell,0,,,,,
4.426,LR,0,,,,,
4.427,PCA,0.707106781186548,,,,,
4.427,K's tau,0.225886604924328,,,,,
4.427,Winsor,0.485656200587305,,,,,
4.427,Quad,0.235861945168897,,,,,
4.427,Ball,0,,,,,
4.427,Shell,0,,,,,
4.427,LR,0,,,,,
4.428,PCA,0.707106781186548,,,,,
4.428,K's tau,0.22583559168925,,,,,
4.428,Winsor,0.485546522131888,,,,,
4.428,Quad,0.235755425154372,,,,,
4.428,Ball,0,,,,,
4.428,Shell,0,,,,,
4.428,LR,0,,,,,
4.429,PCA,0.707106781186548,,,,,
4.429,K's tau,0.225784601490178,,,,,
4.429,Winsor,0.485436893203884,,,,,
4.429,Quad,0.235648977283439,,,,,
4.429,Ball,0,,,,,
4.429,Shell,0,,,,,
4.429,LR,0,,,,,
4.43,PCA,0.707106781186548,,,,,
4.43,K's tau,0.225733634311512,,,,,
4.43,Winsor,0.485327313769752,,,,,
4.43,Quad,0.235542601490963,,,,,
4.43,Ball,0,,,,,
4.43,Shell,0,,,,,
4.43,LR,0,,,,,
4.431,PCA,0.707106781186548,,,,,
4.431,K's tau,0.225682690137666,,,,,
4.431,Winsor,0.485217783795983,,,,,
4.431,Quad,0.235436297711885,,,,,
4.431,Ball,0,,,,,
4.431,Shell,0,,,,,
4.431,LR,0,,,,,
4.432,PCA,0.707106781186548,,,,,
4.432,K's tau,0.225631768953069,,,,,
4.432,Winsor,0.485108303249097,,,,,
4.432,Quad,0.235330065881218,,,,,
4.432,Ball,0,,,,,
4.432,Shell,0,,,,,
4.432,LR,0,,,,,
4.433,PCA,0.707106781186548,,,,,
4.433,K's tau,0.225580870742161,,,,,
4.433,Winsor,0.484998872095646,,,,,
4.433,Quad,0.235223905934049,,,,,
4.433,Ball,0,,,,,
4.433,Shell,0,,,,,
4.433,LR,0,,,,,
4.434,PCA,0.707106781186548,,,,,
4.434,K's tau,0.2255299954894,,,,,
4.434,Winsor,0.48488949030221,,,,,
4.434,Quad,0.235117817805537,,,,,
4.434,Ball,0,,,,,
4.434,Shell,0,,,,,
4.434,LR,0,,,,,
4.435,PCA,0.707106781186548,,,,,
4.435,K's tau,0.225479143179256,,,,,
4.435,Winsor,0.4847801578354,,,,,
4.435,Quad,0.235011801430916,,,,,
4.435,Ball,0,,,,,
4.435,Shell,0,,,,,
4.435,LR,0,,,,,
4.436,PCA,0.707106781186548,,,,,
4.436,K's tau,0.225428313796213,,,,,
4.436,Winsor,0.484670874661858,,,,,
4.436,Quad,0.23490585674549,,,,,
4.436,Ball,0,,,,,
4.436,Shell,0,,,,,
4.436,LR,0,,,,,
4.437,PCA,0.707106781186548,,,,,
4.437,K's tau,0.225377507324769,,,,,
4.437,Winsor,0.484561640748253,,,,,
4.437,Quad,0.234799983684639,,,,,
4.437,Ball,0,,,,,
4.437,Shell,0,,,,,
4.437,LR,0,,,,,
4.438,PCA,0.707106781186548,,,,,
4.438,K's tau,0.225326723749437,,,,,
4.438,Winsor,0.484452456061289,,,,,
4.438,Quad,0.234694182183815,,,,,
4.438,Ball,0,,,,,
4.438,Shell,0,,,,,
4.438,LR,0,,,,,
4.439,PCA,0.707106781186548,,,,,
4.439,K's tau,0.225275963054742,,,,,
4.439,Winsor,0.484343320567695,,,,,
4.439,Quad,0.234588452178541,,,,,
4.439,Ball,0,,,,,
4.439,Shell,0,,,,,
4.439,LR,0,,,,,
4.44,PCA,0.707106781186548,,,,,
4.44,K's tau,0.225225225225225,,,,,
4.44,Winsor,0.484234234234234,,,,,
4.44,Quad,0.234482793604415,,,,,
4.44,Ball,0,,,,,
4.44,Shell,0,,,,,
4.44,LR,0,,,,,
4.441,PCA,0.707106781186548,,,,,
4.441,K's tau,0.22517451024544,,,,,
4.441,Winsor,0.484125197027696,,,,,
4.441,Quad,0.234377206397106,,,,,
4.441,Ball,0,,,,,
4.441,Shell,0,,,,,
4.441,LR,0,,,,,
4.442,PCA,0.707106781186548,,,,,
4.442,K's tau,0.225123818099955,,,,,
4.442,Winsor,0.484016208914903,,,,,
4.442,Quad,0.234271690492355,,,,,
4.442,Ball,0,,,,,
4.442,Shell,0,,,,,
4.442,LR,0,,,,,
4.443,PCA,0.707106781186548,,,,,
4.443,K's tau,0.225073148773351,,,,,
4.443,Winsor,0.483907269862705,,,,,
4.443,Quad,0.234166245825977,,,,,
4.443,Ball,0,,,,,
4.443,Shell,0,,,,,
4.443,LR,0,,,,,
4.444,PCA,0.707106781186548,,,,,
4.444,K's tau,0.225022502250225,,,,,
4.444,Winsor,0.483798379837984,,,,,
4.444,Quad,0.234060872333858,,,,,
4.444,Ball,0,,,,,
4.444,Shell,0,,,,,
4.444,LR,0,,,,,
4.445,PCA,0.707106781186548,,,,,
4.445,K's tau,0.224971878515186,,,,,
4.445,Winsor,0.483689538807649,,,,,
4.445,Quad,0.233955569951956,,,,,
4.445,Ball,0,,,,,
4.445,Shell,0,,,,,
4.445,LR,0,,,,,
4.446,PCA,0.707106781186548,,,,,
4.446,K's tau,0.224921277552857,,,,,
4.446,Winsor,0.483580746738642,,,,,
4.446,Quad,0.233850338616302,,,,,
4.446,Ball,0,,,,,
4.446,Shell,0,,,,,
4.446,LR,0,,,,,
4.447,PCA,0.707106781186548,,,,,
4.447,K's tau,0.224870699347875,,,,,
4.447,Winsor,0.483472003597931,,,,,
4.447,Quad,0.233745178262998,,,,,
4.447,Ball,0,,,,,
4.447,Shell,0,,,,,
4.447,LR,0,,,,,
4.448,PCA,0.707106781186548,,,,,
4.448,K's tau,0.224820143884892,,,,,
4.448,Winsor,0.483363309352518,,,,,
4.448,Quad,0.233640088828218,,,,,
4.448,Ball,0,,,,,
4.448,Shell,0,,,,,
4.448,LR,0,,,,,
4.449,PCA,0.707106781186548,,,,,
4.449,K's tau,0.224769611148573,,,,,
4.449,Winsor,0.483254663969431,,,,,
4.449,Quad,0.233535070248208,,,,,
4.449,Ball,0,,,,,
4.449,Shell,0,,,,,
4.449,LR,0,,,,,
4.45,PCA,0.707106781186548,,,,,
4.45,K's tau,0.224719101123596,,,,,
4.45,Winsor,0.48314606741573,,,,,
4.45,Quad,0.233430122459285,,,,,
4.45,Ball,0,,,,,
4.45,Shell,0,,,,,
4.45,LR,0,,,,,
4.451,PCA,0.707106781186548,,,,,
4.451,K's tau,0.224668613794653,,,,,
4.451,Winsor,0.483037519658504,,,,,
4.451,Quad,0.233325245397839,,,,,
4.451,Ball,0,,,,,
4.451,Shell,0,,,,,
4.451,LR,0,,,,,
4.452,PCA,0.707106781186548,,,,,
4.452,K's tau,0.224618149146451,,,,,
4.452,Winsor,0.48292902066487,,,,,
4.452,Quad,0.23322043900033,,,,,
4.452,Ball,0,,,,,
4.452,Shell,0,,,,,
4.452,LR,0,,,,,
4.453,PCA,0.707106781186548,,,,,
4.453,K's tau,0.22456770716371,,,,,
4.453,Winsor,0.482820570401976,,,,,
4.453,Quad,0.23311570320329,,,,,
4.453,Ball,0,,,,,
4.453,Shell,0,,,,,
4.453,LR,0,,,,,
4.454,PCA,0.707106781186548,,,,,
4.454,K's tau,0.224517287831163,,,,,
4.454,Winsor,0.482712168837001,,,,,
4.454,Quad,0.233011037943321,,,,,
4.454,Ball,0,,,,,
4.454,Shell,0,,,,,
4.454,LR,0,,,,,
4.455,PCA,0.707106781186548,,,,,
4.455,K's tau,0.224466891133558,,,,,
4.455,Winsor,0.482603815937149,,,,,
4.455,Quad,0.232906443157098,,,,,
4.455,Ball,0,,,,,
4.455,Shell,0,,,,,
4.455,LR,0,,,,,
4.456,PCA,0.707106781186548,,,,,
4.456,K's tau,0.224416517055655,,,,,
4.456,Winsor,0.482495511669659,,,,,
4.456,Quad,0.232801918781366,,,,,
4.456,Ball,0,,,,,
4.456,Shell,0,,,,,
4.456,LR,0,,,,,
4.457,PCA,0.707106781186548,,,,,
4.457,K's tau,0.22436616558223,,,,,
4.457,Winsor,0.482387256001795,,,,,
4.457,Quad,0.232697464752941,,,,,
4.457,Ball,0,,,,,
4.457,Shell,0,,,,,
4.457,LR,0,,,,,
4.458,PCA,0.707106781186548,,,,,
4.458,K's tau,0.224315836698071,,,,,
4.458,Winsor,0.482279048900852,,,,,
4.458,Quad,0.232593081008711,,,,,
4.458,Ball,0,,,,,
4.458,Shell,0,,,,,
4.458,LR,0,,,,,
4.459,PCA,0.707106781186548,,,,,
4.459,K's tau,0.224265530387979,,,,,
4.459,Winsor,0.482170890334156,,,,,
4.459,Quad,0.232488767485632,,,,,
4.459,Ball,0,,,,,
4.459,Shell,0,,,,,
4.459,LR,0,,,,,
4.46,PCA,0.707106781186548,,,,,
4.46,K's tau,0.224215246636771,,,,,
4.46,Winsor,0.482062780269058,,,,,
4.46,Quad,0.232384524120734,,,,,
4.46,Ball,0,,,,,
4.46,Shell,0,,,,,
4.46,LR,0,,,,,
4.461,PCA,0.707106781186548,,,,,
4.461,K's tau,0.224164985429276,,,,,
4.461,Winsor,0.481954718672943,,,,,
4.461,Quad,0.232280350851116,,,,,
4.461,Ball,0,,,,,
4.461,Shell,0,,,,,
4.461,LR,0,,,,,
4.462,PCA,0.707106781186548,,,,,
4.462,K's tau,0.224114746750336,,,,,
4.462,Winsor,0.481846705513223,,,,,
4.462,Quad,0.232176247613946,,,,,
4.462,Ball,0,,,,,
4.462,Shell,0,,,,,
4.462,LR,0,,,,,
4.463,PCA,0.707106781186548,,,,,
4.463,K's tau,0.224064530584808,,,,,
4.463,Winsor,0.481738740757338,,,,,
4.463,Quad,0.232072214346466,,,,,
4.463,Ball,0,,,,,
4.463,Shell,0,,,,,
4.463,LR,0,,,,,
4.464,PCA,0.707106781186548,,,,,
4.464,K's tau,0.224014336917563,,,,,
4.464,Winsor,0.48163082437276,,,,,
4.464,Quad,0.231968250985984,,,,,
4.464,Ball,0,,,,,
4.464,Shell,0,,,,,
4.464,LR,0,,,,,
4.465,PCA,0.707106781186548,,,,,
4.465,K's tau,0.223964165733483,,,,,
4.465,Winsor,0.481522956326988,,,,,
4.465,Quad,0.231864357469882,,,,,
4.465,Ball,0,,,,,
4.465,Shell,0,,,,,
4.465,LR,0,,,,,
4.466,PCA,0.707106781186548,,,,,
4.466,K's tau,0.223914017017465,,,,,
4.466,Winsor,0.48141513658755,,,,,
4.466,Quad,0.23176053373561,,,,,
4.466,Ball,0,,,,,
4.466,Shell,0,,,,,
4.466,LR,0,,,,,
4.467,PCA,0.707106781186548,,,,,
4.467,K's tau,0.223863890754421,,,,,
4.467,Winsor,0.481307365122006,,,,,
4.467,Quad,0.231656779720688,,,,,
4.467,Ball,0,,,,,
4.467,Shell,0,,,,,
4.467,LR,0,,,,,
4.468,PCA,0.707106781186548,,,,,
4.468,K's tau,0.223813786929275,,,,,
4.468,Winsor,0.481199641897941,,,,,
4.468,Quad,0.231553095362707,,,,,
4.468,Ball,0,,,,,
4.468,Shell,0,,,,,
4.468,LR,0,,,,,
4.469,PCA,0.707106781186548,,,,,
4.469,K's tau,0.223763705526964,,,,,
4.469,Winsor,0.481091966882972,,,,,
4.469,Quad,0.231449480599326,,,,,
4.469,Ball,0,,,,,
4.469,Shell,0,,,,,
4.469,LR,0,,,,,
4.47,PCA,0.707106781186548,,,,,
4.47,K's tau,0.223713646532438,,,,,
4.47,Winsor,0.480984340044743,,,,,
4.47,Quad,0.231345935368277,,,,,
4.47,Ball,0,,,,,
4.47,Shell,0,,,,,
4.47,LR,0,,,,,
4.471,PCA,0.707106781186548,,,,,
4.471,K's tau,0.223663609930664,,,,,
4.471,Winsor,0.480876761350928,,,,,
4.471,Quad,0.231242459607358,,,,,
4.471,Ball,0,,,,,
4.471,Shell,0,,,,,
4.471,LR,0,,,,,
4.472,PCA,0.707106781186548,,,,,
4.472,K's tau,0.223613595706619,,,,,
4.472,Winsor,0.480769230769231,,,,,
4.472,Quad,0.231139053254438,,,,,
4.472,Ball,0,,,,,
4.472,Shell,0,,,,,
4.472,LR,0,,,,,
4.473,PCA,0.707106781186548,,,,,
4.473,K's tau,0.223563603845294,,,,,
4.473,Winsor,0.480661748267382,,,,,
4.473,Quad,0.231035716247456,,,,,
4.473,Ball,0,,,,,
4.473,Shell,0,,,,,
4.473,LR,0,,,,,
4.474,PCA,0.707106781186548,,,,,
4.474,K's tau,0.223513634331694,,,,,
4.474,Winsor,0.480554313813143,,,,,
4.474,Quad,0.23093244852442,,,,,
4.474,Ball,0,,,,,
4.474,Shell,0,,,,,
4.474,LR,0,,,,,
4.475,PCA,0.707106781186548,,,,,
4.475,K's tau,0.223463687150838,,,,,
4.475,Winsor,0.480446927374302,,,,,
4.475,Quad,0.230829250023408,,,,,
4.475,Ball,0,,,,,
4.475,Shell,0,,,,,
4.475,LR,0,,,,,
4.476,PCA,0.707106781186548,,,,,
4.476,K's tau,0.223413762287757,,,,,
4.476,Winsor,0.480339588918677,,,,,
4.476,Quad,0.230726120682564,,,,,
4.476,Ball,0,,,,,
4.476,Shell,0,,,,,
4.476,LR,0,,,,,
4.477,PCA,0.707106781186548,,,,,
4.477,K's tau,0.223363859727496,,,,,
4.477,Winsor,0.480232298414117,,,,,
4.477,Quad,0.230623060440105,,,,,
4.477,Ball,0,,,,,
4.477,Shell,0,,,,,
4.477,LR,0,,,,,
4.478,PCA,0.707106781186548,,,,,
4.478,K's tau,0.223313979455114,,,,,
4.478,Winsor,0.480125055828495,,,,,
4.478,Quad,0.230520069234315,,,,,
4.478,Ball,0,,,,,
4.478,Shell,0,,,,,
4.478,LR,0,,,,,
4.479,PCA,0.707106781186548,,,,,
4.479,K's tau,0.223264121455682,,,,,
4.479,Winsor,0.480017861129717,,,,,
4.479,Quad,0.230417147003548,,,,,
4.479,Ball,0,,,,,
4.479,Shell,0,,,,,
4.479,LR,0,,,,,
4.48,PCA,0.707106781186548,,,,,
4.48,K's tau,0.223214285714286,,,,,
4.48,Winsor,0.479910714285714,,,,,
4.48,Quad,0.230314293686225,,,,,
4.48,Ball,0,,,,,
4.48,Shell,0,,,,,
4.48,LR,0,,,,,
4.481,PCA,0.707106781186548,,,,,
4.481,K's tau,0.223164472216023,,,,,
4.481,Winsor,0.47980361526445,,,,,
4.481,Quad,0.230211509220836,,,,,
4.481,Ball,0,,,,,
4.481,Shell,0,,,,,
4.481,LR,0,,,,,
4.482,PCA,0.707106781186548,,,,,
4.482,K's tau,0.223114680946006,,,,,
4.482,Winsor,0.479696564033913,,,,,
4.482,Quad,0.230108793545942,,,,,
4.482,Ball,0,,,,,
4.482,Shell,0,,,,,
4.482,LR,0,,,,,
4.483,PCA,0.707106781186548,,,,,
4.483,K's tau,0.22306491188936,,,,,
4.483,Winsor,0.479589560562124,,,,,
4.483,Quad,0.230006146600171,,,,,
4.483,Ball,0,,,,,
4.483,Shell,0,,,,,
4.483,LR,0,,,,,
4.484,PCA,0.707106781186548,,,,,
4.484,K's tau,0.223015165031222,,,,,
4.484,Winsor,0.479482604817128,,,,,
4.484,Quad,0.229903568322218,,,,,
4.484,Ball,0,,,,,
4.484,Shell,0,,,,,
4.484,LR,0,,,,,
4.485,PCA,0.707106781186548,,,,,
4.485,K's tau,0.222965440356745,,,,,
4.485,Winsor,0.479375696767001,,,,,
4.485,Quad,0.229801058650848,,,,,
4.485,Ball,0,,,,,
4.485,Shell,0,,,,,
4.485,LR,0,,,,,
4.486,PCA,0.707106781186548,,,,,
4.486,K's tau,0.222915737851092,,,,,
4.486,Winsor,0.479268836379848,,,,,
4.486,Quad,0.229698617524894,,,,,
4.486,Ball,0,,,,,
4.486,Shell,0,,,,,
4.486,LR,0,,,,,
4.487,PCA,0.707106781186548,,,,,
4.487,K's tau,0.222866057499443,,,,,
4.487,Winsor,0.479162023623802,,,,,
4.487,Quad,0.229596244883257,,,,,
4.487,Ball,0,,,,,
4.487,Shell,0,,,,,
4.487,LR,0,,,,,
4.488,PCA,0.707106781186548,,,,,
4.488,K's tau,0.222816399286988,,,,,
4.488,Winsor,0.479055258467023,,,,,
4.488,Quad,0.229493940664906,,,,,
4.488,Ball,0,,,,,
4.488,Shell,0,,,,,
4.488,LR,0,,,,,
4.489,PCA,0.707106781186548,,,,,
4.489,K's tau,0.222766763198931,,,,,
4.489,Winsor,0.478948540877701,,,,,
4.489,Quad,0.229391704808879,,,,,
4.489,Ball,0,,,,,
4.489,Shell,0,,,,,
4.489,LR,0,,,,,
4.49,PCA,0.707106781186548,,,,,
4.49,K's tau,0.22271714922049,,,,,
4.49,Winsor,0.478841870824053,,,,,
4.49,Quad,0.229289537254279,,,,,
4.49,Ball,0,,,,,
4.49,Shell,0,,,,,
4.49,LR,0,,,,,
4.491,PCA,0.707106781186548,,,,,
4.491,K's tau,0.222667557336896,,,,,
4.491,Winsor,0.478735248274326,,,,,
4.491,Quad,0.229187437940281,,,,,
4.491,Ball,0,,,,,
4.491,Shell,0,,,,,
4.491,LR,0,,,,,
4.492,PCA,0.707106781186548,,,,,
4.492,K's tau,0.222617987533393,,,,,
4.492,Winsor,0.478628673196794,,,,,
4.492,Quad,0.229085406806124,,,,,
4.492,Ball,0,,,,,
4.492,Shell,0,,,,,
4.492,LR,0,,,,,
4.493,PCA,0.707106781186548,,,,,
4.493,K's tau,0.222568439795237,,,,,
4.493,Winsor,0.47852214555976,,,,,
4.493,Quad,0.228983443791116,,,,,
4.493,Ball,0,,,,,
4.493,Shell,0,,,,,
4.493,LR,0,,,,,
4.494,PCA,0.707106781186548,,,,,
4.494,K's tau,0.222518914107699,,,,,
4.494,Winsor,0.478415665331553,,,,,
4.494,Quad,0.228881548834633,,,,,
4.494,Ball,0,,,,,
4.494,Shell,0,,,,,
4.494,LR,0,,,,,
4.495,PCA,0.707106781186548,,,,,
4.495,K's tau,0.222469410456062,,,,,
4.495,Winsor,0.478309232480534,,,,,
4.495,Quad,0.228779721876117,,,,,
4.495,Ball,0,,,,,
4.495,Shell,0,,,,,
4.495,LR,0,,,,,
4.496,PCA,0.707106781186548,,,,,
4.496,K's tau,0.222419928825623,,,,,
4.496,Winsor,0.478202846975089,,,,,
4.496,Quad,0.22867796285508,,,,,
4.496,Ball,0,,,,,
4.496,Shell,0,,,,,
4.496,LR,0,,,,,
4.497,PCA,0.707106781186548,,,,,
4.497,K's tau,0.22237046920169,,,,,
4.497,Winsor,0.478096508783634,,,,,
4.497,Quad,0.228576271711099,,,,,
4.497,Ball,0,,,,,
4.497,Shell,0,,,,,
4.497,LR,0,,,,,
4.498,PCA,0.707106781186548,,,,,
4.498,K's tau,0.222321031569586,,,,,
4.498,Winsor,0.477990217874611,,,,,
4.498,Quad,0.228474648383818,,,,,
4.498,Ball,0,,,,,
4.498,Shell,0,,,,,
4.498,LR,0,,,,,
4.499,PCA,0.707106781186548,,,,,
4.499,K's tau,0.222271615914648,,,,,
4.499,Winsor,0.477883974216493,,,,,
4.499,Quad,0.228373092812949,,,,,
4.499,Ball,0,,,,,
4.499,Shell,0,,,,,
4.499,LR,0,,,,,
4.5,PCA,0.707106781186548,,,,,
4.5,K's tau,0.222222222222222,,,,,
4.5,Winsor,0.477777777777778,,,,,
4.5,Quad,0.228271604938272,,,,,
4.5,Ball,0,,,,,
4.5,Shell,0,,,,,
4.5,LR,0,,,,,
4.501,PCA,0.707106781186548,,,,,
4.501,K's tau,0.222172850477672,,,,,
4.501,Winsor,0.477671628526994,,,,,
4.501,Quad,0.228170184699631,,,,,
4.501,Ball,0,,,,,
4.501,Shell,0,,,,,
4.501,LR,0,,,,,
4.502,PCA,0.707106781186548,,,,,
4.502,K's tau,0.222123500666371,,,,,
4.502,Winsor,0.477565526432697,,,,,
4.502,Quad,0.228068832036939,,,,,
4.502,Ball,0,,,,,
4.502,Shell,0,,,,,
4.502,LR,0,,,,,
4.503,PCA,0.707106781186548,,,,,
4.503,K's tau,0.222074172773706,,,,,
4.503,Winsor,0.477459471463469,,,,,
4.503,Quad,0.227967546890175,,,,,
4.503,Ball,0,,,,,
4.503,Shell,0,,,,,
4.503,LR,0,,,,,
4.504,PCA,0.707106781186548,,,,,
4.504,K's tau,0.22202486678508,,,,,
4.504,Winsor,0.477353463587922,,,,,
4.504,Quad,0.227866329199386,,,,,
4.504,Ball,0,,,,,
4.504,Shell,0,,,,,
4.504,LR,0,,,,,
4.505,PCA,0.707106781186548,,,,,
4.505,K's tau,0.221975582685905,,,,,
4.505,Winsor,0.477247502774695,,,,,
4.505,Quad,0.227765178904682,,,,,
4.505,Ball,0,,,,,
4.505,Shell,0,,,,,
4.505,LR,0,,,,,
4.506,PCA,0.707106781186548,,,,,
4.506,K's tau,0.221926320461607,,,,,
4.506,Winsor,0.477141588992455,,,,,
4.506,Quad,0.227664095946244,,,,,
4.506,Ball,0,,,,,
4.506,Shell,0,,,,,
4.506,LR,0,,,,,
4.507,PCA,0.707106781186548,,,,,
4.507,K's tau,0.221877080097626,,,,,
4.507,Winsor,0.477035722209896,,,,,
4.507,Quad,0.227563080264317,,,,,
4.507,Ball,0,,,,,
4.507,Shell,0,,,,,
4.507,LR,0,,,,,
4.508,PCA,0.707106781186548,,,,,
4.508,K's tau,0.221827861579414,,,,,
4.508,Winsor,0.476929902395741,,,,,
4.508,Quad,0.227462131799211,,,,,
4.508,Ball,0,,,,,
4.508,Shell,0,,,,,
4.508,LR,0,,,,,
4.509,PCA,0.707106781186548,,,,,
4.509,K's tau,0.221778664892437,,,,,
4.509,Winsor,0.47682412951874,,,,,
4.509,Quad,0.227361250491304,,,,,
4.509,Ball,0,,,,,
4.509,Shell,0,,,,,
4.509,LR,0,,,,,
4.51,PCA,0.707106781186548,,,,,
4.51,K's tau,0.221729490022173,,,,,
4.51,Winsor,0.476718403547672,,,,,
4.51,Quad,0.227260436281041,,,,,
4.51,Ball,0,,,,,
4.51,Shell,0,,,,,
4.51,LR,0,,,,,
4.511,PCA,0.707106781186548,,,,,
4.511,K's tau,0.221680336954112,,,,,
4.511,Winsor,0.476612724451341,,,,,
4.511,Quad,0.22715968910893,,,,,
4.511,Ball,0,,,,,
4.511,Shell,0,,,,,
4.511,LR,0,,,,,
4.512,PCA,0.707106781186548,,,,,
4.512,K's tau,0.221631205673759,,,,,
4.512,Winsor,0.476507092198582,,,,,
4.512,Quad,0.227059008915548,,,,,
4.512,Ball,0,,,,,
4.512,Shell,0,,,,,
4.512,LR,0,,,,,
4.513,PCA,0.707106781186548,,,,,
4.513,K's tau,0.22158209616663,,,,,
4.513,Winsor,0.476401506758254,,,,,
4.513,Quad,0.226958395641535,,,,,
4.513,Ball,0,,,,,
4.513,Shell,0,,,,,
4.513,LR,0,,,,,
4.514,PCA,0.707106781186548,,,,,
4.514,K's tau,0.221533008418254,,,,,
4.514,Winsor,0.476295968099247,,,,,
4.514,Quad,0.226857849227599,,,,,
4.514,Ball,0,,,,,
4.514,Shell,0,,,,,
4.514,LR,0,,,,,
4.515,PCA,0.707106781186548,,,,,
4.515,K's tau,0.221483942414175,,,,,
4.515,Winsor,0.476190476190476,,,,,
4.515,Quad,0.226757369614512,,,,,
4.515,Ball,0,,,,,
4.515,Shell,0,,,,,
4.515,LR,0,,,,,
4.516,PCA,0.707106781186548,,,,,
4.516,K's tau,0.221434898139947,,,,,
4.516,Winsor,0.476085031000886,,,,,
4.516,Quad,0.226656956743114,,,,,
4.516,Ball,0,,,,,
4.516,Shell,0,,,,,
4.516,LR,0,,,,,
4.517,PCA,0.707106781186548,,,,,
4.517,K's tau,0.221385875581138,,,,,
4.517,Winsor,0.475979632499447,,,,,
4.517,Quad,0.226556610554308,,,,,
4.517,Ball,0,,,,,
4.517,Shell,0,,,,,
4.517,LR,0,,,,,
4.518,PCA,0.707106781186548,,,,,
4.518,K's tau,0.221336874723329,,,,,
4.518,Winsor,0.475874280655157,,,,,
4.518,Quad,0.226456330989063,,,,,
4.518,Ball,0,,,,,
4.518,Shell,0,,,,,
4.518,LR,0,,,,,
4.519,PCA,0.707106781186548,,,,,
4.519,K's tau,0.221287895552113,,,,,
4.519,Winsor,0.475768975437044,,,,,
4.519,Quad,0.226356117988414,,,,,
4.519,Ball,0,,,,,
4.519,Shell,0,,,,,
4.519,LR,0,,,,,
4.52,PCA,0.707106781186548,,,,,
4.52,K's tau,0.221238938053097,,,,,
4.52,Winsor,0.475663716814159,,,,,
4.52,Quad,0.226255971493461,,,,,
4.52,Ball,0,,,,,
4.52,Shell,0,,,,,
4.52,LR,0,,,,,
4.521,PCA,0.707106781186548,,,,,
4.521,K's tau,0.2211900022119,,,,,
4.521,Winsor,0.475558504755585,,,,,
4.521,Quad,0.226155891445368,,,,,
4.521,Ball,0,,,,,
4.521,Shell,0,,,,,
4.521,LR,0,,,,,
4.522,PCA,0.707106781186548,,,,,
4.522,K's tau,0.221141088014153,,,,,
4.522,Winsor,0.475453339230429,,,,,
4.522,Quad,0.226055877785365,,,,,
4.522,Ball,0,,,,,
4.522,Shell,0,,,,,
4.522,LR,0,,,,,
4.523,PCA,0.707106781186548,,,,,
4.523,K's tau,0.221092195445501,,,,,
4.523,Winsor,0.475348220207827,,,,,
4.523,Quad,0.225955930454749,,,,,
4.523,Ball,0,,,,,
4.523,Shell,0,,,,,
4.523,LR,0,,,,,
4.524,PCA,0.707106781186548,,,,,
4.524,K's tau,0.2210433244916,,,,,
4.524,Winsor,0.475243147656941,,,,,
4.524,Quad,0.225856049394877,,,,,
4.524,Ball,0,,,,,
4.524,Shell,0,,,,,
4.524,LR,0,,,,,
4.525,PCA,0.707106781186548,,,,,
4.525,K's tau,0.220994475138122,,,,,
4.525,Winsor,0.475138121546961,,,,,
4.525,Quad,0.225756234547175,,,,,
4.525,Ball,0,,,,,
4.525,Shell,0,,,,,
4.525,LR,0,,,,,
4.526,PCA,0.707106781186548,,,,,
4.526,K's tau,0.220945647370747,,,,,
4.526,Winsor,0.475033141847106,,,,,
4.526,Quad,0.225656485853132,,,,,
4.526,Ball,0,,,,,
4.526,Shell,0,,,,,
4.526,LR,0,,,,,
4.527,PCA,0.707106781186548,,,,,
4.527,K's tau,0.220896841175171,,,,,
4.527,Winsor,0.474928208526618,,,,,
4.527,Quad,0.225556803254303,,,,,
4.527,Ball,0,,,,,
4.527,Shell,0,,,,,
4.527,LR,0,,,,,
4.528,PCA,0.707106781186548,,,,,
4.528,K's tau,0.220848056537103,,,,,
4.528,Winsor,0.47482332155477,,,,,
4.528,Quad,0.225457186692305,,,,,
4.528,Ball,0,,,,,
4.528,Shell,0,,,,,
4.528,LR,0,,,,,
4.529,PCA,0.707106781186548,,,,,
4.529,K's tau,0.220799293442261,,,,,
4.529,Winsor,0.474718480900861,,,,,
4.529,Quad,0.225357636108821,,,,,
4.529,Ball,0,,,,,
4.529,Shell,0,,,,,
4.529,LR,0,,,,,
4.53,PCA,0.707106781186548,,,,,
4.53,K's tau,0.22075055187638,,,,,
4.53,Winsor,0.474613686534216,,,,,
4.53,Quad,0.225258151445599,,,,,
4.53,Ball,0,,,,,
4.53,Shell,0,,,,,
4.53,LR,0,,,,,
4.531,PCA,0.707106781186548,,,,,
4.531,K's tau,0.220701831825204,,,,,
4.531,Winsor,0.474508938424189,,,,,
4.531,Quad,0.225158732644451,,,,,
4.531,Ball,0,,,,,
4.531,Shell,0,,,,,
4.531,LR,0,,,,,
4.532,PCA,0.707106781186548,,,,,
4.532,K's tau,0.220653133274493,,,,,
4.532,Winsor,0.474404236540159,,,,,
4.532,Quad,0.225059379647251,,,,,
4.532,Ball,0,,,,,
4.532,Shell,0,,,,,
4.532,LR,0,,,,,
4.533,PCA,0.707106781186548,,,,,
4.533,K's tau,0.220604456210015,,,,,
4.533,Winsor,0.474299580851533,,,,,
4.533,Quad,0.22496009239594,,,,,
4.533,Ball,0,,,,,
4.533,Shell,0,,,,,
4.533,LR,0,,,,,
4.534,PCA,0.707106781186548,,,,,
4.534,K's tau,0.220555800617556,,,,,
4.534,Winsor,0.474194971327746,,,,,
4.534,Quad,0.224860870832522,,,,,
4.534,Ball,0,,,,,
4.534,Shell,0,,,,,
4.534,LR,0,,,,,
4.535,PCA,0.707106781186548,,,,,
4.535,K's tau,0.220507166482911,,,,,
4.535,Winsor,0.474090407938258,,,,,
4.535,Quad,0.224761714899064,,,,,
4.535,Ball,0,,,,,
4.535,Shell,0,,,,,
4.535,LR,0,,,,,
4.536,PCA,0.707106781186548,,,,,
4.536,K's tau,0.220458553791887,,,,,
4.536,Winsor,0.473985890652557,,,,,
4.536,Quad,0.224662624537698,,,,,
4.536,Ball,0,,,,,
4.536,Shell,0,,,,,
4.536,LR,0,,,,,
4.537,PCA,0.707106781186548,,,,,
4.537,K's tau,0.220409962530306,,,,,
4.537,Winsor,0.473881419440159,,,,,
4.537,Quad,0.22456359969062,,,,,
4.537,Ball,0,,,,,
4.537,Shell,0,,,,,
4.537,LR,0,,,,,
4.538,PCA,0.707106781186548,,,,,
4.538,K's tau,0.220361392684002,,,,,
4.538,Winsor,0.473776994270604,,,,,
4.538,Quad,0.224464640300088,,,,,
4.538,Ball,0,,,,,
4.538,Shell,0,,,,,
4.538,LR,0,,,,,
4.539,PCA,0.707106781186548,,,,,
4.539,K's tau,0.220312844238819,,,,,
4.539,Winsor,0.473672615113461,,,,,
4.539,Quad,0.224365746308425,,,,,
4.539,Ball,0,,,,,
4.539,Shell,0,,,,,
4.539,LR,0,,,,,
4.54,PCA,0.707106781186548,,,,,
4.54,K's tau,0.220264317180617,,,,,
4.54,Winsor,0.473568281938326,,,,,
4.54,Quad,0.224266917658018,,,,,
4.54,Ball,0,,,,,
4.54,Shell,0,,,,,
4.54,LR,0,,,,,
4.541,PCA,0.707106781186548,,,,,
4.541,K's tau,0.220215811495265,,,,,
4.541,Winsor,0.473463994714821,,,,,
4.541,Quad,0.224168154291316,,,,,
4.541,Ball,0,,,,,
4.541,Shell,0,,,,,
4.541,LR,0,,,,,
4.542,PCA,0.707106781186548,,,,,
4.542,K's tau,0.220167327168648,,,,,
4.542,Winsor,0.473359753412594,,,,,
4.542,Quad,0.224069456150831,,,,,
4.542,Ball,0,,,,,
4.542,Shell,0,,,,,
4.542,LR,0,,,,,
4.543,PCA,0.707106781186548,,,,,
4.543,K's tau,0.220118864186661,,,,,
4.543,Winsor,0.473255558001321,,,,,
4.543,Quad,0.223970823179141,,,,,
4.543,Ball,0,,,,,
4.543,Shell,0,,,,,
4.543,LR,0,,,,,
4.544,PCA,0.707106781186548,,,,,
4.544,K's tau,0.220070422535211,,,,,
4.544,Winsor,0.473151408450704,,,,,
4.544,Quad,0.223872255318885,,,,,
4.544,Ball,0,,,,,
4.544,Shell,0,,,,,
4.544,LR,0,,,,,
4.545,PCA,0.707106781186548,,,,,
4.545,K's tau,0.22002200220022,,,,,
4.545,Winsor,0.473047304730473,,,,,
4.545,Quad,0.223773752512765,,,,,
4.545,Ball,0,,,,,
4.545,Shell,0,,,,,
4.545,LR,0,,,,,
4.546,PCA,0.707106781186548,,,,,
4.546,K's tau,0.21997360316762,,,,,
4.546,Winsor,0.472943246810383,,,,,
4.546,Quad,0.223675314703547,,,,,
4.546,Ball,0,,,,,
4.546,Shell,0,,,,,
4.546,LR,0,,,,,
4.547,PCA,0.707106781186548,,,,,
4.547,K's tau,0.219925225423356,,,,,
4.547,Winsor,0.472839234660216,,,,,
4.547,Quad,0.223576941834058,,,,,
4.547,Ball,0,,,,,
4.547,Shell,0,,,,,
4.547,LR,0,,,,,
4.548,PCA,0.707106781186548,,,,,
4.548,K's tau,0.219876868953386,,,,,
4.548,Winsor,0.47273526824978,,,,,
4.548,Quad,0.223478633847192,,,,,
4.548,Ball,0,,,,,
4.548,Shell,0,,,,,
4.548,LR,0,,,,,
4.549,PCA,0.707106781186548,,,,,
4.549,K's tau,0.21982853374368,,,,,
4.549,Winsor,0.472631347548912,,,,,
4.549,Quad,0.2233803906859,,,,,
4.549,Ball,0,,,,,
4.549,Shell,0,,,,,
4.549,LR,0,,,,,
4.55,PCA,0.707106781186548,,,,,
4.55,K's tau,0.21978021978022,,,,,
4.55,Winsor,0.472527472527473,,,,,
4.55,Quad,0.223282212293201,,,,,
4.55,Ball,0,,,,,
4.55,Shell,0,,,,,
4.55,LR,0,,,,,
4.551,PCA,0.707106781186548,,,,,
4.551,K's tau,0.219731927049,,,,,
4.551,Winsor,0.47242364315535,,,,,
4.551,Quad,0.223184098612174,,,,,
4.551,Ball,0,,,,,
4.551,Shell,0,,,,,
4.551,LR,0,,,,,
4.552,PCA,0.707106781186548,,,,,
4.552,K's tau,0.219683655536028,,,,,
4.552,Winsor,0.472319859402461,,,,,
4.552,Quad,0.22308604958596,,,,,
4.552,Ball,0,,,,,
4.552,Shell,0,,,,,
4.552,LR,0,,,,,
4.553,PCA,0.707106781186548,,,,,
4.553,K's tau,0.219635405227323,,,,,
4.553,Winsor,0.472216121238744,,,,,
4.553,Quad,0.222988065157764,,,,,
4.553,Ball,0,,,,,
4.553,Shell,0,,,,,
4.553,LR,0,,,,,
4.554,PCA,0.707106781186548,,,,,
4.554,K's tau,0.219587176108915,,,,,
4.554,Winsor,0.472112428634168,,,,,
4.554,Quad,0.222890145270852,,,,,
4.554,Ball,0,,,,,
4.554,Shell,0,,,,,
4.554,LR,0,,,,,
4.555,PCA,0.707106781186548,,,,,
4.555,K's tau,0.21953896816685,,,,,
4.555,Winsor,0.472008781558727,,,,,
4.555,Quad,0.222792289868554,,,,,
4.555,Ball,0,,,,,
4.555,Shell,0,,,,,
4.555,LR,0,,,,,
4.556,PCA,0.707106781186548,,,,,
4.556,K's tau,0.219490781387182,,,,,
4.556,Winsor,0.471905179982441,,,,,
4.556,Quad,0.22269449889426,,,,,
4.556,Ball,0,,,,,
4.556,Shell,0,,,,,
4.556,LR,0,,,,,
4.557,PCA,0.707106781186548,,,,,
4.557,K's tau,0.21944261575598,,,,,
4.557,Winsor,0.471801623875357,,,,,
4.557,Quad,0.222596772291424,,,,,
4.557,Ball,0,,,,,
4.557,Shell,0,,,,,
4.557,LR,0,,,,,
4.558,PCA,0.707106781186548,,,,,
4.558,K's tau,0.219394471259324,,,,,
4.558,Winsor,0.471698113207547,,,,,
4.558,Quad,0.22249911000356,,,,,
4.558,Ball,0,,,,,
4.558,Shell,0,,,,,
4.558,LR,0,,,,,
4.559,PCA,0.707106781186548,,,,,
4.559,K's tau,0.219346347883308,,,,,
4.559,Winsor,0.471594647949112,,,,,
4.559,Quad,0.222401511974247,,,,,
4.559,Ball,0,,,,,
4.559,Shell,0,,,,,
4.559,LR,0,,,,,
4.56,PCA,0.707106781186548,,,,,
4.56,K's tau,0.219298245614035,,,,,
4.56,Winsor,0.471491228070175,,,,,
4.56,Quad,0.222303978147122,,,,,
4.56,Ball,0,,,,,
4.56,Shell,0,,,,,
4.56,LR,0,,,,,
4.561,PCA,0.707106781186548,,,,,
4.561,K's tau,0.219250164437623,,,,,
4.561,Winsor,0.47138785354089,,,,,
4.561,Quad,0.222206508465888,,,,,
4.561,Ball,0,,,,,
4.561,Shell,0,,,,,
4.561,LR,0,,,,,
4.562,PCA,0.707106781186548,,,,,
4.562,K's tau,0.219202104340202,,,,,
4.562,Winsor,0.471284524331434,,,,,
4.562,Quad,0.222109102874306,,,,,
4.562,Ball,0,,,,,
4.562,Shell,0,,,,,
4.562,LR,0,,,,,
4.563,PCA,0.707106781186548,,,,,
4.563,K's tau,0.219154065307912,,,,,
4.563,Winsor,0.47118124041201,,,,,
4.563,Quad,0.2220117613162,,,,,
4.563,Ball,0,,,,,
4.563,Shell,0,,,,,
4.563,LR,0,,,,,
4.564,PCA,0.707106781186548,,,,,
4.564,K's tau,0.219106047326906,,,,,
4.564,Winsor,0.471078001752848,,,,,
4.564,Quad,0.221914483735457,,,,,
4.564,Ball,0,,,,,
4.564,Shell,0,,,,,
4.564,LR,0,,,,,
4.565,PCA,0.707106781186548,,,,,
4.565,K's tau,0.219058050383352,,,,,
4.565,Winsor,0.470974808324206,,,,,
4.565,Quad,0.221817270076023,,,,,
4.565,Ball,0,,,,,
4.565,Shell,0,,,,,
4.565,LR,0,,,,,
4.566,PCA,0.707106781186548,,,,,
4.566,K's tau,0.219010074463425,,,,,
4.566,Winsor,0.470871660096364,,,,,
4.566,Quad,0.221720120281906,,,,,
4.566,Ball,0,,,,,
4.566,Shell,0,,,,,
4.566,LR,0,,,,,
4.567,PCA,0.707106781186548,,,,,
4.567,K's tau,0.218962119553317,,,,,
4.567,Winsor,0.470768557039632,,,,,
4.567,Quad,0.221623034297177,,,,,
4.567,Ball,0,,,,,
4.567,Shell,0,,,,,
4.567,LR,0,,,,,
4.568,PCA,0.707106781186548,,,,,
4.568,K's tau,0.218914185639229,,,,,
4.568,Winsor,0.470665499124343,,,,,
4.568,Quad,0.221526012065967,,,,,
4.568,Ball,0,,,,,
4.568,Shell,0,,,,,
4.568,LR,0,,,,,
4.569,PCA,0.707106781186548,,,,,
4.569,K's tau,0.218866272707376,,,,,
4.569,Winsor,0.470562486320858,,,,,
4.569,Quad,0.221429053532468,,,,,
4.569,Ball,0,,,,,
4.569,Shell,0,,,,,
4.569,LR,0,,,,,
4.57,PCA,0.707106781186548,,,,,
4.57,K's tau,0.218818380743982,,,,,
4.57,Winsor,0.470459518599562,,,,,
4.57,Quad,0.221332158640932,,,,,
4.57,Ball,0,,,,,
4.57,Shell,0,,,,,
4.57,LR,0,,,,,
4.571,PCA,0.707106781186548,,,,,
4.571,K's tau,0.218770509735288,,,,,
4.571,Winsor,0.470356595930869,,,,,
4.571,Quad,0.221235327335674,,,,,
4.571,Ball,0,,,,,
4.571,Shell,0,,,,,
4.571,LR,0,,,,,
4.572,PCA,0.707106781186548,,,,,
4.572,K's tau,0.218722659667542,,,,,
4.572,Winsor,0.470253718285214,,,,,
4.572,Quad,0.22113855956107,,,,,
4.572,Ball,0,,,,,
4.572,Shell,0,,,,,
4.572,LR,0,,,,,
4.573,PCA,0.707106781186548,,,,,
4.573,K's tau,0.218674830527006,,,,,
4.573,Winsor,0.470150885633064,,,,,
4.573,Quad,0.221041855261554,,,,,
4.573,Ball,0,,,,,
4.573,Shell,0,,,,,
4.573,LR,0,,,,,
4.574,PCA,0.707106781186548,,,,,
4.574,K's tau,0.218627022299956,,,,,
4.574,Winsor,0.470048097944906,,,,,
4.574,Quad,0.220945214381624,,,,,
4.574,Ball,0,,,,,
4.574,Shell,0,,,,,
4.574,LR,0,,,,,
4.575,PCA,0.707106781186548,,,,,
4.575,K's tau,0.218579234972678,,,,,
4.575,Winsor,0.469945355191257,,,,,
4.575,Quad,0.220848636865837,,,,,
4.575,Ball,0,,,,,
4.575,Shell,0,,,,,
4.575,LR,0,,,,,
4.576,PCA,0.707106781186548,,,,,
4.576,K's tau,0.218531468531469,,,,,
4.576,Winsor,0.469842657342657,,,,,
4.576,Quad,0.22075212265881,,,,,
4.576,Ball,0,,,,,
4.576,Shell,0,,,,,
4.576,LR,0,,,,,
4.577,PCA,0.707106781186548,,,,,
4.577,K's tau,0.218483722962639,,,,,
4.577,Winsor,0.469740004369674,,,,,
4.577,Quad,0.220655671705222,,,,,
4.577,Ball,0,,,,,
4.577,Shell,0,,,,,
4.577,LR,0,,,,,
4.578,PCA,0.707106781186548,,,,,
4.578,K's tau,0.218435998252512,,,,,
4.578,Winsor,0.469637396242901,,,,,
4.578,Quad,0.220559283949811,,,,,
4.578,Ball,0,,,,,
4.578,Shell,0,,,,,
4.578,LR,0,,,,,
4.579,PCA,0.707106781186548,,,,,
4.579,K's tau,0.218388294387421,,,,,
4.579,Winsor,0.469534832932955,,,,,
4.579,Quad,0.220462959337378,,,,,
4.579,Ball,0,,,,,
4.579,Shell,0,,,,,
4.579,LR,0,,,,,
4.58,PCA,0.707106781186548,,,,,
4.58,K's tau,0.218340611353712,,,,,
4.58,Winsor,0.46943231441048,,,,,
4.58,Quad,0.22036669781278,,,,,
4.58,Ball,0,,,,,
4.58,Shell,0,,,,,
4.58,LR,0,,,,,
4.581,PCA,0.707106781186548,,,,,
4.581,K's tau,0.218292949137743,,,,,
4.581,Winsor,0.469329840646147,,,,,
4.581,Quad,0.220270499320938,,,,,
4.581,Ball,0,,,,,
4.581,Shell,0,,,,,
4.581,LR,0,,,,,
4.582,PCA,0.707106781186548,,,,,
4.582,K's tau,0.218245307725884,,,,,
4.582,Winsor,0.46922741161065,,,,,
4.582,Quad,0.220174363806831,,,,,
4.582,Ball,0,,,,,
4.582,Shell,0,,,,,
4.582,LR,0,,,,,
4.583,PCA,0.707106781186548,,,,,
4.583,K's tau,0.218197687104517,,,,,
4.583,Winsor,0.469125027274711,,,,,
4.583,Quad,0.220078291215498,,,,,
4.583,Ball,0,,,,,
4.583,Shell,0,,,,,
4.583,LR,0,,,,,
4.584,PCA,0.707106781186548,,,,,
4.584,K's tau,0.218150087260035,,,,,
4.584,Winsor,0.469022687609075,,,,,
4.584,Quad,0.21998228149204,,,,,
4.584,Ball,0,,,,,
4.584,Shell,0,,,,,
4.584,LR,0,,,,,
4.585,PCA,0.707106781186548,,,,,
4.585,K's tau,0.218102508178844,,,,,
4.585,Winsor,0.468920392584515,,,,,
4.585,Quad,0.219886334581615,,,,,
4.585,Ball,0,,,,,
4.585,Shell,0,,,,,
4.585,LR,0,,,,,
4.586,PCA,0.707106781186548,,,,,
4.586,K's tau,0.218054949847362,,,,,
4.586,Winsor,0.468818142171827,,,,,
4.586,Quad,0.219790450429444,,,,,
4.586,Ball,0,,,,,
4.586,Shell,0,,,,,
4.586,LR,0,,,,,
4.587,PCA,0.707106781186548,,,,,
4.587,K's tau,0.218007412252017,,,,,
4.587,Winsor,0.468715936341836,,,,,
4.587,Quad,0.219694628980804,,,,,
4.587,Ball,0,,,,,
4.587,Shell,0,,,,,
4.587,LR,0,,,,,
4.588,PCA,0.707106781186548,,,,,
4.588,K's tau,0.21795989537925,,,,,
4.588,Winsor,0.468613775065388,,,,,
4.588,Quad,0.219598870181034,,,,,
4.588,Ball,0,,,,,
4.588,Shell,0,,,,,
4.588,LR,0,,,,,
4.589,PCA,0.707106781186548,,,,,
4.589,K's tau,0.217912399215515,,,,,
4.589,Winsor,0.468511658313358,,,,,
4.589,Quad,0.219503173975533,,,,,
4.589,Ball,0,,,,,
4.589,Shell,0,,,,,
4.589,LR,0,,,,,
4.59,PCA,0.707106781186548,,,,,
4.59,K's tau,0.217864923747277,,,,,
4.59,Winsor,0.468409586056645,,,,,
4.59,Quad,0.219407540309757,,,,,
4.59,Ball,0,,,,,
4.59,Shell,0,,,,,
4.59,LR,0,,,,,
4.591,PCA,0.707106781186548,,,,,
4.591,K's tau,0.217817468961011,,,,,
4.591,Winsor,0.468307558266173,,,,,
4.591,Quad,0.219311969129225,,,,,
4.591,Ball,0,,,,,
4.591,Shell,0,,,,,
4.591,LR,0,,,,,
4.592,PCA,0.707106781186548,,,,,
4.592,K's tau,0.217770034843206,,,,,
4.592,Winsor,0.468205574912892,,,,,
4.592,Quad,0.219216460379512,,,,,
4.592,Ball,0,,,,,
4.592,Shell,0,,,,,
4.592,LR,0,,,,,
4.593,PCA,0.707106781186548,,,,,
4.593,K's tau,0.217722621380361,,,,,
4.593,Winsor,0.468103635967777,,,,,
4.593,Quad,0.219121014006253,,,,,
4.593,Ball,0,,,,,
4.593,Shell,0,,,,,
4.593,LR,0,,,,,
4.594,PCA,0.707106781186548,,,,,
4.594,K's tau,0.21767522855899,,,,,
4.594,Winsor,0.468001741401828,,,,,
4.594,Quad,0.219025629955144,,,,,
4.594,Ball,0,,,,,
4.594,Shell,0,,,,,
4.594,LR,0,,,,,
4.595,PCA,0.707106781186548,,,,,
4.595,K's tau,0.217627856365615,,,,,
4.595,Winsor,0.467899891186072,,,,,
4.595,Quad,0.218930308171938,,,,,
4.595,Ball,0,,,,,
4.595,Shell,0,,,,,
4.595,LR,0,,,,,
4.596,PCA,0.707106781186548,,,,,
4.596,K's tau,0.217580504786771,,,,,
4.596,Winsor,0.467798085291558,,,,,
4.596,Quad,0.218835048602448,,,,,
4.596,Ball,0,,,,,
4.596,Shell,0,,,,,
4.596,LR,0,,,,,
4.597,PCA,0.707106781186548,,,,,
4.597,K's tau,0.217533173809006,,,,,
4.597,Winsor,0.467696323689363,,,,,
4.597,Quad,0.218739851192545,,,,,
4.597,Ball,0,,,,,
4.597,Shell,0,,,,,
4.597,LR,0,,,,,
4.598,PCA,0.707106781186548,,,,,
4.598,K's tau,0.217485863418878,,,,,
4.598,Winsor,0.467594606350587,,,,,
4.598,Quad,0.218644715888161,,,,,
4.598,Ball,0,,,,,
4.598,Shell,0,,,,,
4.598,LR,0,,,,,
4.599,PCA,0.707106781186548,,,,,
4.599,K's tau,0.217438573602957,,,,,
4.599,Winsor,0.467492933246358,,,,,
4.599,Quad,0.218549642635284,,,,,
4.599,Ball,0,,,,,
4.599,Shell,0,,,,,
4.599,LR,0,,,,,
4.6,PCA,0.707106781186548,,,,,
4.6,K's tau,0.217391304347826,,,,,
4.6,Winsor,0.467391304347826,,,,,
4.6,Quad,0.218454631379962,,,,,
4.6,Ball,0,,,,,
4.6,Shell,0,,,,,
4.6,LR,0,,,,,
4.601,PCA,0.707106781186548,,,,,
4.601,K's tau,0.217344055640078,,,,,
4.601,Winsor,0.467289719626168,,,,,
4.601,Quad,0.218359682068303,,,,,
4.601,Ball,0,,,,,
4.601,Shell,0,,,,,
4.601,LR,0,,,,,
4.602,PCA,0.707106781186548,,,,,
4.602,K's tau,0.217296827466319,,,,,
4.602,Winsor,0.467188179052586,,,,,
4.602,Quad,0.218264794646471,,,,,
4.602,Ball,0,,,,,
4.602,Shell,0,,,,,
4.602,LR,0,,,,,
4.603,PCA,0.707106781186548,,,,,
4.603,K's tau,0.217249619813165,,,,,
4.603,Winsor,0.467086682598306,,,,,
4.603,Quad,0.21816996906069,,,,,
4.603,Ball,0,,,,,
4.603,Shell,0,,,,,
4.603,LR,0,,,,,
4.604,PCA,0.707106781186548,,,,,
4.604,K's tau,0.217202432667246,,,,,
4.604,Winsor,0.466985230234579,,,,,
4.604,Quad,0.218075205257242,,,,,
4.604,Ball,0,,,,,
4.604,Shell,0,,,,,
4.604,LR,0,,,,,
4.605,PCA,0.707106781186548,,,,,
4.605,K's tau,0.217155266015201,,,,,
4.605,Winsor,0.466883821932682,,,,,
4.605,Quad,0.217980503182468,,,,,
4.605,Ball,0,,,,,
4.605,Shell,0,,,,,
4.605,LR,0,,,,,
4.606,PCA,0.707106781186548,,,,,
4.606,K's tau,0.217108119843682,,,,,
4.606,Winsor,0.466782457663917,,,,,
4.606,Quad,0.217885862782766,,,,,
4.606,Ball,0,,,,,
4.606,Shell,0,,,,,
4.606,LR,0,,,,,
4.607,PCA,0.707106781186548,,,,,
4.607,K's tau,0.217060994139353,,,,,
4.607,Winsor,0.466681137399609,,,,,
4.607,Quad,0.217791284004593,,,,,
4.607,Ball,0,,,,,
4.607,Shell,0,,,,,
4.607,LR,0,,,,,
4.608,PCA,0.707106781186548,,,,,
4.608,K's tau,0.217013888888889,,,,,
4.608,Winsor,0.466579861111111,,,,,
4.608,Quad,0.217696766794464,,,,,
4.608,Ball,0,,,,,
4.608,Shell,0,,,,,
4.608,LR,0,,,,,
4.609,PCA,0.707106781186548,,,,,
4.609,K's tau,0.216966804078976,,,,,
4.609,Winsor,0.466478628769798,,,,,
4.609,Quad,0.217602311098951,,,,,
4.609,Ball,0,,,,,
4.609,Shell,0,,,,,
4.609,LR,0,,,,,
4.61,PCA,0.707106781186548,,,,,
4.61,K's tau,0.216919739696312,,,,,
4.61,Winsor,0.466377440347072,,,,,
4.61,Quad,0.217507916864686,,,,,
4.61,Ball,0,,,,,
4.61,Shell,0,,,,,
4.61,LR,0,,,,,
4.611,PCA,0.707106781186548,,,,,
4.611,K's tau,0.216872695727608,,,,,
4.611,Winsor,0.466276295814357,,,,,
4.611,Quad,0.217413584038358,,,,,
4.611,Ball,0,,,,,
4.611,Shell,0,,,,,
4.611,LR,0,,,,,
4.612,PCA,0.707106781186548,,,,,
4.612,K's tau,0.216825672159584,,,,,
4.612,Winsor,0.466175195143105,,,,,
4.612,Quad,0.217319312566712,,,,,
4.612,Ball,0,,,,,
4.612,Shell,0,,,,,
4.612,LR,0,,,,,
4.613,PCA,0.707106781186548,,,,,
4.613,K's tau,0.216778668978973,,,,,
4.613,Winsor,0.466074138304791,,,,,
4.613,Quad,0.217225102396553,,,,,
4.613,Ball,0,,,,,
4.613,Shell,0,,,,,
4.613,LR,0,,,,,
4.614,PCA,0.707106781186548,,,,,
4.614,K's tau,0.216731686172518,,,,,
4.614,Winsor,0.465973125270915,,,,,
4.614,Quad,0.217130953474743,,,,,
4.614,Ball,0,,,,,
4.614,Shell,0,,,,,
4.614,LR,0,,,,,
4.615,PCA,0.707106781186548,,,,,
4.615,K's tau,0.216684723726977,,,,,
4.615,Winsor,0.465872156013001,,,,,
4.615,Quad,0.217036865748202,,,,,
4.615,Ball,0,,,,,
4.615,Shell,0,,,,,
4.615,LR,0,,,,,
4.616,PCA,0.707106781186548,,,,,
4.616,K's tau,0.216637781629116,,,,,
4.616,Winsor,0.4657712305026,,,,,
4.616,Quad,0.216942839163906,,,,,
4.616,Ball,0,,,,,
4.616,Shell,0,,,,,
4.616,LR,0,,,,,
4.617,PCA,0.707106781186548,,,,,
4.617,K's tau,0.216590859865714,,,,,
4.617,Winsor,0.465670348711284,,,,,
4.617,Quad,0.216848873668889,,,,,
4.617,Ball,0,,,,,
4.617,Shell,0,,,,,
4.617,LR,0,,,,,
4.618,PCA,0.707106781186548,,,,,
4.618,K's tau,0.21654395842356,,,,,
4.618,Winsor,0.465569510610654,,,,,
4.618,Quad,0.216754969210244,,,,,
4.618,Ball,0,,,,,
4.618,Shell,0,,,,,
4.618,LR,0,,,,,
4.619,PCA,0.707106781186548,,,,,
4.619,K's tau,0.216497077289457,,,,,
4.619,Winsor,0.465468716172332,,,,,
4.619,Quad,0.216661125735119,,,,,
4.619,Ball,0,,,,,
4.619,Shell,0,,,,,
4.619,LR,0,,,,,
4.62,PCA,0.707106781186548,,,,,
4.62,K's tau,0.216450216450216,,,,,
4.62,Winsor,0.465367965367965,,,,,
4.62,Quad,0.21656734319072,,,,,
4.62,Ball,0,,,,,
4.62,Shell,0,,,,,
4.62,LR,0,,,,,
4.621,PCA,0.707106781186548,,,,,
4.621,K's tau,0.216403375892664,,,,,
4.621,Winsor,0.465267258169228,,,,,
4.621,Quad,0.216473621524311,,,,,
4.621,Ball,0,,,,,
4.621,Shell,0,,,,,
4.621,LR,0,,,,,
4.622,PCA,0.707106781186548,,,,,
4.622,K's tau,0.216356555603635,,,,,
4.622,Winsor,0.465166594547815,,,,,
4.622,Quad,0.216379960683211,,,,,
4.622,Ball,0,,,,,
4.622,Shell,0,,,,,
4.622,LR,0,,,,,
4.623,PCA,0.707106781186548,,,,,
4.623,K's tau,0.216309755569976,,,,,
4.623,Winsor,0.465065974475449,,,,,
4.623,Quad,0.216286360614799,,,,,
4.623,Ball,0,,,,,
4.623,Shell,0,,,,,
4.623,LR,0,,,,,
4.624,PCA,0.707106781186548,,,,,
4.624,K's tau,0.216262975778547,,,,,
4.624,Winsor,0.464965397923875,,,,,
4.624,Quad,0.216192821266508,,,,,
4.624,Ball,0,,,,,
4.624,Shell,0,,,,,
4.624,LR,0,,,,,
4.625,PCA,0.707106781186548,,,,,
4.625,K's tau,0.216216216216216,,,,,
4.625,Winsor,0.464864864864865,,,,,
4.625,Quad,0.216099342585829,,,,,
4.625,Ball,0,,,,,
4.625,Shell,0,,,,,
4.625,LR,0,,,,,
4.626,PCA,0.707106781186548,,,,,
4.626,K's tau,0.216169476869866,,,,,
4.626,Winsor,0.464764375270212,,,,,
4.626,Quad,0.21600592452031,,,,,
4.626,Ball,0,,,,,
4.626,Shell,0,,,,,
4.626,LR,0,,,,,
4.627,PCA,0.707106781186548,,,,,
4.627,K's tau,0.216122757726389,,,,,
4.627,Winsor,0.464663929111736,,,,,
4.627,Quad,0.215912567017556,,,,,
4.627,Ball,0,,,,,
4.627,Shell,0,,,,,
4.627,LR,0,,,,,
4.628,PCA,0.707106781186548,,,,,
4.628,K's tau,0.216076058772688,,,,,
4.628,Winsor,0.464563526361279,,,,,
4.628,Quad,0.215819270025227,,,,,
4.628,Ball,0,,,,,
4.628,Shell,0,,,,,
4.628,LR,0,,,,,
4.629,PCA,0.707106781186548,,,,,
4.629,K's tau,0.216029379995679,,,,,
4.629,Winsor,0.464463166990711,,,,,
4.629,Quad,0.215726033491041,,,,,
4.629,Ball,0,,,,,
4.629,Shell,0,,,,,
4.629,LR,0,,,,,
4.63,PCA,0.707106781186548,,,,,
4.63,K's tau,0.215982721382289,,,,,
4.63,Winsor,0.464362850971922,,,,,
4.63,Quad,0.215632857362772,,,,,
4.63,Ball,0,,,,,
4.63,Shell,0,,,,,
4.63,LR,0,,,,,
4.631,PCA,0.707106781186548,,,,,
4.631,K's tau,0.215936082919456,,,,,
4.631,Winsor,0.46426257827683,,,,,
4.631,Quad,0.21553974158825,,,,,
4.631,Ball,0,,,,,
4.631,Shell,0,,,,,
4.631,LR,0,,,,,
4.632,PCA,0.707106781186548,,,,,
4.632,K's tau,0.215889464594128,,,,,
4.632,Winsor,0.464162348877375,,,,,
4.632,Quad,0.215446686115362,,,,,
4.632,Ball,0,,,,,
4.632,Shell,0,,,,,
4.632,LR,0,,,,,
4.633,PCA,0.707106781186548,,,,,
4.633,K's tau,0.215842866393266,,,,,
4.633,Winsor,0.464062162745521,,,,,
4.633,Quad,0.215353690892051,,,,,
4.633,Ball,0,,,,,
4.633,Shell,0,,,,,
4.633,LR,0,,,,,
4.634,PCA,0.707106781186548,,,,,
4.634,K's tau,0.215796288303841,,,,,
4.634,Winsor,0.463962019853259,,,,,
4.634,Quad,0.215260755866316,,,,,
4.634,Ball,0,,,,,
4.634,Shell,0,,,,,
4.634,LR,0,,,,,
4.635,PCA,0.707106781186548,,,,,
4.635,K's tau,0.215749730312837,,,,,
4.635,Winsor,0.4638619201726,,,,,
4.635,Quad,0.215167880986211,,,,,
4.635,Ball,0,,,,,
4.635,Shell,0,,,,,
4.635,LR,0,,,,,
4.636,PCA,0.707106781186548,,,,,
4.636,K's tau,0.215703192407248,,,,,
4.636,Winsor,0.463761863675582,,,,,
4.636,Quad,0.215075066199849,,,,,
4.636,Ball,0,,,,,
4.636,Shell,0,,,,,
4.636,LR,0,,,,,
4.637,PCA,0.707106781186548,,,,,
4.637,K's tau,0.215656674574078,,,,,
4.637,Winsor,0.463661850334268,,,,,
4.637,Quad,0.214982311455397,,,,,
4.637,Ball,0,,,,,
4.637,Shell,0,,,,,
4.637,LR,0,,,,,
4.638,PCA,0.707106781186548,,,,,
4.638,K's tau,0.215610176800345,,,,,
4.638,Winsor,0.463561880120742,,,,,
4.638,Quad,0.214889616701077,,,,,
4.638,Ball,0,,,,,
4.638,Shell,0,,,,,
4.638,LR,0,,,,,
4.639,PCA,0.707106781186548,,,,,
4.639,K's tau,0.215563699073076,,,,,
4.639,Winsor,0.463461953007114,,,,,
4.639,Quad,0.214796981885168,,,,,
4.639,Ball,0,,,,,
4.639,Shell,0,,,,,
4.639,LR,0,,,,,
4.64,PCA,0.707106781186548,,,,,
4.64,K's tau,0.21551724137931,,,,,
4.64,Winsor,0.463362068965517,,,,,
4.64,Quad,0.214704406956005,,,,,
4.64,Ball,0,,,,,
4.64,Shell,0,,,,,
4.64,LR,0,,,,,
4.641,PCA,0.707106781186548,,,,,
4.641,K's tau,0.215470803706098,,,,,
4.641,Winsor,0.46326222796811,,,,,
4.641,Quad,0.214611891861977,,,,,
4.641,Ball,0,,,,,
4.641,Shell,0,,,,,
4.641,LR,0,,,,,
4.642,PCA,0.707106781186548,,,,,
4.642,K's tau,0.2154243860405,,,,,
4.642,Winsor,0.463162429987075,,,,,
4.642,Quad,0.214519436551532,,,,,
4.642,Ball,0,,,,,
4.642,Shell,0,,,,,
4.642,LR,0,,,,,
4.643,PCA,0.707106781186548,,,,,
4.643,K's tau,0.215377988369589,,,,,
4.643,Winsor,0.463062674994616,,,,,
4.643,Quad,0.214427040973169,,,,,
4.643,Ball,0,,,,,
4.643,Shell,0,,,,,
4.643,LR,0,,,,,
4.644,PCA,0.707106781186548,,,,,
4.644,K's tau,0.215331610680448,,,,,
4.644,Winsor,0.462962962962963,,,,,
4.644,Quad,0.214334705075446,,,,,
4.644,Ball,0,,,,,
4.644,Shell,0,,,,,
4.644,LR,0,,,,,
4.645,PCA,0.707106781186548,,,,,
4.645,K's tau,0.215285252960172,,,,,
4.645,Winsor,0.46286329386437,,,,,
4.645,Quad,0.214242428806974,,,,,
4.645,Ball,0,,,,,
4.645,Shell,0,,,,,
4.645,LR,0,,,,,
4.646,PCA,0.707106781186548,,,,,
4.646,K's tau,0.215238915195867,,,,,
4.646,Winsor,0.462763667671115,,,,,
4.646,Quad,0.214150212116422,,,,,
4.646,Ball,0,,,,,
4.646,Shell,0,,,,,
4.646,LR,0,,,,,
4.647,PCA,0.707106781186548,,,,,
4.647,K's tau,0.21519259737465,,,,,
4.647,Winsor,0.462664084355498,,,,,
4.647,Quad,0.214058054952511,,,,,
4.647,Ball,0,,,,,
4.647,Shell,0,,,,,
4.647,LR,0,,,,,
4.648,PCA,0.707106781186548,,,,,
4.648,K's tau,0.215146299483649,,,,,
4.648,Winsor,0.462564543889845,,,,,
4.648,Quad,0.21396595726402,,,,,
4.648,Ball,0,,,,,
4.648,Shell,0,,,,,
4.648,LR,0,,,,,
4.649,PCA,0.707106781186548,,,,,
4.649,K's tau,0.215100021510002,,,,,
4.649,Winsor,0.462465046246505,,,,,
4.649,Quad,0.213873918999782,,,,,
4.649,Ball,0,,,,,
4.649,Shell,0,,,,,
4.649,LR,0,,,,,
4.65,PCA,0.707106781186548,,,,,
4.65,K's tau,0.21505376344086,,,,,
4.65,Winsor,0.46236559139785,,,,,
4.65,Quad,0.213781940108683,,,,,
4.65,Ball,0,,,,,
4.65,Shell,0,,,,,
4.65,LR,0,,,,,
4.651,PCA,0.707106781186548,,,,,
4.651,K's tau,0.215007525263384,,,,,
4.651,Winsor,0.462266179316276,,,,,
4.651,Quad,0.213690020539668,,,,,
4.651,Ball,0,,,,,
4.651,Shell,0,,,,,
4.651,LR,0,,,,,
4.652,PCA,0.707106781186548,,,,,
4.652,K's tau,0.214961306964746,,,,,
4.652,Winsor,0.462166809974205,,,,,
4.652,Quad,0.213598160241733,,,,,
4.652,Ball,0,,,,,
4.652,Shell,0,,,,,
4.652,LR,0,,,,,
4.653,PCA,0.707106781186548,,,,,
4.653,K's tau,0.21491510853213,,,,,
4.653,Winsor,0.462067483344079,,,,,
4.653,Quad,0.213506359163931,,,,,
4.653,Ball,0,,,,,
4.653,Shell,0,,,,,
4.653,LR,0,,,,,
4.654,PCA,0.707106781186548,,,,,
4.654,K's tau,0.214868929952729,,,,,
4.654,Winsor,0.461968199398367,,,,,
4.654,Quad,0.213414617255369,,,,,
4.654,Ball,0,,,,,
4.654,Shell,0,,,,,
4.654,LR,0,,,,,
4.655,PCA,0.707106781186548,,,,,
4.655,K's tau,0.214822771213749,,,,,
4.655,Winsor,0.46186895810956,,,,,
4.655,Quad,0.21332293446521,,,,,
4.655,Ball,0,,,,,
4.655,Shell,0,,,,,
4.655,LR,0,,,,,
4.656,PCA,0.707106781186548,,,,,
4.656,K's tau,0.214776632302406,,,,,
4.656,Winsor,0.461769759450172,,,,,
4.656,Quad,0.21323131074267,,,,,
4.656,Ball,0,,,,,
4.656,Shell,0,,,,,
4.656,LR,0,,,,,
4.657,PCA,0.707106781186548,,,,,
4.657,K's tau,0.214730513205927,,,,,
4.657,Winsor,0.461670603392742,,,,,
4.657,Quad,0.213139746037019,,,,,
4.657,Ball,0,,,,,
4.657,Shell,0,,,,,
4.657,LR,0,,,,,
4.658,PCA,0.707106781186548,,,,,
4.658,K's tau,0.21468441391155,,,,,
4.658,Winsor,0.461571489909833,,,,,
4.658,Quad,0.213048240297583,,,,,
4.658,Ball,0,,,,,
4.658,Shell,0,,,,,
4.658,LR,0,,,,,
4.659,PCA,0.707106781186548,,,,,
4.659,K's tau,0.214638334406525,,,,,
4.659,Winsor,0.461472418974029,,,,,
4.659,Quad,0.212956793473742,,,,,
4.659,Ball,0,,,,,
4.659,Shell,0,,,,,
4.659,LR,0,,,,,
4.66,PCA,0.707106781186548,,,,,
4.66,K's tau,0.214592274678112,,,,,
4.66,Winsor,0.46137339055794,,,,,
4.66,Quad,0.212865405514929,,,,,
4.66,Ball,0,,,,,
4.66,Shell,0,,,,,
4.66,LR,0,,,,,
4.661,PCA,0.707106781186548,,,,,
4.661,K's tau,0.214546234713581,,,,,
4.661,Winsor,0.461274404634199,,,,,
4.661,Quad,0.212774076370634,,,,,
4.661,Ball,0,,,,,
4.661,Shell,0,,,,,
4.661,LR,0,,,,,
4.662,PCA,0.707106781186548,,,,,
4.662,K's tau,0.214500214500215,,,,,
4.662,Winsor,0.461175461175461,,,,,
4.662,Quad,0.212682805990399,,,,,
4.662,Ball,0,,,,,
4.662,Shell,0,,,,,
4.662,LR,0,,,,,
4.663,PCA,0.707106781186548,,,,,
4.663,K's tau,0.214454214025306,,,,,
4.663,Winsor,0.461076560154407,,,,,
4.663,Quad,0.21259159432382,,,,,
4.663,Ball,0,,,,,
4.663,Shell,0,,,,,
4.663,LR,0,,,,,
4.664,PCA,0.707106781186548,,,,,
4.664,K's tau,0.214408233276158,,,,,
4.664,Winsor,0.460977701543739,,,,,
4.664,Quad,0.212500441320549,,,,,
4.664,Ball,0,,,,,
4.664,Shell,0,,,,,
4.664,LR,0,,,,,
4.665,PCA,0.707106781186548,,,,,
4.665,K's tau,0.214362272240086,,,,,
4.665,Winsor,0.460878885316184,,,,,
4.665,Quad,0.212409346930289,,,,,
4.665,Ball,0,,,,,
4.665,Shell,0,,,,,
4.665,LR,0,,,,,
4.666,PCA,0.707106781186548,,,,,
4.666,K's tau,0.214316330904415,,,,,
4.666,Winsor,0.460780111444492,,,,,
4.666,Quad,0.212318311102799,,,,,
4.666,Ball,0,,,,,
4.666,Shell,0,,,,,
4.666,LR,0,,,,,
4.667,PCA,0.707106781186548,,,,,
4.667,K's tau,0.214270409256482,,,,,
4.667,Winsor,0.460681379901436,,,,,
4.667,Quad,0.212227333787891,,,,,
4.667,Ball,0,,,,,
4.667,Shell,0,,,,,
4.667,LR,0,,,,,
4.668,PCA,0.707106781186548,,,,,
4.668,K's tau,0.214224507283633,,,,,
4.668,Winsor,0.460582690659811,,,,,
4.668,Quad,0.212136414935432,,,,,
4.668,Ball,0,,,,,
4.668,Shell,0,,,,,
4.668,LR,0,,,,,
4.669,PCA,0.707106781186548,,,,,
4.669,K's tau,0.214178624973228,,,,,
4.669,Winsor,0.46048404369244,,,,,
4.669,Quad,0.212045554495341,,,,,
4.669,Ball,0,,,,,
4.669,Shell,0,,,,,
4.669,LR,0,,,,,
4.67,PCA,0.707106781186548,,,,,
4.67,K's tau,0.214132762312634,,,,,
4.67,Winsor,0.460385438972163,,,,,
4.67,Quad,0.211954752417591,,,,,
4.67,Ball,0,,,,,
4.67,Shell,0,,,,,
4.67,LR,0,,,,,
4.671,PCA,0.707106781186548,,,,,
4.671,K's tau,0.214086919289231,,,,,
4.671,Winsor,0.460286876471848,,,,,
4.671,Quad,0.21186400865221,,,,,
4.671,Ball,0,,,,,
4.671,Shell,0,,,,,
4.671,LR,0,,,,,
4.672,PCA,0.707106781186548,,,,,
4.672,K's tau,0.214041095890411,,,,,
4.672,Winsor,0.460188356164384,,,,,
4.672,Quad,0.211773323149278,,,,,
4.672,Ball,0,,,,,
4.672,Shell,0,,,,,
4.672,LR,0,,,,,
4.673,PCA,0.707106781186548,,,,,
4.673,K's tau,0.213995292103574,,,,,
4.673,Winsor,0.460089878022684,,,,,
4.673,Quad,0.211682695858928,,,,,
4.673,Ball,0,,,,,
4.673,Shell,0,,,,,
4.673,LR,0,,,,,
4.674,PCA,0.707106781186548,,,,,
4.674,K's tau,0.213949507916132,,,,,
4.674,Winsor,0.459991442019683,,,,,
4.674,Quad,0.211592126731348,,,,,
4.674,Ball,0,,,,,
4.674,Shell,0,,,,,
4.674,LR,0,,,,,
4.675,PCA,0.707106781186548,,,,,
4.675,K's tau,0.213903743315508,,,,,
4.675,Winsor,0.459893048128342,,,,,
4.675,Quad,0.211501615716778,,,,,
4.675,Ball,0,,,,,
4.675,Shell,0,,,,,
4.675,LR,0,,,,,
4.676,PCA,0.707106781186548,,,,,
4.676,K's tau,0.213857998289136,,,,,
4.676,Winsor,0.459794696321642,,,,,
4.676,Quad,0.211411162765511,,,,,
4.676,Ball,0,,,,,
4.676,Shell,0,,,,,
4.676,LR,0,,,,,
4.677,PCA,0.707106781186548,,,,,
4.677,K's tau,0.21381227282446,,,,,
4.677,Winsor,0.459696386572589,,,,,
4.677,Quad,0.211320767827895,,,,,
4.677,Ball,0,,,,,
4.677,Shell,0,,,,,
4.677,LR,0,,,,,
4.678,PCA,0.707106781186548,,,,,
4.678,K's tau,0.213766566908935,,,,,
4.678,Winsor,0.459598118854211,,,,,
4.678,Quad,0.21123043085433,,,,,
4.678,Ball,0,,,,,
4.678,Shell,0,,,,,
4.678,LR,0,,,,,
4.679,PCA,0.707106781186548,,,,,
4.679,K's tau,0.213720880530028,,,,,
4.679,Winsor,0.45949989313956,,,,,
4.679,Quad,0.211140151795267,,,,,
4.679,Ball,0,,,,,
4.679,Shell,0,,,,,
4.679,LR,0,,,,,
4.68,PCA,0.707106781186548,,,,,
4.68,K's tau,0.213675213675214,,,,,
4.68,Winsor,0.45940170940171,,,,,
4.68,Quad,0.211049930601213,,,,,
4.68,Ball,0,,,,,
4.68,Shell,0,,,,,
4.68,LR,0,,,,,
4.681,PCA,0.707106781186548,,,,,
4.681,K's tau,0.21362956633198,,,,,
4.681,Winsor,0.459303567613758,,,,,
4.681,Quad,0.210959767222726,,,,,
4.681,Ball,0,,,,,
4.681,Shell,0,,,,,
4.681,LR,0,,,,,
4.682,PCA,0.707106781186548,,,,,
4.682,K's tau,0.213583938487826,,,,,
4.682,Winsor,0.459205467748825,,,,,
4.682,Quad,0.210869661610417,,,,,
4.682,Ball,0,,,,,
4.682,Shell,0,,,,,
4.682,LR,0,,,,,
4.683,PCA,0.707106781186548,,,,,
4.683,K's tau,0.213538330130258,,,,,
4.683,Winsor,0.459107409780056,,,,,
4.683,Quad,0.210779613714952,,,,,
4.683,Ball,0,,,,,
4.683,Shell,0,,,,,
4.683,LR,0,,,,,
4.684,PCA,0.707106781186548,,,,,
4.684,K's tau,0.213492741246798,,,,,
4.684,Winsor,0.459009393680615,,,,,
4.684,Quad,0.210689623487046,,,,,
4.684,Ball,0,,,,,
4.684,Shell,0,,,,,
4.684,LR,0,,,,,
4.685,PCA,0.707106781186548,,,,,
4.685,K's tau,0.213447171824973,,,,,
4.685,Winsor,0.458911419423693,,,,,
4.685,Quad,0.210599690877468,,,,,
4.685,Ball,0,,,,,
4.685,Shell,0,,,,,
4.685,LR,0,,,,,
4.686,PCA,0.707106781186548,,,,,
4.686,K's tau,0.213401621852326,,,,,
4.686,Winsor,0.458813486982501,,,,,
4.686,Quad,0.210509815837042,,,,,
4.686,Ball,0,,,,,
4.686,Shell,0,,,,,
4.686,LR,0,,,,,
4.687,PCA,0.707106781186548,,,,,
4.687,K's tau,0.213356091316407,,,,,
4.687,Winsor,0.458715596330275,,,,,
4.687,Quad,0.21041999831664,,,,,
4.687,Ball,0,,,,,
4.687,Shell,0,,,,,
4.687,LR,0,,,,,
4.688,PCA,0.707106781186548,,,,,
4.688,K's tau,0.213310580204778,,,,,
4.688,Winsor,0.458617747440273,,,,,
4.688,Quad,0.21033023826719,,,,,
4.688,Ball,0,,,,,
4.688,Shell,0,,,,,
4.688,LR,0,,,,,
4.689,PCA,0.707106781186548,,,,,
4.689,K's tau,0.213265088505012,,,,,
4.689,Winsor,0.458519940285775,,,,,
4.689,Quad,0.210240535639671,,,,,
4.689,Ball,0,,,,,
4.689,Shell,0,,,,,
4.689,LR,0,,,,,
4.69,PCA,0.707106781186548,,,,,
4.69,K's tau,0.213219616204691,,,,,
4.69,Winsor,0.458422174840085,,,,,
4.69,Quad,0.210150890385114,,,,,
4.69,Ball,0,,,,,
4.69,Shell,0,,,,,
4.69,LR,0,,,,,
4.691,PCA,0.707106781186548,,,,,
4.691,K's tau,0.213174163291409,,,,,
4.691,Winsor,0.45832445107653,,,,,
4.691,Quad,0.210061302454602,,,,,
4.691,Ball,0,,,,,
4.691,Shell,0,,,,,
4.691,LR,0,,,,,
4.692,PCA,0.707106781186548,,,,,
4.692,K's tau,0.213128729752771,,,,,
4.692,Winsor,0.458226768968457,,,,,
4.692,Quad,0.209971771799272,,,,,
4.692,Ball,0,,,,,
4.692,Shell,0,,,,,
4.692,LR,0,,,,,
4.693,PCA,0.707106781186548,,,,,
4.693,K's tau,0.21308331557639,,,,,
4.693,Winsor,0.458129128489239,,,,,
4.693,Quad,0.20988229837031,,,,,
4.693,Ball,0,,,,,
4.693,Shell,0,,,,,
4.693,LR,0,,,,,
4.694,PCA,0.707106781186548,,,,,
4.694,K's tau,0.213037920749894,,,,,
4.694,Winsor,0.458031529612271,,,,,
4.694,Quad,0.209792882118957,,,,,
4.694,Ball,0,,,,,
4.694,Shell,0,,,,,
4.694,LR,0,,,,,
4.695,PCA,0.707106781186548,,,,,
4.695,K's tau,0.212992545260916,,,,,
4.695,Winsor,0.457933972310969,,,,,
4.695,Quad,0.209703522996503,,,,,
4.695,Ball,0,,,,,
4.695,Shell,0,,,,,
4.695,LR,0,,,,,
4.696,PCA,0.707106781186548,,,,,
4.696,K's tau,0.212947189097104,,,,,
4.696,Winsor,0.457836456558774,,,,,
4.696,Quad,0.209614220954294,,,,,
4.696,Ball,0,,,,,
4.696,Shell,0,,,,,
4.696,LR,0,,,,,
4.697,PCA,0.707106781186548,,,,,
4.697,K's tau,0.212901852246115,,,,,
4.697,Winsor,0.457738982329146,,,,,
4.697,Quad,0.209524975943722,,,,,
4.697,Ball,0,,,,,
4.697,Shell,0,,,,,
4.697,LR,0,,,,,
4.698,PCA,0.707106781186548,,,,,
4.698,K's tau,0.212856534695615,,,,,
4.698,Winsor,0.457641549595573,,,,,
4.698,Quad,0.209435787916237,,,,,
4.698,Ball,0,,,,,
4.698,Shell,0,,,,,
4.698,LR,0,,,,,
4.699,PCA,0.707106781186548,,,,,
4.699,K's tau,0.212811236433284,,,,,
4.699,Winsor,0.45754415833156,,,,,
4.699,Quad,0.209346656823336,,,,,
4.699,Ball,0,,,,,
4.699,Shell,0,,,,,
4.699,LR,0,,,,,
4.7,PCA,0.707106781186548,,,,,
4.7,K's tau,0.212765957446809,,,,,
4.7,Winsor,0.457446808510638,,,,,
4.7,Quad,0.209257582616569,,,,,
4.7,Ball,0,,,,,
4.7,Shell,0,,,,,
4.7,LR,0,,,,,
4.701,PCA,0.707106781186548,,,,,
4.701,K's tau,0.212720697723889,,,,,
4.701,Winsor,0.45734950010636,,,,,
4.701,Quad,0.209168565247538,,,,,
4.701,Ball,0,,,,,
4.701,Shell,0,,,,,
4.701,LR,0,,,,,
4.702,PCA,0.707106781186548,,,,,
4.702,K's tau,0.212675457252233,,,,,
4.702,Winsor,0.457252233092301,,,,,
4.702,Quad,0.209079604667896,,,,,
4.702,Ball,0,,,,,
4.702,Shell,0,,,,,
4.702,LR,0,,,,,
4.703,PCA,0.707106781186548,,,,,
4.703,K's tau,0.212630236019562,,,,,
4.703,Winsor,0.457155007442058,,,,,
4.703,Quad,0.208990700829348,,,,,
4.703,Ball,0,,,,,
4.703,Shell,0,,,,,
4.703,LR,0,,,,,
4.704,PCA,0.707106781186548,,,,,
4.704,K's tau,0.212585034013605,,,,,
4.704,Winsor,0.457057823129252,,,,,
4.704,Quad,0.20890185368365,,,,,
4.704,Ball,0,,,,,
4.704,Shell,0,,,,,
4.704,LR,0,,,,,
4.705,PCA,0.707106781186548,,,,,
4.705,K's tau,0.212539851222104,,,,,
4.705,Winsor,0.456960680127524,,,,,
4.705,Quad,0.208813063182609,,,,,
4.705,Ball,0,,,,,
4.705,Shell,0,,,,,
4.705,LR,0,,,,,
4.706,PCA,0.707106781186548,,,,,
4.706,K's tau,0.212494687632809,,,,,
4.706,Winsor,0.45686357841054,,,,,
4.706,Quad,0.208724329278083,,,,,
4.706,Ball,0,,,,,
4.706,Shell,0,,,,,
4.706,LR,0,,,,,
4.707,PCA,0.707106781186548,,,,,
4.707,K's tau,0.212449543233482,,,,,
4.707,Winsor,0.456766517951986,,,,,
4.707,Quad,0.208635651921982,,,,,
4.707,Ball,0,,,,,
4.707,Shell,0,,,,,
4.707,LR,0,,,,,
4.708,PCA,0.707106781186548,,,,,
4.708,K's tau,0.212404418011895,,,,,
4.708,Winsor,0.456669498725573,,,,,
4.708,Quad,0.208547031066267,,,,,
4.708,Ball,0,,,,,
4.708,Shell,0,,,,,
4.708,LR,0,,,,,
4.709,PCA,0.707106781186548,,,,,
4.709,K's tau,0.212359311955829,,,,,
4.709,Winsor,0.456572520705033,,,,,
4.709,Quad,0.208458466662948,,,,,
4.709,Ball,0,,,,,
4.709,Shell,0,,,,,
4.709,LR,0,,,,,
4.71,PCA,0.707106781186548,,,,,
4.71,K's tau,0.212314225053079,,,,,
4.71,Winsor,0.456475583864119,,,,,
4.71,Quad,0.208369958664088,,,,,
4.71,Ball,0,,,,,
4.71,Shell,0,,,,,
4.71,LR,0,,,,,
4.711,PCA,0.707106781186548,,,,,
4.711,K's tau,0.212269157291446,,,,,
4.711,Winsor,0.456378688176608,,,,,
4.711,Quad,0.208281507021801,,,,,
4.711,Ball,0,,,,,
4.711,Shell,0,,,,,
4.711,LR,0,,,,,
4.712,PCA,0.707106781186548,,,,,
4.712,K's tau,0.212224108658744,,,,,
4.712,Winsor,0.456281833616299,,,,,
4.712,Quad,0.208193111688252,,,,,
4.712,Ball,0,,,,,
4.712,Shell,0,,,,,
4.712,LR,0,,,,,
4.713,PCA,0.707106781186548,,,,,
4.713,K's tau,0.212179079142797,,,,,
4.713,Winsor,0.456185020157013,,,,,
4.713,Quad,0.208104772615654,,,,,
4.713,Ball,0,,,,,
4.713,Shell,0,,,,,
4.713,LR,0,,,,,
4.714,PCA,0.707106781186548,,,,,
4.714,K's tau,0.212134068731438,,,,,
4.714,Winsor,0.456088247772592,,,,,
4.714,Quad,0.208016489756274,,,,,
4.714,Ball,0,,,,,
4.714,Shell,0,,,,,
4.714,LR,0,,,,,
4.715,PCA,0.707106781186548,,,,,
4.715,K's tau,0.212089077412513,,,,,
4.715,Winsor,0.455991516436904,,,,,
4.715,Quad,0.207928263062427,,,,,
4.715,Ball,0,,,,,
4.715,Shell,0,,,,,
4.715,LR,0,,,,,
4.716,PCA,0.707106781186548,,,,,
4.716,K's tau,0.212044105173876,,,,,
4.716,Winsor,0.455894826123834,,,,,
4.716,Quad,0.207840092486481,,,,,
4.716,Ball,0,,,,,
4.716,Shell,0,,,,,
4.716,LR,0,,,,,
4.717,PCA,0.707106781186548,,,,,
4.717,K's tau,0.211999152003392,,,,,
4.717,Winsor,0.455798176807293,,,,,
4.717,Quad,0.207751977980852,,,,,
4.717,Ball,0,,,,,
4.717,Shell,0,,,,,
4.717,LR,0,,,,,
4.718,PCA,0.707106781186548,,,,,
4.718,K's tau,0.211954217888936,,,,,
4.718,Winsor,0.455701568461212,,,,,
4.718,Quad,0.207663919498009,,,,,
4.718,Ball,0,,,,,
4.718,Shell,0,,,,,
4.718,LR,0,,,,,
4.719,PCA,0.707106781186548,,,,,
4.719,K's tau,0.211909302818394,,,,,
4.719,Winsor,0.455605001059547,,,,,
4.719,Quad,0.207575916990469,,,,,
4.719,Ball,0,,,,,
4.719,Shell,0,,,,,
4.719,LR,0,,,,,
4.72,PCA,0.707106781186548,,,,,
4.72,K's tau,0.211864406779661,,,,,
4.72,Winsor,0.455508474576271,,,,,
4.72,Quad,0.207487970410802,,,,,
4.72,Ball,0,,,,,
4.72,Shell,0,,,,,
4.72,LR,0,,,,,
4.721,PCA,0.707106781186548,,,,,
4.721,K's tau,0.211819529760644,,,,,
4.721,Winsor,0.455411988985384,,,,,
4.721,Quad,0.207400079711624,,,,,
4.721,Ball,0,,,,,
4.721,Shell,0,,,,,
4.721,LR,0,,,,,
4.722,PCA,0.707106781186548,,,,,
4.722,K's tau,0.211774671749259,,,,,
4.722,Winsor,0.455315544260906,,,,,
4.722,Quad,0.207312244845605,,,,,
4.722,Ball,0,,,,,
4.722,Shell,0,,,,,
4.722,LR,0,,,,,
4.723,PCA,0.707106781186548,,,,,
4.723,K's tau,0.211729832733432,,,,,
4.723,Winsor,0.455219140376879,,,,,
4.723,Quad,0.207224465765465,,,,,
4.723,Ball,0,,,,,
4.723,Shell,0,,,,,
4.723,LR,0,,,,,
4.724,PCA,0.707106781186548,,,,,
4.724,K's tau,0.211685012701101,,,,,
4.724,Winsor,0.455122777307367,,,,,
4.724,Quad,0.207136742423971,,,,,
4.724,Ball,0,,,,,
4.724,Shell,0,,,,,
4.724,LR,0,,,,,
4.725,PCA,0.707106781186548,,,,,
4.725,K's tau,0.211640211640212,,,,,
4.725,Winsor,0.455026455026455,,,,,
4.725,Quad,0.207049074773943,,,,,
4.725,Ball,0,,,,,
4.725,Shell,0,,,,,
4.725,LR,0,,,,,
4.726,PCA,0.707106781186548,,,,,
4.726,K's tau,0.211595429538722,,,,,
4.726,Winsor,0.454930173508252,,,,,
4.726,Quad,0.206961462768248,,,,,
4.726,Ball,0,,,,,
4.726,Shell,0,,,,,
4.726,LR,0,,,,,
4.727,PCA,0.707106781186548,,,,,
4.727,K's tau,0.211550666384599,,,,,
4.727,Winsor,0.454833932726888,,,,,
4.727,Quad,0.206873906359807,,,,,
4.727,Ball,0,,,,,
4.727,Shell,0,,,,,
4.727,LR,0,,,,,
4.728,PCA,0.707106781186548,,,,,
4.728,K's tau,0.211505922165821,,,,,
4.728,Winsor,0.454737732656514,,,,,
4.728,Quad,0.206786405501588,,,,,
4.728,Ball,0,,,,,
4.728,Shell,0,,,,,
4.728,LR,0,,,,,
4.729,PCA,0.707106781186548,,,,,
4.729,K's tau,0.211461196870374,,,,,
4.729,Winsor,0.454641573271305,,,,,
4.729,Quad,0.206698960146607,,,,,
4.729,Ball,0,,,,,
4.729,Shell,0,,,,,
4.729,LR,0,,,,,
4.73,PCA,0.707106781186548,,,,,
4.73,K's tau,0.211416490486258,,,,,
4.73,Winsor,0.454545454545455,,,,,
4.73,Quad,0.206611570247934,,,,,
4.73,Ball,0,,,,,
4.73,Shell,0,,,,,
4.73,LR,0,,,,,
4.731,PCA,0.707106781186548,,,,,
4.731,K's tau,0.21137180300148,,,,,
4.731,Winsor,0.454449376453181,,,,,
4.731,Quad,0.206524235758685,,,,,
4.731,Ball,0,,,,,
4.731,Shell,0,,,,,
4.731,LR,0,,,,,
4.732,PCA,0.707106781186548,,,,,
4.732,K's tau,0.211327134404057,,,,,
4.732,Winsor,0.454353338968724,,,,,
4.732,Quad,0.206436956632028,,,,,
4.732,Ball,0,,,,,
4.732,Shell,0,,,,,
4.732,LR,0,,,,,
4.733,PCA,0.707106781186548,,,,,
4.733,K's tau,0.21128248468202,,,,,
4.733,Winsor,0.454257342066343,,,,,
4.733,Quad,0.206349732821178,,,,,
4.733,Ball,0,,,,,
4.733,Shell,0,,,,,
4.733,LR,0,,,,,
4.734,PCA,0.707106781186548,,,,,
4.734,K's tau,0.211237853823405,,,,,
4.734,Winsor,0.454161385720321,,,,,
4.734,Quad,0.206262564279402,,,,,
4.734,Ball,0,,,,,
4.734,Shell,0,,,,,
4.734,LR,0,,,,,
4.735,PCA,0.707106781186548,,,,,
4.735,K's tau,0.211193241816262,,,,,
4.735,Winsor,0.454065469904963,,,,,
4.735,Quad,0.206175450960015,,,,,
4.735,Ball,0,,,,,
4.735,Shell,0,,,,,
4.735,LR,0,,,,,
4.736,PCA,0.707106781186548,,,,,
4.736,K's tau,0.211148648648649,,,,,
4.736,Winsor,0.453969594594595,,,,,
4.736,Quad,0.206088392816381,,,,,
4.736,Ball,0,,,,,
4.736,Shell,0,,,,,
4.736,LR,0,,,,,
4.737,PCA,0.707106781186548,,,,,
4.737,K's tau,0.211104074308634,,,,,
4.737,Winsor,0.453873759763564,,,,,
4.737,Quad,0.206001389801913,,,,,
4.737,Ball,0,,,,,
4.737,Shell,0,,,,,
4.737,LR,0,,,,,
4.738,PCA,0.707106781186548,,,,,
4.738,K's tau,0.211059518784297,,,,,
4.738,Winsor,0.453777965386239,,,,,
4.738,Quad,0.205914441870075,,,,,
4.738,Ball,0,,,,,
4.738,Shell,0,,,,,
4.738,LR,0,,,,,
4.739,PCA,0.707106781186548,,,,,
4.739,K's tau,0.211014982063727,,,,,
4.739,Winsor,0.453682211437012,,,,,
4.739,Quad,0.205827548974378,,,,,
4.739,Ball,0,,,,,
4.739,Shell,0,,,,,
4.739,LR,0,,,,,
4.74,PCA,0.707106781186548,,,,,
4.74,K's tau,0.210970464135021,,,,,
4.74,Winsor,0.453586497890295,,,,,
4.74,Quad,0.205740711068383,,,,,
4.74,Ball,0,,,,,
4.74,Shell,0,,,,,
4.74,LR,0,,,,,
4.741,PCA,0.707106781186548,,,,,
4.741,K's tau,0.21092596498629,,,,,
4.741,Winsor,0.453490824720523,,,,,
4.741,Quad,0.2056539281057,,,,,
4.741,Ball,0,,,,,
4.741,Shell,0,,,,,
4.741,LR,0,,,,,
4.742,PCA,0.707106781186548,,,,,
4.742,K's tau,0.210881484605652,,,,,
4.742,Winsor,0.453395191902151,,,,,
4.742,Quad,0.205567200039988,,,,,
4.742,Ball,0,,,,,
4.742,Shell,0,,,,,
4.742,LR,0,,,,,
4.743,PCA,0.707106781186548,,,,,
4.743,K's tau,0.210837022981235,,,,,
4.743,Winsor,0.453299599409656,,,,,
4.743,Quad,0.205480526824955,,,,,
4.743,Ball,0,,,,,
4.743,Shell,0,,,,,
4.743,LR,0,,,,,
4.744,PCA,0.707106781186548,,,,,
4.744,K's tau,0.21079258010118,,,,,
4.744,Winsor,0.453204047217538,,,,,
4.744,Quad,0.205393908414356,,,,,
4.744,Ball,0,,,,,
4.744,Shell,0,,,,,
4.744,LR,0,,,,,
4.745,PCA,0.707106781186548,,,,,
4.745,K's tau,0.210748155953635,,,,,
4.745,Winsor,0.453108535300316,,,,,
4.745,Quad,0.205307344761998,,,,,
4.745,Ball,0,,,,,
4.745,Shell,0,,,,,
4.745,LR,0,,,,,
4.746,PCA,0.707106781186548,,,,,
4.746,K's tau,0.210703750526759,,,,,
4.746,Winsor,0.453013063632533,,,,,
4.746,Quad,0.205220835821733,,,,,
4.746,Ball,0,,,,,
4.746,Shell,0,,,,,
4.746,LR,0,,,,,
4.747,PCA,0.707106781186548,,,,,
4.747,K's tau,0.210659363808721,,,,,
4.747,Winsor,0.452917632188751,,,,,
4.747,Quad,0.205134381547465,,,,,
4.747,Ball,0,,,,,
4.747,Shell,0,,,,,
4.747,LR,0,,,,,
4.748,PCA,0.707106781186548,,,,,
4.748,K's tau,0.2106149957877,,,,,
4.748,Winsor,0.452822240943555,,,,,
4.748,Quad,0.205047981893143,,,,,
4.748,Ball,0,,,,,
4.748,Shell,0,,,,,
4.748,LR,0,,,,,
4.749,PCA,0.707106781186548,,,,,
4.749,K's tau,0.210570646451885,,,,,
4.749,Winsor,0.452726889871552,,,,,
4.749,Quad,0.204961636812768,,,,,
4.749,Ball,0,,,,,
4.749,Shell,0,,,,,
4.749,LR,0,,,,,
4.75,PCA,0.707106781186548,,,,,
4.75,K's tau,0.210526315789474,,,,,
4.75,Winsor,0.452631578947368,,,,,
4.75,Quad,0.204875346260388,,,,,
4.75,Ball,0,,,,,
4.75,Shell,0,,,,,
4.75,LR,0,,,,,
4.751,PCA,0.707106781186548,,,,,
4.751,K's tau,0.210482003788676,,,,,
4.751,Winsor,0.452536308145654,,,,,
4.751,Quad,0.204789110190098,,,,,
4.751,Ball,0,,,,,
4.751,Shell,0,,,,,
4.751,LR,0,,,,,
4.752,PCA,0.707106781186548,,,,,
4.752,K's tau,0.21043771043771,,,,,
4.752,Winsor,0.452441077441077,,,,,
4.752,Quad,0.204702928556043,,,,,
4.752,Ball,0,,,,,
4.752,Shell,0,,,,,
4.752,LR,0,,,,,
4.753,PCA,0.707106781186548,,,,,
4.753,K's tau,0.210393435724805,,,,,
4.753,Winsor,0.452345886808332,,,,,
4.753,Quad,0.204616801312416,,,,,
4.753,Ball,0,,,,,
4.753,Shell,0,,,,,
4.753,LR,0,,,,,
4.754,PCA,0.707106781186548,,,,,
4.754,K's tau,0.210349179638199,,,,,
4.754,Winsor,0.452250736222129,,,,,
4.754,Quad,0.204530728413457,,,,,
4.754,Ball,0,,,,,
4.754,Shell,0,,,,,
4.754,LR,0,,,,,
4.755,PCA,0.707106781186548,,,,,
4.755,K's tau,0.210304942166141,,,,,
4.755,Winsor,0.452155625657203,,,,,
4.755,Quad,0.204444709813457,,,,,
4.755,Ball,0,,,,,
4.755,Shell,0,,,,,
4.755,LR,0,,,,,
4.756,PCA,0.707106781186548,,,,,
4.756,K's tau,0.210260723296888,,,,,
4.756,Winsor,0.452060555088309,,,,,
4.756,Quad,0.20435874546675,,,,,
4.756,Ball,0,,,,,
4.756,Shell,0,,,,,
4.756,LR,0,,,,,
4.757,PCA,0.707106781186548,,,,,
4.757,K's tau,0.210216523018709,,,,,
4.757,Winsor,0.451965524490225,,,,,
4.757,Quad,0.204272835327724,,,,,
4.757,Ball,0,,,,,
4.757,Shell,0,,,,,
4.757,LR,0,,,,,
4.758,PCA,0.707106781186548,,,,,
4.758,K's tau,0.210172341319882,,,,,
4.758,Winsor,0.451870533837747,,,,,
4.758,Quad,0.20418697935081,,,,,
4.758,Ball,0,,,,,
4.758,Shell,0,,,,,
4.758,LR,0,,,,,
4.759,PCA,0.707106781186548,,,,,
4.759,K's tau,0.210128178188695,,,,,
4.759,Winsor,0.451775583105695,,,,,
4.759,Quad,0.20410117749049,,,,,
4.759,Ball,0,,,,,
4.759,Shell,0,,,,,
4.759,LR,0,,,,,
4.76,PCA,0.707106781186548,,,,,
4.76,K's tau,0.210084033613445,,,,,
4.76,Winsor,0.451680672268908,,,,,
4.76,Quad,0.204015429701292,,,,,
4.76,Ball,0,,,,,
4.76,Shell,0,,,,,
4.76,LR,0,,,,,
4.761,PCA,0.707106781186548,,,,,
4.761,K's tau,0.210039907582441,,,,,
4.761,Winsor,0.451585801302247,,,,,
4.761,Quad,0.203929735937793,,,,,
4.761,Ball,0,,,,,
4.761,Shell,0,,,,,
4.761,LR,0,,,,,
4.762,PCA,0.707106781186548,,,,,
4.762,K's tau,0.209995800083998,,,,,
4.762,Winsor,0.451490970180596,,,,,
4.762,Quad,0.203844096154616,,,,,
4.762,Ball,0,,,,,
4.762,Shell,0,,,,,
4.762,LR,0,,,,,
4.763,PCA,0.707106781186548,,,,,
4.763,K's tau,0.209951711106446,,,,,
4.763,Winsor,0.451396178878858,,,,,
4.763,Quad,0.203758510306434,,,,,
4.763,Ball,0,,,,,
4.763,Shell,0,,,,,
4.763,LR,0,,,,,
4.764,PCA,0.707106781186548,,,,,
4.764,K's tau,0.209907640638119,,,,,
4.764,Winsor,0.451301427371956,,,,,
4.764,Quad,0.203672978347965,,,,,
4.764,Ball,0,,,,,
4.764,Shell,0,,,,,
4.764,LR,0,,,,,
4.765,PCA,0.707106781186548,,,,,
4.765,K's tau,0.209863588667366,,,,,
4.765,Winsor,0.451206715634837,,,,,
4.765,Quad,0.203587500233977,,,,,
4.765,Ball,0,,,,,
4.765,Shell,0,,,,,
4.765,LR,0,,,,,
4.766,PCA,0.707106781186548,,,,,
4.766,K's tau,0.209819555182543,,,,,
4.766,Winsor,0.451112043642467,,,,,
4.766,Quad,0.203502075919283,,,,,
4.766,Ball,0,,,,,
4.766,Shell,0,,,,,
4.766,LR,0,,,,,
4.767,PCA,0.707106781186548,,,,,
4.767,K's tau,0.209775540172016,,,,,
4.767,Winsor,0.451017411369834,,,,,
4.767,Quad,0.203416705358746,,,,,
4.767,Ball,0,,,,,
4.767,Shell,0,,,,,
4.767,LR,0,,,,,
4.768,PCA,0.707106781186548,,,,,
4.768,K's tau,0.209731543624161,,,,,
4.768,Winsor,0.450922818791946,,,,,
4.768,Quad,0.203331388507274,,,,,
4.768,Ball,0,,,,,
4.768,Shell,0,,,,,
4.768,LR,0,,,,,
4.769,PCA,0.707106781186548,,,,,
4.769,K's tau,0.209687565527364,,,,,
4.769,Winsor,0.450828265883833,,,,,
4.769,Quad,0.203246125319824,,,,,
4.769,Ball,0,,,,,
4.769,Shell,0,,,,,
4.769,LR,0,,,,,
4.77,PCA,0.707106781186548,,,,,
4.77,K's tau,0.209643605870021,,,,,
4.77,Winsor,0.450733752620545,,,,,
4.77,Quad,0.203160915751399,,,,,
4.77,Ball,0,,,,,
4.77,Shell,0,,,,,
4.77,LR,0,,,,,
4.771,PCA,0.707106781186548,,,,,
4.771,K's tau,0.209599664640537,,,,,
4.771,Winsor,0.450639278977154,,,,,
4.771,Quad,0.203075759757049,,,,,
4.771,Ball,0,,,,,
4.771,Shell,0,,,,,
4.771,LR,0,,,,,
4.772,PCA,0.707106781186548,,,,,
4.772,K's tau,0.209555741827326,,,,,
4.772,Winsor,0.450544844928751,,,,,
4.772,Quad,0.202990657291872,,,,,
4.772,Ball,0,,,,,
4.772,Shell,0,,,,,
4.772,LR,0,,,,,
4.773,PCA,0.707106781186548,,,,,
4.773,K's tau,0.209511837418814,,,,,
4.773,Winsor,0.450450450450451,,,,,
4.773,Quad,0.202905608311014,,,,,
4.773,Ball,0,,,,,
4.773,Shell,0,,,,,
4.773,LR,0,,,,,
4.774,PCA,0.707106781186548,,,,,
4.774,K's tau,0.209467951403435,,,,,
4.774,Winsor,0.450356095517386,,,,,
4.774,Quad,0.202820612769665,,,,,
4.774,Ball,0,,,,,
4.774,Shell,0,,,,,
4.774,LR,0,,,,,
4.775,PCA,0.707106781186548,,,,,
4.775,K's tau,0.209424083769634,,,,,
4.775,Winsor,0.450261780104712,,,,,
4.775,Quad,0.202735670623064,,,,,
4.775,Ball,0,,,,,
4.775,Shell,0,,,,,
4.775,LR,0,,,,,
4.776,PCA,0.707106781186548,,,,,
4.776,K's tau,0.209380234505863,,,,,
4.776,Winsor,0.450167504187605,,,,,
4.776,Quad,0.202650781826497,,,,,
4.776,Ball,0,,,,,
4.776,Shell,0,,,,,
4.776,LR,0,,,,,
4.777,PCA,0.707106781186548,,,,,
4.777,K's tau,0.209336403600586,,,,,
4.777,Winsor,0.45007326774126,,,,,
4.777,Quad,0.202565946335296,,,,,
4.777,Ball,0,,,,,
4.777,Shell,0,,,,,
4.777,LR,0,,,,,
4.778,PCA,0.707106781186548,,,,,
4.778,K's tau,0.209292591042277,,,,,
4.778,Winsor,0.449979070740896,,,,,
4.778,Quad,0.20248116410484,,,,,
4.778,Ball,0,,,,,
4.778,Shell,0,,,,,
4.778,LR,0,,,,,
4.779,PCA,0.707106781186548,,,,,
4.779,K's tau,0.209248796819418,,,,,
4.779,Winsor,0.449884913161749,,,,,
4.779,Quad,0.202396435090555,,,,,
4.779,Ball,0,,,,,
4.779,Shell,0,,,,,
4.779,LR,0,,,,,
4.78,PCA,0.707106781186548,,,,,
4.78,K's tau,0.209205020920502,,,,,
4.78,Winsor,0.44979079497908,,,,,
4.78,Quad,0.202311759247912,,,,,
4.78,Ball,0,,,,,
4.78,Shell,0,,,,,
4.78,LR,0,,,,,
4.781,PCA,0.707106781186548,,,,,
4.781,K's tau,0.209161263334031,,,,,
4.781,Winsor,0.449696716168166,,,,,
4.781,Quad,0.202227136532432,,,,,
4.781,Ball,0,,,,,
4.781,Shell,0,,,,,
4.781,LR,0,,,,,
4.782,PCA,0.707106781186548,,,,,
4.782,K's tau,0.209117524048515,,,,,
4.782,Winsor,0.449602676704308,,,,,
4.782,Quad,0.202142566899678,,,,,
4.782,Ball,0,,,,,
4.782,Shell,0,,,,,
4.782,LR,0,,,,,
4.783,PCA,0.707106781186548,,,,,
4.783,K's tau,0.209073803052478,,,,,
4.783,Winsor,0.449508676562827,,,,,
4.783,Quad,0.202058050305264,,,,,
4.783,Ball,0,,,,,
4.783,Shell,0,,,,,
4.783,LR,0,,,,,
4.784,PCA,0.707106781186548,,,,,
4.784,K's tau,0.209030100334448,,,,,
4.784,Winsor,0.449414715719064,,,,,
4.784,Quad,0.201973586704847,,,,,
4.784,Ball,0,,,,,
4.784,Shell,0,,,,,
4.784,LR,0,,,,,
4.785,PCA,0.707106781186548,,,,,
4.785,K's tau,0.208986415882968,,,,,
4.785,Winsor,0.44932079414838,,,,,
4.785,Quad,0.201889176054131,,,,,
4.785,Ball,0,,,,,
4.785,Shell,0,,,,,
4.785,LR,0,,,,,
4.786,PCA,0.707106781186548,,,,,
4.786,K's tau,0.208942749686586,,,,,
4.786,Winsor,0.44922691182616,,,,,
4.786,Quad,0.201804818308868,,,,,
4.786,Ball,0,,,,,
4.786,Shell,0,,,,,
4.786,LR,0,,,,,
4.787,PCA,0.707106781186548,,,,,
4.787,K's tau,0.208899101733863,,,,,
4.787,Winsor,0.449133068727804,,,,,
4.787,Quad,0.201720513424855,,,,,
4.787,Ball,0,,,,,
4.787,Shell,0,,,,,
4.787,LR,0,,,,,
4.788,PCA,0.707106781186548,,,,,
4.788,K's tau,0.208855472013367,,,,,
4.788,Winsor,0.449039264828738,,,,,
4.788,Quad,0.201636261357934,,,,,
4.788,Ball,0,,,,,
4.788,Shell,0,,,,,
4.788,LR,0,,,,,
4.789,PCA,0.707106781186548,,,,,
4.789,K's tau,0.208811860513677,,,,,
4.789,Winsor,0.448945500104406,,,,,
4.789,Quad,0.201552062063995,,,,,
4.789,Ball,0,,,,,
4.789,Shell,0,,,,,
4.789,LR,0,,,,,
4.79,PCA,0.707106781186548,,,,,
4.79,K's tau,0.208768267223382,,,,,
4.79,Winsor,0.448851774530271,,,,,
4.79,Quad,0.201467915498974,,,,,
4.79,Ball,0,,,,,
4.79,Shell,0,,,,,
4.79,LR,0,,,,,
4.791,PCA,0.707106781186548,,,,,
4.791,K's tau,0.208724692131079,,,,,
4.791,Winsor,0.44875808808182,,,,,
4.791,Quad,0.201383821618851,,,,,
4.791,Ball,0,,,,,
4.791,Shell,0,,,,,
4.791,LR,0,,,,,
4.792,PCA,0.707106781186548,,,,,
4.792,K's tau,0.208681135225376,,,,,
4.792,Winsor,0.448664440734558,,,,,
4.792,Quad,0.201299780379653,,,,,
4.792,Ball,0,,,,,
4.792,Shell,0,,,,,
4.792,LR,0,,,,,
4.793,PCA,0.707106781186548,,,,,
4.793,K's tau,0.208637596494888,,,,,
4.793,Winsor,0.44857083246401,,,,,
4.793,Quad,0.201215791737455,,,,,
4.793,Ball,0,,,,,
4.793,Shell,0,,,,,
4.793,LR,0,,,,,
4.794,PCA,0.707106781186548,,,,,
4.794,K's tau,0.208594075928244,,,,,
4.794,Winsor,0.448477263245724,,,,,
4.794,Quad,0.201131855648374,,,,,
4.794,Ball,0,,,,,
4.794,Shell,0,,,,,
4.794,LR,0,,,,,
4.795,PCA,0.707106781186548,,,,,
4.795,K's tau,0.208550573514077,,,,,
4.795,Winsor,0.448383733055266,,,,,
4.795,Quad,0.201047972068576,,,,,
4.795,Ball,0,,,,,
4.795,Shell,0,,,,,
4.795,LR,0,,,,,
4.796,PCA,0.707106781186548,,,,,
4.796,K's tau,0.208507089241034,,,,,
4.796,Winsor,0.448290241868224,,,,,
4.796,Quad,0.20096414095427,,,,,
4.796,Ball,0,,,,,
4.796,Shell,0,,,,,
4.796,LR,0,,,,,
4.797,PCA,0.707106781186548,,,,,
4.797,K's tau,0.208463623097769,,,,,
4.797,Winsor,0.448196789660204,,,,,
4.797,Quad,0.200880362261713,,,,,
4.797,Ball,0,,,,,
4.797,Shell,0,,,,,
4.797,LR,0,,,,,
4.798,PCA,0.707106781186548,,,,,
4.798,K's tau,0.208420175072947,,,,,
4.798,Winsor,0.448103376406836,,,,,
4.798,Quad,0.200796635947207,,,,,
4.798,Ball,0,,,,,
4.798,Shell,0,,,,,
4.798,LR,0,,,,,
4.799,PCA,0.707106781186548,,,,,
4.799,K's tau,0.208376745155241,,,,,
4.799,Winsor,0.448010002083768,,,,,
4.799,Quad,0.200712961967097,,,,,
4.799,Ball,0,,,,,
4.799,Shell,0,,,,,
4.799,LR,0,,,,,
4.8,PCA,0.707106781186548,,,,,
4.8,K's tau,0.208333333333333,,,,,
4.8,Winsor,0.447916666666667,,,,,
4.8,Quad,0.200629340277778,,,,,
4.8,Ball,0,,,,,
4.8,Shell,0,,,,,
4.8,LR,0,,,,,
4.801,PCA,0.707106781186548,,,,,
4.801,K's tau,0.208289939595918,,,,,
4.801,Winsor,0.447823370131223,,,,,
4.801,Quad,0.200545770835686,,,,,
4.801,Ball,0,,,,,
4.801,Shell,0,,,,,
4.801,LR,0,,,,,
4.802,PCA,0.707106781186548,,,,,
4.802,K's tau,0.208246563931695,,,,,
4.802,Winsor,0.447730112453145,,,,,
4.802,Quad,0.200462253597305,,,,,
4.802,Ball,0,,,,,
4.802,Shell,0,,,,,
4.802,LR,0,,,,,
4.803,PCA,0.707106781186548,,,,,
4.803,K's tau,0.208203206329377,,,,,
4.803,Winsor,0.447636893608162,,,,,
4.803,Quad,0.200378788519165,,,,,
4.803,Ball,0,,,,,
4.803,Shell,0,,,,,
4.803,LR,0,,,,,
4.804,PCA,0.707106781186548,,,,,
4.804,K's tau,0.208159866777685,,,,,
4.804,Winsor,0.447543713572023,,,,,
4.804,Quad,0.200295375557837,,,,,
4.804,Ball,0,,,,,
4.804,Shell,0,,,,,
4.804,LR,0,,,,,
4.805,PCA,0.707106781186548,,,,,
4.805,K's tau,0.208116545265349,,,,,
4.805,Winsor,0.4474505723205,,,,,
4.805,Quad,0.200212014669943,,,,,
4.805,Ball,0,,,,,
4.805,Shell,0,,,,,
4.805,LR,0,,,,,
4.806,PCA,0.707106781186548,,,,,
4.806,K's tau,0.208073241781107,,,,,
4.806,Winsor,0.44735746982938,,,,,
4.806,Quad,0.200128705812145,,,,,
4.806,Ball,0,,,,,
4.806,Shell,0,,,,,
4.806,LR,0,,,,,
4.807,PCA,0.707106781186548,,,,,
4.807,K's tau,0.208029956313709,,,,,
4.807,Winsor,0.447264406074475,,,,,
4.807,Quad,0.200045448941153,,,,,
4.807,Ball,0,,,,,
4.807,Shell,0,,,,,
4.807,LR,0,,,,,
4.808,PCA,0.707106781186548,,,,,
4.808,K's tau,0.207986688851913,,,,,
4.808,Winsor,0.447171381031614,,,,,
4.808,Quad,0.199962244013721,,,,,
4.808,Ball,0,,,,,
4.808,Shell,0,,,,,
4.808,LR,0,,,,,
4.809,PCA,0.707106781186548,,,,,
4.809,K's tau,0.207943439384487,,,,,
4.809,Winsor,0.447078394676648,,,,,
4.809,Quad,0.199879090986649,,,,,
4.809,Ball,0,,,,,
4.809,Shell,0,,,,,
4.809,LR,0,,,,,
4.81,PCA,0.707106781186548,,,,,
4.81,K's tau,0.207900207900208,,,,,
4.81,Winsor,0.446985446985447,,,,,
4.81,Quad,0.19979598981678,,,,,
4.81,Ball,0,,,,,
4.81,Shell,0,,,,,
4.81,LR,0,,,,,
4.811,PCA,0.707106781186548,,,,,
4.811,K's tau,0.207856994387861,,,,,
4.811,Winsor,0.446892537933902,,,,,
4.811,Quad,0.199712940461004,,,,,
4.811,Ball,0,,,,,
4.811,Shell,0,,,,,
4.811,LR,0,,,,,
4.812,PCA,0.707106781186548,,,,,
4.812,K's tau,0.207813798836243,,,,,
4.812,Winsor,0.446799667497922,,,,,
4.812,Quad,0.199629942876253,,,,,
4.812,Ball,0,,,,,
4.812,Shell,0,,,,,
4.812,LR,0,,,,,
4.813,PCA,0.707106781186548,,,,,
4.813,K's tau,0.207770621234158,,,,,
4.813,Winsor,0.446706835653439,,,,,
4.813,Quad,0.199546997019508,,,,,
4.813,Ball,0,,,,,
4.813,Shell,0,,,,,
4.813,LR,0,,,,,
4.814,PCA,0.707106781186548,,,,,
4.814,K's tau,0.20772746157042,,,,,
4.814,Winsor,0.446614042376402,,,,,
4.814,Quad,0.199464102847791,,,,,
4.814,Ball,0,,,,,
4.814,Shell,0,,,,,
4.814,LR,0,,,,,
4.815,PCA,0.707106781186548,,,,,
4.815,K's tau,0.207684319833853,,,,,
4.815,Winsor,0.446521287642783,,,,,
4.815,Quad,0.199381260318169,,,,,
4.815,Ball,0,,,,,
4.815,Shell,0,,,,,
4.815,LR,0,,,,,
4.816,PCA,0.707106781186548,,,,,
4.816,K's tau,0.207641196013289,,,,,
4.816,Winsor,0.446428571428571,,,,,
4.816,Quad,0.199298469387755,,,,,
4.816,Ball,0,,,,,
4.816,Shell,0,,,,,
4.816,LR,0,,,,,
4.817,PCA,0.707106781186548,,,,,
4.817,K's tau,0.207598090097571,,,,,
4.817,Winsor,0.446335893709778,,,,,
4.817,Quad,0.199215730013706,,,,,
4.817,Ball,0,,,,,
4.817,Shell,0,,,,,
4.817,LR,0,,,,,
4.818,PCA,0.707106781186548,,,,,
4.818,K's tau,0.20755500207555,,,,,
4.818,Winsor,0.446243254462433,,,,,
4.818,Quad,0.199133042153223,,,,,
4.818,Ball,0,,,,,
4.818,Shell,0,,,,,
4.818,LR,0,,,,,
4.819,PCA,0.707106781186548,,,,,
4.819,K's tau,0.207511931936086,,,,,
4.819,Winsor,0.446150653662586,,,,,
4.819,Quad,0.199050405763552,,,,,
4.819,Ball,0,,,,,
4.819,Shell,0,,,,,
4.819,LR,0,,,,,
4.82,PCA,0.707106781186548,,,,,
4.82,K's tau,0.20746887966805,,,,,
4.82,Winsor,0.446058091286307,,,,,
4.82,Quad,0.198967820801983,,,,,
4.82,Ball,0,,,,,
4.82,Shell,0,,,,,
4.82,LR,0,,,,,
4.821,PCA,0.707106781186548,,,,,
4.821,K's tau,0.207425845260319,,,,,
4.821,Winsor,0.445965567309687,,,,,
4.821,Quad,0.198885287225851,,,,,
4.821,Ball,0,,,,,
4.821,Shell,0,,,,,
4.821,LR,0,,,,,
4.822,PCA,0.707106781186548,,,,,
4.822,K's tau,0.207382828701784,,,,,
4.822,Winsor,0.445873081708834,,,,,
4.822,Quad,0.198802804992533,,,,,
4.822,Ball,0,,,,,
4.822,Shell,0,,,,,
4.822,LR,0,,,,,
4.823,PCA,0.707106781186548,,,,,
4.823,K's tau,0.207339829981339,,,,,
4.823,Winsor,0.44578063445988,,,,,
4.823,Quad,0.198720374059453,,,,,
4.823,Ball,0,,,,,
4.823,Shell,0,,,,,
4.823,LR,0,,,,,
4.824,PCA,0.707106781186548,,,,,
4.824,K's tau,0.207296849087894,,,,,
4.824,Winsor,0.445688225538972,,,,,
4.824,Quad,0.198637994384077,,,,,
4.824,Ball,0,,,,,
4.824,Shell,0,,,,,
4.824,LR,0,,,,,
4.825,PCA,0.707106781186548,,,,,
4.825,K's tau,0.207253886010363,,,,,
4.825,Winsor,0.44559585492228,,,,,
4.825,Quad,0.198555665923917,,,,,
4.825,Ball,0,,,,,
4.825,Shell,0,,,,,
4.825,LR,0,,,,,
4.826,PCA,0.707106781186548,,,,,
4.826,K's tau,0.207210940737671,,,,,
4.826,Winsor,0.445503522585993,,,,,
4.826,Quad,0.198473388636528,,,,,
4.826,Ball,0,,,,,
4.826,Shell,0,,,,,
4.826,LR,0,,,,,
4.827,PCA,0.707106781186548,,,,,
4.827,K's tau,0.207168013258753,,,,,
4.827,Winsor,0.445411228506319,,,,,
4.827,Quad,0.198391162479508,,,,,
4.827,Ball,0,,,,,
4.827,Shell,0,,,,,
4.827,LR,0,,,,,
4.828,PCA,0.707106781186548,,,,,
4.828,K's tau,0.207125103562552,,,,,
4.828,Winsor,0.445318972659486,,,,,
4.828,Quad,0.1983089874105,,,,,
4.828,Ball,0,,,,,
4.828,Shell,0,,,,,
4.828,LR,0,,,,,
4.829,PCA,0.707106781186548,,,,,
4.829,K's tau,0.20708221163802,,,,,
4.829,Winsor,0.445226755021744,,,,,
4.829,Quad,0.198226863387192,,,,,
4.829,Ball,0,,,,,
4.829,Shell,0,,,,,
4.829,LR,0,,,,,
4.83,PCA,0.707106781186548,,,,,
4.83,K's tau,0.20703933747412,,,,,
4.83,Winsor,0.445134575569358,,,,,
4.83,Quad,0.198144790367313,,,,,
4.83,Ball,0,,,,,
4.83,Shell,0,,,,,
4.83,LR,0,,,,,
4.831,PCA,0.707106781186548,,,,,
4.831,K's tau,0.206996481059822,,,,,
4.831,Winsor,0.445042434278617,,,,,
4.831,Quad,0.198062768308637,,,,,
4.831,Ball,0,,,,,
4.831,Shell,0,,,,,
4.831,LR,0,,,,,
4.832,PCA,0.707106781186548,,,,,
4.832,K's tau,0.206953642384106,,,,,
4.832,Winsor,0.444950331125828,,,,,
4.832,Quad,0.197980797168984,,,,,
4.832,Ball,0,,,,,
4.832,Shell,0,,,,,
4.832,LR,0,,,,,
4.833,PCA,0.707106781186548,,,,,
4.833,K's tau,0.206910821435961,,,,,
4.833,Winsor,0.444858266087316,,,,,
4.833,Quad,0.197898876906214,,,,,
4.833,Ball,0,,,,,
4.833,Shell,0,,,,,
4.833,LR,0,,,,,
4.834,PCA,0.707106781186548,,,,,
4.834,K's tau,0.206868018204386,,,,,
4.834,Winsor,0.444766239139429,,,,,
4.834,Quad,0.197817007478232,,,,,
4.834,Ball,0,,,,,
4.834,Shell,0,,,,,
4.834,LR,0,,,,,
4.835,PCA,0.707106781186548,,,,,
4.835,K's tau,0.206825232678387,,,,,
4.835,Winsor,0.444674250258532,,,,,
4.835,Quad,0.197735188842987,,,,,
4.835,Ball,0,,,,,
4.835,Shell,0,,,,,
4.835,LR,0,,,,,
4.836,PCA,0.707106781186548,,,,,
4.836,K's tau,0.206782464846981,,,,,
4.836,Winsor,0.444582299421009,,,,,
4.836,Quad,0.197653420958472,,,,,
4.836,Ball,0,,,,,
4.836,Shell,0,,,,,
4.836,LR,0,,,,,
4.837,PCA,0.707106781186548,,,,,
4.837,K's tau,0.206739714699194,,,,,
4.837,Winsor,0.444490386603267,,,,,
4.837,Quad,0.197571703782721,,,,,
4.837,Ball,0,,,,,
4.837,Shell,0,,,,,
4.837,LR,0,,,,,
4.838,PCA,0.707106781186548,,,,,
4.838,K's tau,0.20669698222406,,,,,
4.838,Winsor,0.444398511781728,,,,,
4.838,Quad,0.197490037273815,,,,,
4.838,Ball,0,,,,,
4.838,Shell,0,,,,,
4.838,LR,0,,,,,
4.839,PCA,0.707106781186548,,,,,
4.839,K's tau,0.206654267410622,,,,,
4.839,Winsor,0.444306674932837,,,,,
4.839,Quad,0.197408421389874,,,,,
4.839,Ball,0,,,,,
4.839,Shell,0,,,,,
4.839,LR,0,,,,,
4.84,PCA,0.707106781186548,,,,,
4.84,K's tau,0.206611570247934,,,,,
4.84,Winsor,0.444214876033058,,,,,
4.84,Quad,0.197326856089065,,,,,
4.84,Ball,0,,,,,
4.84,Shell,0,,,,,
4.84,LR,0,,,,,
4.841,PCA,0.707106781186548,,,,,
4.841,K's tau,0.206568890725057,,,,,
4.841,Winsor,0.444123115058872,,,,,
4.841,Quad,0.197245341329596,,,,,
4.841,Ball,0,,,,,
4.841,Shell,0,,,,,
4.841,LR,0,,,,,
4.842,PCA,0.707106781186548,,,,,
4.842,K's tau,0.206526228831062,,,,,
4.842,Winsor,0.444031391986782,,,,,
4.842,Quad,0.19716387706972,,,,,
4.842,Ball,0,,,,,
4.842,Shell,0,,,,,
4.842,LR,0,,,,,
4.843,PCA,0.707106781186548,,,,,
4.843,K's tau,0.206483584555028,,,,,
4.843,Winsor,0.44393970679331,,,,,
4.843,Quad,0.19708246326773,,,,,
4.843,Ball,0,,,,,
4.843,Shell,0,,,,,
4.843,LR,0,,,,,
4.844,PCA,0.707106781186548,,,,,
4.844,K's tau,0.206440957886045,,,,,
4.844,Winsor,0.443848059454996,,,,,
4.844,Quad,0.197001099881966,,,,,
4.844,Ball,0,,,,,
4.844,Shell,0,,,,,
4.844,LR,0,,,,,
4.845,PCA,0.707106781186548,,,,,
4.845,K's tau,0.20639834881321,,,,,
4.845,Winsor,0.4437564499484,,,,,
4.845,Quad,0.196919786870807,,,,,
4.845,Ball,0,,,,,
4.845,Shell,0,,,,,
4.845,LR,0,,,,,
4.846,PCA,0.707106781186548,,,,,
4.846,K's tau,0.206355757325629,,,,,
4.846,Winsor,0.443664878250103,,,,,
4.846,Quad,0.196838524192679,,,,,
4.846,Ball,0,,,,,
4.846,Shell,0,,,,,
4.846,LR,0,,,,,
4.847,PCA,0.707106781186548,,,,,
4.847,K's tau,0.20631318341242,,,,,
4.847,Winsor,0.443573344336703,,,,,
4.847,Quad,0.196757311806047,,,,,
4.847,Ball,0,,,,,
4.847,Shell,0,,,,,
4.847,LR,0,,,,,
4.848,PCA,0.707106781186548,,,,,
4.848,K's tau,0.206270627062706,,,,,
4.848,Winsor,0.443481848184818,,,,,
4.848,Quad,0.196676149669422,,,,,
4.848,Ball,0,,,,,
4.848,Shell,0,,,,,
4.848,LR,0,,,,,
4.849,PCA,0.707106781186548,,,,,
4.849,K's tau,0.206228088265622,,,,,
4.849,Winsor,0.443390389771087,,,,,
4.849,Quad,0.196595037741356,,,,,
4.849,Ball,0,,,,,
4.849,Shell,0,,,,,
4.849,LR,0,,,,,
4.85,PCA,0.707106781186548,,,,,
4.85,K's tau,0.206185567010309,,,,,
4.85,Winsor,0.443298969072165,,,,,
4.85,Quad,0.196513975980444,,,,,
4.85,Ball,0,,,,,
4.85,Shell,0,,,,,
4.85,LR,0,,,,,
4.851,PCA,0.707106781186548,,,,,
4.851,K's tau,0.20614306328592,,,,,
4.851,Winsor,0.443207586064729,,,,,
4.851,Quad,0.196432964345324,,,,,
4.851,Ball,0,,,,,
4.851,Shell,0,,,,,
4.851,LR,0,,,,,
4.852,PCA,0.707106781186548,,,,,
4.852,K's tau,0.206100577081616,,,,,
4.852,Winsor,0.443116240725474,,,,,
4.852,Quad,0.196352002794676,,,,,
4.852,Ball,0,,,,,
4.852,Shell,0,,,,,
4.852,LR,0,,,,,
4.853,PCA,0.707106781186548,,,,,
4.853,K's tau,0.206058108386565,,,,,
4.853,Winsor,0.443024933031115,,,,,
4.853,Quad,0.196271091287224,,,,,
4.853,Ball,0,,,,,
4.853,Shell,0,,,,,
4.853,LR,0,,,,,
4.854,PCA,0.707106781186548,,,,,
4.854,K's tau,0.206015657189946,,,,,
4.854,Winsor,0.442933662958385,,,,,
4.854,Quad,0.196190229781732,,,,,
4.854,Ball,0,,,,,
4.854,Shell,0,,,,,
4.854,LR,0,,,,,
4.855,PCA,0.707106781186548,,,,,
4.855,K's tau,0.205973223480947,,,,,
4.855,Winsor,0.442842430484037,,,,,
4.855,Quad,0.196109418237009,,,,,
4.855,Ball,0,,,,,
4.855,Shell,0,,,,,
4.855,LR,0,,,,,
4.856,PCA,0.707106781186548,,,,,
4.856,K's tau,0.205930807248764,,,,,
4.856,Winsor,0.442751235584843,,,,,
4.856,Quad,0.196028656611906,,,,,
4.856,Ball,0,,,,,
4.856,Shell,0,,,,,
4.856,LR,0,,,,,
4.857,PCA,0.707106781186548,,,,,
4.857,K's tau,0.205888408482602,,,,,
4.857,Winsor,0.442660078237595,,,,,
4.857,Quad,0.195947944865314,,,,,
4.857,Ball,0,,,,,
4.857,Shell,0,,,,,
4.857,LR,0,,,,,
4.858,PCA,0.707106781186548,,,,,
4.858,K's tau,0.205846027171676,,,,,
4.858,Winsor,0.442568958419103,,,,,
4.858,Quad,0.195867282956169,,,,,
4.858,Ball,0,,,,,
4.858,Shell,0,,,,,
4.858,LR,0,,,,,
4.859,PCA,0.707106781186548,,,,,
4.859,K's tau,0.205803663305207,,,,,
4.859,Winsor,0.442477876106195,,,,,
4.859,Quad,0.195786670843449,,,,,
4.859,Ball,0,,,,,
4.859,Shell,0,,,,,
4.859,LR,0,,,,,
4.86,PCA,0.707106781186548,,,,,
4.86,K's tau,0.205761316872428,,,,,
4.86,Winsor,0.44238683127572,,,,,
4.86,Quad,0.195706108486172,,,,,
4.86,Ball,0,,,,,
4.86,Shell,0,,,,,
4.86,LR,0,,,,,
4.861,PCA,0.707106781186548,,,,,
4.861,K's tau,0.20571898786258,,,,,
4.861,Winsor,0.442295823904546,,,,,
4.861,Quad,0.195625595843402,,,,,
4.861,Ball,0,,,,,
4.861,Shell,0,,,,,
4.861,LR,0,,,,,
4.862,PCA,0.707106781186548,,,,,
4.862,K's tau,0.205676676264912,,,,,
4.862,Winsor,0.44220485396956,,,,,
4.862,Quad,0.19554513287424,,,,,
4.862,Ball,0,,,,,
4.862,Shell,0,,,,,
4.862,LR,0,,,,,
4.863,PCA,0.707106781186548,,,,,
4.863,K's tau,0.205634382068682,,,,,
4.863,Winsor,0.442113921447666,,,,,
4.863,Quad,0.195464719537833,,,,,
4.863,Ball,0,,,,,
4.863,Shell,0,,,,,
4.863,LR,0,,,,,
4.864,PCA,0.707106781186548,,,,,
4.864,K's tau,0.205592105263158,,,,,
4.864,Winsor,0.442023026315789,,,,,
4.864,Quad,0.195384355793369,,,,,
4.864,Ball,0,,,,,
4.864,Shell,0,,,,,
4.864,LR,0,,,,,
4.865,PCA,0.707106781186548,,,,,
4.865,K's tau,0.205549845837616,,,,,
4.865,Winsor,0.441932168550874,,,,,
4.865,Quad,0.195304041600078,,,,,
4.865,Ball,0,,,,,
4.865,Shell,0,,,,,
4.865,LR,0,,,,,
4.866,PCA,0.707106781186548,,,,,
4.866,K's tau,0.20550760378134,,,,,
4.866,Winsor,0.441841348129881,,,,,
4.866,Quad,0.195223776917231,,,,,
4.866,Ball,0,,,,,
4.866,Shell,0,,,,,
4.866,LR,0,,,,,
4.867,PCA,0.707106781186548,,,,,
4.867,K's tau,0.205465379083624,,,,,
4.867,Winsor,0.441750565029793,,,,,
4.867,Quad,0.195143561704141,,,,,
4.867,Ball,0,,,,,
4.867,Shell,0,,,,,
4.867,LR,0,,,,,
4.868,PCA,0.707106781186548,,,,,
4.868,K's tau,0.205423171733772,,,,,
4.868,Winsor,0.441659819227609,,,,,
4.868,Quad,0.195063395920164,,,,,
4.868,Ball,0,,,,,
4.868,Shell,0,,,,,
4.868,LR,0,,,,,
4.869,PCA,0.707106781186548,,,,,
4.869,K's tau,0.205380981721093,,,,,
4.869,Winsor,0.441569110700349,,,,,
4.869,Quad,0.194983279524697,,,,,
4.869,Ball,0,,,,,
4.869,Shell,0,,,,,
4.869,LR,0,,,,,
4.87,PCA,0.707106781186548,,,,,
4.87,K's tau,0.205338809034908,,,,,
4.87,Winsor,0.441478439425051,,,,,
4.87,Quad,0.194903212477179,,,,,
4.87,Ball,0,,,,,
4.87,Shell,0,,,,,
4.87,LR,0,,,,,
4.871,PCA,0.707106781186548,,,,,
4.871,K's tau,0.205296653664545,,,,,
4.871,Winsor,0.441387805378772,,,,,
4.871,Quad,0.194823194737089,,,,,
4.871,Ball,0,,,,,
4.871,Shell,0,,,,,
4.871,LR,0,,,,,
4.872,PCA,0.707106781186548,,,,,
4.872,K's tau,0.205254515599343,,,,,
4.872,Winsor,0.441297208538588,,,,,
4.872,Quad,0.19474322626395,,,,,
4.872,Ball,0,,,,,
4.872,Shell,0,,,,,
4.872,LR,0,,,,,
4.873,PCA,0.707106781186548,,,,,
4.873,K's tau,0.205212394828648,,,,,
4.873,Winsor,0.441206648881592,,,,,
4.873,Quad,0.194663307017325,,,,,
4.873,Ball,0,,,,,
4.873,Shell,0,,,,,
4.873,LR,0,,,,,
4.874,PCA,0.707106781186548,,,,,
4.874,K's tau,0.205170291341814,,,,,
4.874,Winsor,0.4411161263849,,,,,
4.874,Quad,0.194583436956819,,,,,
4.874,Ball,0,,,,,
4.874,Shell,0,,,,,
4.874,LR,0,,,,,
4.875,PCA,0.707106781186548,,,,,
4.875,K's tau,0.205128205128205,,,,,
4.875,Winsor,0.441025641025641,,,,,
4.875,Quad,0.194503616042078,,,,,
4.875,Ball,0,,,,,
4.875,Shell,0,,,,,
4.875,LR,0,,,,,
4.876,PCA,0.707106781186548,,,,,
4.876,K's tau,0.205086136177194,,,,,
4.876,Winsor,0.440935192780968,,,,,
4.876,Quad,0.194423844232789,,,,,
4.876,Ball,0,,,,,
4.876,Shell,0,,,,,
4.876,LR,0,,,,,
4.877,PCA,0.707106781186548,,,,,
4.877,K's tau,0.205044084478163,,,,,
4.877,Winsor,0.44084478162805,,,,,
4.877,Quad,0.194344121488683,,,,,
4.877,Ball,0,,,,,
4.877,Shell,0,,,,,
4.877,LR,0,,,,,
4.878,PCA,0.707106781186548,,,,,
4.878,K's tau,0.2050020500205,,,,,
4.878,Winsor,0.440754407544075,,,,,
4.878,Quad,0.194264447769529,,,,,
4.878,Ball,0,,,,,
4.878,Shell,0,,,,,
4.878,LR,0,,,,,
4.879,PCA,0.707106781186548,,,,,
4.879,K's tau,0.204960032793605,,,,,
4.879,Winsor,0.440664070506251,,,,,
4.879,Quad,0.194184823035138,,,,,
4.879,Ball,0,,,,,
4.879,Shell,0,,,,,
4.879,LR,0,,,,,
4.88,PCA,0.707106781186548,,,,,
4.88,K's tau,0.204918032786885,,,,,
4.88,Winsor,0.440573770491803,,,,,
4.88,Quad,0.194105247245364,,,,,
4.88,Ball,0,,,,,
4.88,Shell,0,,,,,
4.88,LR,0,,,,,
4.881,PCA,0.707106781186548,,,,,
4.881,K's tau,0.204876049989756,,,,,
4.881,Winsor,0.440483507477976,,,,,
4.881,Quad,0.1940257203601,,,,,
4.881,Ball,0,,,,,
4.881,Shell,0,,,,,
4.881,LR,0,,,,,
4.882,PCA,0.707106781186548,,,,,
4.882,K's tau,0.204834084391643,,,,,
4.882,Winsor,0.440393281442032,,,,,
4.882,Quad,0.193946242339281,,,,,
4.882,Ball,0,,,,,
4.882,Shell,0,,,,,
4.882,LR,0,,,,,
4.883,PCA,0.707106781186548,,,,,
4.883,K's tau,0.204792135981978,,,,,
4.883,Winsor,0.440303092361253,,,,,
4.883,Quad,0.193866813142882,,,,,
4.883,Ball,0,,,,,
4.883,Shell,0,,,,,
4.883,LR,0,,,,,
4.884,PCA,0.707106781186548,,,,,
4.884,K's tau,0.204750204750205,,,,,
4.884,Winsor,0.44021294021294,,,,,
4.884,Quad,0.193787432730922,,,,,
4.884,Ball,0,,,,,
4.884,Shell,0,,,,,
4.884,LR,0,,,,,
4.885,PCA,0.707106781186548,,,,,
4.885,K's tau,0.204708290685773,,,,,
4.885,Winsor,0.440122824974412,,,,,
4.885,Quad,0.193708101063456,,,,,
4.885,Ball,0,,,,,
4.885,Shell,0,,,,,
4.885,LR,0,,,,,
4.886,PCA,0.707106781186548,,,,,
4.886,K's tau,0.204666393778142,,,,,
4.886,Winsor,0.440032746623004,,,,,
4.886,Quad,0.193628818100585,,,,,
4.886,Ball,0,,,,,
4.886,Shell,0,,,,,
4.886,LR,0,,,,,
4.887,PCA,0.707106781186548,,,,,
4.887,K's tau,0.204624514016779,,,,,
4.887,Winsor,0.439942705136075,,,,,
4.887,Quad,0.193549583802448,,,,,
4.887,Ball,0,,,,,
4.887,Shell,0,,,,,
4.887,LR,0,,,,,
4.888,PCA,0.707106781186548,,,,,
4.888,K's tau,0.204582651391162,,,,,
4.888,Winsor,0.439852700490998,,,,,
4.888,Quad,0.193470398129224,,,,,
4.888,Ball,0,,,,,
4.888,Shell,0,,,,,
4.888,LR,0,,,,,
4.889,PCA,0.707106781186548,,,,,
4.889,K's tau,0.204540805890775,,,,,
4.889,Winsor,0.439762732665167,,,,,
4.889,Quad,0.193391261041135,,,,,
4.889,Ball,0,,,,,
4.889,Shell,0,,,,,
4.889,LR,0,,,,,
4.89,PCA,0.707106781186548,,,,,
4.89,K's tau,0.204498977505112,,,,,
4.89,Winsor,0.439672801635992,,,,,
4.89,Quad,0.193312172498442,,,,,
4.89,Ball,0,,,,,
4.89,Shell,0,,,,,
4.89,LR,0,,,,,
4.891,PCA,0.707106781186548,,,,,
4.891,K's tau,0.204457166223676,,,,,
4.891,Winsor,0.439582907380904,,,,,
4.891,Quad,0.193233132461448,,,,,
4.891,Ball,0,,,,,
4.891,Shell,0,,,,,
4.891,LR,0,,,,,
4.892,PCA,0.707106781186548,,,,,
4.892,K's tau,0.204415372035977,,,,,
4.892,Winsor,0.439493049877351,,,,,
4.892,Quad,0.193154140890496,,,,,
4.892,Ball,0,,,,,
4.892,Shell,0,,,,,
4.892,LR,0,,,,,
4.893,PCA,0.707106781186548,,,,,
4.893,K's tau,0.204373594931535,,,,,
4.893,Winsor,0.4394032291028,,,,,
4.893,Quad,0.193075197745968,,,,,
4.893,Ball,0,,,,,
4.893,Shell,0,,,,,
4.893,LR,0,,,,,
4.894,PCA,0.707106781186548,,,,,
4.894,K's tau,0.204331834899877,,,,,
4.894,Winsor,0.439313445034736,,,,,
4.894,Quad,0.192996302988288,,,,,
4.894,Ball,0,,,,,
4.894,Shell,0,,,,,
4.894,LR,0,,,,,
4.895,PCA,0.707106781186548,,,,,
4.895,K's tau,0.204290091930541,,,,,
4.895,Winsor,0.439223697650664,,,,,
4.895,Quad,0.192917456577922,,,,,
4.895,Ball,0,,,,,
4.895,Shell,0,,,,,
4.895,LR,0,,,,,
4.896,PCA,0.707106781186548,,,,,
4.896,K's tau,0.204248366013072,,,,,
4.896,Winsor,0.439133986928105,,,,,
4.896,Quad,0.192838658475373,,,,,
4.896,Ball,0,,,,,
4.896,Shell,0,,,,,
4.896,LR,0,,,,,
4.897,PCA,0.707106781186548,,,,,
4.897,K's tau,0.204206657137023,,,,,
4.897,Winsor,0.439044312844599,,,,,
4.897,Quad,0.192759908641186,,,,,
4.897,Ball,0,,,,,
4.897,Shell,0,,,,,
4.897,LR,0,,,,,
4.898,PCA,0.707106781186548,,,,,
4.898,K's tau,0.204164965291956,,,,,
4.898,Winsor,0.438954675377705,,,,,
4.898,Quad,0.192681207035947,,,,,
4.898,Ball,0,,,,,
4.898,Shell,0,,,,,
4.898,LR,0,,,,,
4.899,PCA,0.707106781186548,,,,,
4.899,K's tau,0.204123290467442,,,,,
4.899,Winsor,0.438865074505001,,,,,
4.899,Quad,0.19260255362028,,,,,
4.899,Ball,0,,,,,
4.899,Shell,0,,,,,
4.899,LR,0,,,,,
4.9,PCA,0.707106781186548,,,,,
4.9,K's tau,0.204081632653061,,,,,
4.9,Winsor,0.438775510204082,,,,,
4.9,Quad,0.192523948354852,,,,,
4.9,Ball,0,,,,,
4.9,Shell,0,,,,,
4.9,LR,0,,,,,
4.901,PCA,0.707106781186548,,,,,
4.901,K's tau,0.2040399918384,,,,,
4.901,Winsor,0.438685982452561,,,,,
4.901,Quad,0.192445391200368,,,,,
4.901,Ball,0,,,,,
4.901,Shell,0,,,,,
4.901,LR,0,,,,,
4.902,PCA,0.707106781186548,,,,,
4.902,K's tau,0.203998368013056,,,,,
4.902,Winsor,0.43859649122807,,,,,
4.902,Quad,0.192366882117575,,,,,
4.902,Ball,0,,,,,
4.902,Shell,0,,,,,
4.902,LR,0,,,,,
4.903,PCA,0.707106781186548,,,,,
4.903,K's tau,0.203956761166633,,,,,
4.903,Winsor,0.43850703650826,,,,,
4.903,Quad,0.192288421067257,,,,,
4.903,Ball,0,,,,,
4.903,Shell,0,,,,,
4.903,LR,0,,,,,
4.904,PCA,0.707106781186548,,,,,
4.904,K's tau,0.203915171288744,,,,,
4.904,Winsor,0.438417618270799,,,,,
4.904,Quad,0.19221000801024,,,,,
4.904,Ball,0,,,,,
4.904,Shell,0,,,,,
4.904,LR,0,,,,,
4.905,PCA,0.707106781186548,,,,,
4.905,K's tau,0.203873598369011,,,,,
4.905,Winsor,0.438328236493374,,,,,
4.905,Quad,0.192131642907391,,,,,
4.905,Ball,0,,,,,
4.905,Shell,0,,,,,
4.905,LR,0,,,,,
4.906,PCA,0.707106781186548,,,,,
4.906,K's tau,0.203832042397065,,,,,
4.906,Winsor,0.438238891153689,,,,,
4.906,Quad,0.192053325719615,,,,,
4.906,Ball,0,,,,,
4.906,Shell,0,,,,,
4.906,LR,0,,,,,
4.907,PCA,0.707106781186548,,,,,
4.907,K's tau,0.203790503362543,,,,,
4.907,Winsor,0.438149582229468,,,,,
4.907,Quad,0.191975056407857,,,,,
4.907,Ball,0,,,,,
4.907,Shell,0,,,,,
4.907,LR,0,,,,,
4.908,PCA,0.707106781186548,,,,,
4.908,K's tau,0.203748981255094,,,,,
4.908,Winsor,0.438060309698452,,,,,
4.908,Quad,0.191896834933103,,,,,
4.908,Ball,0,,,,,
4.908,Shell,0,,,,,
4.908,LR,0,,,,,
4.909,PCA,0.707106781186548,,,,,
4.909,K's tau,0.203707476064372,,,,,
4.909,Winsor,0.437971073538399,,,,,
4.909,Quad,0.191818661256378,,,,,
4.909,Ball,0,,,,,
4.909,Shell,0,,,,,
4.909,LR,0,,,,,
4.91,PCA,0.707106781186548,,,,,
4.91,K's tau,0.203665987780041,,,,,
4.91,Winsor,0.437881873727088,,,,,
4.91,Quad,0.191740535338745,,,,,
4.91,Ball,0,,,,,
4.91,Shell,0,,,,,
4.91,LR,0,,,,,
4.911,PCA,0.707106781186548,,,,,
4.911,K's tau,0.203624516391774,,,,,
4.911,Winsor,0.437792710242313,,,,,
4.911,Quad,0.19166245714131,,,,,
4.911,Ball,0,,,,,
4.911,Shell,0,,,,,
4.911,LR,0,,,,,
4.912,PCA,0.707106781186548,,,,,
4.912,K's tau,0.203583061889251,,,,,
4.912,Winsor,0.437703583061889,,,,,
4.912,Quad,0.191584426625216,,,,,
4.912,Ball,0,,,,,
4.912,Shell,0,,,,,
4.912,LR,0,,,,,
4.913,PCA,0.707106781186548,,,,,
4.913,K's tau,0.203541624262162,,,,,
4.913,Winsor,0.437614492163647,,,,,
4.913,Quad,0.191506443751647,,,,,
4.913,Ball,0,,,,,
4.913,Shell,0,,,,,
4.913,LR,0,,,,,
4.914,PCA,0.707106781186548,,,,,
4.914,K's tau,0.203500203500204,,,,,
4.914,Winsor,0.437525437525438,,,,,
4.914,Quad,0.191428508481826,,,,,
4.914,Ball,0,,,,,
4.914,Shell,0,,,,,
4.914,LR,0,,,,,
4.915,PCA,0.707106781186548,,,,,
4.915,K's tau,0.203458799593082,,,,,
4.915,Winsor,0.437436419125127,,,,,
4.915,Quad,0.191350620777014,,,,,
4.915,Ball,0,,,,,
4.915,Shell,0,,,,,
4.915,LR,0,,,,,
4.916,PCA,0.707106781186548,,,,,
4.916,K's tau,0.203417412530513,,,,,
4.916,Winsor,0.437347436940602,,,,,
4.916,Quad,0.191272780598514,,,,,
4.916,Ball,0,,,,,
4.916,Shell,0,,,,,
4.916,LR,0,,,,,
4.917,PCA,0.707106781186548,,,,,
4.917,K's tau,0.203376042302217,,,,,
4.917,Winsor,0.437258490949766,,,,,
4.917,Quad,0.191194987907667,,,,,
4.917,Ball,0,,,,,
4.917,Shell,0,,,,,
4.917,LR,0,,,,,
4.918,PCA,0.707106781186548,,,,,
4.918,K's tau,0.203334688897926,,,,,
4.918,Winsor,0.437169581130541,,,,,
4.918,Quad,0.191117242665853,,,,,
4.918,Ball,0,,,,,
4.918,Shell,0,,,,,
4.918,LR,0,,,,,
4.919,PCA,0.707106781186548,,,,,
4.919,K's tau,0.20329335230738,,,,,
4.919,Winsor,0.437080707460866,,,,,
4.919,Quad,0.191039544834491,,,,,
4.919,Ball,0,,,,,
4.919,Shell,0,,,,,
4.919,LR,0,,,,,
4.92,PCA,0.707106781186548,,,,,
4.92,K's tau,0.203252032520325,,,,,
4.92,Winsor,0.436991869918699,,,,,
4.92,Quad,0.190961894375041,,,,,
4.92,Ball,0,,,,,
4.92,Shell,0,,,,,
4.92,LR,0,,,,,
4.921,PCA,0.707106781186548,,,,,
4.921,K's tau,0.203210729526519,,,,,
4.921,Winsor,0.436903068482016,,,,,
4.921,Quad,0.190884291249001,,,,,
4.921,Ball,0,,,,,
4.921,Shell,0,,,,,
4.921,LR,0,,,,,
4.922,PCA,0.707106781186548,,,,,
4.922,K's tau,0.203169443315725,,,,,
4.922,Winsor,0.436814303128809,,,,,
4.922,Quad,0.190806735417907,,,,,
4.922,Ball,0,,,,,
4.922,Shell,0,,,,,
4.922,LR,0,,,,,
4.923,PCA,0.707106781186548,,,,,
4.923,K's tau,0.203128173877717,,,,,
4.923,Winsor,0.436725573837091,,,,,
4.923,Quad,0.190729226843337,,,,,
4.923,Ball,0,,,,,
4.923,Shell,0,,,,,
4.923,LR,0,,,,,
4.924,PCA,0.707106781186548,,,,,
4.924,K's tau,0.203086921202275,,,,,
4.924,Winsor,0.43663688058489,,,,,
4.924,Quad,0.190651765486904,,,,,
4.924,Ball,0,,,,,
4.924,Shell,0,,,,,
4.924,LR,0,,,,,
4.925,PCA,0.707106781186548,,,,,
4.925,K's tau,0.203045685279188,,,,,
4.925,Winsor,0.436548223350254,,,,,
4.925,Quad,0.190574351310263,,,,,
4.925,Ball,0,,,,,
4.925,Shell,0,,,,,
4.925,LR,0,,,,,
4.926,PCA,0.707106781186548,,,,,
4.926,K's tau,0.203004466098254,,,,,
4.926,Winsor,0.436459602111246,,,,,
4.926,Quad,0.190496984275108,,,,,
4.926,Ball,0,,,,,
4.926,Shell,0,,,,,
4.926,LR,0,,,,,
4.927,PCA,0.707106781186548,,,,,
4.927,K's tau,0.202963263649279,,,,,
4.927,Winsor,0.436371016845951,,,,,
4.927,Quad,0.190419664343169,,,,,
4.927,Ball,0,,,,,
4.927,Shell,0,,,,,
4.927,LR,0,,,,,
4.928,PCA,0.707106781186548,,,,,
4.928,K's tau,0.202922077922078,,,,,
4.928,Winsor,0.436282467532468,,,,,
4.928,Quad,0.190342391476219,,,,,
4.928,Ball,0,,,,,
4.928,Shell,0,,,,,
4.928,LR,0,,,,,
4.929,PCA,0.707106781186548,,,,,
4.929,K's tau,0.202880908906472,,,,,
4.929,Winsor,0.436193954148915,,,,,
4.929,Quad,0.190265165636065,,,,,
4.929,Ball,0,,,,,
4.929,Shell,0,,,,,
4.929,LR,0,,,,,
4.93,PCA,0.707106781186548,,,,,
4.93,K's tau,0.202839756592292,,,,,
4.93,Winsor,0.436105476673428,,,,,
4.93,Quad,0.190187986784558,,,,,
4.93,Ball,0,,,,,
4.93,Shell,0,,,,,
4.93,LR,0,,,,,
4.931,PCA,0.707106781186548,,,,,
4.931,K's tau,0.202798620969377,,,,,
4.931,Winsor,0.436017035084161,,,,,
4.931,Quad,0.190110854883583,,,,,
4.931,Ball,0,,,,,
4.931,Shell,0,,,,,
4.931,LR,0,,,,,
4.932,PCA,0.707106781186548,,,,,
4.932,K's tau,0.202757502027575,,,,,
4.932,Winsor,0.435928629359286,,,,,
4.932,Quad,0.190033769895066,,,,,
4.932,Ball,0,,,,,
4.932,Shell,0,,,,,
4.932,LR,0,,,,,
4.933,PCA,0.707106781186548,,,,,
4.933,K's tau,0.20271639975674,,,,,
4.933,Winsor,0.435840259476992,,,,,
4.933,Quad,0.189956731780971,,,,,
4.933,Ball,0,,,,,
4.933,Shell,0,,,,,
4.933,LR,0,,,,,
4.934,PCA,0.707106781186548,,,,,
4.934,K's tau,0.202675314146737,,,,,
4.934,Winsor,0.435751925415484,,,,,
4.934,Quad,0.189879740503302,,,,,
4.934,Ball,0,,,,,
4.934,Shell,0,,,,,
4.934,LR,0,,,,,
4.935,PCA,0.707106781186548,,,,,
4.935,K's tau,0.202634245187437,,,,,
4.935,Winsor,0.435663627152989,,,,,
4.935,Quad,0.189802796024098,,,,,
4.935,Ball,0,,,,,
4.935,Shell,0,,,,,
4.935,LR,0,,,,,
4.936,PCA,0.707106781186548,,,,,
4.936,K's tau,0.20259319286872,,,,,
4.936,Winsor,0.435575364667747,,,,,
4.936,Quad,0.189725898305441,,,,,
4.936,Ball,0,,,,,
4.936,Shell,0,,,,,
4.936,LR,0,,,,,
4.937,PCA,0.707106781186548,,,,,
4.937,K's tau,0.202552157180474,,,,,
4.937,Winsor,0.435487137938019,,,,,
4.937,Quad,0.189649047309447,,,,,
4.937,Ball,0,,,,,
4.937,Shell,0,,,,,
4.937,LR,0,,,,,
4.938,PCA,0.707106781186548,,,,,
4.938,K's tau,0.202511138112596,,,,,
4.938,Winsor,0.435398946942082,,,,,
4.938,Quad,0.189572242998274,,,,,
4.938,Ball,0,,,,,
4.938,Shell,0,,,,,
4.938,LR,0,,,,,
4.939,PCA,0.707106781186548,,,,,
4.939,K's tau,0.202470135654991,,,,,
4.939,Winsor,0.43531079165823,,,,,
4.939,Quad,0.189495485334115,,,,,
4.939,Ball,0,,,,,
4.939,Shell,0,,,,,
4.939,LR,0,,,,,
4.94,PCA,0.707106781186548,,,,,
4.94,K's tau,0.202429149797571,,,,,
4.94,Winsor,0.435222672064777,,,,,
4.94,Quad,0.189418774279205,,,,,
4.94,Ball,0,,,,,
4.94,Shell,0,,,,,
4.94,LR,0,,,,,
4.941,PCA,0.707106781186548,,,,,
4.941,K's tau,0.202388180530257,,,,,
4.941,Winsor,0.435134588140053,,,,,
4.941,Quad,0.189342109795813,,,,,
4.941,Ball,0,,,,,
4.941,Shell,0,,,,,
4.941,LR,0,,,,,
4.942,PCA,0.707106781186548,,,,,
4.942,K's tau,0.202347227842979,,,,,
4.942,Winsor,0.435046539862404,,,,,
4.942,Quad,0.18926549184625,,,,,
4.942,Ball,0,,,,,
4.942,Shell,0,,,,,
4.942,LR,0,,,,,
4.943,PCA,0.707106781186548,,,,,
4.943,K's tau,0.202306291725673,,,,,
4.943,Winsor,0.434958527210196,,,,,
4.943,Quad,0.189188920392863,,,,,
4.943,Ball,0,,,,,
4.943,Shell,0,,,,,
4.943,LR,0,,,,,
4.944,PCA,0.707106781186548,,,,,
4.944,K's tau,0.202265372168285,,,,,
4.944,Winsor,0.434870550161812,,,,,
4.944,Quad,0.189112395398037,,,,,
4.944,Ball,0,,,,,
4.944,Shell,0,,,,,
4.944,LR,0,,,,,
4.945,PCA,0.707106781186548,,,,,
4.945,K's tau,0.202224469160768,,,,,
4.945,Winsor,0.434782608695652,,,,,
4.945,Quad,0.189035916824197,,,,,
4.945,Ball,0,,,,,
4.945,Shell,0,,,,,
4.945,LR,0,,,,,
4.946,PCA,0.707106781186548,,,,,
4.946,K's tau,0.202183582693085,,,,,
4.946,Winsor,0.434694702790133,,,,,
4.946,Quad,0.188959484633802,,,,,
4.946,Ball,0,,,,,
4.946,Shell,0,,,,,
4.946,LR,0,,,,,
4.947,PCA,0.707106781186548,,,,,
4.947,K's tau,0.202142712755205,,,,,
4.947,Winsor,0.434606832423691,,,,,
4.947,Quad,0.188883098789354,,,,,
4.947,Ball,0,,,,,
4.947,Shell,0,,,,,
4.947,LR,0,,,,,
4.948,PCA,0.707106781186548,,,,,
4.948,K's tau,0.202101859337106,,,,,
4.948,Winsor,0.434518997574778,,,,,
4.948,Quad,0.18880675925339,,,,,
4.948,Ball,0,,,,,
4.948,Shell,0,,,,,
4.948,LR,0,,,,,
4.949,PCA,0.707106781186548,,,,,
4.949,K's tau,0.202061022428774,,,,,
4.949,Winsor,0.434431198221863,,,,,
4.949,Quad,0.188730465988484,,,,,
4.949,Ball,0,,,,,
4.949,Shell,0,,,,,
4.949,LR,0,,,,,
4.95,PCA,0.707106781186548,,,,,
4.95,K's tau,0.202020202020202,,,,,
4.95,Winsor,0.434343434343434,,,,,
4.95,Quad,0.188654218957249,,,,,
4.95,Ball,0,,,,,
4.95,Shell,0,,,,,
4.95,LR,0,,,,,
4.951,PCA,0.707106781186548,,,,,
4.951,K's tau,0.201979398101394,,,,,
4.951,Winsor,0.434255705917996,,,,,
4.951,Quad,0.188578018122337,,,,,
4.951,Ball,0,,,,,
4.951,Shell,0,,,,,
4.951,LR,0,,,,,
4.952,PCA,0.707106781186548,,,,,
4.952,K's tau,0.201938610662359,,,,,
4.952,Winsor,0.434168012924071,,,,,
4.952,Quad,0.188501863446436,,,,,
4.952,Ball,0,,,,,
4.952,Shell,0,,,,,
4.952,LR,0,,,,,
4.953,PCA,0.707106781186548,,,,,
4.953,K's tau,0.201897839693115,,,,,
4.953,Winsor,0.434080355340198,,,,,
4.953,Quad,0.188425754892272,,,,,
4.953,Ball,0,,,,,
4.953,Shell,0,,,,,
4.953,LR,0,,,,,
4.954,PCA,0.707106781186548,,,,,
4.954,K's tau,0.20185708518369,,,,,
4.954,Winsor,0.433992733144933,,,,,
4.954,Quad,0.188349692422609,,,,,
4.954,Ball,0,,,,,
4.954,Shell,0,,,,,
4.954,LR,0,,,,,
4.955,PCA,0.707106781186548,,,,,
4.955,K's tau,0.201816347124117,,,,,
4.955,Winsor,0.433905146316852,,,,,
4.955,Quad,0.188273676000248,,,,,
4.955,Ball,0,,,,,
4.955,Shell,0,,,,,
4.955,LR,0,,,,,
4.956,PCA,0.707106781186548,,,,,
4.956,K's tau,0.201775625504439,,,,,
4.956,Winsor,0.433817594834544,,,,,
4.956,Quad,0.188197705588029,,,,,
4.956,Ball,0,,,,,
4.956,Shell,0,,,,,
4.956,LR,0,,,,,
4.957,PCA,0.707106781186548,,,,,
4.957,K's tau,0.201734920314706,,,,,
4.957,Winsor,0.433730078676619,,,,,
4.957,Quad,0.188121781148826,,,,,
4.957,Ball,0,,,,,
4.957,Shell,0,,,,,
4.957,LR,0,,,,,
4.958,PCA,0.707106781186548,,,,,
4.958,K's tau,0.201694231544978,,,,,
4.958,Winsor,0.433642597821702,,,,,
4.958,Quad,0.188045902645555,,,,,
4.958,Ball,0,,,,,
4.958,Shell,0,,,,,
4.958,LR,0,,,,,
4.959,PCA,0.707106781186548,,,,,
4.959,K's tau,0.20165355918532,,,,,
4.959,Winsor,0.433555152248437,,,,,
4.959,Quad,0.187970070041166,,,,,
4.959,Ball,0,,,,,
4.959,Shell,0,,,,,
4.959,LR,0,,,,,
4.96,PCA,0.707106781186548,,,,,
4.96,K's tau,0.201612903225806,,,,,
4.96,Winsor,0.433467741935484,,,,,
4.96,Quad,0.187894283298647,,,,,
4.96,Ball,0,,,,,
4.96,Shell,0,,,,,
4.96,LR,0,,,,,
4.961,PCA,0.707106781186548,,,,,
4.961,K's tau,0.201572263656521,,,,,
4.961,Winsor,0.43338036686152,,,,,
4.961,Quad,0.187818542381026,,,,,
4.961,Ball,0,,,,,
4.961,Shell,0,,,,,
4.961,LR,0,,,,,
4.962,PCA,0.707106781186548,,,,,
4.962,K's tau,0.201531640467553,,,,,
4.962,Winsor,0.43329302700524,,,,,
4.962,Quad,0.187742847251364,,,,,
4.962,Ball,0,,,,,
4.962,Shell,0,,,,,
4.962,LR,0,,,,,
4.963,PCA,0.707106781186548,,,,,
4.963,K's tau,0.201491033649003,,,,,
4.963,Winsor,0.433205722345356,,,,,
4.963,Quad,0.187667197872761,,,,,
4.963,Ball,0,,,,,
4.963,Shell,0,,,,,
4.963,LR,0,,,,,
4.964,PCA,0.707106781186548,,,,,
4.964,K's tau,0.201450443190975,,,,,
4.964,Winsor,0.433118452860596,,,,,
4.964,Quad,0.187591594208357,,,,,
4.964,Ball,0,,,,,
4.964,Shell,0,,,,,
4.964,LR,0,,,,,
4.965,PCA,0.707106781186548,,,,,
4.965,K's tau,0.201409869083585,,,,,
4.965,Winsor,0.433031218529708,,,,,
4.965,Quad,0.187516036221324,,,,,
4.965,Ball,0,,,,,
4.965,Shell,0,,,,,
4.965,LR,0,,,,,
4.966,PCA,0.707106781186548,,,,,
4.966,K's tau,0.201369311316955,,,,,
4.966,Winsor,0.432944019331454,,,,,
4.966,Quad,0.187440523874874,,,,,
4.966,Ball,0,,,,,
4.966,Shell,0,,,,,
4.966,LR,0,,,,,
4.967,PCA,0.707106781186548,,,,,
4.967,K's tau,0.201328769881216,,,,,
4.967,Winsor,0.432856855244614,,,,,
4.967,Quad,0.187365057132257,,,,,
4.967,Ball,0,,,,,
4.967,Shell,0,,,,,
4.967,LR,0,,,,,
4.968,PCA,0.707106781186548,,,,,
4.968,K's tau,0.201288244766506,,,,,
4.968,Winsor,0.432769726247987,,,,,
4.968,Quad,0.187289635956758,,,,,
4.968,Ball,0,,,,,
4.968,Shell,0,,,,,
4.968,LR,0,,,,,
4.969,PCA,0.707106781186548,,,,,
4.969,K's tau,0.20124773596297,,,,,
4.969,Winsor,0.432682632320386,,,,,
4.969,Quad,0.187214260311699,,,,,
4.969,Ball,0,,,,,
4.969,Shell,0,,,,,
4.969,LR,0,,,,,
4.97,PCA,0.707106781186548,,,,,
4.97,K's tau,0.201207243460765,,,,,
4.97,Winsor,0.432595573440644,,,,,
4.97,Quad,0.18713893016044,,,,,
4.97,Ball,0,,,,,
4.97,Shell,0,,,,,
4.97,LR,0,,,,,
4.971,PCA,0.707106781186548,,,,,
4.971,K's tau,0.20116676725005,,,,,
4.971,Winsor,0.432508549587608,,,,,
4.971,Quad,0.187063645466376,,,,,
4.971,Ball,0,,,,,
4.971,Shell,0,,,,,
4.971,LR,0,,,,,
4.972,PCA,0.707106781186548,,,,,
4.972,K's tau,0.201126307320998,,,,,
4.972,Winsor,0.432421560740145,,,,,
4.972,Quad,0.186988406192943,,,,,
4.972,Ball,0,,,,,
4.972,Shell,0,,,,,
4.972,LR,0,,,,,
4.973,PCA,0.707106781186548,,,,,
4.973,K's tau,0.201085863663784,,,,,
4.973,Winsor,0.432334606877137,,,,,
4.973,Quad,0.186913212303608,,,,,
4.973,Ball,0,,,,,
4.973,Shell,0,,,,,
4.973,LR,0,,,,,
4.974,PCA,0.707106781186548,,,,,
4.974,K's tau,0.201045436268597,,,,,
4.974,Winsor,0.432247687977483,,,,,
4.974,Quad,0.186838063761879,,,,,
4.974,Ball,0,,,,,
4.974,Shell,0,,,,,
4.974,LR,0,,,,,
4.975,PCA,0.707106781186548,,,,,
4.975,K's tau,0.201005025125628,,,,,
4.975,Winsor,0.432160804020101,,,,,
4.975,Quad,0.1867629605313,,,,,
4.975,Ball,0,,,,,
4.975,Shell,0,,,,,
4.975,LR,0,,,,,
4.976,PCA,0.707106781186548,,,,,
4.976,K's tau,0.20096463022508,,,,,
4.976,Winsor,0.432073954983923,,,,,
4.976,Quad,0.186687902575449,,,,,
4.976,Ball,0,,,,,
4.976,Shell,0,,,,,
4.976,LR,0,,,,,
4.977,PCA,0.707106781186548,,,,,
4.977,K's tau,0.200924251557163,,,,,
4.977,Winsor,0.4319871408479,,,,,
4.977,Quad,0.186612889857944,,,,,
4.977,Ball,0,,,,,
4.977,Shell,0,,,,,
4.977,LR,0,,,,,
4.978,PCA,0.707106781186548,,,,,
4.978,K's tau,0.200883889112093,,,,,
4.978,Winsor,0.431900361591,,,,,
4.978,Quad,0.186537922342437,,,,,
4.978,Ball,0,,,,,
4.978,Shell,0,,,,,
4.978,LR,0,,,,,
4.979,PCA,0.707106781186548,,,,,
4.979,K's tau,0.200843542880096,,,,,
4.979,Winsor,0.431813617192207,,,,,
4.979,Quad,0.186462999992618,,,,,
4.979,Ball,0,,,,,
4.979,Shell,0,,,,,
4.979,LR,0,,,,,
4.98,PCA,0.707106781186548,,,,,
4.98,K's tau,0.200803212851406,,,,,
4.98,Winsor,0.431726907630522,,,,,
4.98,Quad,0.186388122772213,,,,,
4.98,Ball,0,,,,,
4.98,Shell,0,,,,,
4.98,LR,0,,,,,
4.981,PCA,0.707106781186548,,,,,
4.981,K's tau,0.200762899016262,,,,,
4.981,Winsor,0.431640232884963,,,,,
4.981,Quad,0.186313290644985,,,,,
4.981,Ball,0,,,,,
4.981,Shell,0,,,,,
4.981,LR,0,,,,,
4.982,PCA,0.707106781186548,,,,,
4.982,K's tau,0.200722601364914,,,,,
4.982,Winsor,0.431553592934564,,,,,
4.982,Quad,0.186238503574732,,,,,
4.982,Ball,0,,,,,
4.982,Shell,0,,,,,
4.982,LR,0,,,,,
4.983,PCA,0.707106781186548,,,,,
4.983,K's tau,0.200682319887618,,,,,
4.983,Winsor,0.431466987758378,,,,,
4.983,Quad,0.186163761525289,,,,,
4.983,Ball,0,,,,,
4.983,Shell,0,,,,,
4.983,LR,0,,,,,
4.984,PCA,0.707106781186548,,,,,
4.984,K's tau,0.200642054574639,,,,,
4.984,Winsor,0.431380417335474,,,,,
4.984,Quad,0.186089064460527,,,,,
4.984,Ball,0,,,,,
4.984,Shell,0,,,,,
4.984,LR,0,,,,,
4.985,PCA,0.707106781186548,,,,,
4.985,K's tau,0.200601805416249,,,,,
4.985,Winsor,0.431293881644935,,,,,
4.985,Quad,0.186014412344355,,,,,
4.985,Ball,0,,,,,
4.985,Shell,0,,,,,
4.985,LR,0,,,,,
4.986,PCA,0.707106781186548,,,,,
4.986,K's tau,0.200561572402728,,,,,
4.986,Winsor,0.431207380665864,,,,,
4.986,Quad,0.185939805140716,,,,,
4.986,Ball,0,,,,,
4.986,Shell,0,,,,,
4.986,LR,0,,,,,
4.987,PCA,0.707106781186548,,,,,
4.987,K's tau,0.200521355524363,,,,,
4.987,Winsor,0.431120914377381,,,,,
4.987,Quad,0.185865242813589,,,,,
4.987,Ball,0,,,,,
4.987,Shell,0,,,,,
4.987,LR,0,,,,,
4.988,PCA,0.707106781186548,,,,,
4.988,K's tau,0.200481154771452,,,,,
4.988,Winsor,0.431034482758621,,,,,
4.988,Quad,0.185790725326992,,,,,
4.988,Ball,0,,,,,
4.988,Shell,0,,,,,
4.988,LR,0,,,,,
4.989,PCA,0.707106781186548,,,,,
4.989,K's tau,0.200440970134295,,,,,
4.989,Winsor,0.430948085788735,,,,,
4.989,Quad,0.185716252644975,,,,,
4.989,Ball,0,,,,,
4.989,Shell,0,,,,,
4.989,LR,0,,,,,
4.99,PCA,0.707106781186548,,,,,
4.99,K's tau,0.200400801603206,,,,,
4.99,Winsor,0.430861723446894,,,,,
4.99,Quad,0.185641824731628,,,,,
4.99,Ball,0,,,,,
4.99,Shell,0,,,,,
4.99,LR,0,,,,,
4.991,PCA,0.707106781186548,,,,,
4.991,K's tau,0.200360649168503,,,,,
4.991,Winsor,0.430775395712282,,,,,
4.991,Quad,0.185567441551073,,,,,
4.991,Ball,0,,,,,
4.991,Shell,0,,,,,
4.991,LR,0,,,,,
4.992,PCA,0.707106781186548,,,,,
4.992,K's tau,0.200320512820513,,,,,
4.992,Winsor,0.430689102564103,,,,,
4.992,Quad,0.185493103067472,,,,,
4.992,Ball,0,,,,,
4.992,Shell,0,,,,,
4.992,LR,0,,,,,
4.993,PCA,0.707106781186548,,,,,
4.993,K's tau,0.200280392549569,,,,,
4.993,Winsor,0.430602843981574,,,,,
4.993,Quad,0.18541880924502,,,,,
4.993,Ball,0,,,,,
4.993,Shell,0,,,,,
4.993,LR,0,,,,,
4.994,PCA,0.707106781186548,,,,,
4.994,K's tau,0.200240288346015,,,,,
4.994,Winsor,0.430516619943933,,,,,
4.994,Quad,0.185344560047949,,,,,
4.994,Ball,0,,,,,
4.994,Shell,0,,,,,
4.994,LR,0,,,,,
4.995,PCA,0.707106781186548,,,,,
4.995,K's tau,0.2002002002002,,,,,
4.995,Winsor,0.43043043043043,,,,,
4.995,Quad,0.185270355440526,,,,,
4.995,Ball,0,,,,,
4.995,Shell,0,,,,,
4.995,LR,0,,,,,
4.996,PCA,0.707106781186548,,,,,
4.996,K's tau,0.200160128102482,,,,,
4.996,Winsor,0.430344275420336,,,,,
4.996,Quad,0.185196195387054,,,,,
4.996,Ball,0,,,,,
4.996,Shell,0,,,,,
4.996,LR,0,,,,,
4.997,PCA,0.707106781186548,,,,,
4.997,K's tau,0.200120072043226,,,,,
4.997,Winsor,0.430258154892936,,,,,
4.997,Quad,0.185122079851874,,,,,
4.997,Ball,0,,,,,
4.997,Shell,0,,,,,
4.997,LR,0,,,,,
4.998,PCA,0.707106781186548,,,,,
4.998,K's tau,0.200080032012805,,,,,
4.998,Winsor,0.430172068827531,,,,,
4.998,Quad,0.185048008799358,,,,,
4.998,Ball,0,,,,,
4.998,Shell,0,,,,,
4.998,LR,0,,,,,
4.999,PCA,0.707106781186548,,,,,
4.999,K's tau,0.2000400080016,,,,,
4.999,Winsor,0.430086017203441,,,,,
4.999,Quad,0.184973982193918,,,,,
4.999,Ball,0,,,,,
4.999,Shell,0,,,,,
4.999,LR,0,,,,,
5,PCA,0.707106781186548,,,,,
5,K's tau,0.2,,,,,
5,Winsor,0.43,,,,,
5,Quad,0.1849,,,,,
5,Ball,0,,,,,
5,Shell,0,,,,,
5,LR,0,,,,,
