ParamID,Replicate,Method,PC,ARI,Group
1,1,Ball,PC10,0.662968482601843,Proposed
1,1,Ball,PC20,0.729224857828798,Proposed
1,1,K's tau,PC10,0.632874581584657,Reference
1,1,K's tau,PC20,0.65691541958642,Reference
1,1,LR,PC10,0.697839091778134,Proposed
1,1,LR,PC20,0.617389483800268,Proposed
1,1,PCA,PC10,0.533360795949006,Reference
1,1,PCA,PC20,0.63288257484955,Reference
1,1,PCP,PC10,0.98456843280416,Reference
1,1,PCP,PC20,0.516802141789483,Reference
1,1,PcaGrid,PC10,0.0021408778703118,Reference
1,1,PcaGrid,PC20,-3.54024082936494e-05,Reference
1,1,PcaHubert,PC10,0.73269917635565,Reference
1,1,PcaHubert,PC20,0.640802971440202,Reference
1,1,Quad,PC10,0.660871299556971,Proposed
1,1,Quad,PC20,0.556757368492847,Proposed
1,1,Shell,PC10,0.535988166865264,Proposed
1,1,Shell,PC20,0.587335442233569,Proposed
1,1,Winsor,PC10,0.648323568827025,Proposed
1,1,Winsor,PC20,0.620783528873109,Proposed
1,2,Ball,PC10,0.652418765375392,Proposed
1,2,Ball,PC20,0.725105910958899,Proposed
1,2,K's tau,PC10,0.747776730431087,Reference
1,2,K's tau,PC20,0.734797508846041,Reference
1,2,LR,PC10,0.739325630060522,Proposed
1,2,LR,PC20,0.73555235392468,Proposed
1,2,PCA,PC10,0.711805220610152,Reference
1,2,PCA,PC20,0.709384148309555,Reference
1,2,PCP,PC10,0.992031785680697,Reference
1,2,PCP,PC20,0.60914422520273,Reference
1,2,PcaGrid,PC10,-0.00360892631316822,Reference
1,2,PcaGrid,PC20,0.0137197186168553,Reference
1,2,PcaHubert,PC10,0.721291237100303,Reference
1,2,PcaHubert,PC20,0.746729481798394,Reference
1,2,Quad,PC10,0.656722059587068,Proposed
1,2,Quad,PC20,0.700557068180357,Proposed
1,2,Shell,PC10,0.726418575925279,Proposed
1,2,Shell,PC20,0.643153453128318,Proposed
1,2,Winsor,PC10,0.74329076405784,Proposed
1,2,Winsor,PC20,0.660365794558356,Proposed
1,3,Ball,PC10,0.838484764875521,Proposed
1,3,Ball,PC20,0.615557103193817,Proposed
1,3,K's tau,PC10,0.784703844200617,Reference
1,3,K's tau,PC20,0.850988773056212,Reference
1,3,LR,PC10,0.772172292182533,Proposed
1,3,LR,PC20,0.654923074115747,Proposed
1,3,PCA,PC10,0.573108045401891,Reference
1,3,PCA,PC20,0.666181879505774,Reference
1,3,PCP,PC10,0.985384228527649,Reference
1,3,PCP,PC20,0.847503287456662,Reference
1,3,PcaGrid,PC10,0.00450101639531127,Reference
1,3,PcaGrid,PC20,-0.00138953958877199,Reference
1,3,PcaHubert,PC10,0.974733851417854,Reference
1,3,PcaHubert,PC20,0.68378410575651,Reference
1,3,Quad,PC10,0.616667299170809,Proposed
1,3,Quad,PC20,0.668955561008697,Proposed
1,3,Shell,PC10,0.823494726760615,Proposed
1,3,Shell,PC20,0.648196840984163,Proposed
1,3,Winsor,PC10,0.607858703941202,Proposed
1,3,Winsor,PC20,0.644281401156436,Proposed
1,4,Ball,PC10,0.979845654897094,Proposed
1,4,Ball,PC20,0.628153217987888,Proposed
1,4,K's tau,PC10,0.979176230389885,Reference
1,4,K's tau,PC20,0.860522737819859,Reference
1,4,LR,PC10,0.717419494860697,Proposed
1,4,LR,PC20,0.671976450766669,Proposed
1,4,PCA,PC10,0.674910996918897,Reference
1,4,PCA,PC20,0.645970192445835,Reference
1,4,PCP,PC10,0.983556887836582,Reference
1,4,PCP,PC20,0.824308345442267,Reference
1,4,PcaGrid,PC10,0.00322658270561251,Reference
1,4,PcaGrid,PC20,0.00611404342370694,Reference
1,4,PcaHubert,PC10,0.817037074277963,Reference
1,4,PcaHubert,PC20,0.66885413750369,Reference
1,4,Quad,PC10,0.662688279488014,Proposed
1,4,Quad,PC20,0.540848837076781,Proposed
1,4,Shell,PC10,0.669421205801864,Proposed
1,4,Shell,PC20,0.60382380191363,Proposed
1,4,Winsor,PC10,0.632467843240978,Proposed
1,4,Winsor,PC20,0.512546259215034,Proposed
1,5,Ball,PC10,0.869048167903299,Proposed
1,5,Ball,PC20,0.658502209502939,Proposed
1,5,K's tau,PC10,0.98992428808477,Reference
1,5,K's tau,PC20,0.776219165890829,Reference
1,5,LR,PC10,0.674316541567412,Proposed
1,5,LR,PC20,0.672078638737375,Proposed
1,5,PCA,PC10,0.652586432659606,Reference
1,5,PCA,PC20,0.673420951806328,Reference
1,5,PCP,PC10,0.992858799119686,Reference
1,5,PCP,PC20,0.633128249367493,Reference
1,5,PcaGrid,PC10,-0.000108533922820536,Reference
1,5,PcaGrid,PC20,0.00282244155041797,Reference
1,5,PcaHubert,PC10,0.849868779634991,Reference
1,5,PcaHubert,PC20,0.437414704285886,Reference
1,5,Quad,PC10,0.697415590534942,Proposed
1,5,Quad,PC20,0.662531902113549,Proposed
1,5,Shell,PC10,0.682104719145008,Proposed
1,5,Shell,PC20,0.561062198075783,Proposed
1,5,Winsor,PC10,0.716081984500036,Proposed
1,5,Winsor,PC20,0.650021914177553,Proposed
1,6,Ball,PC10,0.73187812751872,Proposed
1,6,Ball,PC20,0.640046243621975,Proposed
1,6,K's tau,PC10,0.745282227477436,Reference
1,6,K's tau,PC20,0.719447582608351,Reference
1,6,LR,PC10,0.722722870701844,Proposed
1,6,LR,PC20,0.637205269954712,Proposed
1,6,PCA,PC10,0.584215692025678,Reference
1,6,PCA,PC20,0.769334271128633,Reference
1,6,PCP,PC10,0.976533290332046,Reference
1,6,PCP,PC20,0.720098701285913,Reference
1,6,PcaGrid,PC10,0.000568233196463878,Reference
1,6,PcaGrid,PC20,-0.00136495873561134,Reference
1,6,PcaHubert,PC10,0.685812201461885,Reference
1,6,PcaHubert,PC20,0.852648913384334,Reference
1,6,Quad,PC10,0.720990297338163,Proposed
1,6,Quad,PC20,0.656251538083166,Proposed
1,6,Shell,PC10,0.642251397762456,Proposed
1,6,Shell,PC20,0.629943193750672,Proposed
1,6,Winsor,PC10,0.649911027136931,Proposed
1,6,Winsor,PC20,0.678564312715865,Proposed
1,7,Ball,PC10,0.815594112031088,Proposed
1,7,Ball,PC20,0.632157210039365,Proposed
1,7,K's tau,PC10,0.72718378311612,Reference
1,7,K's tau,PC20,0.651397471995119,Reference
1,7,LR,PC10,0.818498548092773,Proposed
1,7,LR,PC20,0.55401158324869,Proposed
1,7,PCA,PC10,0.620183787423914,Reference
1,7,PCA,PC20,0.617901062703388,Reference
1,7,PCP,PC10,0.978330592061371,Reference
1,7,PCP,PC20,0.672892721169154,Reference
1,7,PcaGrid,PC10,0.00134807227165797,Reference
1,7,PcaGrid,PC20,-0.00190174728170806,Reference
1,7,PcaHubert,PC10,0.732512151012738,Reference
1,7,PcaHubert,PC20,0.552531655401857,Reference
1,7,Quad,PC10,0.593917496589695,Proposed
1,7,Quad,PC20,0.611833145753537,Proposed
1,7,Shell,PC10,0.571390170687603,Proposed
1,7,Shell,PC20,0.634937389260445,Proposed
1,7,Winsor,PC10,0.615648185167177,Proposed
1,7,Winsor,PC20,0.617240666432056,Proposed
1,8,Ball,PC10,0.980159196237369,Proposed
1,8,Ball,PC20,0.601221271501659,Proposed
1,8,K's tau,PC10,0.981037000877992,Reference
1,8,K's tau,PC20,0.982264299856255,Reference
1,8,LR,PC10,0.732739205877607,Proposed
1,8,LR,PC20,0.64254448450768,Proposed
1,8,PCA,PC10,0.70156746758125,Reference
1,8,PCA,PC20,0.559533242110348,Reference
1,8,PCP,PC10,0.976004441660566,Reference
1,8,PCP,PC20,0.734180722451474,Reference
1,8,PcaGrid,PC10,0.00207549712683891,Reference
1,8,PcaGrid,PC20,0.00278183164662815,Reference
1,8,PcaHubert,PC10,0.762051756806902,Reference
1,8,PcaHubert,PC20,0.624070507115725,Reference
1,8,Quad,PC10,0.741692884582062,Proposed
1,8,Quad,PC20,0.681350959482104,Proposed
1,8,Shell,PC10,0.710570564849285,Proposed
1,8,Shell,PC20,0.59225326748017,Proposed
1,8,Winsor,PC10,0.692868924832558,Proposed
1,8,Winsor,PC20,0.686935213027214,Proposed
1,9,Ball,PC10,0.646345777075825,Proposed
1,9,Ball,PC20,0.594518571698246,Proposed
1,9,K's tau,PC10,0.727128834656994,Reference
1,9,K's tau,PC20,0.714014281728297,Reference
1,9,LR,PC10,0.539704952111659,Proposed
1,9,LR,PC20,0.561057172407975,Proposed
1,9,PCA,PC10,0.541577541862938,Reference
1,9,PCA,PC20,0.579720253237691,Reference
1,9,PCP,PC10,0.968406956550107,Reference
1,9,PCP,PC20,0.556436949822414,Reference
1,9,PcaGrid,PC10,-0.00389514590315101,Reference
1,9,PcaGrid,PC20,0.00215690943694309,Reference
1,9,PcaHubert,PC10,0.704238405874204,Reference
1,9,PcaHubert,PC20,0.593393706223151,Reference
1,9,Quad,PC10,0.701069507759972,Proposed
1,9,Quad,PC20,0.520650738452989,Proposed
1,9,Shell,PC10,0.677202488043401,Proposed
1,9,Shell,PC20,0.51448094000658,Proposed
1,9,Winsor,PC10,0.577491700362927,Proposed
1,9,Winsor,PC20,0.575959265423939,Proposed
1,10,Ball,PC10,0.721901533465381,Proposed
1,10,Ball,PC20,0.702681716108009,Proposed
1,10,K's tau,PC10,0.796228337188654,Reference
1,10,K's tau,PC20,0.70551491822894,Reference
1,10,LR,PC10,0.844184129612677,Proposed
1,10,LR,PC20,0.710664671872053,Proposed
1,10,PCA,PC10,0.685849989656637,Reference
1,10,PCA,PC20,0.659824922171655,Reference
1,10,PCP,PC10,0.969058158742386,Reference
1,10,PCP,PC20,0.671217120538303,Reference
1,10,PcaGrid,PC10,0.00295220683306328,Reference
1,10,PcaGrid,PC20,0.00428405784246783,Reference
1,10,PcaHubert,PC10,0.697687011440435,Reference
1,10,PcaHubert,PC20,0.734188621268805,Reference
1,10,Quad,PC10,0.704936950495465,Proposed
1,10,Quad,PC20,0.668282795727661,Proposed
1,10,Shell,PC10,0.695350637921183,Proposed
1,10,Shell,PC20,0.662214111591488,Proposed
1,10,Winsor,PC10,0.708673917284936,Proposed
1,10,Winsor,PC20,0.669821783499735,Proposed
2,1,Ball,PC10,0.649973015848021,Proposed
2,1,Ball,PC20,0.644961749153446,Proposed
2,1,K's tau,PC10,0.622166122773149,Reference
2,1,K's tau,PC20,0.627917825940197,Reference
2,1,LR,PC10,0.66390950135651,Proposed
2,1,LR,PC20,0.643840908452039,Proposed
2,1,PCA,PC10,0.662593706086696,Reference
2,1,PCA,PC20,0.629353665809683,Reference
2,1,PCP,PC10,0.908736461188003,Reference
2,1,PCP,PC20,0.997465741266488,Reference
2,1,PcaGrid,PC10,0.00617274953922954,Reference
2,1,PcaGrid,PC20,0.00959206873728089,Reference
2,1,PcaHubert,PC10,0.716830059647626,Reference
2,1,PcaHubert,PC20,0.559312349894978,Reference
2,1,Quad,PC10,0.64392689459668,Proposed
2,1,Quad,PC20,0.526530863861125,Proposed
2,1,Shell,PC10,0.622665265869606,Proposed
2,1,Shell,PC20,0.612430103026773,Proposed
2,1,Winsor,PC10,0.523998597199351,Proposed
2,1,Winsor,PC20,0.536185563965463,Proposed
2,2,Ball,PC10,0.759567837683209,Proposed
2,2,Ball,PC20,0.564135447895922,Proposed
2,2,K's tau,PC10,0.780167979341998,Reference
2,2,K's tau,PC20,0.541786206681258,Reference
2,2,LR,PC10,0.679749497566471,Proposed
2,2,LR,PC20,0.533660209212194,Proposed
2,2,PCA,PC10,0.588801687246943,Reference
2,2,PCA,PC20,0.55421806907676,Reference
2,2,PCP,PC10,0.957887229867615,Reference
2,2,PCP,PC20,0.665212124821458,Reference
2,2,PcaGrid,PC10,0.00196388153160121,Reference
2,2,PcaGrid,PC20,-0.000337353671536626,Reference
2,2,PcaHubert,PC10,0.65011958029438,Reference
2,2,PcaHubert,PC20,0.512407544715268,Reference
2,2,Quad,PC10,0.609790252542718,Proposed
2,2,Quad,PC20,0.528403316765295,Proposed
2,2,Shell,PC10,0.688501551458923,Proposed
2,2,Shell,PC20,0.477893288279102,Proposed
2,2,Winsor,PC10,0.722739813530701,Proposed
2,2,Winsor,PC20,0.574698926401238,Proposed
2,3,Ball,PC10,0.518167364940284,Proposed
2,3,Ball,PC20,0.561495007941047,Proposed
2,3,K's tau,PC10,0.621318299172518,Reference
2,3,K's tau,PC20,0.571740235482048,Reference
2,3,LR,PC10,0.630699309823202,Proposed
2,3,LR,PC20,0.56832747694985,Proposed
2,3,PCA,PC10,0.619297073971773,Reference
2,3,PCA,PC20,0.459600051271785,Reference
2,3,PCP,PC10,0.994047269256002,Reference
2,3,PCP,PC20,0.63502375689066,Reference
2,3,PcaGrid,PC10,-0.00232333076589394,Reference
2,3,PcaGrid,PC20,-0.00231154279073606,Reference
2,3,PcaHubert,PC10,0.485613036910467,Reference
2,3,PcaHubert,PC20,0.690455372418639,Reference
2,3,Quad,PC10,0.649476970106394,Proposed
2,3,Quad,PC20,0.529083355375307,Proposed
2,3,Shell,PC10,0.652705248717896,Proposed
2,3,Shell,PC20,0.483817217120324,Proposed
2,3,Winsor,PC10,0.679127366186055,Proposed
2,3,Winsor,PC20,0.545497713289292,Proposed
2,4,Ball,PC10,0.710434001275603,Proposed
2,4,Ball,PC20,0.630939403643401,Proposed
2,4,K's tau,PC10,0.881467956782606,Reference
2,4,K's tau,PC20,0.69913266651023,Reference
2,4,LR,PC10,0.710025187704876,Proposed
2,4,LR,PC20,0.706610644298657,Proposed
2,4,PCA,PC10,0.461393077913981,Reference
2,4,PCA,PC20,0.537329198752108,Reference
2,4,PCP,PC10,0.994822209211735,Reference
2,4,PCP,PC20,0.993751258489382,Reference
2,4,PcaGrid,PC10,-0.00188752938063457,Reference
2,4,PcaGrid,PC20,0.000815365501977674,Reference
2,4,PcaHubert,PC10,0.700318469865744,Reference
2,4,PcaHubert,PC20,0.629129849460106,Reference
2,4,Quad,PC10,0.629626367327038,Proposed
2,4,Quad,PC20,0.551907773483526,Proposed
2,4,Shell,PC10,0.739191813364089,Proposed
2,4,Shell,PC20,0.56075041008773,Proposed
2,4,Winsor,PC10,0.71054657549385,Proposed
2,4,Winsor,PC20,0.56050141181267,Proposed
2,5,Ball,PC10,0.699035076329157,Proposed
2,5,Ball,PC20,0.712264289260189,Proposed
2,5,K's tau,PC10,0.804784845304474,Reference
2,5,K's tau,PC20,0.780066361005525,Reference
2,5,LR,PC10,0.645168820235999,Proposed
2,5,LR,PC20,0.666544073153901,Proposed
2,5,PCA,PC10,0.663310202480527,Reference
2,5,PCA,PC20,0.611945150807246,Reference
2,5,PCP,PC10,0.995267957971591,Reference
2,5,PCP,PC20,0.995267957971591,Reference
2,5,PcaGrid,PC10,0.00336018505797646,Reference
2,5,PcaGrid,PC20,-0.0024906434804601,Reference
2,5,PcaHubert,PC10,0.673348994632772,Reference
2,5,PcaHubert,PC20,0.652745610485172,Reference
2,5,Quad,PC10,0.659805230466634,Proposed
2,5,Quad,PC20,0.592714760481693,Proposed
2,5,Shell,PC10,0.676975402851533,Proposed
2,5,Shell,PC20,0.523172118645131,Proposed
2,5,Winsor,PC10,0.671430101876661,Proposed
2,5,Winsor,PC20,0.61695230841323,Proposed
2,6,Ball,PC10,0.62131461659884,Proposed
2,6,Ball,PC20,0.571980466428798,Proposed
2,6,K's tau,PC10,0.706675793003219,Reference
2,6,K's tau,PC20,0.622192818658142,Reference
2,6,LR,PC10,0.669214077695182,Proposed
2,6,LR,PC20,0.58914594262014,Proposed
2,6,PCA,PC10,0.631883995206026,Reference
2,6,PCA,PC20,0.565758881189202,Reference
2,6,PCP,PC10,0.948312458871694,Reference
2,6,PCP,PC20,0.65895442879116,Reference
2,6,PcaGrid,PC10,0.0138113434949822,Reference
2,6,PcaGrid,PC20,0.0131705094523132,Reference
2,6,PcaHubert,PC10,0.725851316010541,Reference
2,6,PcaHubert,PC20,0.57491333262434,Reference
2,6,Quad,PC10,0.63057062171987,Proposed
2,6,Quad,PC20,0.563492705504776,Proposed
2,6,Shell,PC10,0.597418649600778,Proposed
2,6,Shell,PC20,0.589259715568815,Proposed
2,6,Winsor,PC10,0.576687073988014,Proposed
2,6,Winsor,PC20,0.567271893411791,Proposed
2,7,Ball,PC10,0.536565171029888,Proposed
2,7,Ball,PC20,0.610886753041603,Proposed
2,7,K's tau,PC10,0.741342624131127,Reference
2,7,K's tau,PC20,0.62282291706057,Reference
2,7,LR,PC10,0.554869299393759,Proposed
2,7,LR,PC20,0.60813198943708,Proposed
2,7,PCA,PC10,0.632621871382035,Reference
2,7,PCA,PC20,0.555953558771862,Reference
2,7,PCP,PC10,0.99624634302971,Reference
2,7,PCP,PC20,0.99624634302971,Reference
2,7,PcaGrid,PC10,0.00345155686289,Reference
2,7,PcaGrid,PC20,-0.000735949077417532,Reference
2,7,PcaHubert,PC10,0.754498675967785,Reference
2,7,PcaHubert,PC20,0.623255562437266,Reference
2,7,Quad,PC10,0.654743606905384,Proposed
2,7,Quad,PC20,0.512121431932266,Proposed
2,7,Shell,PC10,0.538082620744691,Proposed
2,7,Shell,PC20,0.575600177647232,Proposed
2,7,Winsor,PC10,0.633295965993841,Proposed
2,7,Winsor,PC20,0.597385121881815,Proposed
2,8,Ball,PC10,0.618280323356187,Proposed
2,8,Ball,PC20,0.609701848778903,Proposed
2,8,K's tau,PC10,0.600674498995321,Reference
2,8,K's tau,PC20,0.612740853768635,Reference
2,8,LR,PC10,0.607954785560763,Proposed
2,8,LR,PC20,0.530077562196096,Proposed
2,8,PCA,PC10,0.562763296308157,Reference
2,8,PCA,PC20,0.45412957766274,Reference
2,8,PCP,PC10,0.99786470364986,Reference
2,8,PCP,PC20,0.736843771454066,Reference
2,8,PcaGrid,PC10,0.0265747703274097,Reference
2,8,PcaGrid,PC20,0.00423685863216499,Reference
2,8,PcaHubert,PC10,0.661865515285127,Reference
2,8,PcaHubert,PC20,0.485764777273599,Reference
2,8,Quad,PC10,0.600901375957571,Proposed
2,8,Quad,PC20,0.454505134876466,Proposed
2,8,Shell,PC10,0.612406137214428,Proposed
2,8,Shell,PC20,0.600468937502208,Proposed
2,8,Winsor,PC10,0.66076287428874,Proposed
2,8,Winsor,PC20,0.570427580579594,Proposed
2,9,Ball,PC10,0.892281729131083,Proposed
2,9,Ball,PC20,0.592420465842923,Proposed
2,9,K's tau,PC10,0.921825461965406,Reference
2,9,K's tau,PC20,0.669478129593638,Reference
2,9,LR,PC10,0.760392651456776,Proposed
2,9,LR,PC20,0.455062978711537,Proposed
2,9,PCA,PC10,0.581071954470798,Reference
2,9,PCA,PC20,0.530392892384343,Reference
2,9,PCP,PC10,0.748143933542571,Reference
2,9,PCP,PC20,0.995675011356343,Reference
2,9,PcaGrid,PC10,0.00267759316434008,Reference
2,9,PcaGrid,PC20,0.0024593275730639,Reference
2,9,PcaHubert,PC10,0.731942832705151,Reference
2,9,PcaHubert,PC20,0.690923753016369,Reference
2,9,Quad,PC10,0.613998936655412,Proposed
2,9,Quad,PC20,0.471053963973251,Proposed
2,9,Shell,PC10,0.742797760491367,Proposed
2,9,Shell,PC20,0.576231251213055,Proposed
2,9,Winsor,PC10,0.703262497690365,Proposed
2,9,Winsor,PC20,0.446536810552722,Proposed
2,10,Ball,PC10,0.727205465056585,Proposed
2,10,Ball,PC20,0.549316235043006,Proposed
2,10,K's tau,PC10,0.806127897130727,Reference
2,10,K's tau,PC20,0.528444061801882,Reference
2,10,LR,PC10,0.684985364100877,Proposed
2,10,LR,PC20,0.547306578031767,Proposed
2,10,PCA,PC10,0.543153532239604,Reference
2,10,PCA,PC20,0.538296240460015,Reference
2,10,PCP,PC10,0.880064082905519,Reference
2,10,PCP,PC20,0.858714778835428,Reference
2,10,PcaGrid,PC10,0.00113874660448447,Reference
2,10,PcaGrid,PC20,-0.000220602081430539,Reference
2,10,PcaHubert,PC10,0.660985916023537,Reference
2,10,PcaHubert,PC20,0.55852226196819,Reference
2,10,Quad,PC10,0.510441607617618,Proposed
2,10,Quad,PC20,0.524801299518768,Proposed
2,10,Shell,PC10,0.545829312907713,Proposed
2,10,Shell,PC20,0.5452271396689,Proposed
2,10,Winsor,PC10,0.680821414947575,Proposed
2,10,Winsor,PC20,0.56444428128611,Proposed
3,1,Ball,PC10,0.662968482601843,Proposed
3,1,Ball,PC20,0.729224857828798,Proposed
3,1,K's tau,PC10,0.632874581584657,Reference
3,1,K's tau,PC20,0.65691541958642,Reference
3,1,LR,PC10,0.697839091778134,Proposed
3,1,LR,PC20,0.617389483800268,Proposed
3,1,PCA,PC10,0.533360795949006,Reference
3,1,PCA,PC20,0.63288257484955,Reference
3,1,PCP,PC10,0.98456843280416,Reference
3,1,PCP,PC20,0.516802141789483,Reference
3,1,PcaGrid,PC10,0.0021408778703118,Reference
3,1,PcaGrid,PC20,-3.54024082936494e-05,Reference
3,1,PcaHubert,PC10,0.73269917635565,Reference
3,1,PcaHubert,PC20,0.640802971440202,Reference
3,1,Quad,PC10,0.660871299556971,Proposed
3,1,Quad,PC20,0.556757368492847,Proposed
3,1,Shell,PC10,0.535988166865264,Proposed
3,1,Shell,PC20,0.587335442233569,Proposed
3,1,Winsor,PC10,0.648323568827025,Proposed
3,1,Winsor,PC20,0.620783528873109,Proposed
3,2,Ball,PC10,0.652418765375392,Proposed
3,2,Ball,PC20,0.725105910958899,Proposed
3,2,K's tau,PC10,0.747776730431087,Reference
3,2,K's tau,PC20,0.734797508846041,Reference
3,2,LR,PC10,0.739325630060522,Proposed
3,2,LR,PC20,0.73555235392468,Proposed
3,2,PCA,PC10,0.711805220610152,Reference
3,2,PCA,PC20,0.709384148309555,Reference
3,2,PCP,PC10,0.992031785680697,Reference
3,2,PCP,PC20,0.60914422520273,Reference
3,2,PcaGrid,PC10,-0.00360892631316822,Reference
3,2,PcaGrid,PC20,0.0137197186168553,Reference
3,2,PcaHubert,PC10,0.721291237100303,Reference
3,2,PcaHubert,PC20,0.746729481798394,Reference
3,2,Quad,PC10,0.656722059587068,Proposed
3,2,Quad,PC20,0.700557068180357,Proposed
3,2,Shell,PC10,0.726418575925279,Proposed
3,2,Shell,PC20,0.643153453128318,Proposed
3,2,Winsor,PC10,0.74329076405784,Proposed
3,2,Winsor,PC20,0.660365794558356,Proposed
3,3,Ball,PC10,0.838484764875521,Proposed
3,3,Ball,PC20,0.615557103193817,Proposed
3,3,K's tau,PC10,0.784703844200617,Reference
3,3,K's tau,PC20,0.850988773056212,Reference
3,3,LR,PC10,0.772172292182533,Proposed
3,3,LR,PC20,0.654923074115747,Proposed
3,3,PCA,PC10,0.573108045401891,Reference
3,3,PCA,PC20,0.666181879505774,Reference
3,3,PCP,PC10,0.985384228527649,Reference
3,3,PCP,PC20,0.847503287456662,Reference
3,3,PcaGrid,PC10,0.00450101639531127,Reference
3,3,PcaGrid,PC20,-0.00138953958877199,Reference
3,3,PcaHubert,PC10,0.974733851417854,Reference
3,3,PcaHubert,PC20,0.68378410575651,Reference
3,3,Quad,PC10,0.616667299170809,Proposed
3,3,Quad,PC20,0.668955561008697,Proposed
3,3,Shell,PC10,0.823494726760615,Proposed
3,3,Shell,PC20,0.648196840984163,Proposed
3,3,Winsor,PC10,0.607858703941202,Proposed
3,3,Winsor,PC20,0.644281401156436,Proposed
3,4,Ball,PC10,0.979845654897094,Proposed
3,4,Ball,PC20,0.628153217987888,Proposed
3,4,K's tau,PC10,0.979176230389885,Reference
3,4,K's tau,PC20,0.860522737819859,Reference
3,4,LR,PC10,0.717419494860697,Proposed
3,4,LR,PC20,0.671976450766669,Proposed
3,4,PCA,PC10,0.674910996918897,Reference
3,4,PCA,PC20,0.645970192445835,Reference
3,4,PCP,PC10,0.983556887836582,Reference
3,4,PCP,PC20,0.824308345442267,Reference
3,4,PcaGrid,PC10,0.00322658270561251,Reference
3,4,PcaGrid,PC20,0.00611404342370694,Reference
3,4,PcaHubert,PC10,0.817037074277963,Reference
3,4,PcaHubert,PC20,0.66885413750369,Reference
3,4,Quad,PC10,0.662688279488014,Proposed
3,4,Quad,PC20,0.540848837076781,Proposed
3,4,Shell,PC10,0.669421205801864,Proposed
3,4,Shell,PC20,0.60382380191363,Proposed
3,4,Winsor,PC10,0.632467843240978,Proposed
3,4,Winsor,PC20,0.512546259215034,Proposed
3,5,Ball,PC10,0.869048167903299,Proposed
3,5,Ball,PC20,0.658502209502939,Proposed
3,5,K's tau,PC10,0.98992428808477,Reference
3,5,K's tau,PC20,0.776219165890829,Reference
3,5,LR,PC10,0.674316541567412,Proposed
3,5,LR,PC20,0.672078638737375,Proposed
3,5,PCA,PC10,0.652586432659606,Reference
3,5,PCA,PC20,0.673420951806328,Reference
3,5,PCP,PC10,0.992858799119686,Reference
3,5,PCP,PC20,0.633128249367493,Reference
3,5,PcaGrid,PC10,-0.000108533922820536,Reference
3,5,PcaGrid,PC20,0.00282244155041797,Reference
3,5,PcaHubert,PC10,0.849868779634991,Reference
3,5,PcaHubert,PC20,0.437414704285886,Reference
3,5,Quad,PC10,0.697415590534942,Proposed
3,5,Quad,PC20,0.662531902113549,Proposed
3,5,Shell,PC10,0.682104719145008,Proposed
3,5,Shell,PC20,0.561062198075783,Proposed
3,5,Winsor,PC10,0.716081984500036,Proposed
3,5,Winsor,PC20,0.650021914177553,Proposed
3,6,Ball,PC10,0.73187812751872,Proposed
3,6,Ball,PC20,0.640046243621975,Proposed
3,6,K's tau,PC10,0.745282227477436,Reference
3,6,K's tau,PC20,0.719447582608351,Reference
3,6,LR,PC10,0.722722870701844,Proposed
3,6,LR,PC20,0.637205269954712,Proposed
3,6,PCA,PC10,0.584215692025678,Reference
3,6,PCA,PC20,0.769334271128633,Reference
3,6,PCP,PC10,0.976533290332046,Reference
3,6,PCP,PC20,0.720098701285913,Reference
3,6,PcaGrid,PC10,0.000568233196463878,Reference
3,6,PcaGrid,PC20,-0.00136495873561134,Reference
3,6,PcaHubert,PC10,0.685812201461885,Reference
3,6,PcaHubert,PC20,0.852648913384334,Reference
3,6,Quad,PC10,0.720990297338163,Proposed
3,6,Quad,PC20,0.656251538083166,Proposed
3,6,Shell,PC10,0.642251397762456,Proposed
3,6,Shell,PC20,0.629943193750672,Proposed
3,6,Winsor,PC10,0.649911027136931,Proposed
3,6,Winsor,PC20,0.678564312715865,Proposed
3,7,Ball,PC10,0.815594112031088,Proposed
3,7,Ball,PC20,0.632157210039365,Proposed
3,7,K's tau,PC10,0.72718378311612,Reference
3,7,K's tau,PC20,0.651397471995119,Reference
3,7,LR,PC10,0.818498548092773,Proposed
3,7,LR,PC20,0.55401158324869,Proposed
3,7,PCA,PC10,0.620183787423914,Reference
3,7,PCA,PC20,0.617901062703388,Reference
3,7,PCP,PC10,0.978330592061371,Reference
3,7,PCP,PC20,0.672892721169154,Reference
3,7,PcaGrid,PC10,0.00134807227165797,Reference
3,7,PcaGrid,PC20,-0.00190174728170806,Reference
3,7,PcaHubert,PC10,0.732512151012738,Reference
3,7,PcaHubert,PC20,0.552531655401857,Reference
3,7,Quad,PC10,0.593917496589695,Proposed
3,7,Quad,PC20,0.611833145753537,Proposed
3,7,Shell,PC10,0.571390170687603,Proposed
3,7,Shell,PC20,0.634937389260445,Proposed
3,7,Winsor,PC10,0.615648185167177,Proposed
3,7,Winsor,PC20,0.617240666432056,Proposed
3,8,Ball,PC10,0.980159196237369,Proposed
3,8,Ball,PC20,0.601221271501659,Proposed
3,8,K's tau,PC10,0.981037000877992,Reference
3,8,K's tau,PC20,0.982264299856255,Reference
3,8,LR,PC10,0.732739205877607,Proposed
3,8,LR,PC20,0.64254448450768,Proposed
3,8,PCA,PC10,0.70156746758125,Reference
3,8,PCA,PC20,0.559533242110348,Reference
3,8,PCP,PC10,0.976004441660566,Reference
3,8,PCP,PC20,0.734180722451474,Reference
3,8,PcaGrid,PC10,0.00207549712683891,Reference
3,8,PcaGrid,PC20,0.00278183164662815,Reference
3,8,PcaHubert,PC10,0.762051756806902,Reference
3,8,PcaHubert,PC20,0.624070507115725,Reference
3,8,Quad,PC10,0.741692884582062,Proposed
3,8,Quad,PC20,0.681350959482104,Proposed
3,8,Shell,PC10,0.710570564849285,Proposed
3,8,Shell,PC20,0.59225326748017,Proposed
3,8,Winsor,PC10,0.692868924832558,Proposed
3,8,Winsor,PC20,0.686935213027214,Proposed
3,9,Ball,PC10,0.646345777075825,Proposed
3,9,Ball,PC20,0.594518571698246,Proposed
3,9,K's tau,PC10,0.727128834656994,Reference
3,9,K's tau,PC20,0.714014281728297,Reference
3,9,LR,PC10,0.539704952111659,Proposed
3,9,LR,PC20,0.561057172407975,Proposed
3,9,PCA,PC10,0.541577541862938,Reference
3,9,PCA,PC20,0.579720253237691,Reference
3,9,PCP,PC10,0.968406956550107,Reference
3,9,PCP,PC20,0.556436949822414,Reference
3,9,PcaGrid,PC10,-0.00389514590315101,Reference
3,9,PcaGrid,PC20,0.00215690943694309,Reference
3,9,PcaHubert,PC10,0.704238405874204,Reference
3,9,PcaHubert,PC20,0.593393706223151,Reference
3,9,Quad,PC10,0.701069507759972,Proposed
3,9,Quad,PC20,0.520650738452989,Proposed
3,9,Shell,PC10,0.677202488043401,Proposed
3,9,Shell,PC20,0.51448094000658,Proposed
3,9,Winsor,PC10,0.577491700362927,Proposed
3,9,Winsor,PC20,0.575959265423939,Proposed
3,10,Ball,PC10,0.721901533465381,Proposed
3,10,Ball,PC20,0.702681716108009,Proposed
3,10,K's tau,PC10,0.796228337188654,Reference
3,10,K's tau,PC20,0.70551491822894,Reference
3,10,LR,PC10,0.844184129612677,Proposed
3,10,LR,PC20,0.710664671872053,Proposed
3,10,PCA,PC10,0.685849989656637,Reference
3,10,PCA,PC20,0.659824922171655,Reference
3,10,PCP,PC10,0.969058158742386,Reference
3,10,PCP,PC20,0.671217120538303,Reference
3,10,PcaGrid,PC10,0.00295220683306328,Reference
3,10,PcaGrid,PC20,0.00428405784246783,Reference
3,10,PcaHubert,PC10,0.697687011440435,Reference
3,10,PcaHubert,PC20,0.734188621268805,Reference
3,10,Quad,PC10,0.704936950495465,Proposed
3,10,Quad,PC20,0.668282795727661,Proposed
3,10,Shell,PC10,0.695350637921183,Proposed
3,10,Shell,PC20,0.662214111591488,Proposed
3,10,Winsor,PC10,0.708673917284936,Proposed
3,10,Winsor,PC20,0.669821783499735,Proposed
4,1,Ball,PC10,0.929188505131637,Proposed
4,1,Ball,PC20,0.93040658485036,Proposed
4,1,K's tau,PC10,0.930044821489467,Reference
4,1,K's tau,PC20,0.928945835794228,Reference
4,1,LR,PC10,0.931544500993826,Proposed
4,1,LR,PC20,0.821318922315635,Proposed
4,1,PCA,PC10,0.893472597531991,Reference
4,1,PCA,PC20,0.86312082520025,Reference
4,1,PCP,PC10,0.874015093738583,Reference
4,1,PCP,PC20,0.633528847471003,Reference
4,1,PcaGrid,PC10,-0.000191011308041471,Reference
4,1,PcaGrid,PC20,0.0026541991509806,Reference
4,1,PcaHubert,PC10,0.896320066409248,Reference
4,1,PcaHubert,PC20,0.673710959330669,Reference
4,1,Quad,PC10,0.772123910001789,Proposed
4,1,Quad,PC20,0.797320146388793,Proposed
4,1,Shell,PC10,0.771645182725434,Proposed
4,1,Shell,PC20,0.812910744173225,Proposed
4,1,Winsor,PC10,0.774497618844345,Proposed
4,1,Winsor,PC20,0.64420371985835,Proposed
4,2,Ball,PC10,0.923262582425894,Proposed
4,2,Ball,PC20,0.929622184603092,Proposed
4,2,K's tau,PC10,0.92745744622317,Reference
4,2,K's tau,PC20,0.934856632329761,Reference
4,2,LR,PC10,0.92097545697833,Proposed
4,2,LR,PC20,0.927955276103657,Proposed
4,2,PCA,PC10,0.923016675394473,Reference
4,2,PCA,PC20,0.754580118856172,Reference
4,2,PCP,PC10,0.882919730261954,Reference
4,2,PCP,PC20,0.623985690586654,Reference
4,2,PcaGrid,PC10,-0.00130200474360772,Reference
4,2,PcaGrid,PC20,1.21082591543893e-05,Reference
4,2,PcaHubert,PC10,0.921989781933709,Reference
4,2,PcaHubert,PC20,0.789483112304895,Reference
4,2,Quad,PC10,0.92319818601785,Proposed
4,2,Quad,PC20,0.784978022539928,Proposed
4,2,Shell,PC10,0.773987037772292,Proposed
4,2,Shell,PC20,0.797121268660649,Proposed
4,2,Winsor,PC10,0.923404398600961,Proposed
4,2,Winsor,PC20,0.678460835485348,Proposed
4,3,Ball,PC10,0.892895745745026,Proposed
4,3,Ball,PC20,0.903123784755264,Proposed
4,3,K's tau,PC10,0.902401461114371,Reference
4,3,K's tau,PC20,0.906961506335516,Reference
4,3,LR,PC10,0.902718356240927,Proposed
4,3,LR,PC20,0.905022248899598,Proposed
4,3,PCA,PC10,0.905092252531278,Reference
4,3,PCA,PC20,0.838511686108177,Reference
4,3,PCP,PC10,0.885910416634342,Reference
4,3,PCP,PC20,0.6754573154102,Reference
4,3,PcaGrid,PC10,0.00092192232557382,Reference
4,3,PcaGrid,PC20,0.00112061315459358,Reference
4,3,PcaHubert,PC10,0.877400108877773,Reference
4,3,PcaHubert,PC20,0.64018118922062,Reference
4,3,Quad,PC10,0.903761025992322,Proposed
4,3,Quad,PC20,0.911590370228411,Proposed
4,3,Shell,PC10,0.900708636293878,Proposed
4,3,Shell,PC20,0.776219831099544,Proposed
4,3,Winsor,PC10,0.907638706228744,Proposed
4,3,Winsor,PC20,0.84694638139619,Proposed
4,4,Ball,PC10,0.861909512082663,Proposed
4,4,Ball,PC20,0.866275440845096,Proposed
4,4,K's tau,PC10,0.863709497868292,Reference
4,4,K's tau,PC20,0.878808563580241,Reference
4,4,LR,PC10,0.773317730924404,Proposed
4,4,LR,PC20,0.87074211607996,Proposed
4,4,PCA,PC10,0.822586610585416,Reference
4,4,PCA,PC20,0.77102041808611,Reference
4,4,PCP,PC10,0.789700910705303,Reference
4,4,PCP,PC20,0.596880065339045,Reference
4,4,PcaGrid,PC10,0.00232336392350759,Reference
4,4,PcaGrid,PC20,0.000152181367154275,Reference
4,4,PcaHubert,PC10,0.845343418934456,Reference
4,4,PcaHubert,PC20,0.74062858699588,Reference
4,4,Quad,PC10,0.861324047090773,Proposed
4,4,Quad,PC20,0.806294675773944,Proposed
4,4,Shell,PC10,0.858384423756522,Proposed
4,4,Shell,PC20,0.550985775626623,Proposed
4,4,Winsor,PC10,0.863210267480572,Proposed
4,4,Winsor,PC20,0.811318516146396,Proposed
4,5,Ball,PC10,0.933095462512069,Proposed
4,5,Ball,PC20,0.94087587407873,Proposed
4,5,K's tau,PC10,0.938477934717958,Reference
4,5,K's tau,PC20,0.940404754171075,Reference
4,5,LR,PC10,0.932470082901875,Proposed
4,5,LR,PC20,0.936595489242717,Proposed
4,5,PCA,PC10,0.896314056301039,Reference
4,5,PCA,PC20,0.864121189874644,Reference
4,5,PCP,PC10,0.916178171706041,Reference
4,5,PCP,PC20,0.775170211512922,Reference
4,5,PcaGrid,PC10,0.00206378907725527,Reference
4,5,PcaGrid,PC20,0.00346119279883962,Reference
4,5,PcaHubert,PC10,0.914189831434141,Reference
4,5,PcaHubert,PC20,0.807740748393997,Reference
4,5,Quad,PC10,0.935511262001819,Proposed
4,5,Quad,PC20,0.765277839164221,Proposed
4,5,Shell,PC10,0.93448126813257,Proposed
4,5,Shell,PC20,0.694558555937748,Proposed
4,5,Winsor,PC10,0.937050201405636,Proposed
4,5,Winsor,PC20,0.873147670810012,Proposed
4,6,Ball,PC10,0.804217070285202,Proposed
4,6,Ball,PC20,0.80416806325142,Proposed
4,6,K's tau,PC10,0.801606625126728,Reference
4,6,K's tau,PC20,0.799094907294309,Reference
4,6,LR,PC10,0.803122454512972,Proposed
4,6,LR,PC20,0.802307400242723,Proposed
4,6,PCA,PC10,0.765092588926573,Reference
4,6,PCA,PC20,0.737782927178572,Reference
4,6,PCP,PC10,0.772260210075005,Reference
4,6,PCP,PC20,0.726969418100754,Reference
4,6,PcaGrid,PC10,-0.00014536923248203,Reference
4,6,PcaGrid,PC20,0.00031692663349808,Reference
4,6,PcaHubert,PC10,0.781336305016426,Reference
4,6,PcaHubert,PC20,0.685265611900016,Reference
4,6,Quad,PC10,0.799710162294332,Proposed
4,6,Quad,PC20,0.739632701503943,Proposed
4,6,Shell,PC10,0.804330694342482,Proposed
4,6,Shell,PC20,0.594752556282005,Proposed
4,6,Winsor,PC10,0.800697019468178,Proposed
4,6,Winsor,PC20,0.733939253276142,Proposed
4,7,Ball,PC10,0.751359525550107,Proposed
4,7,Ball,PC20,0.765265312657252,Proposed
4,7,K's tau,PC10,0.913647402215172,Reference
4,7,K's tau,PC20,0.771729622850509,Reference
4,7,LR,PC10,0.750272217458954,Proposed
4,7,LR,PC20,0.757031526611842,Proposed
4,7,PCA,PC10,0.726690827724015,Reference
4,7,PCA,PC20,0.625861321433677,Reference
4,7,PCP,PC10,0.854008994937429,Reference
4,7,PCP,PC20,0.587733568486501,Reference
4,7,PcaGrid,PC10,0.0021781464818156,Reference
4,7,PcaGrid,PC20,-0.00198179465768475,Reference
4,7,PcaHubert,PC10,0.905747592829518,Reference
4,7,PcaHubert,PC20,0.582676159563164,Reference
4,7,Quad,PC10,0.742075198082572,Proposed
4,7,Quad,PC20,0.699594790778682,Proposed
4,7,Shell,PC10,0.642969177143102,Proposed
4,7,Shell,PC20,0.692338037816909,Proposed
4,7,Winsor,PC10,0.725697741397301,Proposed
4,7,Winsor,PC20,0.700626372372817,Proposed
4,8,Ball,PC10,0.867670771920837,Proposed
4,8,Ball,PC20,0.868900763007981,Proposed
4,8,K's tau,PC10,0.867947472772159,Reference
4,8,K's tau,PC20,0.868948917845015,Reference
4,8,LR,PC10,0.888114785633927,Proposed
4,8,LR,PC20,0.868746024227379,Proposed
4,8,PCA,PC10,0.835545335519156,Reference
4,8,PCA,PC20,0.849203075962619,Reference
4,8,PCP,PC10,0.850358705459413,Reference
4,8,PCP,PC20,0.863615666290833,Reference
4,8,PcaGrid,PC10,0.00557530064000904,Reference
4,8,PcaGrid,PC20,0.00183124796487433,Reference
4,8,PcaHubert,PC10,0.857749726711565,Reference
4,8,PcaHubert,PC20,0.821844964015792,Reference
4,8,Quad,PC10,0.850628512913735,Proposed
4,8,Quad,PC20,0.843459782879915,Proposed
4,8,Shell,PC10,0.869568379157075,Proposed
4,8,Shell,PC20,0.623739918846224,Proposed
4,8,Winsor,PC10,0.773734564858318,Proposed
4,8,Winsor,PC20,0.843896339963024,Proposed
4,9,Ball,PC10,0.874938879189492,Proposed
4,9,Ball,PC20,0.861752397095564,Proposed
4,9,K's tau,PC10,0.882496312935076,Reference
4,9,K's tau,PC20,0.860407950687858,Reference
4,9,LR,PC10,0.878164992661906,Proposed
4,9,LR,PC20,0.860013956001594,Proposed
4,9,PCA,PC10,0.834693857415669,Reference
4,9,PCA,PC20,0.80337699083465,Reference
4,9,PCP,PC10,0.871254216189521,Reference
4,9,PCP,PC20,0.580061029429858,Reference
4,9,PcaGrid,PC10,0.00174169641158326,Reference
4,9,PcaGrid,PC20,0.000726579057952318,Reference
4,9,PcaHubert,PC10,0.854309591506861,Reference
4,9,PcaHubert,PC20,0.638291935249502,Reference
4,9,Quad,PC10,0.873448009809626,Proposed
4,9,Quad,PC20,0.806561943755965,Proposed
4,9,Shell,PC10,0.594786930376446,Proposed
4,9,Shell,PC20,0.559618689456772,Proposed
4,9,Winsor,PC10,0.872571408410916,Proposed
4,9,Winsor,PC20,0.799576964376401,Proposed
4,10,Ball,PC10,0.851667276513764,Proposed
4,10,Ball,PC20,0.85464598785243,Proposed
4,10,K's tau,PC10,0.852543240813913,Reference
4,10,K's tau,PC20,0.850877299437954,Reference
4,10,LR,PC10,0.848611014183138,Proposed
4,10,LR,PC20,0.852704370841932,Proposed
4,10,PCA,PC10,0.828695355547489,Reference
4,10,PCA,PC20,0.800238409318095,Reference
4,10,PCP,PC10,0.784228943289003,Reference
4,10,PCP,PC20,0.522993136055041,Reference
4,10,PcaGrid,PC10,-0.00103505314154384,Reference
4,10,PcaGrid,PC20,0.000240832684800397,Reference
4,10,PcaHubert,PC10,0.799840543196077,Reference
4,10,PcaHubert,PC20,0.752013608055734,Reference
4,10,Quad,PC10,0.854453577802675,Proposed
4,10,Quad,PC20,0.808560055395217,Proposed
4,10,Shell,PC10,0.854228601415428,Proposed
4,10,Shell,PC20,0.624563155107316,Proposed
4,10,Winsor,PC10,0.856505489961571,Proposed
4,10,Winsor,PC20,0.769007541692607,Proposed
5,1,Ball,PC10,0.717713509562203,Proposed
5,1,Ball,PC20,0.615833203124045,Proposed
5,1,K's tau,PC10,0.718614819160615,Reference
5,1,K's tau,PC20,0.728293414791342,Reference
5,1,LR,PC10,0.718228171578953,Proposed
5,1,LR,PC20,0.723746664599649,Proposed
5,1,PCA,PC10,0.694223833984985,Reference
5,1,PCA,PC20,0.695225605513652,Reference
5,1,PCP,PC10,0.521953986820774,Reference
5,1,PCP,PC20,0.510415649826401,Reference
5,1,PcaGrid,PC10,0.000963918525723063,Reference
5,1,PcaGrid,PC20,0.00290802731861272,Reference
5,1,PcaHubert,PC10,0.680454698212985,Reference
5,1,PcaHubert,PC20,0.23797060291123,Reference
5,1,Quad,PC10,0.722677603268692,Proposed
5,1,Quad,PC20,0.730809783524171,Proposed
5,1,Shell,PC10,0.718740141390024,Proposed
5,1,Shell,PC20,0.722709841534124,Proposed
5,1,Winsor,PC10,0.725650690027517,Proposed
5,1,Winsor,PC20,0.732009223183405,Proposed
5,2,Ball,PC10,0.762024486661317,Proposed
5,2,Ball,PC20,0.758133131217782,Proposed
5,2,K's tau,PC10,0.758567049828254,Reference
5,2,K's tau,PC20,0.759285564836201,Reference
5,2,LR,PC10,0.757993824142353,Proposed
5,2,LR,PC20,0.753117785220645,Proposed
5,2,PCA,PC10,0.740008537225583,Reference
5,2,PCA,PC20,0.738021479601509,Reference
5,2,PCP,PC10,0.496436436249597,Reference
5,2,PCP,PC20,0.581377043605008,Reference
5,2,PcaGrid,PC10,0.0120457838461392,Reference
5,2,PcaGrid,PC20,0.00779019575907732,Reference
5,2,PcaHubert,PC10,0.735650050664142,Reference
5,2,PcaHubert,PC20,0.475789194491413,Reference
5,2,Quad,PC10,0.755909170821746,Proposed
5,2,Quad,PC20,0.760070218984662,Proposed
5,2,Shell,PC10,0.752921811376035,Proposed
5,2,Shell,PC20,0.752539834863096,Proposed
5,2,Winsor,PC10,0.754648405653879,Proposed
5,2,Winsor,PC20,0.759621873709118,Proposed
5,3,Ball,PC10,0.699685209466423,Proposed
5,3,Ball,PC20,0.707971351461752,Proposed
5,3,K's tau,PC10,0.71260618408965,Reference
5,3,K's tau,PC20,0.714705708525448,Reference
5,3,LR,PC10,0.701504333249114,Proposed
5,3,LR,PC20,0.712001604706214,Proposed
5,3,PCA,PC10,0.705478929661095,Reference
5,3,PCA,PC20,0.665299511794426,Reference
5,3,PCP,PC10,0.405976892765339,Reference
5,3,PCP,PC20,0,Reference
5,3,PcaGrid,PC10,0.00280462777806588,Reference
5,3,PcaGrid,PC20,-0.000791686358738603,Reference
5,3,PcaHubert,PC10,0.687409071797942,Reference
5,3,PcaHubert,PC20,0.173249800877768,Reference
5,3,Quad,PC10,0.706365355408455,Proposed
5,3,Quad,PC20,0.713225374573891,Proposed
5,3,Shell,PC10,0.701169797924691,Proposed
5,3,Shell,PC20,0.713423709326737,Proposed
5,3,Winsor,PC10,0.703384736872992,Proposed
5,3,Winsor,PC20,0.708087125339293,Proposed
5,4,Ball,PC10,0.613972773649227,Proposed
5,4,Ball,PC20,0.622116266276675,Proposed
5,4,K's tau,PC10,0.614370212621147,Reference
5,4,K's tau,PC20,0.577240033623543,Reference
5,4,LR,PC10,0.566379017647459,Proposed
5,4,LR,PC20,0.460034215526563,Proposed
5,4,PCA,PC10,0.587051613127874,Reference
5,4,PCA,PC20,0.577684696307362,Reference
5,4,PCP,PC10,0,Reference
5,4,PCP,PC20,0,Reference
5,4,PcaGrid,PC10,0.00101808705932958,Reference
5,4,PcaGrid,PC20,-0.00398202248208306,Reference
5,4,PcaHubert,PC10,0.476672690473544,Reference
5,4,PcaHubert,PC20,-0.00105671698373863,Reference
5,4,Quad,PC10,0.611629831004847,Proposed
5,4,Quad,PC20,0.572169885107252,Proposed
5,4,Shell,PC10,0.590945331001854,Proposed
5,4,Shell,PC20,0.550249403254023,Proposed
5,4,Winsor,PC10,0.596005727145679,Proposed
5,4,Winsor,PC20,0.597036980667938,Proposed
5,5,Ball,PC10,0.783744486889185,Proposed
5,5,Ball,PC20,0.732015885781606,Proposed
5,5,K's tau,PC10,0.775649957728969,Reference
5,5,K's tau,PC20,0.734488575185758,Reference
5,5,LR,PC10,0.731397911011843,Proposed
5,5,LR,PC20,0.737960363682985,Proposed
5,5,PCA,PC10,0.734458811023681,Reference
5,5,PCA,PC20,0.680070343796763,Reference
5,5,PCP,PC10,0.544632185595144,Reference
5,5,PCP,PC20,0.58600840080879,Reference
5,5,PcaGrid,PC10,-0.00190535827785677,Reference
5,5,PcaGrid,PC20,0.00374830776903996,Reference
5,5,PcaHubert,PC10,0.734459478601329,Reference
5,5,PcaHubert,PC20,0.685495042743162,Reference
5,5,Quad,PC10,0.729943225739814,Proposed
5,5,Quad,PC20,0.729147657254839,Proposed
5,5,Shell,PC10,0.732463242264727,Proposed
5,5,Shell,PC20,0.732027889043934,Proposed
5,5,Winsor,PC10,0.729943225739814,Proposed
5,5,Winsor,PC20,0.676592691875027,Proposed
5,6,Ball,PC10,0.563232655662363,Proposed
5,6,Ball,PC20,0,Proposed
5,6,K's tau,PC10,0.588349157572463,Reference
5,6,K's tau,PC20,0.517732317881934,Reference
5,6,LR,PC10,0.580556704406124,Proposed
5,6,LR,PC20,0.515344150957202,Proposed
5,6,PCA,PC10,0.512347740663137,Reference
5,6,PCA,PC20,0.510381992497897,Reference
5,6,PCP,PC10,0.0112660772391137,Reference
5,6,PCP,PC20,0,Reference
5,6,PcaGrid,PC10,-0.000205307676431695,Reference
5,6,PcaGrid,PC20,0.00172263437493206,Reference
5,6,PcaHubert,PC10,0.317606187391826,Reference
5,6,PcaHubert,PC20,-0.00103403068144604,Reference
5,6,Quad,PC10,0.525264309111477,Proposed
5,6,Quad,PC20,0.324187026898502,Proposed
5,6,Shell,PC10,0.565710983111068,Proposed
5,6,Shell,PC20,0.522438131367884,Proposed
5,6,Winsor,PC10,0.534395134592165,Proposed
5,6,Winsor,PC20,0.465267182534006,Proposed
5,7,Ball,PC10,0.7472627084767,Proposed
5,7,Ball,PC20,0.733249604247865,Proposed
5,7,K's tau,PC10,0.73983417092548,Reference
5,7,K's tau,PC20,0.748855868919531,Reference
5,7,LR,PC10,0.752683237819739,Proposed
5,7,LR,PC20,0.749852655497635,Proposed
5,7,PCA,PC10,0.711168723906996,Reference
5,7,PCA,PC20,0.692913407224251,Reference
5,7,PCP,PC10,0.570252049837571,Reference
5,7,PCP,PC20,0.569916160760363,Reference
5,7,PcaGrid,PC10,0.00543291308773971,Reference
5,7,PcaGrid,PC20,0.0123501728859838,Reference
5,7,PcaHubert,PC10,0.684214062980246,Reference
5,7,PcaHubert,PC20,0.330988161534498,Reference
5,7,Quad,PC10,0.736728869351308,Proposed
5,7,Quad,PC20,0.681708539057204,Proposed
5,7,Shell,PC10,0.734009213431453,Proposed
5,7,Shell,PC20,0.65262391485559,Proposed
5,7,Winsor,PC10,0.707495115243655,Proposed
5,7,Winsor,PC20,0.692399600156877,Proposed
5,8,Ball,PC10,0.7187667208517,Proposed
5,8,Ball,PC20,0.729877859513894,Proposed
5,8,K's tau,PC10,0.722832116948944,Reference
5,8,K's tau,PC20,0.732290564331465,Reference
5,8,LR,PC10,0.720207178757663,Proposed
5,8,LR,PC20,0.714780038339359,Proposed
5,8,PCA,PC10,0.6962832667062,Reference
5,8,PCA,PC20,0.680412424979905,Reference
5,8,PCP,PC10,0.358115537796092,Reference
5,8,PCP,PC20,0.468783665952669,Reference
5,8,PcaGrid,PC10,-0.000157342574118104,Reference
5,8,PcaGrid,PC20,0.00043079482386114,Reference
5,8,PcaHubert,PC10,0.648028223486066,Reference
5,8,PcaHubert,PC20,0.275571184018225,Reference
5,8,Quad,PC10,0.727163651714097,Proposed
5,8,Quad,PC20,0.718225659931529,Proposed
5,8,Shell,PC10,0.716721088473122,Proposed
5,8,Shell,PC20,0.676325111037236,Proposed
5,8,Winsor,PC10,0.720072120908256,Proposed
5,8,Winsor,PC20,0.680813558685065,Proposed
5,9,Ball,PC10,0.72388583936881,Proposed
5,9,Ball,PC20,0.729151674095976,Proposed
5,9,K's tau,PC10,0.732245730443833,Reference
5,9,K's tau,PC20,0.733113789280012,Reference
5,9,LR,PC10,0.725594706473,Proposed
5,9,LR,PC20,0.733403662278997,Proposed
5,9,PCA,PC10,0.725447681391285,Reference
5,9,PCA,PC20,0.684760778121408,Reference
5,9,PCP,PC10,0.501334858129417,Reference
5,9,PCP,PC20,0.471237463718294,Reference
5,9,PcaGrid,PC10,0.00156215727238875,Reference
5,9,PcaGrid,PC20,0.00969453372589495,Reference
5,9,PcaHubert,PC10,0.702195385848812,Reference
5,9,PcaHubert,PC20,0.633045359675002,Reference
5,9,Quad,PC10,0.726351940193681,Proposed
5,9,Quad,PC20,0.729966231725359,Proposed
5,9,Shell,PC10,0.724026463924908,Proposed
5,9,Shell,PC20,0.726996780557927,Proposed
5,9,Winsor,PC10,0.724445757735836,Proposed
5,9,Winsor,PC20,0.686463039996535,Proposed
5,10,Ball,PC10,0.57726475228553,Proposed
5,10,Ball,PC20,0,Proposed
5,10,K's tau,PC10,0.585945252000687,Reference
5,10,K's tau,PC20,0.604946874607038,Reference
5,10,LR,PC10,0.589410279164967,Proposed
5,10,LR,PC20,0.601149089807023,Proposed
5,10,PCA,PC10,0.5642987542368,Reference
5,10,PCA,PC20,-0.000571931356557534,Reference
5,10,PCP,PC10,0.346838968654597,Reference
5,10,PCP,PC20,0,Reference
5,10,PcaGrid,PC10,-0.00160881480644838,Reference
5,10,PcaGrid,PC20,0.00236776442172659,Reference
5,10,PcaHubert,PC10,0.561927423254704,Reference
5,10,PcaHubert,PC20,-0.00560123402247697,Reference
5,10,Quad,PC10,0.588494520270171,Proposed
5,10,Quad,PC20,0.00496413273797374,Proposed
5,10,Shell,PC10,0.531453053242664,Proposed
5,10,Shell,PC20,0.00459019563220779,Proposed
5,10,Winsor,PC10,0.595390865084346,Proposed
5,10,Winsor,PC20,0.00145269322262174,Proposed
6,1,Ball,PC10,0.344324970155735,Proposed
6,1,Ball,PC20,0.00076006994816391,Proposed
6,1,K's tau,PC10,0.445638088216123,Reference
6,1,K's tau,PC20,0.00330780279004641,Reference
6,1,LR,PC10,0.140232629424665,Proposed
6,1,LR,PC20,0.00107960976024674,Proposed
6,1,PCA,PC10,0.439926504151845,Reference
6,1,PCA,PC20,0.0027927948955855,Reference
6,1,PCP,PC10,0,Reference
6,1,PCP,PC20,0.000767735162629349,Reference
6,1,PcaGrid,PC10,0.000709655381141866,Reference
6,1,PcaGrid,PC20,0.00111975577598292,Reference
6,1,PcaHubert,PC10,0.403113552350832,Reference
6,1,PcaHubert,PC20,-0.000854928122213965,Reference
6,1,Quad,PC10,0.288092333693845,Proposed
6,1,Quad,PC20,0.00412406715472873,Proposed
6,1,Shell,PC10,0.129703307270365,Proposed
6,1,Shell,PC20,0.00269791468538872,Proposed
6,1,Winsor,PC10,0.206968280024274,Proposed
6,1,Winsor,PC20,0.00508745989667098,Proposed
6,2,Ball,PC10,0.400972729292985,Proposed
6,2,Ball,PC20,0.00738110191809206,Proposed
6,2,K's tau,PC10,0.424905811543131,Reference
6,2,K's tau,PC20,0.00350450621863496,Reference
6,2,LR,PC10,0.355471435156355,Proposed
6,2,LR,PC20,0.00591464425007834,Proposed
6,2,PCA,PC10,0.393348854670469,Reference
6,2,PCA,PC20,-0.000317493950473369,Reference
6,2,PCP,PC10,0,Reference
6,2,PCP,PC20,0.000216139353340002,Reference
6,2,PcaGrid,PC10,-0.000423997794434604,Reference
6,2,PcaGrid,PC20,0.00168584125167658,Reference
6,2,PcaHubert,PC10,0,Reference
6,2,PcaHubert,PC20,0.00512642202760144,Reference
6,2,Quad,PC10,0.26106520956438,Proposed
6,2,Quad,PC20,0.00212920367861683,Proposed
6,2,Shell,PC10,-0.00154336637786986,Proposed
6,2,Shell,PC20,0.00363103635319883,Proposed
6,2,Winsor,PC10,0.364391872619927,Proposed
6,2,Winsor,PC20,0.00362884907827273,Proposed
6,3,Ball,PC10,-0.000442406850959179,Proposed
6,3,Ball,PC20,0.000349724318072925,Proposed
6,3,K's tau,PC10,0.474332711617184,Reference
6,3,K's tau,PC20,0.000797580974979529,Reference
6,3,LR,PC10,0.000375739849510465,Proposed
6,3,LR,PC20,-0.00174190348662927,Proposed
6,3,PCA,PC10,0.102359119018105,Reference
6,3,PCA,PC20,0.00194723378904634,Reference
6,3,PCP,PC10,0.00156789994826409,Reference
6,3,PCP,PC20,0.00174294550098664,Reference
6,3,PcaGrid,PC10,0.000531235325510144,Reference
6,3,PcaGrid,PC20,0.00271913274823858,Reference
6,3,PcaHubert,PC10,0.00126574973804024,Reference
6,3,PcaHubert,PC20,0.00196670387522632,Reference
6,3,Quad,PC10,0.000679518600701348,Proposed
6,3,Quad,PC20,0.00139188873724079,Proposed
6,3,Shell,PC10,0.000865289436906279,Proposed
6,3,Shell,PC20,4.04398842643908e-05,Proposed
6,3,Winsor,PC10,2.87043370585877e-05,Proposed
6,3,Winsor,PC20,0.000338373556231005,Proposed
6,4,Ball,PC10,0.00917253026600327,Proposed
6,4,Ball,PC20,0.00306178135348991,Proposed
6,4,K's tau,PC10,0,Reference
6,4,K's tau,PC20,0.00523464339990979,Reference
6,4,LR,PC10,0.00779148274838423,Proposed
6,4,LR,PC20,0.00372311793346267,Proposed
6,4,PCA,PC10,0.00912048840683195,Reference
6,4,PCA,PC20,0.00601976799178476,Reference
6,4,PCP,PC10,0.00660693516836665,Reference
6,4,PCP,PC20,0.00679665161639888,Reference
6,4,PcaGrid,PC10,0.00118111859421437,Reference
6,4,PcaGrid,PC20,0.00135335428461958,Reference
6,4,PcaHubert,PC10,0.00470214483795067,Reference
6,4,PcaHubert,PC20,-0.00171933590287883,Reference
6,4,Quad,PC10,0.0028331446224979,Proposed
6,4,Quad,PC20,-0.000715899068901291,Proposed
6,4,Shell,PC10,0.000421544812510827,Proposed
6,4,Shell,PC20,0.00445145948901375,Proposed
6,4,Winsor,PC10,0.000145765299571184,Proposed
6,4,Winsor,PC20,0.00675363943512553,Proposed
6,5,Ball,PC10,0.491758561610905,Proposed
6,5,Ball,PC20,0.0051578434935575,Proposed
6,5,K's tau,PC10,0.546048291172548,Reference
6,5,K's tau,PC20,0.0080429964217755,Reference
6,5,LR,PC10,0.539686624265368,Proposed
6,5,LR,PC20,0.00168656081821733,Proposed
6,5,PCA,PC10,0.495315069915522,Reference
6,5,PCA,PC20,0.00749528459827649,Reference
6,5,PCP,PC10,0.000882766576881267,Reference
6,5,PCP,PC20,-0.000713482338962701,Reference
6,5,PcaGrid,PC10,-0.00104453671442617,Reference
6,5,PcaGrid,PC20,0.00650423123758055,Reference
6,5,PcaHubert,PC10,0.525176852607835,Reference
6,5,PcaHubert,PC20,0.00496394110514497,Reference
6,5,Quad,PC10,0.471550583077717,Proposed
6,5,Quad,PC20,0.0135434651335973,Proposed
6,5,Shell,PC10,0.418797890063473,Proposed
6,5,Shell,PC20,0.0012949294640816,Proposed
6,5,Winsor,PC10,0.4636047379296,Proposed
6,5,Winsor,PC20,0.00889431625447786,Proposed
6,6,Ball,PC10,-0.00257953777162612,Proposed
6,6,Ball,PC20,0.000358664557653301,Proposed
6,6,K's tau,PC10,0,Reference
6,6,K's tau,PC20,0.00177660258929119,Reference
6,6,LR,PC10,-0.00111702929196547,Proposed
6,6,LR,PC20,0.00580834237249724,Proposed
6,6,PCA,PC10,0.0562921539128427,Reference
6,6,PCA,PC20,0.00247750247885957,Reference
6,6,PCP,PC10,0.00452392177396133,Reference
6,6,PCP,PC20,0.00393904180026242,Reference
6,6,PcaGrid,PC10,0.000465591560901316,Reference
6,6,PcaGrid,PC20,3.42252561933736e-05,Reference
6,6,PcaHubert,PC10,0.00350851167775579,Reference
6,6,PcaHubert,PC20,0.00332780416569987,Reference
6,6,Quad,PC10,-0.000997501745477211,Proposed
6,6,Quad,PC20,0.00242664759387972,Proposed
6,6,Shell,PC10,-0.00141511131330926,Proposed
6,6,Shell,PC20,0.00446768016978372,Proposed
6,6,Winsor,PC10,0.00257836505289861,Proposed
6,6,Winsor,PC20,0.00421862657140094,Proposed
6,7,Ball,PC10,0.258545788424895,Proposed
6,7,Ball,PC20,0.000274891060798486,Proposed
6,7,K's tau,PC10,0.404643003254078,Reference
6,7,K's tau,PC20,0.00100668407123684,Reference
6,7,LR,PC10,0.00645149811146935,Proposed
6,7,LR,PC20,-0.000996564440311485,Proposed
6,7,PCA,PC10,0.38787980110827,Reference
6,7,PCA,PC20,0.00064698263223759,Reference
6,7,PCP,PC10,0.000493846021071169,Reference
6,7,PCP,PC20,0.00161896204098032,Reference
6,7,PcaGrid,PC10,-0.000603568366480056,Reference
6,7,PcaGrid,PC20,-0.000930733846764328,Reference
6,7,PcaHubert,PC10,0.0134006710774663,Reference
6,7,PcaHubert,PC20,-0.00413696745252509,Reference
6,7,Quad,PC10,0.214745792100605,Proposed
6,7,Quad,PC20,-0.000222061165273157,Proposed
6,7,Shell,PC10,0.0985660056063476,Proposed
6,7,Shell,PC20,0.00106941233927464,Proposed
6,7,Winsor,PC10,0.217835283237913,Proposed
6,7,Winsor,PC20,-0.00220042889870278,Proposed
6,8,Ball,PC10,-0.00101650584650134,Proposed
6,8,Ball,PC20,-0.0029291597195825,Proposed
6,8,K's tau,PC10,0,Reference
6,8,K's tau,PC20,0.00194376105069465,Reference
6,8,LR,PC10,-0.000582594481594899,Proposed
6,8,LR,PC20,-0.000780271165802346,Proposed
6,8,PCA,PC10,0.00178535477373759,Reference
6,8,PCA,PC20,0.000230921573096722,Reference
6,8,PCP,PC10,0.00545920677399725,Reference
6,8,PCP,PC20,0.00848392190471204,Reference
6,8,PcaGrid,PC10,0.00128465377743458,Reference
6,8,PcaGrid,PC20,-0.000702644466870281,Reference
6,8,PcaHubert,PC10,0.00962222654319219,Reference
6,8,PcaHubert,PC20,0.00770280819144983,Reference
6,8,Quad,PC10,-0.00114838348966394,Proposed
6,8,Quad,PC20,0.000187487209911299,Proposed
6,8,Shell,PC10,-0.00183738362771244,Proposed
6,8,Shell,PC20,0.0183602475475731,Proposed
6,8,Winsor,PC10,0.00228343061552351,Proposed
6,8,Winsor,PC20,0.00338085380442707,Proposed
6,9,Ball,PC10,0.00115250968992919,Proposed
6,9,Ball,PC20,0.00263269560224782,Proposed
6,9,K's tau,PC10,0.00209836979151594,Reference
6,9,K's tau,PC20,0.00315785104578636,Reference
6,9,LR,PC10,-0.00164385106683983,Proposed
6,9,LR,PC20,0.00264098740307316,Proposed
6,9,PCA,PC10,-0.0037144933805458,Reference
6,9,PCA,PC20,-0.000819359549808859,Reference
6,9,PCP,PC10,-0.00106736423536382,Reference
6,9,PCP,PC20,0.00113141200907429,Reference
6,9,PcaGrid,PC10,-0.000729588689566907,Reference
6,9,PcaGrid,PC20,0.00112659074592196,Reference
6,9,PcaHubert,PC10,-0.00120331154853303,Reference
6,9,PcaHubert,PC20,-0.000570722280419841,Reference
6,9,Quad,PC10,0.00231758450536936,Proposed
6,9,Quad,PC20,0.00165051509829336,Proposed
6,9,Shell,PC10,0.000631311056996077,Proposed
6,9,Shell,PC20,0.00100336564629232,Proposed
6,9,Winsor,PC10,0.00146808757483051,Proposed
6,9,Winsor,PC20,0.000471751206940752,Proposed
6,10,Ball,PC10,0.000468988669402677,Proposed
6,10,Ball,PC20,0.00451320749522269,Proposed
6,10,K's tau,PC10,-0.00230152614633724,Reference
6,10,K's tau,PC20,0.00245647263196288,Reference
6,10,LR,PC10,0.0118671921957453,Proposed
6,10,LR,PC20,0.00372320700387603,Proposed
6,10,PCA,PC10,-0.00332956637264148,Reference
6,10,PCA,PC20,-0.000777874069338337,Reference
6,10,PCP,PC10,0.000994030197779812,Reference
6,10,PCP,PC20,0.0038917097607591,Reference
6,10,PcaGrid,PC10,-0.00121440570887841,Reference
6,10,PcaGrid,PC20,-0.00217053349402164,Reference
6,10,PcaHubert,PC10,0.0124351553762439,Reference
6,10,PcaHubert,PC20,-0.000867495063592233,Reference
6,10,Quad,PC10,-0.0035945319994763,Proposed
6,10,Quad,PC20,-0.000526917292922631,Proposed
6,10,Shell,PC10,0.0117787475007256,Proposed
6,10,Shell,PC20,0.00523441714966673,Proposed
6,10,Winsor,PC10,0.00755459829987231,Proposed
6,10,Winsor,PC20,-0.00291033990887259,Proposed
7,1,Ball,PC10,0.624257359098619,Proposed
7,1,Ball,PC20,0.7213218226409,Proposed
7,1,K's tau,PC10,0.862022747403947,Reference
7,1,K's tau,PC20,0.87573669011607,Reference
7,1,LR,PC10,0.618289906664095,Proposed
7,1,LR,PC20,0.720417168917344,Proposed
7,1,PCA,PC10,0.581659571484811,Reference
7,1,PCA,PC20,0.696966408706713,Reference
7,1,PCP,PC10,0.983046749442815,Reference
7,1,PCP,PC20,0.661477570041939,Reference
7,1,PcaGrid,PC10,0.000621983998141069,Reference
7,1,PcaGrid,PC20,0.00996400046339219,Reference
7,1,PcaHubert,PC10,0.710774877237316,Reference
7,1,PcaHubert,PC20,0.638889390969296,Reference
7,1,Quad,PC10,0.535565376762994,Proposed
7,1,Quad,PC20,0.643365883036887,Proposed
7,1,Shell,PC10,0.694970759826294,Proposed
7,1,Shell,PC20,0.647000934398814,Proposed
7,1,Winsor,PC10,0.584082181859206,Proposed
7,1,Winsor,PC20,0.633109905234497,Proposed
7,2,Ball,PC10,0.834980826725617,Proposed
7,2,Ball,PC20,0.726817573969713,Proposed
7,2,K's tau,PC10,0.799023827587336,Reference
7,2,K's tau,PC20,0.764052901214366,Reference
7,2,LR,PC10,0.943857664926226,Proposed
7,2,LR,PC20,0.700366318935111,Proposed
7,2,PCA,PC10,0.707001751809263,Reference
7,2,PCA,PC20,0.553845535849592,Reference
7,2,PCP,PC10,0.98187587716104,Reference
7,2,PCP,PC20,0.989422169168255,Reference
7,2,PcaGrid,PC10,0.00640640181303159,Reference
7,2,PcaGrid,PC20,0.0135544652206672,Reference
7,2,PcaHubert,PC10,0.713541681140339,Reference
7,2,PcaHubert,PC20,0.664314030518854,Reference
7,2,Quad,PC10,0.666117358108879,Proposed
7,2,Quad,PC20,0.707169238380604,Proposed
7,2,Shell,PC10,0.653327715621398,Proposed
7,2,Shell,PC20,0.644841122865914,Proposed
7,2,Winsor,PC10,0.655971483360403,Proposed
7,2,Winsor,PC20,0.632087743699508,Proposed
7,3,Ball,PC10,0.821268872968192,Proposed
7,3,Ball,PC20,0.680171943500955,Proposed
7,3,K's tau,PC10,0.978783622871278,Reference
7,3,K's tau,PC20,0.808811087345691,Reference
7,3,LR,PC10,0.87334290488978,Proposed
7,3,LR,PC20,0.645946963024868,Proposed
7,3,PCA,PC10,0.818893213427713,Reference
7,3,PCA,PC20,0.621179349286873,Reference
7,3,PCP,PC10,0.982946935338652,Reference
7,3,PCP,PC20,0.658941258178102,Reference
7,3,PcaGrid,PC10,0.00316974304619419,Reference
7,3,PcaGrid,PC20,0.00626472996543119,Reference
7,3,PcaHubert,PC10,0.861737635726513,Reference
7,3,PcaHubert,PC20,0.689064715581872,Reference
7,3,Quad,PC10,0.810008681060826,Proposed
7,3,Quad,PC20,0.569011855887924,Proposed
7,3,Shell,PC10,0.846193739548993,Proposed
7,3,Shell,PC20,0.650184314273422,Proposed
7,3,Winsor,PC10,0.819895109049844,Proposed
7,3,Winsor,PC20,0.76650948941635,Proposed
7,4,Ball,PC10,0.980666969646076,Proposed
7,4,Ball,PC20,0.838454941224624,Proposed
7,4,K's tau,PC10,0.979070391771172,Reference
7,4,K's tau,PC20,0.9797538345281,Reference
7,4,LR,PC10,0.700152758059418,Proposed
7,4,LR,PC20,0.603322397534152,Proposed
7,4,PCA,PC10,0.665072490625202,Reference
7,4,PCA,PC20,0.601486100165076,Reference
7,4,PCP,PC10,0.980557646907415,Reference
7,4,PCP,PC20,0.982751635956536,Reference
7,4,PcaGrid,PC10,0.00629163574119666,Reference
7,4,PcaGrid,PC20,0.000518026097845383,Reference
7,4,PcaHubert,PC10,0.966600362289025,Reference
7,4,PcaHubert,PC20,0.793730769481517,Reference
7,4,Quad,PC10,0.662593612218387,Proposed
7,4,Quad,PC20,0.65364196511455,Proposed
7,4,Shell,PC10,0.672016348919456,Proposed
7,4,Shell,PC20,0.560346467068791,Proposed
7,4,Winsor,PC10,0.670169002619756,Proposed
7,4,Winsor,PC20,0.600862339987275,Proposed
7,5,Ball,PC10,0.663640948449038,Proposed
7,5,Ball,PC20,0.750143547491462,Proposed
7,5,K's tau,PC10,0.596214649658869,Reference
7,5,K's tau,PC20,0.989636966923381,Reference
7,5,LR,PC10,0.674722346423098,Proposed
7,5,LR,PC20,0.749980155200875,Proposed
7,5,PCA,PC10,0.597017553761135,Reference
7,5,PCA,PC20,0.650399305909842,Reference
7,5,PCP,PC10,0.992707946558464,Reference
7,5,PCP,PC20,0.770189341110623,Reference
7,5,PcaGrid,PC10,0.000623668408771611,Reference
7,5,PcaGrid,PC20,-0.00134425791431479,Reference
7,5,PcaHubert,PC10,0.985468003012029,Reference
7,5,PcaHubert,PC20,0.756663473788209,Reference
7,5,Quad,PC10,0.634355221308206,Proposed
7,5,Quad,PC20,0.664705462804185,Proposed
7,5,Shell,PC10,0.668071852732648,Proposed
7,5,Shell,PC20,0.629861565194078,Proposed
7,5,Winsor,PC10,0.663528841832766,Proposed
7,5,Winsor,PC20,0.714655204507779,Proposed
7,6,Ball,PC10,0.723803802148874,Proposed
7,6,Ball,PC20,0.71216150174206,Proposed
7,6,K's tau,PC10,0.971078747357501,Reference
7,6,K's tau,PC20,0.812347240941918,Reference
7,6,LR,PC10,0.689392055021437,Proposed
7,6,LR,PC20,0.601065991028613,Proposed
7,6,PCA,PC10,0.647867233498762,Reference
7,6,PCA,PC20,0.780568442793134,Reference
7,6,PCP,PC10,0.982154336433642,Reference
7,6,PCP,PC20,0.9812941940644,Reference
7,6,PcaGrid,PC10,-0.000835317577546089,Reference
7,6,PcaGrid,PC20,0.000915041566883255,Reference
7,6,PcaHubert,PC10,0.703527534121793,Reference
7,6,PcaHubert,PC20,0.87016397021476,Reference
7,6,Quad,PC10,0.58546095287771,Proposed
7,6,Quad,PC20,0.669553379336102,Proposed
7,6,Shell,PC10,0.64674280914624,Proposed
7,6,Shell,PC20,0.700740967627985,Proposed
7,6,Winsor,PC10,0.664572441859204,Proposed
7,6,Winsor,PC20,0.675837631880644,Proposed
7,7,Ball,PC10,0.813178464239426,Proposed
7,7,Ball,PC20,0.707189313981209,Proposed
7,7,K's tau,PC10,0.71661917229203,Reference
7,7,K's tau,PC20,0.767704371404666,Reference
7,7,LR,PC10,0.594106431293256,Proposed
7,7,LR,PC20,0.638242947247537,Proposed
7,7,PCA,PC10,0.564099388376243,Reference
7,7,PCA,PC20,0.637251101355932,Reference
7,7,PCP,PC10,0.977534192887338,Reference
7,7,PCP,PC20,0.718502604686969,Reference
7,7,PcaGrid,PC10,0.000285603988839449,Reference
7,7,PcaGrid,PC20,6.57511780444033e-05,Reference
7,7,PcaHubert,PC10,0.632498299429788,Reference
7,7,PcaHubert,PC20,0.590422381331651,Reference
7,7,Quad,PC10,0.5409054252168,Proposed
7,7,Quad,PC20,0.576127797266934,Proposed
7,7,Shell,PC10,0.709001178492567,Proposed
7,7,Shell,PC20,0.592778698514445,Proposed
7,7,Winsor,PC10,0.624431342978362,Proposed
7,7,Winsor,PC20,0.692021080014585,Proposed
7,8,Ball,PC10,0.976995465110866,Proposed
7,8,Ball,PC20,0.742754668275346,Proposed
7,8,K's tau,PC10,0.980524621145327,Reference
7,8,K's tau,PC20,0.953781847302516,Reference
7,8,LR,PC10,0.978937982838716,Proposed
7,8,LR,PC20,0.720809386476379,Proposed
7,8,PCA,PC10,0.732598522449051,Reference
7,8,PCA,PC20,0.698662364063609,Reference
7,8,PCP,PC10,0.973598116519943,Reference
7,8,PCP,PC20,0.590507300865029,Reference
7,8,PcaGrid,PC10,0.00395382602143252,Reference
7,8,PcaGrid,PC20,0.00348483992984197,Reference
7,8,PcaHubert,PC10,0.971689406861634,Reference
7,8,PcaHubert,PC20,0.683722799647261,Reference
7,8,Quad,PC10,0.760477848153127,Proposed
7,8,Quad,PC20,0.793946724477889,Proposed
7,8,Shell,PC10,0.718507055891747,Proposed
7,8,Shell,PC20,0.652110484318758,Proposed
7,8,Winsor,PC10,0.711301060222926,Proposed
7,8,Winsor,PC20,0.713515154727519,Proposed
7,9,Ball,PC10,0.689315026748265,Proposed
7,9,Ball,PC20,0.589988956436813,Proposed
7,9,K's tau,PC10,0.719141851807726,Reference
7,9,K's tau,PC20,0.699791077757889,Reference
7,9,LR,PC10,0.610792561555446,Proposed
7,9,LR,PC20,0.672841158521808,Proposed
7,9,PCA,PC10,0.504946332604029,Reference
7,9,PCA,PC20,0.59446119261221,Reference
7,9,PCP,PC10,0.707104551763116,Reference
7,9,PCP,PC20,0.978470540131194,Reference
7,9,PcaGrid,PC10,-0.00145044604738412,Reference
7,9,PcaGrid,PC20,0.000220100575270181,Reference
7,9,PcaHubert,PC10,0.692363673802442,Reference
7,9,PcaHubert,PC20,0.591571871133485,Reference
7,9,Quad,PC10,0.581323055486482,Proposed
7,9,Quad,PC20,0.562054274047131,Proposed
7,9,Shell,PC10,0.607533507777075,Proposed
7,9,Shell,PC20,0.589823898291697,Proposed
7,9,Winsor,PC10,0.614058698081594,Proposed
7,9,Winsor,PC20,0.662285287360555,Proposed
7,10,Ball,PC10,0.960409097675979,Proposed
7,10,Ball,PC20,0.701289379619321,Proposed
7,10,K's tau,PC10,0.957158877916068,Reference
7,10,K's tau,PC20,0.768789177564175,Reference
7,10,LR,PC10,0.713490046965983,Proposed
7,10,LR,PC20,0.709046075068249,Proposed
7,10,PCA,PC10,0.784794172366013,Reference
7,10,PCA,PC20,0.697585913875808,Reference
7,10,PCP,PC10,0.970010553874664,Reference
7,10,PCP,PC20,0.978925488997511,Reference
7,10,PcaGrid,PC10,-0.0027361022446326,Reference
7,10,PcaGrid,PC20,-0.00224993421149207,Reference
7,10,PcaHubert,PC10,0.932869523924687,Reference
7,10,PcaHubert,PC20,0.602885747917221,Reference
7,10,Quad,PC10,0.756064074401314,Proposed
7,10,Quad,PC20,0.750370917127577,Proposed
7,10,Shell,PC10,0.73389501731102,Proposed
7,10,Shell,PC20,0.611873759298924,Proposed
7,10,Winsor,PC10,0.670016647955677,Proposed
7,10,Winsor,PC20,0.673929420018508,Proposed
8,1,Ball,PC10,0.90872114962552,Proposed
8,1,Ball,PC20,0.657406813876501,Proposed
8,1,K's tau,PC10,0.831647666046862,Reference
8,1,K's tau,PC20,0.695986034018248,Reference
8,1,LR,PC10,0.559190404802631,Proposed
8,1,LR,PC20,0.646252768609518,Proposed
8,1,PCA,PC10,0.669629501404803,Reference
8,1,PCA,PC20,0.686420056457718,Reference
8,1,PCP,PC10,0.983721121082189,Reference
8,1,PCP,PC20,0.985667027907658,Reference
8,1,PcaGrid,PC10,-0.000517445982016697,Reference
8,1,PcaGrid,PC20,0.00374277685380811,Reference
8,1,PcaHubert,PC10,0.808258638437508,Reference
8,1,PcaHubert,PC20,0.66527096201768,Reference
8,1,Quad,PC10,0.804766294938137,Proposed
8,1,Quad,PC20,0.598084267575003,Proposed
8,1,Shell,PC10,0.548942633529673,Proposed
8,1,Shell,PC20,0.617350037357361,Proposed
8,1,Winsor,PC10,0.681800941893982,Proposed
8,1,Winsor,PC20,0.604202767794408,Proposed
8,2,Ball,PC10,0.872001389304473,Proposed
8,2,Ball,PC20,0.71673129781208,Proposed
8,2,K's tau,PC10,0.824264456691442,Reference
8,2,K's tau,PC20,0.722531133320698,Reference
8,2,LR,PC10,0.701557271307079,Proposed
8,2,LR,PC20,0.72076366136587,Proposed
8,2,PCA,PC10,0.715126658958245,Reference
8,2,PCA,PC20,0.656170404668925,Reference
8,2,PCP,PC10,0.98840456129515,Reference
8,2,PCP,PC20,0.986288905810238,Reference
8,2,PcaGrid,PC10,-0.000211821597399603,Reference
8,2,PcaGrid,PC20,0.0363947440913274,Reference
8,2,PcaHubert,PC10,0.723951732360353,Reference
8,2,PcaHubert,PC20,0.661622993844456,Reference
8,2,Quad,PC10,0.704742555741584,Proposed
8,2,Quad,PC20,0.638752091929859,Proposed
8,2,Shell,PC10,0.69999941983145,Proposed
8,2,Shell,PC20,0.58602199941128,Proposed
8,2,Winsor,PC10,0.705197136413976,Proposed
8,2,Winsor,PC20,0.700545259186564,Proposed
8,3,Ball,PC10,0.97907284828668,Proposed
8,3,Ball,PC20,0.626590543767453,Proposed
8,3,K's tau,PC10,0.978694133806111,Reference
8,3,K's tau,PC20,0.806028061113593,Reference
8,3,LR,PC10,0.847514718748187,Proposed
8,3,LR,PC20,0.788061758582736,Proposed
8,3,PCA,PC10,0.644875842255169,Reference
8,3,PCA,PC20,0.663196658245344,Reference
8,3,PCP,PC10,0.979282821016673,Reference
8,3,PCP,PC20,0.854674573565415,Reference
8,3,PcaGrid,PC10,8.31938241922474e-05,Reference
8,3,PcaGrid,PC20,-0.00295763071562832,Reference
8,3,PcaHubert,PC10,0.847923343792117,Reference
8,3,PcaHubert,PC20,0.760265320727025,Reference
8,3,Quad,PC10,0.672761483729269,Proposed
8,3,Quad,PC20,0.62453010785589,Proposed
8,3,Shell,PC10,0.773830234565145,Proposed
8,3,Shell,PC20,0.640472517739012,Proposed
8,3,Winsor,PC10,0.794419615050821,Proposed
8,3,Winsor,PC20,0.77041363385833,Proposed
8,4,Ball,PC10,0.978758765060651,Proposed
8,4,Ball,PC20,0.683867583622995,Proposed
8,4,K's tau,PC10,0.955620013907398,Reference
8,4,K's tau,PC20,0.795151516142858,Reference
8,4,LR,PC10,0.978057549456733,Proposed
8,4,LR,PC20,0.72336083408448,Proposed
8,4,PCA,PC10,0.682598717212096,Reference
8,4,PCA,PC20,0.64031198946331,Reference
8,4,PCP,PC10,0.981533800560148,Reference
8,4,PCP,PC20,0.9828404871401,Reference
8,4,PcaGrid,PC10,-0.00045393462483085,Reference
8,4,PcaGrid,PC20,9.35777536331071e-05,Reference
8,4,PcaHubert,PC10,0.95467512118984,Reference
8,4,PcaHubert,PC20,0.665011123037127,Reference
8,4,Quad,PC10,0.609698100852475,Proposed
8,4,Quad,PC20,0.616473792188343,Proposed
8,4,Shell,PC10,0.688185421824238,Proposed
8,4,Shell,PC20,0.665307159826283,Proposed
8,4,Winsor,PC10,0.708664687600061,Proposed
8,4,Winsor,PC20,0.649746854727794,Proposed
8,5,Ball,PC10,0.986675242201605,Proposed
8,5,Ball,PC20,0.788000123862102,Proposed
8,5,K's tau,PC10,0.982207276674736,Reference
8,5,K's tau,PC20,0.842131432635932,Reference
8,5,LR,PC10,0.621789781286713,Proposed
8,5,LR,PC20,0.682873438423581,Proposed
8,5,PCA,PC10,0.674727962972394,Reference
8,5,PCA,PC20,0.639032113895899,Reference
8,5,PCP,PC10,0.991700253545655,Reference
8,5,PCP,PC20,0.653019026470633,Reference
8,5,PcaGrid,PC10,-0.0015188073467682,Reference
8,5,PcaGrid,PC20,0.0019251547493319,Reference
8,5,PcaHubert,PC10,0.772973202536178,Reference
8,5,PcaHubert,PC20,0.700962465573738,Reference
8,5,Quad,PC10,0.736369613429436,Proposed
8,5,Quad,PC20,0.593949100195926,Proposed
8,5,Shell,PC10,0.741782567172444,Proposed
8,5,Shell,PC20,0.659974511323393,Proposed
8,5,Winsor,PC10,0.570906080903576,Proposed
8,5,Winsor,PC20,0.65974179686068,Proposed
8,6,Ball,PC10,0.887378170876962,Proposed
8,6,Ball,PC20,0.710826223920474,Proposed
8,6,K's tau,PC10,0.96918423552897,Reference
8,6,K's tau,PC20,0.923011710893474,Reference
8,6,LR,PC10,0.637442844854523,Proposed
8,6,LR,PC20,0.638732456443317,Proposed
8,6,PCA,PC10,0.832502434954953,Reference
8,6,PCA,PC20,0.660224188610537,Reference
8,6,PCP,PC10,0.973070773202234,Reference
8,6,PCP,PC20,0.981506780347049,Reference
8,6,PcaGrid,PC10,0.000319536762001606,Reference
8,6,PcaGrid,PC20,0.00425461676554682,Reference
8,6,PcaHubert,PC10,0.962817128282195,Reference
8,6,PcaHubert,PC20,0.807716284735401,Reference
8,6,Quad,PC10,0.685892362589132,Proposed
8,6,Quad,PC20,0.691227016420092,Proposed
8,6,Shell,PC10,0.651205247577429,Proposed
8,6,Shell,PC20,0.637904078536097,Proposed
8,6,Winsor,PC10,0.766447889682256,Proposed
8,6,Winsor,PC20,0.581121296286804,Proposed
8,7,Ball,PC10,0.811905561714137,Proposed
8,7,Ball,PC20,0.811969535108324,Proposed
8,7,K's tau,PC10,0.782488291220364,Reference
8,7,K's tau,PC20,0.728872313850111,Reference
8,7,LR,PC10,0.745770441824063,Proposed
8,7,LR,PC20,0.815574455351811,Proposed
8,7,PCA,PC10,0.801244030389936,Reference
8,7,PCA,PC20,0.767598747735672,Reference
8,7,PCP,PC10,0.978650945897653,Reference
8,7,PCP,PC20,0.588911854518678,Reference
8,7,PcaGrid,PC10,-0.00161038926869956,Reference
8,7,PcaGrid,PC20,0.00468417081529629,Reference
8,7,PcaHubert,PC10,0.735933677393098,Reference
8,7,PcaHubert,PC20,0.666429558916515,Reference
8,7,Quad,PC10,0.792704705278012,Proposed
8,7,Quad,PC20,0.683277519713438,Proposed
8,7,Shell,PC10,0.751512703379101,Proposed
8,7,Shell,PC20,0.647550066440665,Proposed
8,7,Winsor,PC10,0.792426860892849,Proposed
8,7,Winsor,PC20,0.741744653348831,Proposed
8,8,Ball,PC10,0.976530468060601,Proposed
8,8,Ball,PC20,0.724898791176831,Proposed
8,8,K's tau,PC10,0.980343163198017,Reference
8,8,K's tau,PC20,0.813542482436484,Reference
8,8,LR,PC10,0.975920782376366,Proposed
8,8,LR,PC20,0.724084133970435,Proposed
8,8,PCA,PC10,0.833974304105944,Reference
8,8,PCA,PC20,0.675335692028451,Reference
8,8,PCP,PC10,0.975847302747278,Reference
8,8,PCP,PC20,0.633835898821784,Reference
8,8,PcaGrid,PC10,0.00244812277041306,Reference
8,8,PcaGrid,PC20,0.00361966835946031,Reference
8,8,PcaHubert,PC10,0.972209087948196,Reference
8,8,PcaHubert,PC20,0.646287802793234,Reference
8,8,Quad,PC10,0.792971930406805,Proposed
8,8,Quad,PC20,0.664496869344721,Proposed
8,8,Shell,PC10,0.787157392422933,Proposed
8,8,Shell,PC20,0.717625855194654,Proposed
8,8,Winsor,PC10,0.773549434347682,Proposed
8,8,Winsor,PC20,0.654349185705384,Proposed
8,9,Ball,PC10,0.69776083726169,Proposed
8,9,Ball,PC20,0.636344927145042,Proposed
8,9,K's tau,PC10,0.709630095298365,Reference
8,9,K's tau,PC20,0.798147237571627,Reference
8,9,LR,PC10,0.725029878045664,Proposed
8,9,LR,PC20,0.572761858501645,Proposed
8,9,PCA,PC10,0.587767548226137,Reference
8,9,PCA,PC20,0.581112706861925,Reference
8,9,PCP,PC10,0.968413700145537,Reference
8,9,PCP,PC20,0.642283332461784,Reference
8,9,PcaGrid,PC10,-0.00156003988768801,Reference
8,9,PcaGrid,PC20,0.000367327723965047,Reference
8,9,PcaHubert,PC10,0.703518251142846,Reference
8,9,PcaHubert,PC20,0.574330609278853,Reference
8,9,Quad,PC10,0.60273196107799,Proposed
8,9,Quad,PC20,0.618733880498999,Proposed
8,9,Shell,PC10,0.662204229452177,Proposed
8,9,Shell,PC20,0.5926263624365,Proposed
8,9,Winsor,PC10,0.684597899659482,Proposed
8,9,Winsor,PC20,0.651545511761504,Proposed
8,10,Ball,PC10,0.959841682470025,Proposed
8,10,Ball,PC20,0.704629600515127,Proposed
8,10,K's tau,PC10,0.958635138572056,Reference
8,10,K's tau,PC20,0.853256815125429,Reference
8,10,LR,PC10,0.864249107427624,Proposed
8,10,LR,PC20,0.714513716686591,Proposed
8,10,PCA,PC10,0.805037117081188,Reference
8,10,PCA,PC20,0.695447756543254,Reference
8,10,PCP,PC10,0.974287894305115,Reference
8,10,PCP,PC20,0.974374244541301,Reference
8,10,PcaGrid,PC10,0.00503680366794134,Reference
8,10,PcaGrid,PC20,0.00185692503537644,Reference
8,10,PcaHubert,PC10,0.932999145760403,Reference
8,10,PcaHubert,PC20,0.658008508824603,Reference
8,10,Quad,PC10,0.755838101837892,Proposed
8,10,Quad,PC20,0.627787318495206,Proposed
8,10,Shell,PC10,0.731058488613497,Proposed
8,10,Shell,PC20,0.713394311488016,Proposed
8,10,Winsor,PC10,0.768305296527382,Proposed
8,10,Winsor,PC20,0.629270080931561,Proposed
9,1,Ball,PC10,0.625748248161485,Proposed
9,1,Ball,PC20,0.580750241872962,Proposed
9,1,K's tau,PC10,0.703897088268311,Reference
9,1,K's tau,PC20,0.815588773216541,Reference
9,1,LR,PC10,0.583125997587231,Proposed
9,1,LR,PC20,0.645680588396387,Proposed
9,1,PCA,PC10,0.68649559982031,Reference
9,1,PCA,PC20,0.615936642907982,Reference
9,1,PCP,PC10,0.984806569409981,Reference
9,1,PCP,PC20,0.983160133794988,Reference
9,1,PcaGrid,PC10,0.00624811944347244,Reference
9,1,PcaGrid,PC20,0.00806002177967915,Reference
9,1,PcaHubert,PC10,0.971289048478323,Reference
9,1,PcaHubert,PC20,0.602905081260497,Reference
9,1,Quad,PC10,0.649949049888579,Proposed
9,1,Quad,PC20,0.654655885083641,Proposed
9,1,Shell,PC10,0.626201653790835,Proposed
9,1,Shell,PC20,0.637780019951101,Proposed
9,1,Winsor,PC10,0.593785450232801,Proposed
9,1,Winsor,PC20,0.579262131815256,Proposed
9,2,Ball,PC10,0.831650885989549,Proposed
9,2,Ball,PC20,0.711144175529155,Proposed
9,2,K's tau,PC10,0.865180705281123,Reference
9,2,K's tau,PC20,0.734070301818,Reference
9,2,LR,PC10,0.721193935011845,Proposed
9,2,LR,PC20,0.640755888957708,Proposed
9,2,PCA,PC10,0.661349915771038,Reference
9,2,PCA,PC20,0.613565872125991,Reference
9,2,PCP,PC10,0.986100125559771,Reference
9,2,PCP,PC20,0.987007634736262,Reference
9,2,PcaGrid,PC10,0.000507633093568233,Reference
9,2,PcaGrid,PC20,0.00312967977537681,Reference
9,2,PcaHubert,PC10,0.843954830828553,Reference
9,2,PcaHubert,PC20,0.619327560868817,Reference
9,2,Quad,PC10,0.668495599191948,Proposed
9,2,Quad,PC20,0.704589326330232,Proposed
9,2,Shell,PC10,0.710487349894288,Proposed
9,2,Shell,PC20,0.637435118009586,Proposed
9,2,Winsor,PC10,0.778272473813604,Proposed
9,2,Winsor,PC20,0.685754585879263,Proposed
9,3,Ball,PC10,0.838009125536207,Proposed
9,3,Ball,PC20,0.78824908029477,Proposed
9,3,K's tau,PC10,0.979431925294411,Reference
9,3,K's tau,PC20,0.930818547867983,Reference
9,3,LR,PC10,0.922442933480436,Proposed
9,3,LR,PC20,0.63587358063739,Proposed
9,3,PCA,PC10,0.748201228328088,Reference
9,3,PCA,PC20,0.695626436257386,Reference
9,3,PCP,PC10,0.980745504028371,Reference
9,3,PCP,PC20,0.981470986074518,Reference
9,3,PcaGrid,PC10,-0.000886675938310114,Reference
9,3,PcaGrid,PC20,-0.00249074998684082,Reference
9,3,PcaHubert,PC10,0.972862301432789,Reference
9,3,PcaHubert,PC20,0.762293862836398,Reference
9,3,Quad,PC10,0.761521949202757,Proposed
9,3,Quad,PC20,0.754924830758852,Proposed
9,3,Shell,PC10,0.822820221753303,Proposed
9,3,Shell,PC20,0.707969498887827,Proposed
9,3,Winsor,PC10,0.768931443941009,Proposed
9,3,Winsor,PC20,0.747364654659553,Proposed
9,4,Ball,PC10,0.972093708380135,Proposed
9,4,Ball,PC20,0.799837458783387,Proposed
9,4,K's tau,PC10,0.970633917232649,Reference
9,4,K's tau,PC20,0.877098025137969,Reference
9,4,LR,PC10,0.967081333562413,Proposed
9,4,LR,PC20,0.632151135111838,Proposed
9,4,PCA,PC10,0.774997056456018,Reference
9,4,PCA,PC20,0.656731194211116,Reference
9,4,PCP,PC10,0.983373239553356,Reference
9,4,PCP,PC20,0.979097446331195,Reference
9,4,PcaGrid,PC10,0.00217137405676804,Reference
9,4,PcaGrid,PC20,0.0150997903332453,Reference
9,4,PcaHubert,PC10,0.975476763255553,Reference
9,4,PcaHubert,PC20,0.693356898722762,Reference
9,4,Quad,PC10,0.788983771370713,Proposed
9,4,Quad,PC20,0.654704454273192,Proposed
9,4,Shell,PC10,0.693607148507553,Proposed
9,4,Shell,PC20,0.778207679107725,Proposed
9,4,Winsor,PC10,0.82370885791396,Proposed
9,4,Winsor,PC20,0.65596258565799,Proposed
9,5,Ball,PC10,0.988090927273062,Proposed
9,5,Ball,PC20,0.657632842054698,Proposed
9,5,K's tau,PC10,0.985743570398247,Reference
9,5,K's tau,PC20,0.848179567619516,Reference
9,5,LR,PC10,0.764734543838826,Proposed
9,5,LR,PC20,0.748543093690822,Proposed
9,5,PCA,PC10,0.739393134671626,Reference
9,5,PCA,PC20,0.655154566811861,Reference
9,5,PCP,PC10,0.990257676037768,Reference
9,5,PCP,PC20,0.772731757919107,Reference
9,5,PcaGrid,PC10,-0.00170570573715794,Reference
9,5,PcaGrid,PC20,0.00231824775164281,Reference
9,5,PcaHubert,PC10,0.98709507369912,Reference
9,5,PcaHubert,PC20,0.649224465278789,Reference
9,5,Quad,PC10,0.790160596456375,Proposed
9,5,Quad,PC20,0.742772506783077,Proposed
9,5,Shell,PC10,0.741978772056482,Proposed
9,5,Shell,PC20,0.746431366802369,Proposed
9,5,Winsor,PC10,0.733657308540275,Proposed
9,5,Winsor,PC20,0.72877515099397,Proposed
9,6,Ball,PC10,0.968140921909915,Proposed
9,6,Ball,PC20,0.615635733884976,Proposed
9,6,K's tau,PC10,0.968802951343593,Reference
9,6,K's tau,PC20,0.920500199388568,Reference
9,6,LR,PC10,0.794341410958695,Proposed
9,6,LR,PC20,0.674585806154471,Proposed
9,6,PCA,PC10,0.722566206395191,Reference
9,6,PCA,PC20,0.752190921337185,Reference
9,6,PCP,PC10,0.977875230924892,Reference
9,6,PCP,PC20,0.711232293219373,Reference
9,6,PcaGrid,PC10,0.00205940409571035,Reference
9,6,PcaGrid,PC20,0.00789287970537109,Reference
9,6,PcaHubert,PC10,0.69838578157221,Reference
9,6,PcaHubert,PC20,0.746542804476872,Reference
9,6,Quad,PC10,0.780417658900858,Proposed
9,6,Quad,PC20,0.639143049301744,Proposed
9,6,Shell,PC10,0.670056988010742,Proposed
9,6,Shell,PC20,0.696538001592494,Proposed
9,6,Winsor,PC10,0.768199218430418,Proposed
9,6,Winsor,PC20,0.702875904135575,Proposed
9,7,Ball,PC10,0.70339930951643,Proposed
9,7,Ball,PC20,0.734758188013136,Proposed
9,7,K's tau,PC10,0.811652388225194,Reference
9,7,K's tau,PC20,0.789303937965993,Reference
9,7,LR,PC10,0.78805613647811,Proposed
9,7,LR,PC20,0.741312702361876,Proposed
9,7,PCA,PC10,0.654137188847373,Reference
9,7,PCA,PC20,0.694634530147417,Reference
9,7,PCP,PC10,0.979256594168958,Reference
9,7,PCP,PC20,0.616120259356289,Reference
9,7,PcaGrid,PC10,-0.0013622234907931,Reference
9,7,PcaGrid,PC20,-0.00151990643862775,Reference
9,7,PcaHubert,PC10,0.813496743520738,Reference
9,7,PcaHubert,PC20,0.716276012540717,Reference
9,7,Quad,PC10,0.645028550677602,Proposed
9,7,Quad,PC20,0.686060567530828,Proposed
9,7,Shell,PC10,0.774848577384188,Proposed
9,7,Shell,PC20,0.675494501876986,Proposed
9,7,Winsor,PC10,0.782381271571281,Proposed
9,7,Winsor,PC20,0.698810675170075,Proposed
9,8,Ball,PC10,0.972019187944852,Proposed
9,8,Ball,PC20,0.709469286453627,Proposed
9,8,K's tau,PC10,0.959928010935012,Reference
9,8,K's tau,PC20,0.934999988436952,Reference
9,8,LR,PC10,0.972529849032455,Proposed
9,8,LR,PC20,0.697394586988678,Proposed
9,8,PCA,PC10,0.809363734422401,Reference
9,8,PCA,PC20,0.668965955234699,Reference
9,8,PCP,PC10,0.97646564323408,Reference
9,8,PCP,PC20,0.613854043304525,Reference
9,8,PcaGrid,PC10,0.00170381996278198,Reference
9,8,PcaGrid,PC20,0.00617494028848383,Reference
9,8,PcaHubert,PC10,0.969262367781131,Reference
9,8,PcaHubert,PC20,0.633810432868407,Reference
9,8,Quad,PC10,0.740092514466254,Proposed
9,8,Quad,PC20,0.741666954830285,Proposed
9,8,Shell,PC10,0.754006408451178,Proposed
9,8,Shell,PC20,0.696957009220846,Proposed
9,8,Winsor,PC10,0.798440817088972,Proposed
9,8,Winsor,PC20,0.664629056831338,Proposed
9,9,Ball,PC10,0.818401164101758,Proposed
9,9,Ball,PC20,0.709888078247607,Proposed
9,9,K's tau,PC10,0.866439630398696,Reference
9,9,K's tau,PC20,0.708609313459051,Reference
9,9,LR,PC10,0.725062922887442,Proposed
9,9,LR,PC20,0.711264350458515,Proposed
9,9,PCA,PC10,0.769087721739485,Reference
9,9,PCA,PC20,0.626144027303419,Reference
9,9,PCP,PC10,0.970345497617163,Reference
9,9,PCP,PC20,0.971406221439684,Reference
9,9,PcaGrid,PC10,0.00128105654068377,Reference
9,9,PcaGrid,PC20,0.00215945517448577,Reference
9,9,PcaHubert,PC10,0.698988519540192,Reference
9,9,PcaHubert,PC20,0.597287185634034,Reference
9,9,Quad,PC10,0.692159956495997,Proposed
9,9,Quad,PC20,0.680885005736347,Proposed
9,9,Shell,PC10,0.660794387617536,Proposed
9,9,Shell,PC20,0.702033136865468,Proposed
9,9,Winsor,PC10,0.632041707722043,Proposed
9,9,Winsor,PC20,0.716687327368826,Proposed
9,10,Ball,PC10,0.956091682205672,Proposed
9,10,Ball,PC20,0.707190281469173,Proposed
9,10,K's tau,PC10,0.940429700606653,Reference
9,10,K's tau,PC20,0.9070924136128,Reference
9,10,LR,PC10,0.735090343214594,Proposed
9,10,LR,PC20,0.702511347942077,Proposed
9,10,PCA,PC10,0.765935811140544,Reference
9,10,PCA,PC20,0.733874351340481,Reference
9,10,PCP,PC10,0.974163720927552,Reference
9,10,PCP,PC20,0.972567587532317,Reference
9,10,PcaGrid,PC10,0.00263306848416692,Reference
9,10,PcaGrid,PC20,0.00881976022128069,Reference
9,10,PcaHubert,PC10,0.795741538750329,Reference
9,10,PcaHubert,PC20,0.734869691113036,Reference
9,10,Quad,PC10,0.677914492872564,Proposed
9,10,Quad,PC20,0.671757973323244,Proposed
9,10,Shell,PC10,0.718551601761718,Proposed
9,10,Shell,PC20,0.652051332409231,Proposed
9,10,Winsor,PC10,0.71103005148953,Proposed
9,10,Winsor,PC20,0.618825905488075,Proposed
10,1,Ball,PC10,0.822734196950488,Proposed
10,1,Ball,PC20,0.632662923630102,Proposed
10,1,K's tau,PC10,0.963136533782934,Reference
10,1,K's tau,PC20,0.804160962793379,Reference
10,1,LR,PC10,0.662088229435628,Proposed
10,1,LR,PC20,0.667014600595435,Proposed
10,1,PCA,PC10,0.68673460701546,Reference
10,1,PCA,PC20,0.551182163145909,Reference
10,1,PCP,PC10,0.952910080192669,Reference
10,1,PCP,PC20,0.984361729162895,Reference
10,1,PcaGrid,PC10,0.00223839987211688,Reference
10,1,PcaGrid,PC20,0.00257269771855876,Reference
10,1,PcaHubert,PC10,0.632166707100344,Reference
10,1,PcaHubert,PC20,0.63470462846489,Reference
10,1,Quad,PC10,0.697972168574616,Proposed
10,1,Quad,PC20,0.603503147577722,Proposed
10,1,Shell,PC10,0.494075048012678,Proposed
10,1,Shell,PC20,0.628763169607747,Proposed
10,1,Winsor,PC10,0.685532053305926,Proposed
10,1,Winsor,PC20,0.627110109919737,Proposed
10,2,Ball,PC10,0.712653033734883,Proposed
10,2,Ball,PC20,0.721962673936837,Proposed
10,2,K's tau,PC10,0.718851027762584,Reference
10,2,K's tau,PC20,0.948838452434089,Reference
10,2,LR,PC10,0.722958520949829,Proposed
10,2,LR,PC20,0.718487801824137,Proposed
10,2,PCA,PC10,0.707993466180818,Reference
10,2,PCA,PC20,0.618747951561311,Reference
10,2,PCP,PC10,0.982121186748944,Reference
10,2,PCP,PC20,0.980152152700679,Reference
10,2,PcaGrid,PC10,0.0102354279554578,Reference
10,2,PcaGrid,PC20,0.0106768162644597,Reference
10,2,PcaHubert,PC10,0.980604156029528,Reference
10,2,PcaHubert,PC20,0.631089585398357,Reference
10,2,Quad,PC10,0.719801005628056,Proposed
10,2,Quad,PC20,0.630235433263683,Proposed
10,2,Shell,PC10,0.715663178048294,Proposed
10,2,Shell,PC20,0.638727514829274,Proposed
10,2,Winsor,PC10,0.725121103010231,Proposed
10,2,Winsor,PC20,0.694514036500873,Proposed
10,3,Ball,PC10,0.805551452187449,Proposed
10,3,Ball,PC20,0.704042524102337,Proposed
10,3,K's tau,PC10,0.946006655202078,Reference
10,3,K's tau,PC20,0.787830759951717,Reference
10,3,LR,PC10,0.744331756953717,Proposed
10,3,LR,PC20,0.722013381699672,Proposed
10,3,PCA,PC10,0.792382601885038,Reference
10,3,PCA,PC20,0.762853425867159,Reference
10,3,PCP,PC10,0.982109868166566,Reference
10,3,PCP,PC20,0.981723326094813,Reference
10,3,PcaGrid,PC10,0.000646368900392026,Reference
10,3,PcaGrid,PC20,0.00021967935649673,Reference
10,3,PcaHubert,PC10,0.820143285601677,Reference
10,3,PcaHubert,PC20,0.677731956108127,Reference
10,3,Quad,PC10,0.704508753242504,Proposed
10,3,Quad,PC20,0.68573149031341,Proposed
10,3,Shell,PC10,0.739165700220036,Proposed
10,3,Shell,PC20,0.700961035056656,Proposed
10,3,Winsor,PC10,0.793438441134178,Proposed
10,3,Winsor,PC20,0.766139406077654,Proposed
10,4,Ball,PC10,0.967369248748936,Proposed
10,4,Ball,PC20,0.689160206968989,Proposed
10,4,K's tau,PC10,0.954934216782743,Reference
10,4,K's tau,PC20,0.928076990217128,Reference
10,4,LR,PC10,0.959981362662454,Proposed
10,4,LR,PC20,0.678860914123954,Proposed
10,4,PCA,PC10,0.785114012161791,Reference
10,4,PCA,PC20,0.644404076087551,Reference
10,4,PCP,PC10,0.98207234769855,Reference
10,4,PCP,PC20,0.981579086718615,Reference
10,4,PcaGrid,PC10,-0.000384369439821339,Reference
10,4,PcaGrid,PC20,-0.00896354113699239,Reference
10,4,PcaHubert,PC10,0.969503044954076,Reference
10,4,PcaHubert,PC20,0.636304736074143,Reference
10,4,Quad,PC10,0.716949594449253,Proposed
10,4,Quad,PC20,0.643590933229682,Proposed
10,4,Shell,PC10,0.680298224668802,Proposed
10,4,Shell,PC20,0.683808079923558,Proposed
10,4,Winsor,PC10,0.686348143080454,Proposed
10,4,Winsor,PC20,0.638304974371217,Proposed
10,5,Ball,PC10,0.858113517025667,Proposed
10,5,Ball,PC20,0.644499419028239,Proposed
10,5,K's tau,PC10,0.963704173515941,Reference
10,5,K's tau,PC20,0.960173301073422,Reference
10,5,LR,PC10,0.985154649607322,Proposed
10,5,LR,PC20,0.774163195871429,Proposed
10,5,PCA,PC10,0.684429317696617,Reference
10,5,PCA,PC20,0.730814336459457,Reference
10,5,PCP,PC10,0.891846880825234,Reference
10,5,PCP,PC20,0.624469216566737,Reference
10,5,PcaGrid,PC10,0.00790332209625075,Reference
10,5,PcaGrid,PC20,0.00466980779434466,Reference
10,5,PcaHubert,PC10,0.659179447815932,Reference
10,5,PcaHubert,PC20,0.648753872787769,Reference
10,5,Quad,PC10,0.797073342719943,Proposed
10,5,Quad,PC20,0.725341332344965,Proposed
10,5,Shell,PC10,0.651799815164831,Proposed
10,5,Shell,PC20,0.646729091141053,Proposed
10,5,Winsor,PC10,0.736918672832429,Proposed
10,5,Winsor,PC20,0.736190354122976,Proposed
10,6,Ball,PC10,0.710314139494756,Proposed
10,6,Ball,PC20,0.680148522220096,Proposed
10,6,K's tau,PC10,0.941090339741581,Reference
10,6,K's tau,PC20,0.905654726375911,Reference
10,6,LR,PC10,0.70254527658713,Proposed
10,6,LR,PC20,0.661504271661687,Proposed
10,6,PCA,PC10,0.642053281082383,Reference
10,6,PCA,PC20,0.636458028603394,Reference
10,6,PCP,PC10,0.980397355636512,Reference
10,6,PCP,PC20,0.656970538710636,Reference
10,6,PcaGrid,PC10,-0.00108927924335551,Reference
10,6,PcaGrid,PC20,0.0078797115199048,Reference
10,6,PcaHubert,PC10,0.797323274188048,Reference
10,6,PcaHubert,PC20,0.775484700184489,Reference
10,6,Quad,PC10,0.709387382147925,Proposed
10,6,Quad,PC20,0.661328624641162,Proposed
10,6,Shell,PC10,0.671057882961849,Proposed
10,6,Shell,PC20,0.603844152005168,Proposed
10,6,Winsor,PC10,0.736552306550081,Proposed
10,6,Winsor,PC20,0.662989505956962,Proposed
10,7,Ball,PC10,0.808078339914354,Proposed
10,7,Ball,PC20,0.784289256959195,Proposed
10,7,K's tau,PC10,0.799630501564001,Reference
10,7,K's tau,PC20,0.781249840700837,Reference
10,7,LR,PC10,0.798294198002935,Proposed
10,7,LR,PC20,0.722380818054485,Proposed
10,7,PCA,PC10,0.783678233329944,Reference
10,7,PCA,PC20,0.670078236977199,Reference
10,7,PCP,PC10,0.975711963931411,Reference
10,7,PCP,PC20,0.981464020749675,Reference
10,7,PcaGrid,PC10,0.00031516002047364,Reference
10,7,PcaGrid,PC20,-0.00033872905671998,Reference
10,7,PcaHubert,PC10,0.808061710250206,Reference
10,7,PcaHubert,PC20,0.635156112991863,Reference
10,7,Quad,PC10,0.797459611113896,Proposed
10,7,Quad,PC20,0.703786184592738,Proposed
10,7,Shell,PC10,0.806723919538636,Proposed
10,7,Shell,PC20,0.686604359393304,Proposed
10,7,Winsor,PC10,0.75118811430427,Proposed
10,7,Winsor,PC20,0.699327918572187,Proposed
10,8,Ball,PC10,0.974542398677505,Proposed
10,8,Ball,PC20,0.703862967034859,Proposed
10,8,K's tau,PC10,0.960611568041102,Reference
10,8,K's tau,PC20,0.938781143209763,Reference
10,8,LR,PC10,0.801970822163968,Proposed
10,8,LR,PC20,0.712911562307055,Proposed
10,8,PCA,PC10,0.71040192975774,Reference
10,8,PCA,PC20,0.645839422991748,Reference
10,8,PCP,PC10,0.977864202653284,Reference
10,8,PCP,PC20,0.983910498361663,Reference
10,8,PcaGrid,PC10,0.00174617294212081,Reference
10,8,PcaGrid,PC20,0.00257758035129541,Reference
10,8,PcaHubert,PC10,0.970796905947718,Reference
10,8,PcaHubert,PC20,0.759180566339916,Reference
10,8,Quad,PC10,0.758614418839883,Proposed
10,8,Quad,PC20,0.618397105975157,Proposed
10,8,Shell,PC10,0.75463502654281,Proposed
10,8,Shell,PC20,0.708518556575403,Proposed
10,8,Winsor,PC10,0.767934856370549,Proposed
10,8,Winsor,PC20,0.674526673450127,Proposed
10,9,Ball,PC10,0.720554594907489,Proposed
10,9,Ball,PC20,0.700171543428532,Proposed
10,9,K's tau,PC10,0.772251246943332,Reference
10,9,K's tau,PC20,0.748531633678855,Reference
10,9,LR,PC10,0.82097473042178,Proposed
10,9,LR,PC20,0.623099040878143,Proposed
10,9,PCA,PC10,0.771722894577548,Reference
10,9,PCA,PC20,0.660421837853193,Reference
10,9,PCP,PC10,0.966940513592706,Reference
10,9,PCP,PC20,0.639974665253225,Reference
10,9,PcaGrid,PC10,-0.00212771978625895,Reference
10,9,PcaGrid,PC20,0.00244704845165085,Reference
10,9,PcaHubert,PC10,0.672855281544303,Reference
10,9,PcaHubert,PC20,0.672937822252593,Reference
10,9,Quad,PC10,0.649553129578355,Proposed
10,9,Quad,PC20,0.588478976101431,Proposed
10,9,Shell,PC10,0.644342362512839,Proposed
10,9,Shell,PC20,0.618164619639715,Proposed
10,9,Winsor,PC10,0.699073560317673,Proposed
10,9,Winsor,PC20,0.634423485224962,Proposed
10,10,Ball,PC10,0.790164307571748,Proposed
10,10,Ball,PC20,0.681762037031872,Proposed
10,10,K's tau,PC10,0.92779195882541,Reference
10,10,K's tau,PC20,0.905625268593577,Reference
10,10,LR,PC10,0.922635645489419,Proposed
10,10,LR,PC20,0.704190657267938,Proposed
10,10,PCA,PC10,0.762644836885851,Reference
10,10,PCA,PC20,0.68978333794126,Reference
10,10,PCP,PC10,0.974094747642389,Reference
10,10,PCP,PC20,0.972795098139252,Reference
10,10,PcaGrid,PC10,-0.000948894426035429,Reference
10,10,PcaGrid,PC20,0.0023258196738201,Reference
10,10,PcaHubert,PC10,0.710903990802031,Reference
10,10,PcaHubert,PC20,0.704901356866949,Reference
10,10,Quad,PC10,0.759865215302753,Proposed
10,10,Quad,PC20,0.675615754961119,Proposed
10,10,Shell,PC10,0.720577698415029,Proposed
10,10,Shell,PC20,0.703597432317964,Proposed
10,10,Winsor,PC10,0.68224644880948,Proposed
10,10,Winsor,PC20,0.667460474463256,Proposed
11,1,Ball,PC10,0.975557457334629,Proposed
11,1,Ball,PC20,0.748243443379546,Proposed
11,1,K's tau,PC10,0.943605101654076,Reference
11,1,K's tau,PC20,0.795165772143962,Reference
11,1,LR,PC10,0.568480534527171,Proposed
11,1,LR,PC20,0.723585282448497,Proposed
11,1,PCA,PC10,0.784711981172538,Reference
11,1,PCA,PC20,0.641958878006102,Reference
11,1,PCP,PC10,0.98430803095806,Reference
11,1,PCP,PC20,0.979469997250819,Reference
11,1,PcaGrid,PC10,0.00474633220404668,Reference
11,1,PcaGrid,PC20,0.00486926158588962,Reference
11,1,PcaHubert,PC10,0.972908212801453,Reference
11,1,PcaHubert,PC20,0.605107705197274,Reference
11,1,Quad,PC10,0.671548455254788,Proposed
11,1,Quad,PC20,0.640030191178039,Proposed
11,1,Shell,PC10,0.924627207175347,Proposed
11,1,Shell,PC20,0.712473116795024,Proposed
11,1,Winsor,PC10,0.793162235188533,Proposed
11,1,Winsor,PC20,0.649551153579267,Proposed
11,2,Ball,PC10,0.953501600492672,Proposed
11,2,Ball,PC20,0.643991835732673,Proposed
11,2,K's tau,PC10,0.96453150274501,Reference
11,2,K's tau,PC20,0.823135805599966,Reference
11,2,LR,PC10,0.949086227680717,Proposed
11,2,LR,PC20,0.635890146100239,Proposed
11,2,PCA,PC10,0.772723647117298,Reference
11,2,PCA,PC20,0.594565875346668,Reference
11,2,PCP,PC10,0.95347125914032,Reference
11,2,PCP,PC20,0.952220398768918,Reference
11,2,PcaGrid,PC10,0.00217656552038344,Reference
11,2,PcaGrid,PC20,0.00158848739697244,Reference
11,2,PcaHubert,PC10,0.979147713165043,Reference
11,2,PcaHubert,PC20,0.621256065552874,Reference
11,2,Quad,PC10,0.775487909731422,Proposed
11,2,Quad,PC20,0.535519447828997,Proposed
11,2,Shell,PC10,0.797907683213306,Proposed
11,2,Shell,PC20,0.637577734295815,Proposed
11,2,Winsor,PC10,0.771196552731942,Proposed
11,2,Winsor,PC20,0.599769855984111,Proposed
11,3,Ball,PC10,0.969454946740295,Proposed
11,3,Ball,PC20,0.783049372182983,Proposed
11,3,K's tau,PC10,0.942858739711983,Reference
11,3,K's tau,PC20,0.917335829933104,Reference
11,3,LR,PC10,0.707255382895386,Proposed
11,3,LR,PC20,0.700161626740526,Proposed
11,3,PCA,PC10,0.650004162382793,Reference
11,3,PCA,PC20,0.693960997545668,Reference
11,3,PCP,PC10,0.979244635860085,Reference
11,3,PCP,PC20,0.67834315430389,Reference
11,3,PcaGrid,PC10,-0.00351052967061917,Reference
11,3,PcaGrid,PC20,-0.000588771802460491,Reference
11,3,PcaHubert,PC10,0.963696292782406,Reference
11,3,PcaHubert,PC20,0.607998436145035,Reference
11,3,Quad,PC10,0.632663543367903,Proposed
11,3,Quad,PC20,0.613284176221088,Proposed
11,3,Shell,PC10,0.757029188722568,Proposed
11,3,Shell,PC20,0.636495670927067,Proposed
11,3,Winsor,PC10,0.553416077940132,Proposed
11,3,Winsor,PC20,0.611542958174596,Proposed
11,4,Ball,PC10,0.971540461747759,Proposed
11,4,Ball,PC20,0.91931773290691,Proposed
11,4,K's tau,PC10,0.936723857285667,Reference
11,4,K's tau,PC20,0.892539975014014,Reference
11,4,LR,PC10,0.964088149871742,Proposed
11,4,LR,PC20,0.668929994897886,Proposed
11,4,PCA,PC10,0.895234806667671,Reference
11,4,PCA,PC20,0.626969329438694,Reference
11,4,PCP,PC10,0.973269195610268,Reference
11,4,PCP,PC20,0.971732847701592,Reference
11,4,PcaGrid,PC10,-0.00126909029327048,Reference
11,4,PcaGrid,PC20,-0.00316481329040896,Reference
11,4,PcaHubert,PC10,0.954290154934228,Reference
11,4,PcaHubert,PC20,0.659347390157693,Reference
11,4,Quad,PC10,0.896883399492029,Proposed
11,4,Quad,PC20,0.652045765132447,Proposed
11,4,Shell,PC10,0.729890196520914,Proposed
11,4,Shell,PC20,0.658983342684833,Proposed
11,4,Winsor,PC10,0.88775457363148,Proposed
11,4,Winsor,PC20,0.643324763206975,Proposed
11,5,Ball,PC10,0.986892981068267,Proposed
11,5,Ball,PC20,0.984583912318207,Proposed
11,5,K's tau,PC10,0.962837791427505,Reference
11,5,K's tau,PC20,0.742062074317589,Reference
11,5,LR,PC10,0.986169304553002,Proposed
11,5,LR,PC20,0.724928699904169,Proposed
11,5,PCA,PC10,0.930166662479178,Reference
11,5,PCA,PC20,0.624829928085438,Reference
11,5,PCP,PC10,0.986180689014944,Reference
11,5,PCP,PC20,0.6942616275622,Reference
11,5,PcaGrid,PC10,0.0125506790891245,Reference
11,5,PcaGrid,PC20,-0.000827545128261582,Reference
11,5,PcaHubert,PC10,0.984752717298002,Reference
11,5,PcaHubert,PC20,0.789541137792273,Reference
11,5,Quad,PC10,0.642027683018341,Proposed
11,5,Quad,PC20,0.682979437965468,Proposed
11,5,Shell,PC10,0.986169304553002,Proposed
11,5,Shell,PC20,0.65181044859006,Proposed
11,5,Winsor,PC10,0.620139863640955,Proposed
11,5,Winsor,PC20,0.657290606985276,Proposed
11,6,Ball,PC10,0.964762842805849,Proposed
11,6,Ball,PC20,0.61098788099571,Proposed
11,6,K's tau,PC10,0.961368439801622,Reference
11,6,K's tau,PC20,0.90458385271917,Reference
11,6,LR,PC10,0.884399788172589,Proposed
11,6,LR,PC20,0.548140564625743,Proposed
11,6,PCA,PC10,0.90526380094901,Reference
11,6,PCA,PC20,0.630084062872998,Reference
11,6,PCP,PC10,0.974543952207606,Reference
11,6,PCP,PC20,0.576184439631076,Reference
11,6,PcaGrid,PC10,0.00395805882876312,Reference
11,6,PcaGrid,PC20,0.00211230682710667,Reference
11,6,PcaHubert,PC10,0.899642630833356,Reference
11,6,PcaHubert,PC20,0.731068845406971,Reference
11,6,Quad,PC10,0.870662507554048,Proposed
11,6,Quad,PC20,0.645912144438788,Proposed
11,6,Shell,PC10,0.879279926777837,Proposed
11,6,Shell,PC20,0.671525680062595,Proposed
11,6,Winsor,PC10,0.661553977676492,Proposed
11,6,Winsor,PC20,0.711603102356289,Proposed
11,7,Ball,PC10,0.70698321241139,Proposed
11,7,Ball,PC20,0.774818485852794,Proposed
11,7,K's tau,PC10,0.851734295854996,Reference
11,7,K's tau,PC20,0.822198007960084,Reference
11,7,LR,PC10,0.633533701992614,Proposed
11,7,LR,PC20,0.66928628437668,Proposed
11,7,PCA,PC10,0.882955392466439,Reference
11,7,PCA,PC20,0.600957068439453,Reference
11,7,PCP,PC10,0.976452399498302,Reference
11,7,PCP,PC20,0.980212308818563,Reference
11,7,PcaGrid,PC10,-0.00144481660727453,Reference
11,7,PcaGrid,PC20,0.00102532804277356,Reference
11,7,PcaHubert,PC10,0.957241888994342,Reference
11,7,PcaHubert,PC20,0.620215498174003,Reference
11,7,Quad,PC10,0.784455694059394,Proposed
11,7,Quad,PC20,0.63590038861751,Proposed
11,7,Shell,PC10,0.77851810114388,Proposed
11,7,Shell,PC20,0.609481806514923,Proposed
11,7,Winsor,PC10,0.857585549293909,Proposed
11,7,Winsor,PC20,0.636685492197025,Proposed
11,8,Ball,PC10,0.725261606191753,Proposed
11,8,Ball,PC20,0.765735790098449,Proposed
11,8,K's tau,PC10,0.936913757921639,Reference
11,8,K's tau,PC20,0.760865600524606,Reference
11,8,LR,PC10,0.934012596035155,Proposed
11,8,LR,PC20,0.600177871163876,Proposed
11,8,PCA,PC10,0.89180694588197,Reference
11,8,PCA,PC20,0.724925261644797,Reference
11,8,PCP,PC10,0.973144885411331,Reference
11,8,PCP,PC20,0.934870102735569,Reference
11,8,PcaGrid,PC10,-4.16175801734426e-05,Reference
11,8,PcaGrid,PC20,-0.000467217420102625,Reference
11,8,PcaHubert,PC10,0.963292965664233,Reference
11,8,PcaHubert,PC20,0.738857074362317,Reference
11,8,Quad,PC10,0.892307391757586,Proposed
11,8,Quad,PC20,0.726633766416091,Proposed
11,8,Shell,PC10,0.929499324268025,Proposed
11,8,Shell,PC20,0.632707088883776,Proposed
11,8,Winsor,PC10,0.899510606928347,Proposed
11,8,Winsor,PC20,0.619464602093007,Proposed
11,9,Ball,PC10,0.614009304920861,Proposed
11,9,Ball,PC20,0.703260019549499,Proposed
11,9,K's tau,PC10,0.710226095336036,Reference
11,9,K's tau,PC20,0.800933343824395,Reference
11,9,LR,PC10,0.710806671959732,Proposed
11,9,LR,PC20,0.671254763399251,Proposed
11,9,PCA,PC10,0.648698931460226,Reference
11,9,PCA,PC20,0.614566424102755,Reference
11,9,PCP,PC10,0.963645847711332,Reference
11,9,PCP,PC20,0.546651036066991,Reference
11,9,PcaGrid,PC10,0.00553829659952447,Reference
11,9,PcaGrid,PC20,0.0094153296026538,Reference
11,9,PcaHubert,PC10,0.711836525791607,Reference
11,9,PcaHubert,PC20,0.626529283824111,Reference
11,9,Quad,PC10,0.575225739224283,Proposed
11,9,Quad,PC20,0.565725260712009,Proposed
11,9,Shell,PC10,0.641181317745575,Proposed
11,9,Shell,PC20,0.586967056970203,Proposed
11,9,Winsor,PC10,0.670436887129893,Proposed
11,9,Winsor,PC20,0.567085017792679,Proposed
11,10,Ball,PC10,0.955751519205928,Proposed
11,10,Ball,PC20,0.765794255873073,Proposed
11,10,K's tau,PC10,0.925264080681436,Reference
11,10,K's tau,PC20,0.889214541674544,Reference
11,10,LR,PC10,0.912063800840098,Proposed
11,10,LR,PC20,0.669382795994586,Proposed
11,10,PCA,PC10,0.775316099497195,Reference
11,10,PCA,PC20,0.673182847993425,Reference
11,10,PCP,PC10,0.969344259545681,Reference
11,10,PCP,PC20,0.95506695042183,Reference
11,10,PcaGrid,PC10,0.00371120499128669,Reference
11,10,PcaGrid,PC20,-0.00127882555555635,Reference
11,10,PcaHubert,PC10,0.674194767350519,Reference
11,10,PcaHubert,PC20,0.704673061311893,Reference
11,10,Quad,PC10,0.885276815999868,Proposed
11,10,Quad,PC20,0.618449034367752,Proposed
11,10,Shell,PC10,0.675962030243946,Proposed
11,10,Shell,PC20,0.637027945496139,Proposed
11,10,Winsor,PC10,0.872695606192809,Proposed
11,10,Winsor,PC20,0.717096486395816,Proposed
12,1,Ball,PC10,0.721988749492403,Proposed
12,1,Ball,PC20,0.638273107536989,Proposed
12,1,K's tau,PC10,0.718863111074616,Reference
12,1,K's tau,PC20,0.612853003680956,Reference
12,1,LR,PC10,0.60659292058092,Proposed
12,1,LR,PC20,0.650214202614433,Proposed
12,1,PCA,PC10,0.523344740269246,Reference
12,1,PCA,PC20,0.632858121480195,Reference
12,1,PCP,PC10,0.98456843280416,Reference
12,1,PCP,PC20,0.98710636205572,Reference
12,1,PcaGrid,PC10,0.00327839162588909,Reference
12,1,PcaGrid,PC20,0.000321085792375823,Reference
12,1,PcaHubert,PC10,0.641347749256554,Reference
12,1,PcaHubert,PC20,0.649134794165617,Reference
12,1,Quad,PC10,0.625318867527432,Proposed
12,1,Quad,PC20,0.587915087170731,Proposed
12,1,Shell,PC10,0.57469807224517,Proposed
12,1,Shell,PC20,0.647710032013138,Proposed
12,1,Winsor,PC10,0.475022706958579,Proposed
12,1,Winsor,PC20,0.584568187941245,Proposed
12,2,Ball,PC10,0.730629116336988,Proposed
12,2,Ball,PC20,0.611801324291571,Proposed
12,2,K's tau,PC10,0.760691325554238,Reference
12,2,K's tau,PC20,0.743447747237239,Reference
12,2,LR,PC10,0.652774271515091,Proposed
12,2,LR,PC20,0.649725198174405,Proposed
12,2,PCA,PC10,0.599522586389675,Reference
12,2,PCA,PC20,0.609203815473732,Reference
12,2,PCP,PC10,0.990580185141921,Reference
12,2,PCP,PC20,0.587443880953917,Reference
12,2,PcaGrid,PC10,0.000863292832971947,Reference
12,2,PcaGrid,PC20,0.00624311485285509,Reference
12,2,PcaHubert,PC10,0.715188986292444,Reference
12,2,PcaHubert,PC20,0.660606017026319,Reference
12,2,Quad,PC10,0.75018905358617,Proposed
12,2,Quad,PC20,0.669739272635398,Proposed
12,2,Shell,PC10,0.643003850540998,Proposed
12,2,Shell,PC20,0.612953100672577,Proposed
12,2,Winsor,PC10,0.754717730383165,Proposed
12,2,Winsor,PC20,0.66107023587899,Proposed
12,3,Ball,PC10,0.775742821035102,Proposed
12,3,Ball,PC20,0.710095060806675,Proposed
12,3,K's tau,PC10,0.779791170084952,Reference
12,3,K's tau,PC20,0.808017062210595,Reference
12,3,LR,PC10,0.838484764875521,Proposed
12,3,LR,PC20,0.609711780336467,Proposed
12,3,PCA,PC10,0.658320259113461,Reference
12,3,PCA,PC20,0.674853504070323,Reference
12,3,PCP,PC10,0.985384228527649,Reference
12,3,PCP,PC20,0.842500232549752,Reference
12,3,PcaGrid,PC10,0.00338983079608288,Reference
12,3,PcaGrid,PC20,0.000890277963708452,Reference
12,3,PcaHubert,PC10,0.974211524312853,Reference
12,3,PcaHubert,PC20,0.774083869200647,Reference
12,3,Quad,PC10,0.621583782103155,Proposed
12,3,Quad,PC20,0.600542739479431,Proposed
12,3,Shell,PC10,0.64782613252894,Proposed
12,3,Shell,PC20,0.603982897393642,Proposed
12,3,Winsor,PC10,0.697615661643497,Proposed
12,3,Winsor,PC20,0.675202799258206,Proposed
12,4,Ball,PC10,0.979845654897094,Proposed
12,4,Ball,PC20,0.697664395745979,Proposed
12,4,K's tau,PC10,0.978129372138581,Reference
12,4,K's tau,PC20,0.978956439916773,Reference
12,4,LR,PC10,0.764101462659467,Proposed
12,4,LR,PC20,0.604333058131462,Proposed
12,4,PCA,PC10,0.777683090146517,Reference
12,4,PCA,PC20,0.546363717783093,Reference
12,4,PCP,PC10,0.982898239686292,Reference
12,4,PCP,PC20,0.824164697417259,Reference
12,4,PcaGrid,PC10,0.00241333298323509,Reference
12,4,PcaGrid,PC20,0.0109372497531789,Reference
12,4,PcaHubert,PC10,0.797035703107822,Reference
12,4,PcaHubert,PC20,0.597436404479191,Reference
12,4,Quad,PC10,0.664033623608972,Proposed
12,4,Quad,PC20,0.659228382647333,Proposed
12,4,Shell,PC10,0.621465509261467,Proposed
12,4,Shell,PC20,0.639800865936353,Proposed
12,4,Winsor,PC10,0.670151736327532,Proposed
12,4,Winsor,PC20,0.611250511795116,Proposed
12,5,Ball,PC10,0.852891905646158,Proposed
12,5,Ball,PC20,0.741524370492624,Proposed
12,5,K's tau,PC10,0.98992428808477,Reference
12,5,K's tau,PC20,0.626339851642235,Reference
12,5,LR,PC10,0.869376988335885,Proposed
12,5,LR,PC20,0.622870772588442,Proposed
12,5,PCA,PC10,0.753297156460711,Reference
12,5,PCA,PC20,0.669994261201591,Reference
12,5,PCP,PC10,0.994434349367964,Reference
12,5,PCP,PC20,0.99394957793703,Reference
12,5,PcaGrid,PC10,0.00238682827402966,Reference
12,5,PcaGrid,PC20,0.0046215797347931,Reference
12,5,PcaHubert,PC10,0.985524984987542,Reference
12,5,PcaHubert,PC20,0.502718231038484,Reference
12,5,Quad,PC10,0.70188248445887,Proposed
12,5,Quad,PC20,0.697464389140524,Proposed
12,5,Shell,PC10,0.769113911273209,Proposed
12,5,Shell,PC20,0.591102131024715,Proposed
12,5,Winsor,PC10,0.724491965293487,Proposed
12,5,Winsor,PC20,0.651428922231819,Proposed
12,6,Ball,PC10,0.710435307164947,Proposed
12,6,Ball,PC20,0.639327007605323,Proposed
12,6,K's tau,PC10,0.782596346814792,Reference
12,6,K's tau,PC20,0.735212525579427,Reference
12,6,LR,PC10,0.714682941401513,Proposed
12,6,LR,PC20,0.641127909054805,Proposed
12,6,PCA,PC10,0.68928894565844,Reference
12,6,PCA,PC20,0.876440925572933,Reference
12,6,PCP,PC10,0.976533290332046,Reference
12,6,PCP,PC20,0.724823564760662,Reference
12,6,PcaGrid,PC10,0.00188177687768931,Reference
12,6,PcaGrid,PC20,-0.000279570533928953,Reference
12,6,PcaHubert,PC10,0.732727495500455,Reference
12,6,PcaHubert,PC20,0.853613679892608,Reference
12,6,Quad,PC10,0.658804210625002,Proposed
12,6,Quad,PC20,0.65440997959813,Proposed
12,6,Shell,PC10,0.645035298025826,Proposed
12,6,Shell,PC20,0.630736940972222,Proposed
12,6,Winsor,PC10,0.647546225968549,Proposed
12,6,Winsor,PC20,0.660898802010407,Proposed
12,7,Ball,PC10,0.735697079318395,Proposed
12,7,Ball,PC20,0.633895949662422,Proposed
12,7,K's tau,PC10,0.823809765002134,Reference
12,7,K's tau,PC20,0.654046954959837,Reference
12,7,LR,PC10,0.74934352207991,Proposed
12,7,LR,PC20,0.636393060589639,Proposed
12,7,PCA,PC10,0.691230130434831,Reference
12,7,PCA,PC20,0.593779576132029,Reference
12,7,PCP,PC10,0.978487191641951,Reference
12,7,PCP,PC20,0.750185126678747,Reference
12,7,PcaGrid,PC10,0.000962581554967443,Reference
12,7,PcaGrid,PC20,-0.00217289652202578,Reference
12,7,PcaHubert,PC10,0.816966665293284,Reference
12,7,PcaHubert,PC20,0.548030027236005,Reference
12,7,Quad,PC10,0.564164049510462,Proposed
12,7,Quad,PC20,0.56880784041735,Proposed
12,7,Shell,PC10,0.746063653415694,Proposed
12,7,Shell,PC20,0.636158089596545,Proposed
12,7,Winsor,PC10,0.555984329317066,Proposed
12,7,Winsor,PC20,0.590846182771932,Proposed
12,8,Ball,PC10,0.977319733431577,Proposed
12,8,Ball,PC20,0.718420373424773,Proposed
12,8,K's tau,PC10,0.981924073806425,Reference
12,8,K's tau,PC20,0.982264299856255,Reference
12,8,LR,PC10,0.978488051239023,Proposed
12,8,LR,PC20,0.636160137665606,Proposed
12,8,PCA,PC10,0.779649809536077,Reference
12,8,PCA,PC20,0.624408554468867,Reference
12,8,PCP,PC10,0.977198805333067,Reference
12,8,PCP,PC20,0.702186855556644,Reference
12,8,PcaGrid,PC10,0.000590944082039493,Reference
12,8,PcaGrid,PC20,0.00323266604638094,Reference
12,8,PcaHubert,PC10,0.761486723965433,Reference
12,8,PcaHubert,PC20,0.69170299234077,Reference
12,8,Quad,PC10,0.785266401852267,Proposed
12,8,Quad,PC20,0.632101499171541,Proposed
12,8,Shell,PC10,0.595766622755499,Proposed
12,8,Shell,PC20,0.624139827713334,Proposed
12,8,Winsor,PC10,0.854578857769614,Proposed
12,8,Winsor,PC20,0.685706607253981,Proposed
12,9,Ball,PC10,0.53865366168537,Proposed
12,9,Ball,PC20,0.676406896304756,Proposed
12,9,K's tau,PC10,0.753575138211299,Reference
12,9,K's tau,PC20,0.715107429327796,Reference
12,9,LR,PC10,0.550177391023126,Proposed
12,9,LR,PC20,0.635756401103924,Proposed
12,9,PCA,PC10,0.449209220699013,Reference
12,9,PCA,PC20,0.555629761885751,Reference
12,9,PCP,PC10,0.970137505142917,Reference
12,9,PCP,PC20,0.685035694770424,Reference
12,9,PcaGrid,PC10,-0.000612772300745325,Reference
12,9,PcaGrid,PC20,-0.0022114510715923,Reference
12,9,PcaHubert,PC10,0.714899755181654,Reference
12,9,PcaHubert,PC20,0.499683518738205,Reference
12,9,Quad,PC10,0.496933103833137,Proposed
12,9,Quad,PC20,0.650155287076562,Proposed
12,9,Shell,PC10,0.492237763863151,Proposed
12,9,Shell,PC20,0.587315479907156,Proposed
12,9,Winsor,PC10,0.530459337815001,Proposed
12,9,Winsor,PC20,0.678779971309987,Proposed
12,10,Ball,PC10,0.813404235256492,Proposed
12,10,Ball,PC20,0.707228392694397,Proposed
12,10,K's tau,PC10,0.841083525317396,Reference
12,10,K's tau,PC20,0.753518900482616,Reference
12,10,LR,PC10,0.806014513107858,Proposed
12,10,LR,PC20,0.707973595318589,Proposed
12,10,PCA,PC10,0.759929163330956,Reference
12,10,PCA,PC20,0.676338323391311,Reference
12,10,PCP,PC10,0.969650581752032,Reference
12,10,PCP,PC20,0.658904440151211,Reference
12,10,PcaGrid,PC10,0.00403907146418901,Reference
12,10,PcaGrid,PC20,0.00293669345160984,Reference
12,10,PcaHubert,PC10,0.71834033782328,Reference
12,10,PcaHubert,PC20,0.606761948190285,Reference
12,10,Quad,PC10,0.745307696967259,Proposed
12,10,Quad,PC20,0.728979059691025,Proposed
12,10,Shell,PC10,0.708739113587524,Proposed
12,10,Shell,PC20,0.660943371773697,Proposed
12,10,Winsor,PC10,0.746544511739893,Proposed
12,10,Winsor,PC20,0.660634547866288,Proposed
13,1,Ball,PC10,0.634809411684986,Proposed
13,1,Ball,PC20,0.62310571390954,Proposed
13,1,K's tau,PC10,0.793493465327034,Reference
13,1,K's tau,PC20,0.73591931928588,Reference
13,1,LR,PC10,0.668405698187963,Proposed
13,1,LR,PC20,0.637068898817997,Proposed
13,1,PCA,PC10,0.53935754402988,Reference
13,1,PCA,PC20,0.630442937191935,Reference
13,1,PCP,PC10,0.98456843280416,Reference
13,1,PCP,PC20,0.715665566142903,Reference
13,1,PcaGrid,PC10,0.00127550707360058,Reference
13,1,PcaGrid,PC20,9.11720303974949e-05,Reference
13,1,PcaHubert,PC10,0.712696780437932,Reference
13,1,PcaHubert,PC20,0.64178017829876,Reference
13,1,Quad,PC10,0.587326177064776,Proposed
13,1,Quad,PC20,0.640355309947822,Proposed
13,1,Shell,PC10,0.642735578371688,Proposed
13,1,Shell,PC20,0.592256567289679,Proposed
13,1,Winsor,PC10,0.571596536217712,Proposed
13,1,Winsor,PC20,0.590511515168355,Proposed
13,2,Ball,PC10,0.732830439932515,Proposed
13,2,Ball,PC20,0.726070059945817,Proposed
13,2,K's tau,PC10,0.733092615023752,Reference
13,2,K's tau,PC20,0.735649461185832,Reference
13,2,LR,PC10,0.670787027821897,Proposed
13,2,LR,PC20,0.725203952899037,Proposed
13,2,PCA,PC10,0.726853151248847,Reference
13,2,PCA,PC20,0.642054772974786,Reference
13,2,PCP,PC10,0.990219501645511,Reference
13,2,PCP,PC20,0.759963673090736,Reference
13,2,PcaGrid,PC10,0.0027412859600868,Reference
13,2,PcaGrid,PC20,-0.000370502018366908,Reference
13,2,PcaHubert,PC10,0.7211369864165,Reference
13,2,PcaHubert,PC20,0.763956852772318,Reference
13,2,Quad,PC10,0.638949899029817,Proposed
13,2,Quad,PC20,0.669522557062315,Proposed
13,2,Shell,PC10,0.652512085127186,Proposed
13,2,Shell,PC20,0.643542635526576,Proposed
13,2,Winsor,PC10,0.639805894429908,Proposed
13,2,Winsor,PC20,0.666550831314505,Proposed
13,3,Ball,PC10,0.827552631561385,Proposed
13,3,Ball,PC20,0.634390462718917,Proposed
13,3,K's tau,PC10,0.839648584632609,Reference
13,3,K's tau,PC20,0.671444078717936,Reference
13,3,LR,PC10,0.774092324763156,Proposed
13,3,LR,PC20,0.654082402806396,Proposed
13,3,PCA,PC10,0.722798262650025,Reference
13,3,PCA,PC20,0.620132416887504,Reference
13,3,PCP,PC10,0.985384228527649,Reference
13,3,PCP,PC20,0.847358322629103,Reference
13,3,PcaGrid,PC10,-0.00157395993655429,Reference
13,3,PcaGrid,PC20,0.00392565206987304,Reference
13,3,PcaHubert,PC10,0.976536653853194,Reference
13,3,PcaHubert,PC20,0.606591349083434,Reference
13,3,Quad,PC10,0.572079414229353,Proposed
13,3,Quad,PC20,0.577678547937636,Proposed
13,3,Shell,PC10,0.665648922413243,Proposed
13,3,Shell,PC20,0.557186451964673,Proposed
13,3,Winsor,PC10,0.627619601565434,Proposed
13,3,Winsor,PC20,0.671378437887992,Proposed
13,4,Ball,PC10,0.679080366562069,Proposed
13,4,Ball,PC20,0.691542415999427,Proposed
13,4,K's tau,PC10,0.979525450496516,Reference
13,4,K's tau,PC20,0.85783985152914,Reference
13,4,LR,PC10,0.726317825202874,Proposed
13,4,LR,PC20,0.605092057395406,Proposed
13,4,PCA,PC10,0.670747944417862,Reference
13,4,PCA,PC20,0.668829543104136,Reference
13,4,PCP,PC10,0.983417328773464,Reference
13,4,PCP,PC20,0.801535316106665,Reference
13,4,PcaGrid,PC10,0.000615887257562848,Reference
13,4,PcaGrid,PC20,6.24515429864301e-05,Reference
13,4,PcaHubert,PC10,0.810258577374181,Reference
13,4,PcaHubert,PC20,0.556238325795704,Reference
13,4,Quad,PC10,0.665842247685939,Proposed
13,4,Quad,PC20,0.616043389637729,Proposed
13,4,Shell,PC10,0.678816266095299,Proposed
13,4,Shell,PC20,0.533632302629411,Proposed
13,4,Winsor,PC10,0.578797010784476,Proposed
13,4,Winsor,PC20,0.668158421504649,Proposed
13,5,Ball,PC10,0.766135629453324,Proposed
13,5,Ball,PC20,0.558573619178149,Proposed
13,5,K's tau,PC10,0.98992428808477,Reference
13,5,K's tau,PC20,0.86502250126404,Reference
13,5,LR,PC10,0.871764466250123,Proposed
13,5,LR,PC20,0.59389483802152,Proposed
13,5,PCA,PC10,0.682352908449661,Reference
13,5,PCA,PC20,0.652976189983744,Reference
13,5,PCP,PC10,0.992858799119686,Reference
13,5,PCP,PC20,0.99394957793703,Reference
13,5,PcaGrid,PC10,0.00103354461729283,Reference
13,5,PcaGrid,PC20,0.00140235368645697,Reference
13,5,PcaHubert,PC10,0.986081869296543,Reference
13,5,PcaHubert,PC20,0.574855522530592,Reference
13,5,Quad,PC10,0.798811393387718,Proposed
13,5,Quad,PC20,0.640990842741804,Proposed
13,5,Shell,PC10,0.752506000608459,Proposed
13,5,Shell,PC20,0.552749659563691,Proposed
13,5,Winsor,PC10,0.703993738570501,Proposed
13,5,Winsor,PC20,0.651012092016298,Proposed
13,6,Ball,PC10,0.710017053254985,Proposed
13,6,Ball,PC20,0.718284048866881,Proposed
13,6,K's tau,PC10,0.796704839628357,Reference
13,6,K's tau,PC20,0.643342283267089,Reference
13,6,LR,PC10,0.718570138985747,Proposed
13,6,LR,PC20,0.602678292939722,Proposed
13,6,PCA,PC10,0.562266895213105,Reference
13,6,PCA,PC20,0.679303030817977,Reference
13,6,PCP,PC10,0.976533290332046,Reference
13,6,PCP,PC20,0.722357094103513,Reference
13,6,PcaGrid,PC10,-0.00128782885423451,Reference
13,6,PcaGrid,PC20,-0.00301129737085166,Reference
13,6,PcaHubert,PC10,0.729987440580924,Reference
13,6,PcaHubert,PC20,0.858767122400318,Reference
13,6,Quad,PC10,0.647783211127804,Proposed
13,6,Quad,PC20,0.657255703084484,Proposed
13,6,Shell,PC10,0.644121293769114,Proposed
13,6,Shell,PC20,0.634255237683652,Proposed
13,6,Winsor,PC10,0.656295073448407,Proposed
13,6,Winsor,PC20,0.563513256158704,Proposed
13,7,Ball,PC10,0.713842792717829,Proposed
13,7,Ball,PC20,0.566879644584153,Proposed
13,7,K's tau,PC10,0.831648677097327,Reference
13,7,K's tau,PC20,0.64899362614765,Reference
13,7,LR,PC10,0.815335268489114,Proposed
13,7,LR,PC20,0.711276506193623,Proposed
13,7,PCA,PC10,0.550258806589427,Reference
13,7,PCA,PC20,0.614063983639592,Reference
13,7,PCP,PC10,0.977248161366906,Reference
13,7,PCP,PC20,0.550747952829166,Reference
13,7,PcaGrid,PC10,0.00317187837350903,Reference
13,7,PcaGrid,PC20,-0.0018895016476774,Reference
13,7,PcaHubert,PC10,0.816356814909497,Reference
13,7,PcaHubert,PC20,0.52529814193196,Reference
13,7,Quad,PC10,0.760050626326878,Proposed
13,7,Quad,PC20,0.659610852932078,Proposed
13,7,Shell,PC10,0.622958032200797,Proposed
13,7,Shell,PC20,0.633246363965435,Proposed
13,7,Winsor,PC10,0.755490903767641,Proposed
13,7,Winsor,PC20,0.584265789720417,Proposed
13,8,Ball,PC10,0.979145269918586,Proposed
13,8,Ball,PC20,0.726836322682458,Proposed
13,8,K's tau,PC10,0.981037000877992,Reference
13,8,K's tau,PC20,0.982264299856255,Reference
13,8,LR,PC10,0.753076621579703,Proposed
13,8,LR,PC20,0.67906450304059,Proposed
13,8,PCA,PC10,0.709898475778578,Reference
13,8,PCA,PC20,0.735433341226924,Reference
13,8,PCP,PC10,0.976716946033631,Reference
13,8,PCP,PC20,0.639690539841124,Reference
13,8,PcaGrid,PC10,0.000520666947617948,Reference
13,8,PcaGrid,PC20,0.00322155851535285,Reference
13,8,PcaHubert,PC10,0.975551797250534,Reference
13,8,PcaHubert,PC20,0.642180670238449,Reference
13,8,Quad,PC10,0.784148148251474,Proposed
13,8,Quad,PC20,0.63130317717677,Proposed
13,8,Shell,PC10,0.726440938842879,Proposed
13,8,Shell,PC20,0.592025268346384,Proposed
13,8,Winsor,PC10,0.747905415123991,Proposed
13,8,Winsor,PC20,0.596249604994168,Proposed
13,9,Ball,PC10,0.732202321595978,Proposed
13,9,Ball,PC20,0.700062938231577,Proposed
13,9,K's tau,PC10,0.732173708381311,Reference
13,9,K's tau,PC20,0.709483418751351,Reference
13,9,LR,PC10,0.544408631918395,Proposed
13,9,LR,PC20,0.674918947382836,Proposed
13,9,PCA,PC10,0.596193737198398,Reference
13,9,PCA,PC20,0.671785795480419,Reference
13,9,PCP,PC10,0.970631881852558,Reference
13,9,PCP,PC20,0.60569566376311,Reference
13,9,PcaGrid,PC10,0.00123352492568589,Reference
13,9,PcaGrid,PC20,0.00933495321918703,Reference
13,9,PcaHubert,PC10,0.680406753609495,Reference
13,9,PcaHubert,PC20,0.645840465956098,Reference
13,9,Quad,PC10,0.575085735854094,Proposed
13,9,Quad,PC20,0.606786187709255,Proposed
13,9,Shell,PC10,0.539146178360542,Proposed
13,9,Shell,PC20,0.536028547027842,Proposed
13,9,Winsor,PC10,0.5908890915687,Proposed
13,9,Winsor,PC20,0.530151962510089,Proposed
13,10,Ball,PC10,0.848433009245069,Proposed
13,10,Ball,PC20,0.701435027889526,Proposed
13,10,K's tau,PC10,0.802697699358492,Reference
13,10,K's tau,PC20,0.72152894990705,Reference
13,10,LR,PC10,0.81435733358182,Proposed
13,10,LR,PC20,0.715090220266973,Proposed
13,10,PCA,PC10,0.702761984448405,Reference
13,10,PCA,PC20,0.700573008699772,Reference
13,10,PCP,PC10,0.969678746120423,Reference
13,10,PCP,PC20,0.709169582038483,Reference
13,10,PcaGrid,PC10,0.00452917308572277,Reference
13,10,PcaGrid,PC20,0.0099243271771185,Reference
13,10,PcaHubert,PC10,0.691822881759865,Reference
13,10,PcaHubert,PC20,0.596195037873201,Reference
13,10,Quad,PC10,0.741241815074379,Proposed
13,10,Quad,PC20,0.729482518428385,Proposed
13,10,Shell,PC10,0.714015653986451,Proposed
13,10,Shell,PC20,0.66281490224648,Proposed
13,10,Winsor,PC10,0.746829278235332,Proposed
13,10,Winsor,PC20,0.737015548358065,Proposed
14,1,Ball,PC10,0.61412754376081,Proposed
14,1,Ball,PC20,0.730908003696236,Proposed
14,1,K's tau,PC10,0.718715013671667,Reference
14,1,K's tau,PC20,0.738354257811126,Reference
14,1,LR,PC10,0.645491516059853,Proposed
14,1,LR,PC20,0.59367627018769,Proposed
14,1,PCA,PC10,0.548392838839126,Reference
14,1,PCA,PC20,0.644072147416481,Reference
14,1,PCP,PC10,0.983488295158049,Reference
14,1,PCP,PC20,0.608666008213634,Reference
14,1,PcaGrid,PC10,0.000679686008406994,Reference
14,1,PcaGrid,PC20,0.006180468519815,Reference
14,1,PcaHubert,PC10,0.709456826069901,Reference
14,1,PcaHubert,PC20,0.646095171398801,Reference
14,1,Quad,PC10,0.70821097939029,Proposed
14,1,Quad,PC20,0.656958578101362,Proposed
14,1,Shell,PC10,0.618740656307927,Proposed
14,1,Shell,PC20,0.587181465735456,Proposed
14,1,Winsor,PC10,0.581655480449563,Proposed
14,1,Winsor,PC20,0.596884846437698,Proposed
14,2,Ball,PC10,0.674786169433251,Proposed
14,2,Ball,PC20,0.717046537504045,Proposed
14,2,K's tau,PC10,0.659386695927393,Reference
14,2,K's tau,PC20,0.740285332624835,Reference
14,2,LR,PC10,0.739824893335299,Proposed
14,2,LR,PC20,0.634074999027515,Proposed
14,2,PCA,PC10,0.648160730809189,Reference
14,2,PCA,PC20,0.628301721705538,Reference
14,2,PCP,PC10,0.989285026640205,Reference
14,2,PCP,PC20,0.563649550665295,Reference
14,2,PcaGrid,PC10,0.00402469055544452,Reference
14,2,PcaGrid,PC20,0.00588075817123133,Reference
14,2,PcaHubert,PC10,0.734175784531826,Reference
14,2,PcaHubert,PC20,0.740345207261809,Reference
14,2,Quad,PC10,0.753165314314875,Proposed
14,2,Quad,PC20,0.629001752748671,Proposed
14,2,Shell,PC10,0.725598165353544,Proposed
14,2,Shell,PC20,0.641388944385104,Proposed
14,2,Winsor,PC10,0.718733316045277,Proposed
14,2,Winsor,PC20,0.629128001563919,Proposed
14,3,Ball,PC10,0.777167772857388,Proposed
14,3,Ball,PC20,0.757675178615151,Proposed
14,3,K's tau,PC10,0.78654756318192,Reference
14,3,K's tau,PC20,0.852712911015659,Reference
14,3,LR,PC10,0.771516814614625,Proposed
14,3,LR,PC20,0.71151770023884,Proposed
14,3,PCA,PC10,0.798572883051219,Reference
14,3,PCA,PC20,0.670986106530242,Reference
14,3,PCP,PC10,0.985384228527649,Reference
14,3,PCP,PC20,0.846385897660778,Reference
14,3,PcaGrid,PC10,0.00494824675418517,Reference
14,3,PcaGrid,PC20,0.000888991194352427,Reference
14,3,PcaHubert,PC10,0.975287391546434,Reference
14,3,PcaHubert,PC20,0.728814332617257,Reference
14,3,Quad,PC10,0.65630594327286,Proposed
14,3,Quad,PC20,0.638057176019477,Proposed
14,3,Shell,PC10,0.648864832135276,Proposed
14,3,Shell,PC20,0.649703047187331,Proposed
14,3,Winsor,PC10,0.696416618807246,Proposed
14,3,Winsor,PC20,0.768599689212109,Proposed
14,4,Ball,PC10,0.980854023654893,Proposed
14,4,Ball,PC20,0.667515600686892,Proposed
14,4,K's tau,PC10,0.979525450496516,Reference
14,4,K's tau,PC20,0.981081143834977,Reference
14,4,LR,PC10,0.98123263870491,Proposed
14,4,LR,PC20,0.69522271199396,Proposed
14,4,PCA,PC10,0.660951553915781,Reference
14,4,PCA,PC20,0.658052233560752,Reference
14,4,PCP,PC10,0.98499380231353,Reference
14,4,PCP,PC20,0.631184478556887,Reference
14,4,PcaGrid,PC10,-0.000355559872973138,Reference
14,4,PcaGrid,PC20,0.00785475628786482,Reference
14,4,PcaHubert,PC10,0.811552659299379,Reference
14,4,PcaHubert,PC20,0.540222367583214,Reference
14,4,Quad,PC10,0.66381703280948,Proposed
14,4,Quad,PC20,0.621199373055709,Proposed
14,4,Shell,PC10,0.65684329143996,Proposed
14,4,Shell,PC20,0.689560677964636,Proposed
14,4,Winsor,PC10,0.592344632045522,Proposed
14,4,Winsor,PC20,0.554104924510902,Proposed
14,5,Ball,PC10,0.738490648829378,Proposed
14,5,Ball,PC20,0.642903499726437,Proposed
14,5,K's tau,PC10,0.988854584417522,Reference
14,5,K's tau,PC20,0.771142382565175,Reference
14,5,LR,PC10,0.765060359750203,Proposed
14,5,LR,PC20,0.601918939676984,Proposed
14,5,PCA,PC10,0.661760803814235,Reference
14,5,PCA,PC20,0.713013566560387,Reference
14,5,PCP,PC10,0.992858799119686,Reference
14,5,PCP,PC20,0.671580513639275,Reference
14,5,PcaGrid,PC10,0.00112742921462496,Reference
14,5,PcaGrid,PC20,0.00142889089193562,Reference
14,5,PcaHubert,PC10,0.988854584417522,Reference
14,5,PcaHubert,PC20,0.514059454354305,Reference
14,5,Quad,PC10,0.657219729235011,Proposed
14,5,Quad,PC20,0.638377044911017,Proposed
14,5,Shell,PC10,0.676896651963731,Proposed
14,5,Shell,PC20,0.663568371783104,Proposed
14,5,Winsor,PC10,0.731680794239842,Proposed
14,5,Winsor,PC20,0.64042336644528,Proposed
14,6,Ball,PC10,0.711370768912568,Proposed
14,6,Ball,PC20,0.63622075876482,Proposed
14,6,K's tau,PC10,0.73700777318323,Reference
14,6,K's tau,PC20,0.729884625282995,Reference
14,6,LR,PC10,0.712807706488749,Proposed
14,6,LR,PC20,0.633163861285761,Proposed
14,6,PCA,PC10,0.68588112774662,Reference
14,6,PCA,PC20,0.67207992331104,Reference
14,6,PCP,PC10,0.974139901063391,Reference
14,6,PCP,PC20,0.656885909623885,Reference
14,6,PcaGrid,PC10,0.00123631747004607,Reference
14,6,PcaGrid,PC20,-0.00293716529645337,Reference
14,6,PcaHubert,PC10,0.709162069678044,Reference
14,6,PcaHubert,PC20,0.853110744455434,Reference
14,6,Quad,PC10,0.731291852883107,Proposed
14,6,Quad,PC20,0.655652919108224,Proposed
14,6,Shell,PC10,0.646766063953341,Proposed
14,6,Shell,PC20,0.529263737791389,Proposed
14,6,Winsor,PC10,0.616174047740656,Proposed
14,6,Winsor,PC20,0.668085320330259,Proposed
14,7,Ball,PC10,0.814971025724069,Proposed
14,7,Ball,PC20,0.635427928847754,Proposed
14,7,K's tau,PC10,0.710092766537373,Reference
14,7,K's tau,PC20,0.728411754122773,Reference
14,7,LR,PC10,0.733104589808481,Proposed
14,7,LR,PC20,0.633603878181886,Proposed
14,7,PCA,PC10,0.522606972363525,Reference
14,7,PCA,PC20,0.623978503877043,Reference
14,7,PCP,PC10,0.977814027112801,Reference
14,7,PCP,PC20,0.641077546902521,Reference
14,7,PcaGrid,PC10,0.000125249094617415,Reference
14,7,PcaGrid,PC20,-0.000937662073161057,Reference
14,7,PcaHubert,PC10,0.764923656565994,Reference
14,7,PcaHubert,PC20,0.563568326659981,Reference
14,7,Quad,PC10,0.759737216195448,Proposed
14,7,Quad,PC20,0.618807097072799,Proposed
14,7,Shell,PC10,0.571579214639476,Proposed
14,7,Shell,PC20,0.60533565317362,Proposed
14,7,Winsor,PC10,0.571578162454195,Proposed
14,7,Winsor,PC20,0.604035770461969,Proposed
14,8,Ball,PC10,0.977543136543401,Proposed
14,8,Ball,PC20,0.601164836366307,Proposed
14,8,K's tau,PC10,0.980187273270119,Reference
14,8,K's tau,PC20,0.982264299856255,Reference
14,8,LR,PC10,0.735562923786002,Proposed
14,8,LR,PC20,0.679518973561685,Proposed
14,8,PCA,PC10,0.717068862729707,Reference
14,8,PCA,PC20,0.733150427335299,Reference
14,8,PCP,PC10,0.976716946033631,Reference
14,8,PCP,PC20,0.710454793751673,Reference
14,8,PcaGrid,PC10,0.0102813976818246,Reference
14,8,PcaGrid,PC20,0.00703856144229236,Reference
14,8,PcaHubert,PC10,0.671226595827895,Reference
14,8,PcaHubert,PC20,0.609823194319332,Reference
14,8,Quad,PC10,0.698293634497592,Proposed
14,8,Quad,PC20,0.617367911071842,Proposed
14,8,Shell,PC10,0.716995985682547,Proposed
14,8,Shell,PC20,0.590890879506923,Proposed
14,8,Winsor,PC10,0.695404527748923,Proposed
14,8,Winsor,PC20,0.776716858347284,Proposed
14,9,Ball,PC10,0.538344804990921,Proposed
14,9,Ball,PC20,0.596654131191127,Proposed
14,9,K's tau,PC10,0.693976792390739,Reference
14,9,K's tau,PC20,0.710892791893493,Reference
14,9,LR,PC10,0.711087766763859,Proposed
14,9,LR,PC20,0.627830302317423,Proposed
14,9,PCA,PC10,0.702651864015196,Reference
14,9,PCA,PC20,0.571759091215233,Reference
14,9,PCP,PC10,0.718326943931336,Reference
14,9,PCP,PC20,0.56221364469513,Reference
14,9,PcaGrid,PC10,0.00230293163968136,Reference
14,9,PcaGrid,PC20,-0.00361045440406038,Reference
14,9,PcaHubert,PC10,0.681881953464176,Reference
14,9,PcaHubert,PC20,0.538601516571496,Reference
14,9,Quad,PC10,0.613119265082491,Proposed
14,9,Quad,PC20,0.61373152896178,Proposed
14,9,Shell,PC10,0.554391899758595,Proposed
14,9,Shell,PC20,0.58604508614569,Proposed
14,9,Winsor,PC10,0.709037006774323,Proposed
14,9,Winsor,PC20,0.623343468612943,Proposed
14,10,Ball,PC10,0.725855014464554,Proposed
14,10,Ball,PC20,0.811979476625411,Proposed
14,10,K's tau,PC10,0.77387745267568,Reference
14,10,K's tau,PC20,0.745714855244622,Reference
14,10,LR,PC10,0.842069479882986,Proposed
14,10,LR,PC20,0.713783623900251,Proposed
14,10,PCA,PC10,0.676556697522106,Reference
14,10,PCA,PC20,0.678771969627465,Reference
14,10,PCP,PC10,0.967466799477164,Reference
14,10,PCP,PC20,0.75984501470222,Reference
14,10,PcaGrid,PC10,0.0033329171229385,Reference
14,10,PcaGrid,PC20,-0.00012446354609379,Reference
14,10,PcaHubert,PC10,0.827229109917465,Reference
14,10,PcaHubert,PC20,0.652896300977414,Reference
14,10,Quad,PC10,0.74856602608456,Proposed
14,10,Quad,PC20,0.733562168020726,Proposed
14,10,Shell,PC10,0.727455096722462,Proposed
14,10,Shell,PC20,0.703620667036715,Proposed
14,10,Winsor,PC10,0.768152491930514,Proposed
14,10,Winsor,PC20,0.735878932463407,Proposed
15,1,Ball,PC10,0.783407913864091,Proposed
15,1,Ball,PC20,0.64688382992266,Proposed
15,1,K's tau,PC10,0.942447635883939,Reference
15,1,K's tau,PC20,0.615948326783396,Reference
15,1,LR,PC10,0.510631876954925,Proposed
15,1,LR,PC20,0.550716897957932,Proposed
15,1,PCA,PC10,0.633225611648856,Reference
15,1,PCA,PC20,0.57992323730295,Reference
15,1,PCP,PC10,0.984946650415039,Reference
15,1,PCP,PC20,0.614721856564145,Reference
15,1,PcaGrid,PC10,0.00129970723694828,Reference
15,1,PcaGrid,PC20,0.00847328784693976,Reference
15,1,PcaHubert,PC10,0.757983217188591,Reference
15,1,PcaHubert,PC20,0.588982134927036,Reference
15,1,Quad,PC10,0.622617023164137,Proposed
15,1,Quad,PC20,0.620645199517616,Proposed
15,1,Shell,PC10,0.558101702315105,Proposed
15,1,Shell,PC20,0.600557504716462,Proposed
15,1,Winsor,PC10,0.522027072873763,Proposed
15,1,Winsor,PC20,0.584523496796431,Proposed
15,2,Ball,PC10,0.727198239302515,Proposed
15,2,Ball,PC20,0.726621120644238,Proposed
15,2,K's tau,PC10,0.750985527980285,Reference
15,2,K's tau,PC20,0.7426758715381,Reference
15,2,LR,PC10,0.645254738554425,Proposed
15,2,LR,PC20,0.647981530380396,Proposed
15,2,PCA,PC10,0.711238537487278,Reference
15,2,PCA,PC20,0.641169385138432,Reference
15,2,PCP,PC10,0.989801438304147,Reference
15,2,PCP,PC20,0.685892144461922,Reference
15,2,PcaGrid,PC10,0.00304502868502928,Reference
15,2,PcaGrid,PC20,0.0111053070881342,Reference
15,2,PcaHubert,PC10,0.658876089389135,Reference
15,2,PcaHubert,PC20,0.748950682477894,Reference
15,2,Quad,PC10,0.748592831197568,Proposed
15,2,Quad,PC20,0.571225178428206,Proposed
15,2,Shell,PC10,0.657885496175388,Proposed
15,2,Shell,PC20,0.588213067068215,Proposed
15,2,Winsor,PC10,0.717702024128852,Proposed
15,2,Winsor,PC20,0.659803281172447,Proposed
15,3,Ball,PC10,0.825622318303419,Proposed
15,3,Ball,PC20,0.631666016037211,Proposed
15,3,K's tau,PC10,0.781992158807262,Reference
15,3,K's tau,PC20,0.849255021051092,Reference
15,3,LR,PC10,0.67832021176376,Proposed
15,3,LR,PC20,0.644825831576944,Proposed
15,3,PCA,PC10,0.692466992749649,Reference
15,3,PCA,PC20,0.675605522667659,Reference
15,3,PCP,PC10,0.982909878533495,Reference
15,3,PCP,PC20,0.742869897880064,Reference
15,3,PcaGrid,PC10,-0.00620420961487847,Reference
15,3,PcaGrid,PC20,0.00209659224211289,Reference
15,3,PcaHubert,PC10,0.977573266564369,Reference
15,3,PcaHubert,PC20,0.620218760042652,Reference
15,3,Quad,PC10,0.662391119045729,Proposed
15,3,Quad,PC20,0.600020936732756,Proposed
15,3,Shell,PC10,0.661272097716186,Proposed
15,3,Shell,PC20,0.574444209904557,Proposed
15,3,Winsor,PC10,0.702641194144726,Proposed
15,3,Winsor,PC20,0.645309431121301,Proposed
15,4,Ball,PC10,0.724258357837675,Proposed
15,4,Ball,PC20,0.835296069240186,Proposed
15,4,K's tau,PC10,0.979011243896447,Reference
15,4,K's tau,PC20,0.980571265053977,Reference
15,4,LR,PC10,0.80753299238055,Proposed
15,4,LR,PC20,0.665753096618954,Proposed
15,4,PCA,PC10,0.616450603185532,Reference
15,4,PCA,PC20,0.65125933642432,Reference
15,4,PCP,PC10,0.979734922946762,Reference
15,4,PCP,PC20,0.855117349453951,Reference
15,4,PcaGrid,PC10,0.00360896945408079,Reference
15,4,PcaGrid,PC20,0.00364712505124668,Reference
15,4,PcaHubert,PC10,0.82944514892732,Reference
15,4,PcaHubert,PC20,0.614629768048048,Reference
15,4,Quad,PC10,0.804217780500144,Proposed
15,4,Quad,PC20,0.549892668240046,Proposed
15,4,Shell,PC10,0.704196172345069,Proposed
15,4,Shell,PC20,0.606974727734838,Proposed
15,4,Winsor,PC10,0.621283101171232,Proposed
15,4,Winsor,PC20,0.606476768039442,Proposed
15,5,Ball,PC10,0.691905703643105,Proposed
15,5,Ball,PC20,0.65308461199588,Proposed
15,5,K's tau,PC10,0.990320755519346,Reference
15,5,K's tau,PC20,0.778268631530262,Reference
15,5,LR,PC10,0.675454459727543,Proposed
15,5,LR,PC20,0.660219572743304,Proposed
15,5,PCA,PC10,0.655740339563934,Reference
15,5,PCA,PC20,0.602397528768648,Reference
15,5,PCP,PC10,0.992858799119686,Reference
15,5,PCP,PC20,0.992375866783147,Reference
15,5,PcaGrid,PC10,-0.000868539807048507,Reference
15,5,PcaGrid,PC20,0.00421941598858458,Reference
15,5,PcaHubert,PC10,0.985755100947878,Reference
15,5,PcaHubert,PC20,0.517597208583173,Reference
15,5,Quad,PC10,0.801443351394226,Proposed
15,5,Quad,PC20,0.682662446998357,Proposed
15,5,Shell,PC10,0.754337660690274,Proposed
15,5,Shell,PC20,0.662585347511302,Proposed
15,5,Winsor,PC10,0.64347048321477,Proposed
15,5,Winsor,PC20,0.672447303206168,Proposed
15,6,Ball,PC10,0.724348840899274,Proposed
15,6,Ball,PC20,0.633630888652472,Proposed
15,6,K's tau,PC10,0.695304493063558,Reference
15,6,K's tau,PC20,0.714562223680957,Reference
15,6,LR,PC10,0.638118482137444,Proposed
15,6,LR,PC20,0.634261131524563,Proposed
15,6,PCA,PC10,0.725362264081482,Reference
15,6,PCA,PC20,0.75783527021568,Reference
15,6,PCP,PC10,0.972213160126789,Reference
15,6,PCP,PC20,0.651446873891375,Reference
15,6,PcaGrid,PC10,0.00437696861842829,Reference
15,6,PcaGrid,PC20,-0.0050873132681794,Reference
15,6,PcaHubert,PC10,0.719458984120799,Reference
15,6,PcaHubert,PC20,0.759739680721002,Reference
15,6,Quad,PC10,0.645183380806424,Proposed
15,6,Quad,PC20,0.653259532542663,Proposed
15,6,Shell,PC10,0.692852838869172,Proposed
15,6,Shell,PC20,0.596817124553238,Proposed
15,6,Winsor,PC10,0.66397904131279,Proposed
15,6,Winsor,PC20,0.664027080931027,Proposed
15,7,Ball,PC10,0.813138710070467,Proposed
15,7,Ball,PC20,0.581096967671723,Proposed
15,7,K's tau,PC10,0.782015703583821,Reference
15,7,K's tau,PC20,0.742026201489136,Reference
15,7,LR,PC10,0.707127322763553,Proposed
15,7,LR,PC20,0.712050370391102,Proposed
15,7,PCA,PC10,0.627635236715672,Reference
15,7,PCA,PC20,0.553129803506376,Reference
15,7,PCP,PC10,0.978867488895794,Reference
15,7,PCP,PC20,0.663555935421376,Reference
15,7,PcaGrid,PC10,-0.00153581149541587,Reference
15,7,PcaGrid,PC20,0.00131242607505592,Reference
15,7,PcaHubert,PC10,0.820126385423407,Reference
15,7,PcaHubert,PC20,0.495566826975591,Reference
15,7,Quad,PC10,0.555573742373621,Proposed
15,7,Quad,PC20,0.590813582669732,Proposed
15,7,Shell,PC10,0.585462723318244,Proposed
15,7,Shell,PC20,0.634963434335341,Proposed
15,7,Winsor,PC10,0.558769070931532,Proposed
15,7,Winsor,PC20,0.619742351999878,Proposed
15,8,Ball,PC10,0.977035747299691,Proposed
15,8,Ball,PC20,0.636038314132266,Proposed
15,8,K's tau,PC10,0.97993916899277,Reference
15,8,K's tau,PC20,0.982264299856255,Reference
15,8,LR,PC10,0.792739398528777,Proposed
15,8,LR,PC20,0.717938633211654,Proposed
15,8,PCA,PC10,0.723896572606223,Reference
15,8,PCA,PC20,0.667127501880281,Reference
15,8,PCP,PC10,0.974476778785324,Reference
15,8,PCP,PC20,0.61676236774741,Reference
15,8,PcaGrid,PC10,0.00154184611521998,Reference
15,8,PcaGrid,PC20,0.00377828865973706,Reference
15,8,PcaHubert,PC10,0.761543440983916,Reference
15,8,PcaHubert,PC20,0.618850778636879,Reference
15,8,Quad,PC10,0.784624958988857,Proposed
15,8,Quad,PC20,0.624564258972493,Proposed
15,8,Shell,PC10,0.683938043418065,Proposed
15,8,Shell,PC20,0.593962719108273,Proposed
15,8,Winsor,PC10,0.772249622809692,Proposed
15,8,Winsor,PC20,0.685896624670703,Proposed
15,9,Ball,PC10,0.500191677017792,Proposed
15,9,Ball,PC20,0.70982701023246,Proposed
15,9,K's tau,PC10,0.751169610690578,Reference
15,9,K's tau,PC20,0.712423114375263,Reference
15,9,LR,PC10,0.714811824010696,Proposed
15,9,LR,PC20,0.624690839400157,Proposed
15,9,PCA,PC10,0.533664468194847,Reference
15,9,PCA,PC20,0.59902089972566,Reference
15,9,PCP,PC10,0.968250616811649,Reference
15,9,PCP,PC20,0.538872484012234,Reference
15,9,PcaGrid,PC10,0.000277967733042407,Reference
15,9,PcaGrid,PC20,0.00122682074833161,Reference
15,9,PcaHubert,PC10,0.696984716505487,Reference
15,9,PcaHubert,PC20,0.555383878146718,Reference
15,9,Quad,PC10,0.533835917050604,Proposed
15,9,Quad,PC20,0.619682831646593,Proposed
15,9,Shell,PC10,0.534595103805765,Proposed
15,9,Shell,PC20,0.601849221129197,Proposed
15,9,Winsor,PC10,0.712550246316152,Proposed
15,9,Winsor,PC20,0.560654825984003,Proposed
15,10,Ball,PC10,0.805790298073801,Proposed
15,10,Ball,PC20,0.699349566303511,Proposed
15,10,K's tau,PC10,0.79867961359903,Reference
15,10,K's tau,PC20,0.747660935616747,Reference
15,10,LR,PC10,0.845629937638926,Proposed
15,10,LR,PC20,0.716437453827625,Proposed
15,10,PCA,PC10,0.684476073854555,Reference
15,10,PCA,PC20,0.633870934074425,Reference
15,10,PCP,PC10,0.971304569293791,Reference
15,10,PCP,PC20,0.658817959691181,Reference
15,10,PcaGrid,PC10,0.0015739200610925,Reference
15,10,PcaGrid,PC20,0.00411863644764993,Reference
15,10,PcaHubert,PC10,0.685805010074033,Reference
15,10,PcaHubert,PC20,0.613362265551364,Reference
15,10,Quad,PC10,0.718738809542739,Proposed
15,10,Quad,PC20,0.705598563024798,Proposed
15,10,Shell,PC10,0.545618812665636,Proposed
15,10,Shell,PC20,0.664401556377807,Proposed
15,10,Winsor,PC10,0.680625380690465,Proposed
15,10,Winsor,PC20,0.739233510914875,Proposed
16,1,Ball,PC10,0.709403997782216,Proposed
16,1,Ball,PC20,0.619121105920083,Proposed
16,1,K's tau,PC10,0.588854789286653,Reference
16,1,K's tau,PC20,0.648225249888004,Reference
16,1,LR,PC10,0.613914937190727,Proposed
16,1,LR,PC20,0.611191893975429,Proposed
16,1,PCA,PC10,0.548018478193228,Reference
16,1,PCA,PC20,0.594129901979344,Reference
16,1,PCP,PC10,0.98404439873419,Reference
16,1,PCP,PC20,0.626981274755213,Reference
16,1,PcaGrid,PC10,0.00145298417628395,Reference
16,1,PcaGrid,PC20,-0.000385432050891859,Reference
16,1,PcaHubert,PC10,0.731513326472767,Reference
16,1,PcaHubert,PC20,0.638429465086358,Reference
16,1,Quad,PC10,0.514507865845146,Proposed
16,1,Quad,PC20,0.63149785693726,Proposed
16,1,Shell,PC10,0.63384431236414,Proposed
16,1,Shell,PC20,0.620935181236957,Proposed
16,1,Winsor,PC10,0.570161917274845,Proposed
16,1,Winsor,PC20,0.593572503263851,Proposed
16,2,Ball,PC10,0.729362187417311,Proposed
16,2,Ball,PC20,0.647198663285187,Proposed
16,2,K's tau,PC10,0.737994674314687,Reference
16,2,K's tau,PC20,0.750612714799554,Reference
16,2,LR,PC10,0.725082783118744,Proposed
16,2,LR,PC20,0.611392260313554,Proposed
16,2,PCA,PC10,0.727594255311007,Reference
16,2,PCA,PC20,0.614039238724064,Reference
16,2,PCP,PC10,0.991513381892733,Reference
16,2,PCP,PC20,0.671985014241745,Reference
16,2,PcaGrid,PC10,0.00354281573653734,Reference
16,2,PcaGrid,PC20,0.000810953934408441,Reference
16,2,PcaHubert,PC10,0.828425499951304,Reference
16,2,PcaHubert,PC20,0.743590096736022,Reference
16,2,Quad,PC10,0.75872104797975,Proposed
16,2,Quad,PC20,0.630534409073177,Proposed
16,2,Shell,PC10,0.726808750685777,Proposed
16,2,Shell,PC20,0.611986130312222,Proposed
16,2,Winsor,PC10,0.758074059471698,Proposed
16,2,Winsor,PC20,0.659543161951298,Proposed
16,3,Ball,PC10,0.841778116735655,Proposed
16,3,Ball,PC20,0.681679901589227,Proposed
16,3,K's tau,PC10,0.88722567033216,Reference
16,3,K's tau,PC20,0.676321098698467,Reference
16,3,LR,PC10,0.771490121804141,Proposed
16,3,LR,PC20,0.768571711185791,Proposed
16,3,PCA,PC10,0.622217018788789,Reference
16,3,PCA,PC20,0.633845026780009,Reference
16,3,PCP,PC10,0.982909878533495,Reference
16,3,PCP,PC20,0.74153107064747,Reference
16,3,PcaGrid,PC10,0.00492647953161281,Reference
16,3,PcaGrid,PC20,0.00253720093904134,Reference
16,3,PcaHubert,PC10,0.817172156976467,Reference
16,3,PcaHubert,PC20,0.690653608545019,Reference
16,3,Quad,PC10,0.553369921980515,Proposed
16,3,Quad,PC20,0.556645487310662,Proposed
16,3,Shell,PC10,0.659873439287288,Proposed
16,3,Shell,PC20,0.644347741392591,Proposed
16,3,Winsor,PC10,0.691133461100935,Proposed
16,3,Winsor,PC20,0.648790839802326,Proposed
16,4,Ball,PC10,0.979998763103848,Proposed
16,4,Ball,PC20,0.694030759468305,Proposed
16,4,K's tau,PC10,0.980058311476373,Reference
16,4,K's tau,PC20,0.980354666865447,Reference
16,4,LR,PC10,0.715118144668035,Proposed
16,4,LR,PC20,0.692516493588364,Proposed
16,4,PCA,PC10,0.67962824132196,Reference
16,4,PCA,PC20,0.657109468125366,Reference
16,4,PCP,PC10,0.984094331643712,Reference
16,4,PCP,PC20,0.57317491131999,Reference
16,4,PcaGrid,PC10,0.00304722205616818,Reference
16,4,PcaGrid,PC20,0.00326121971849865,Reference
16,4,PcaHubert,PC10,0.80738749152319,Reference
16,4,PcaHubert,PC20,0.760051613881793,Reference
16,4,Quad,PC10,0.606167645116893,Proposed
16,4,Quad,PC20,0.54008023543327,Proposed
16,4,Shell,PC10,0.64898700970412,Proposed
16,4,Shell,PC20,0.688677940962702,Proposed
16,4,Winsor,PC10,0.663208749275307,Proposed
16,4,Winsor,PC20,0.572587240328743,Proposed
16,5,Ball,PC10,0.855482436709929,Proposed
16,5,Ball,PC20,0.562397852320104,Proposed
16,5,K's tau,PC10,0.988854584417522,Reference
16,5,K's tau,PC20,0.759646732230474,Reference
16,5,LR,PC10,0.740511154164289,Proposed
16,5,LR,PC20,0.658710067067856,Proposed
16,5,PCA,PC10,0.759332203645006,Reference
16,5,PCA,PC20,0.664848729904735,Reference
16,5,PCP,PC10,0.992858799119686,Reference
16,5,PCP,PC20,0.992375866783147,Reference
16,5,PcaGrid,PC10,0.00146852948699307,Reference
16,5,PcaGrid,PC20,0.00514543822887141,Reference
16,5,PcaHubert,PC10,0.986454872890928,Reference
16,5,PcaHubert,PC20,0.520211977391692,Reference
16,5,Quad,PC10,0.651924754338365,Proposed
16,5,Quad,PC20,0.639229072708799,Proposed
16,5,Shell,PC10,0.666484946709669,Proposed
16,5,Shell,PC20,0.65638860551382,Proposed
16,5,Winsor,PC10,0.687924560029414,Proposed
16,5,Winsor,PC20,0.709151014992942,Proposed
16,6,Ball,PC10,0.699390405607353,Proposed
16,6,Ball,PC20,0.632661710739526,Proposed
16,6,K's tau,PC10,0.751517414988912,Reference
16,6,K's tau,PC20,0.684130103955583,Reference
16,6,LR,PC10,0.631448277056712,Proposed
16,6,LR,PC20,0.706205993803202,Proposed
16,6,PCA,PC10,0.794656479126726,Reference
16,6,PCA,PC20,0.75843366381853,Reference
16,6,PCP,PC10,0.975191344258478,Reference
16,6,PCP,PC20,0.61708666406891,Reference
16,6,PcaGrid,PC10,0.00030639921313615,Reference
16,6,PcaGrid,PC20,0.00811861170163585,Reference
16,6,PcaHubert,PC10,0.705449187868284,Reference
16,6,PcaHubert,PC20,0.760142699403334,Reference
16,6,Quad,PC10,0.713732090179124,Proposed
16,6,Quad,PC20,0.64510866150753,Proposed
16,6,Shell,PC10,0.697583546050943,Proposed
16,6,Shell,PC20,0.594312625135937,Proposed
16,6,Winsor,PC10,0.591815488413573,Proposed
16,6,Winsor,PC20,0.673696701645699,Proposed
16,7,Ball,PC10,0.728245886944327,Proposed
16,7,Ball,PC20,0.706979282836594,Proposed
16,7,K's tau,PC10,0.787172442717671,Reference
16,7,K's tau,PC20,0.738247082626142,Reference
16,7,LR,PC10,0.767832704749076,Proposed
16,7,LR,PC20,0.599405179972377,Proposed
16,7,PCA,PC10,0.513415608855118,Reference
16,7,PCA,PC20,0.611148898216783,Reference
16,7,PCP,PC10,0.978330592061371,Reference
16,7,PCP,PC20,0.748645632072107,Reference
16,7,PcaGrid,PC10,-0.00254471286876463,Reference
16,7,PcaGrid,PC20,-0.00255422437398616,Reference
16,7,PcaHubert,PC10,0.822625038747207,Reference
16,7,PcaHubert,PC20,0.568120018496702,Reference
16,7,Quad,PC10,0.767249700142447,Proposed
16,7,Quad,PC20,0.575214043753308,Proposed
16,7,Shell,PC10,0.577541625002111,Proposed
16,7,Shell,PC20,0.632348601923698,Proposed
16,7,Winsor,PC10,0.552204160611878,Proposed
16,7,Winsor,PC20,0.619505702797691,Proposed
16,8,Ball,PC10,0.977079118059556,Proposed
16,8,Ball,PC20,0.722552061811857,Proposed
16,8,K's tau,PC10,0.980536889372006,Reference
16,8,K's tau,PC20,0.982264299856255,Reference
16,8,LR,PC10,0.979920584999673,Proposed
16,8,LR,PC20,0.641990701680202,Proposed
16,8,PCA,PC10,0.681585202668561,Reference
16,8,PCA,PC20,0.700034960688732,Reference
16,8,PCP,PC10,0.974505844964616,Reference
16,8,PCP,PC20,0.799815968919498,Reference
16,8,PcaGrid,PC10,0.00990393020724426,Reference
16,8,PcaGrid,PC20,0.00873626149324892,Reference
16,8,PcaHubert,PC10,0.9729463779017,Reference
16,8,PcaHubert,PC20,0.611509205555475,Reference
16,8,Quad,PC10,0.708159236455097,Proposed
16,8,Quad,PC20,0.670637061488745,Proposed
16,8,Shell,PC10,0.75696879909925,Proposed
16,8,Shell,PC20,0.673344807063866,Proposed
16,8,Winsor,PC10,0.768378294361252,Proposed
16,8,Winsor,PC20,0.684312966006344,Proposed
16,9,Ball,PC10,0.708999486224989,Proposed
16,9,Ball,PC20,0.533758858143436,Proposed
16,9,K's tau,PC10,0.673432894609138,Reference
16,9,K's tau,PC20,0.630789991833828,Reference
16,9,LR,PC10,0.513459178749732,Proposed
16,9,LR,PC20,0.602554792421448,Proposed
16,9,PCA,PC10,0.691420626141594,Reference
16,9,PCA,PC20,0.566100394386996,Reference
16,9,PCP,PC10,0.967096708783536,Reference
16,9,PCP,PC20,0.710709938938414,Reference
16,9,PcaGrid,PC10,-0.00141559375992808,Reference
16,9,PcaGrid,PC20,0.00268354863573481,Reference
16,9,PcaHubert,PC10,0.689036625882953,Reference
16,9,PcaHubert,PC20,0.589083843150494,Reference
16,9,Quad,PC10,0.671403725226261,Proposed
16,9,Quad,PC20,0.560084279253612,Proposed
16,9,Shell,PC10,0.491141814641007,Proposed
16,9,Shell,PC20,0.58742146222836,Proposed
16,9,Winsor,PC10,0.618078938388324,Proposed
16,9,Winsor,PC20,0.546624615037656,Proposed
16,10,Ball,PC10,0.748319299395162,Proposed
16,10,Ball,PC20,0.713803736334784,Proposed
16,10,K's tau,PC10,0.72300206183857,Reference
16,10,K's tau,PC20,0.752336410405951,Reference
16,10,LR,PC10,0.8384626713266,Proposed
16,10,LR,PC20,0.713813672057178,Proposed
16,10,PCA,PC10,0.784512737533231,Reference
16,10,PCA,PC20,0.632849293149096,Reference
16,10,PCP,PC10,0.968212829285794,Reference
16,10,PCP,PC20,0.745042222876653,Reference
16,10,PcaGrid,PC10,0.00192464069319402,Reference
16,10,PcaGrid,PC20,0.0016575253267891,Reference
16,10,PcaHubert,PC10,0.697077437771359,Reference
16,10,PcaHubert,PC20,0.648473299442658,Reference
16,10,Quad,PC10,0.695185882115212,Proposed
16,10,Quad,PC20,0.728447021875927,Proposed
16,10,Shell,PC10,0.721574477534414,Proposed
16,10,Shell,PC20,0.63065229184558,Proposed
16,10,Winsor,PC10,0.774894485082119,Proposed
16,10,Winsor,PC20,0.66635534887966,Proposed
17,1,Ball,PC10,0.767580389149891,Proposed
17,1,Ball,PC20,0.587706653767382,Proposed
17,1,K's tau,PC10,0.578917079080556,Reference
17,1,K's tau,PC20,0.632655374879049,Reference
17,1,LR,PC10,0.606095512987157,Proposed
17,1,LR,PC20,0.587900815085462,Proposed
17,1,PCA,PC10,0.556937064163598,Reference
17,1,PCA,PC20,0.568823449029781,Reference
17,1,PCP,PC10,0.98456843280416,Reference
17,1,PCP,PC20,0.98710636205572,Reference
17,1,PcaGrid,PC10,0.00120662471236057,Reference
17,1,PcaGrid,PC20,0.00663859083205669,Reference
17,1,PcaHubert,PC10,0.717086331224351,Reference
17,1,PcaHubert,PC20,0.641698548696489,Reference
17,1,Quad,PC10,0.5659820321727,Proposed
17,1,Quad,PC20,0.641095389444666,Proposed
17,1,Shell,PC10,0.62971241944456,Proposed
17,1,Shell,PC20,0.569052885604958,Proposed
17,1,Winsor,PC10,0.56560286928596,Proposed
17,1,Winsor,PC20,0.625144872268834,Proposed
17,2,Ball,PC10,0.725697210163882,Proposed
17,2,Ball,PC20,0.645858537864379,Proposed
17,2,K's tau,PC10,0.749505049074966,Reference
17,2,K's tau,PC20,0.736556045081967,Reference
17,2,LR,PC10,0.737047254672689,Proposed
17,2,LR,PC20,0.651785438901666,Proposed
17,2,PCA,PC10,0.712482826443321,Reference
17,2,PCA,PC20,0.618465532591779,Reference
17,2,PCP,PC10,0.992031785680697,Reference
17,2,PCP,PC20,0.989531890782192,Reference
17,2,PcaGrid,PC10,0.00521743843550193,Reference
17,2,PcaGrid,PC20,0.00442373235994469,Reference
17,2,PcaHubert,PC10,0.713819133478336,Reference
17,2,PcaHubert,PC20,0.642598110245835,Reference
17,2,Quad,PC10,0.743295087556075,Proposed
17,2,Quad,PC20,0.653392410728366,Proposed
17,2,Shell,PC10,0.727064728346214,Proposed
17,2,Shell,PC20,0.612325670714781,Proposed
17,2,Winsor,PC10,0.670802824281653,Proposed
17,2,Winsor,PC20,0.636520844538442,Proposed
17,3,Ball,PC10,0.823992524318721,Proposed
17,3,Ball,PC20,0.642589141724885,Proposed
17,3,K's tau,PC10,0.892017930676948,Reference
17,3,K's tau,PC20,0.669508282838534,Reference
17,3,LR,PC10,0.772765951870101,Proposed
17,3,LR,PC20,0.655486239388256,Proposed
17,3,PCA,PC10,0.737302248994983,Reference
17,3,PCA,PC20,0.633276130372537,Reference
17,3,PCP,PC10,0.985384228527649,Reference
17,3,PCP,PC20,0.676849969982838,Reference
17,3,PcaGrid,PC10,0.00477505724199262,Reference
17,3,PcaGrid,PC20,0.00343592799744484,Reference
17,3,PcaHubert,PC10,0.975287391546434,Reference
17,3,PcaHubert,PC20,0.684519713361178,Reference
17,3,Quad,PC10,0.599394294341256,Proposed
17,3,Quad,PC20,0.629428093297876,Proposed
17,3,Shell,PC10,0.617279276447679,Proposed
17,3,Shell,PC20,0.616526401882384,Proposed
17,3,Winsor,PC10,0.711056348814404,Proposed
17,3,Winsor,PC20,0.677501197360266,Proposed
17,4,Ball,PC10,0.691367434833926,Proposed
17,4,Ball,PC20,0.695934826997483,Proposed
17,4,K's tau,PC10,0.979176230389885,Reference
17,4,K's tau,PC20,0.978956439916773,Reference
17,4,LR,PC10,0.720417437117896,Proposed
17,4,LR,PC20,0.702068711748211,Proposed
17,4,PCA,PC10,0.661152505721793,Reference
17,4,PCA,PC20,0.644817432743077,Reference
17,4,PCP,PC10,0.982898239686292,Reference
17,4,PCP,PC20,0.677503175069797,Reference
17,4,PcaGrid,PC10,0.00666263871987639,Reference
17,4,PcaGrid,PC20,-0.00115699659519813,Reference
17,4,PcaHubert,PC10,0.961112203158191,Reference
17,4,PcaHubert,PC20,0.60712669326584,Reference
17,4,Quad,PC10,0.666258979341201,Proposed
17,4,Quad,PC20,0.604735485231397,Proposed
17,4,Shell,PC10,0.60123569541074,Proposed
17,4,Shell,PC20,0.605729236734068,Proposed
17,4,Winsor,PC10,0.665043902428581,Proposed
17,4,Winsor,PC20,0.50698895517599,Proposed
17,5,Ball,PC10,0.852049474912741,Proposed
17,5,Ball,PC20,0.655479796870577,Proposed
17,5,K's tau,PC10,0.98992428808477,Reference
17,5,K's tau,PC20,0.775716903662658,Reference
17,5,LR,PC10,0.869708876964009,Proposed
17,5,LR,PC20,0.668119219629543,Proposed
17,5,PCA,PC10,0.658158305179442,Reference
17,5,PCA,PC20,0.666216598481937,Reference
17,5,PCP,PC10,0.992858799119686,Reference
17,5,PCP,PC20,0.542885056582377,Reference
17,5,PcaGrid,PC10,0.00207430975140217,Reference
17,5,PcaGrid,PC20,-0.000386420449068432,Reference
17,5,PcaHubert,PC10,0.881340617404827,Reference
17,5,PcaHubert,PC20,0.566345164693577,Reference
17,5,Quad,PC10,0.711673069889268,Proposed
17,5,Quad,PC20,0.68856358623456,Proposed
17,5,Shell,PC10,0.682238176272877,Proposed
17,5,Shell,PC20,0.576112260171125,Proposed
17,5,Winsor,PC10,0.693708306402761,Proposed
17,5,Winsor,PC20,0.704204239072885,Proposed
17,6,Ball,PC10,0.588825920210234,Proposed
17,6,Ball,PC20,0.704795609512504,Proposed
17,6,K's tau,PC10,0.699183129955894,Reference
17,6,K's tau,PC20,0.850959974767182,Reference
17,6,LR,PC10,0.653379201798305,Proposed
17,6,LR,PC20,0.634773822220771,Proposed
17,6,PCA,PC10,0.64453453615311,Reference
17,6,PCA,PC20,0.680666024747822,Reference
17,6,PCP,PC10,0.976533290332046,Reference
17,6,PCP,PC20,0.660961182566663,Reference
17,6,PcaGrid,PC10,0.00601693584632154,Reference
17,6,PcaGrid,PC20,0.00413655079374584,Reference
17,6,PcaHubert,PC10,0.706571666121609,Reference
17,6,PcaHubert,PC20,0.863016660809979,Reference
17,6,Quad,PC10,0.72802608833172,Proposed
17,6,Quad,PC20,0.656996246277316,Proposed
17,6,Shell,PC10,0.716875580389431,Proposed
17,6,Shell,PC20,0.563594130405308,Proposed
17,6,Winsor,PC10,0.647105557344303,Proposed
17,6,Winsor,PC20,0.654032773280681,Proposed
17,7,Ball,PC10,0.813138710070467,Proposed
17,7,Ball,PC20,0.634770422573933,Proposed
17,7,K's tau,PC10,0.817261034662729,Reference
17,7,K's tau,PC20,0.735957826927817,Reference
17,7,LR,PC10,0.712424069476111,Proposed
17,7,LR,PC20,0.637207949077283,Proposed
17,7,PCA,PC10,0.561508575274389,Reference
17,7,PCA,PC20,0.54289446243021,Reference
17,7,PCP,PC10,0.978487191641951,Reference
17,7,PCP,PC20,0.679290248003351,Reference
17,7,PcaGrid,PC10,-0.00139028714272569,Reference
17,7,PcaGrid,PC20,-0.00266389132678245,Reference
17,7,PcaHubert,PC10,0.707274164743763,Reference
17,7,PcaHubert,PC20,0.575826413246143,Reference
17,7,Quad,PC10,0.760508931178238,Proposed
17,7,Quad,PC20,0.652475922587757,Proposed
17,7,Shell,PC10,0.625123356474152,Proposed
17,7,Shell,PC20,0.634765447028042,Proposed
17,7,Winsor,PC10,0.56178642187565,Proposed
17,7,Winsor,PC20,0.63535277178234,Proposed
17,8,Ball,PC10,0.980159196237369,Proposed
17,8,Ball,PC20,0.627561184254871,Proposed
17,8,K's tau,PC10,0.981037000877992,Reference
17,8,K's tau,PC20,0.982264299856255,Reference
17,8,LR,PC10,0.95271559832515,Proposed
17,8,LR,PC20,0.723514205302703,Proposed
17,8,PCA,PC10,0.780479612960894,Reference
17,8,PCA,PC20,0.661827524084764,Reference
17,8,PCP,PC10,0.976032844892991,Reference
17,8,PCP,PC20,0.702826997542596,Reference
17,8,PcaGrid,PC10,0.00395183463947657,Reference
17,8,PcaGrid,PC20,0.00211935184330528,Reference
17,8,PcaHubert,PC10,0.77521061981113,Reference
17,8,PcaHubert,PC20,0.747270540373109,Reference
17,8,Quad,PC10,0.699893127033681,Proposed
17,8,Quad,PC20,0.630027364273927,Proposed
17,8,Shell,PC10,0.650301691474613,Proposed
17,8,Shell,PC20,0.548870953809037,Proposed
17,8,Winsor,PC10,0.695102187693725,Proposed
17,8,Winsor,PC20,0.776777073530619,Proposed
17,9,Ball,PC10,0.628182384679655,Proposed
17,9,Ball,PC20,0.622246405658112,Proposed
17,9,K's tau,PC10,0.734966264769746,Reference
17,9,K's tau,PC20,0.643463214707868,Reference
17,9,LR,PC10,0.641709470859577,Proposed
17,9,LR,PC20,0.585633771764582,Proposed
17,9,PCA,PC10,0.759650752452925,Reference
17,9,PCA,PC20,0.653884272953161,Reference
17,9,PCP,PC10,0.970137505142917,Reference
17,9,PCP,PC20,0.631061189705054,Reference
17,9,PcaGrid,PC10,-0.00198572820475976,Reference
17,9,PcaGrid,PC20,0.0112017880119275,Reference
17,9,PcaHubert,PC10,0.704025446522563,Reference
17,9,PcaHubert,PC20,0.594329718801894,Reference
17,9,Quad,PC10,0.699885831316258,Proposed
17,9,Quad,PC20,0.616749813912763,Proposed
17,9,Shell,PC10,0.593925606546363,Proposed
17,9,Shell,PC20,0.540100056270224,Proposed
17,9,Winsor,PC10,0.668998972897641,Proposed
17,9,Winsor,PC20,0.643704814538898,Proposed
17,10,Ball,PC10,0.850405712647915,Proposed
17,10,Ball,PC20,0.811870050575056,Proposed
17,10,K's tau,PC10,0.882572540666546,Reference
17,10,K's tau,PC20,0.749564380029726,Reference
17,10,LR,PC10,0.709484884614594,Proposed
17,10,LR,PC20,0.670244537079312,Proposed
17,10,PCA,PC10,0.775122230978115,Reference
17,10,PCA,PC20,0.607215787662078,Reference
17,10,PCP,PC10,0.971074308491347,Reference
17,10,PCP,PC20,0.9761379856919,Reference
17,10,PcaGrid,PC10,0.0110635499414176,Reference
17,10,PcaGrid,PC20,-0.0110196843443191,Reference
17,10,PcaHubert,PC10,0.809540853240628,Reference
17,10,PcaHubert,PC20,0.664226545831629,Reference
17,10,Quad,PC10,0.562117833247966,Proposed
17,10,Quad,PC20,0.723862667242739,Proposed
17,10,Shell,PC10,0.718211332670122,Proposed
17,10,Shell,PC20,0.702180622304209,Proposed
17,10,Winsor,PC10,0.748750136618977,Proposed
17,10,Winsor,PC20,0.733463594832816,Proposed
18,1,Ball,PC10,0.721988749492403,Proposed
18,1,Ball,PC20,0.638273107536989,Proposed
18,1,K's tau,PC10,0.718863111074616,Reference
18,1,K's tau,PC20,0.612853003680956,Reference
18,1,LR,PC10,0.60659292058092,Proposed
18,1,LR,PC20,0.650214202614433,Proposed
18,1,PCA,PC10,0.523344740269246,Reference
18,1,PCA,PC20,0.632858121480195,Reference
18,1,PCP,PC10,0.98456843280416,Reference
18,1,PCP,PC20,0.98710636205572,Reference
18,1,PcaGrid,PC10,0.00327839162588909,Reference
18,1,PcaGrid,PC20,0.000321085792375823,Reference
18,1,PcaHubert,PC10,0.641347749256554,Reference
18,1,PcaHubert,PC20,0.649134794165617,Reference
18,1,Quad,PC10,0.625318867527432,Proposed
18,1,Quad,PC20,0.587915087170731,Proposed
18,1,Shell,PC10,0.57469807224517,Proposed
18,1,Shell,PC20,0.647710032013138,Proposed
18,1,Winsor,PC10,0.475022706958579,Proposed
18,1,Winsor,PC20,0.584568187941245,Proposed
18,2,Ball,PC10,0.730629116336988,Proposed
18,2,Ball,PC20,0.611801324291571,Proposed
18,2,K's tau,PC10,0.760691325554238,Reference
18,2,K's tau,PC20,0.743447747237239,Reference
18,2,LR,PC10,0.652774271515091,Proposed
18,2,LR,PC20,0.649725198174405,Proposed
18,2,PCA,PC10,0.599522586389675,Reference
18,2,PCA,PC20,0.609203815473732,Reference
18,2,PCP,PC10,0.990580185141921,Reference
18,2,PCP,PC20,0.587443880953917,Reference
18,2,PcaGrid,PC10,0.000863292832971947,Reference
18,2,PcaGrid,PC20,0.00624311485285509,Reference
18,2,PcaHubert,PC10,0.715188986292444,Reference
18,2,PcaHubert,PC20,0.660606017026319,Reference
18,2,Quad,PC10,0.75018905358617,Proposed
18,2,Quad,PC20,0.669739272635398,Proposed
18,2,Shell,PC10,0.643003850540998,Proposed
18,2,Shell,PC20,0.612953100672577,Proposed
18,2,Winsor,PC10,0.754717730383165,Proposed
18,2,Winsor,PC20,0.66107023587899,Proposed
18,3,Ball,PC10,0.775742821035102,Proposed
18,3,Ball,PC20,0.710095060806675,Proposed
18,3,K's tau,PC10,0.779791170084952,Reference
18,3,K's tau,PC20,0.808017062210595,Reference
18,3,LR,PC10,0.838484764875521,Proposed
18,3,LR,PC20,0.609711780336467,Proposed
18,3,PCA,PC10,0.658320259113461,Reference
18,3,PCA,PC20,0.674853504070323,Reference
18,3,PCP,PC10,0.985384228527649,Reference
18,3,PCP,PC20,0.842500232549752,Reference
18,3,PcaGrid,PC10,0.00338983079608288,Reference
18,3,PcaGrid,PC20,0.000890277963708452,Reference
18,3,PcaHubert,PC10,0.974211524312853,Reference
18,3,PcaHubert,PC20,0.774083869200647,Reference
18,3,Quad,PC10,0.621583782103155,Proposed
18,3,Quad,PC20,0.600542739479431,Proposed
18,3,Shell,PC10,0.64782613252894,Proposed
18,3,Shell,PC20,0.603982897393642,Proposed
18,3,Winsor,PC10,0.697615661643497,Proposed
18,3,Winsor,PC20,0.675202799258206,Proposed
18,4,Ball,PC10,0.979845654897094,Proposed
18,4,Ball,PC20,0.697664395745979,Proposed
18,4,K's tau,PC10,0.978129372138581,Reference
18,4,K's tau,PC20,0.978956439916773,Reference
18,4,LR,PC10,0.764101462659467,Proposed
18,4,LR,PC20,0.604333058131462,Proposed
18,4,PCA,PC10,0.777683090146517,Reference
18,4,PCA,PC20,0.546363717783093,Reference
18,4,PCP,PC10,0.982898239686292,Reference
18,4,PCP,PC20,0.824164697417259,Reference
18,4,PcaGrid,PC10,0.00241333298323509,Reference
18,4,PcaGrid,PC20,0.0109372497531789,Reference
18,4,PcaHubert,PC10,0.797035703107822,Reference
18,4,PcaHubert,PC20,0.597436404479191,Reference
18,4,Quad,PC10,0.664033623608972,Proposed
18,4,Quad,PC20,0.659228382647333,Proposed
18,4,Shell,PC10,0.621465509261467,Proposed
18,4,Shell,PC20,0.639800865936353,Proposed
18,4,Winsor,PC10,0.670151736327532,Proposed
18,4,Winsor,PC20,0.611250511795116,Proposed
18,5,Ball,PC10,0.852891905646158,Proposed
18,5,Ball,PC20,0.741524370492624,Proposed
18,5,K's tau,PC10,0.98992428808477,Reference
18,5,K's tau,PC20,0.626339851642235,Reference
18,5,LR,PC10,0.869376988335885,Proposed
18,5,LR,PC20,0.622870772588442,Proposed
18,5,PCA,PC10,0.753297156460711,Reference
18,5,PCA,PC20,0.669994261201591,Reference
18,5,PCP,PC10,0.994434349367964,Reference
18,5,PCP,PC20,0.99394957793703,Reference
18,5,PcaGrid,PC10,0.00238682827402966,Reference
18,5,PcaGrid,PC20,0.0046215797347931,Reference
18,5,PcaHubert,PC10,0.985524984987542,Reference
18,5,PcaHubert,PC20,0.502718231038484,Reference
18,5,Quad,PC10,0.70188248445887,Proposed
18,5,Quad,PC20,0.697464389140524,Proposed
18,5,Shell,PC10,0.769113911273209,Proposed
18,5,Shell,PC20,0.591102131024715,Proposed
18,5,Winsor,PC10,0.724491965293487,Proposed
18,5,Winsor,PC20,0.651428922231819,Proposed
18,6,Ball,PC10,0.710435307164947,Proposed
18,6,Ball,PC20,0.639327007605323,Proposed
18,6,K's tau,PC10,0.782596346814792,Reference
18,6,K's tau,PC20,0.735212525579427,Reference
18,6,LR,PC10,0.714682941401513,Proposed
18,6,LR,PC20,0.641127909054805,Proposed
18,6,PCA,PC10,0.68928894565844,Reference
18,6,PCA,PC20,0.876440925572933,Reference
18,6,PCP,PC10,0.976533290332046,Reference
18,6,PCP,PC20,0.724823564760662,Reference
18,6,PcaGrid,PC10,0.00188177687768931,Reference
18,6,PcaGrid,PC20,-0.000279570533928953,Reference
18,6,PcaHubert,PC10,0.732727495500455,Reference
18,6,PcaHubert,PC20,0.853613679892608,Reference
18,6,Quad,PC10,0.658804210625002,Proposed
18,6,Quad,PC20,0.65440997959813,Proposed
18,6,Shell,PC10,0.645035298025826,Proposed
18,6,Shell,PC20,0.630736940972222,Proposed
18,6,Winsor,PC10,0.647546225968549,Proposed
18,6,Winsor,PC20,0.660898802010407,Proposed
18,7,Ball,PC10,0.735697079318395,Proposed
18,7,Ball,PC20,0.633895949662422,Proposed
18,7,K's tau,PC10,0.823809765002134,Reference
18,7,K's tau,PC20,0.654046954959837,Reference
18,7,LR,PC10,0.74934352207991,Proposed
18,7,LR,PC20,0.636393060589639,Proposed
18,7,PCA,PC10,0.691230130434831,Reference
18,7,PCA,PC20,0.593779576132029,Reference
18,7,PCP,PC10,0.978487191641951,Reference
18,7,PCP,PC20,0.750185126678747,Reference
18,7,PcaGrid,PC10,0.000962581554967443,Reference
18,7,PcaGrid,PC20,-0.00217289652202578,Reference
18,7,PcaHubert,PC10,0.816966665293284,Reference
18,7,PcaHubert,PC20,0.548030027236005,Reference
18,7,Quad,PC10,0.564164049510462,Proposed
18,7,Quad,PC20,0.56880784041735,Proposed
18,7,Shell,PC10,0.746063653415694,Proposed
18,7,Shell,PC20,0.636158089596545,Proposed
18,7,Winsor,PC10,0.555984329317066,Proposed
18,7,Winsor,PC20,0.590846182771932,Proposed
18,8,Ball,PC10,0.977319733431577,Proposed
18,8,Ball,PC20,0.718420373424773,Proposed
18,8,K's tau,PC10,0.981924073806425,Reference
18,8,K's tau,PC20,0.982264299856255,Reference
18,8,LR,PC10,0.978488051239023,Proposed
18,8,LR,PC20,0.636160137665606,Proposed
18,8,PCA,PC10,0.779649809536077,Reference
18,8,PCA,PC20,0.624408554468867,Reference
18,8,PCP,PC10,0.977198805333067,Reference
18,8,PCP,PC20,0.702186855556644,Reference
18,8,PcaGrid,PC10,0.000590944082039493,Reference
18,8,PcaGrid,PC20,0.00323266604638094,Reference
18,8,PcaHubert,PC10,0.761486723965433,Reference
18,8,PcaHubert,PC20,0.69170299234077,Reference
18,8,Quad,PC10,0.785266401852267,Proposed
18,8,Quad,PC20,0.632101499171541,Proposed
18,8,Shell,PC10,0.595766622755499,Proposed
18,8,Shell,PC20,0.624139827713334,Proposed
18,8,Winsor,PC10,0.854578857769614,Proposed
18,8,Winsor,PC20,0.685706607253981,Proposed
18,9,Ball,PC10,0.53865366168537,Proposed
18,9,Ball,PC20,0.676406896304756,Proposed
18,9,K's tau,PC10,0.753575138211299,Reference
18,9,K's tau,PC20,0.715107429327796,Reference
18,9,LR,PC10,0.550177391023126,Proposed
18,9,LR,PC20,0.635756401103924,Proposed
18,9,PCA,PC10,0.449209220699013,Reference
18,9,PCA,PC20,0.555629761885751,Reference
18,9,PCP,PC10,0.970137505142917,Reference
18,9,PCP,PC20,0.685035694770424,Reference
18,9,PcaGrid,PC10,-0.000612772300745325,Reference
18,9,PcaGrid,PC20,-0.0022114510715923,Reference
18,9,PcaHubert,PC10,0.714899755181654,Reference
18,9,PcaHubert,PC20,0.499683518738205,Reference
18,9,Quad,PC10,0.496933103833137,Proposed
18,9,Quad,PC20,0.650155287076562,Proposed
18,9,Shell,PC10,0.492237763863151,Proposed
18,9,Shell,PC20,0.587315479907156,Proposed
18,9,Winsor,PC10,0.530459337815001,Proposed
18,9,Winsor,PC20,0.678779971309987,Proposed
18,10,Ball,PC10,0.813404235256492,Proposed
18,10,Ball,PC20,0.707228392694397,Proposed
18,10,K's tau,PC10,0.841083525317396,Reference
18,10,K's tau,PC20,0.753518900482616,Reference
18,10,LR,PC10,0.806014513107858,Proposed
18,10,LR,PC20,0.707973595318589,Proposed
18,10,PCA,PC10,0.759929163330956,Reference
18,10,PCA,PC20,0.676338323391311,Reference
18,10,PCP,PC10,0.969650581752032,Reference
18,10,PCP,PC20,0.658904440151211,Reference
18,10,PcaGrid,PC10,0.00403907146418901,Reference
18,10,PcaGrid,PC20,0.00293669345160984,Reference
18,10,PcaHubert,PC10,0.71834033782328,Reference
18,10,PcaHubert,PC20,0.606761948190285,Reference
18,10,Quad,PC10,0.745307696967259,Proposed
18,10,Quad,PC20,0.728979059691025,Proposed
18,10,Shell,PC10,0.708739113587524,Proposed
18,10,Shell,PC20,0.660943371773697,Proposed
18,10,Winsor,PC10,0.746544511739893,Proposed
18,10,Winsor,PC20,0.660634547866288,Proposed
19,1,Ball,PC10,0.726151037972259,Proposed
19,1,Ball,PC20,0.62505732606027,Proposed
19,1,K's tau,PC10,0.740543084584123,Reference
19,1,K's tau,PC20,0.675155222220761,Reference
19,1,LR,PC10,0.61156014943877,Proposed
19,1,LR,PC20,0.648907795031796,Proposed
19,1,PCA,PC10,0.702295160351716,Reference
19,1,PCA,PC20,0.684528757262087,Reference
19,1,PCP,PC10,0.98456843280416,Reference
19,1,PCP,PC20,0.604052528427932,Reference
19,1,PcaGrid,PC10,-0.0051170863348041,Reference
19,1,PcaGrid,PC20,-0.00357667325770223,Reference
19,1,PcaHubert,PC10,0.707064174466392,Reference
19,1,PcaHubert,PC20,0.649429730855012,Reference
19,1,Quad,PC10,0.596582678101234,Proposed
19,1,Quad,PC20,0.631637536672613,Proposed
19,1,Shell,PC10,0.630243714627342,Proposed
19,1,Shell,PC20,0.596891360151004,Proposed
19,1,Winsor,PC10,0.524114870197352,Proposed
19,1,Winsor,PC20,0.621967835207763,Proposed
19,2,Ball,PC10,0.680528032986587,Proposed
19,2,Ball,PC20,0.7218685214813,Proposed
19,2,K's tau,PC10,0.74653240849524,Reference
19,2,K's tau,PC20,0.870497808960133,Reference
19,2,LR,PC10,0.65716797707643,Proposed
19,2,LR,PC20,0.651324650186477,Proposed
19,2,PCA,PC10,0.712287599690223,Reference
19,2,PCA,PC20,0.609015003103594,Reference
19,2,PCP,PC10,0.990580185141921,Reference
19,2,PCP,PC20,0.645661991385943,Reference
19,2,PcaGrid,PC10,0.0128322750125226,Reference
19,2,PcaGrid,PC20,0.00489728872887727,Reference
19,2,PcaHubert,PC10,0.73595744790283,Reference
19,2,PcaHubert,PC20,0.654156596524194,Reference
19,2,Quad,PC10,0.746134382935663,Proposed
19,2,Quad,PC20,0.655287359765249,Proposed
19,2,Shell,PC10,0.633332015780801,Proposed
19,2,Shell,PC20,0.593784526015694,Proposed
19,2,Winsor,PC10,0.636808987941897,Proposed
19,2,Winsor,PC20,0.6312259057855,Proposed
19,3,Ball,PC10,0.847651777426609,Proposed
19,3,Ball,PC20,0.636819778748965,Proposed
19,3,K's tau,PC10,0.890741481411233,Reference
19,3,K's tau,PC20,0.670433290764616,Reference
19,3,LR,PC10,0.833596347559701,Proposed
19,3,LR,PC20,0.57298213979822,Proposed
19,3,PCA,PC10,0.792915118694921,Reference
19,3,PCA,PC20,0.640019661530374,Reference
19,3,PCP,PC10,0.985384228527649,Reference
19,3,PCP,PC20,0.62227499715026,Reference
19,3,PcaGrid,PC10,-0.00112985423179519,Reference
19,3,PcaGrid,PC20,0.00163424907724358,Reference
19,3,PcaHubert,PC10,0.976203241932257,Reference
19,3,PcaHubert,PC20,0.626434411049103,Reference
19,3,Quad,PC10,0.629838789035258,Proposed
19,3,Quad,PC20,0.615758216656719,Proposed
19,3,Shell,PC10,0.638039672145463,Proposed
19,3,Shell,PC20,0.633978379018034,Proposed
19,3,Winsor,PC10,0.600589902928812,Proposed
19,3,Winsor,PC20,0.737252702205894,Proposed
19,4,Ball,PC10,0.978129372138581,Proposed
19,4,Ball,PC20,0.697357339839327,Proposed
19,4,K's tau,PC10,0.978129372138581,Reference
19,4,K's tau,PC20,0.978284444376941,Reference
19,4,LR,PC10,0.903898952674296,Proposed
19,4,LR,PC20,0.699596177551747,Proposed
19,4,PCA,PC10,0.656829676662518,Reference
19,4,PCA,PC20,0.56873939567625,Reference
19,4,PCP,PC10,0.983417328773464,Reference
19,4,PCP,PC20,0.686698525424767,Reference
19,4,PcaGrid,PC10,0.00284124991506522,Reference
19,4,PcaGrid,PC20,0.000812594330744373,Reference
19,4,PcaHubert,PC10,0.957625569636498,Reference
19,4,PcaHubert,PC20,0.766610414862095,Reference
19,4,Quad,PC10,0.666564925721487,Proposed
19,4,Quad,PC20,0.652223318077286,Proposed
19,4,Shell,PC10,0.666767633206075,Proposed
19,4,Shell,PC20,0.533387002231113,Proposed
19,4,Winsor,PC10,0.673434223141006,Proposed
19,4,Winsor,PC20,0.656088112801738,Proposed
19,5,Ball,PC10,0.753161759424644,Proposed
19,5,Ball,PC20,0.616973966264026,Proposed
19,5,K's tau,PC10,0.991391232067007,Reference
19,5,K's tau,PC20,0.682392752290623,Reference
19,5,LR,PC10,0.756147762999284,Proposed
19,5,LR,PC20,0.667339322217225,Proposed
19,5,PCA,PC10,0.658761665836588,Reference
19,5,PCA,PC20,0.623405588904411,Reference
19,5,PCP,PC10,0.994434349367964,Reference
19,5,PCP,PC20,0.672764060217966,Reference
19,5,PcaGrid,PC10,0.00693058856840863,Reference
19,5,PcaGrid,PC20,0.00182870991983936,Reference
19,5,PcaHubert,PC10,0.775518720297155,Reference
19,5,PcaHubert,PC20,0.59691966499093,Reference
19,5,Quad,PC10,0.651381642534878,Proposed
19,5,Quad,PC20,0.644639345944977,Proposed
19,5,Shell,PC10,0.756923860648277,Proposed
19,5,Shell,PC20,0.617687022144424,Proposed
19,5,Winsor,PC10,0.673947943180043,Proposed
19,5,Winsor,PC20,0.658527819012725,Proposed
19,6,Ball,PC10,0.636562623624356,Proposed
19,6,Ball,PC20,0.638101835720787,Proposed
19,6,K's tau,PC10,0.719914002634665,Reference
19,6,K's tau,PC20,0.655291719069147,Reference
19,6,LR,PC10,0.700732866812655,Proposed
19,6,LR,PC20,0.64041818936737,Proposed
19,6,PCA,PC10,0.690647158561252,Reference
19,6,PCA,PC20,0.781750916393755,Reference
19,6,PCP,PC10,0.975821808155977,Reference
19,6,PCP,PC20,0.600175115900893,Reference
19,6,PcaGrid,PC10,0.000553527062233833,Reference
19,6,PcaGrid,PC20,0.00302229804346604,Reference
19,6,PcaHubert,PC10,0.706976350283756,Reference
19,6,PcaHubert,PC20,0.852903551866764,Reference
19,6,Quad,PC10,0.64904825226121,Proposed
19,6,Quad,PC20,0.653876609751375,Proposed
19,6,Shell,PC10,0.646950053394775,Proposed
19,6,Shell,PC20,0.57884987820507,Proposed
19,6,Winsor,PC10,0.647610043675785,Proposed
19,6,Winsor,PC20,0.602690930783346,Proposed
19,7,Ball,PC10,0.737429315761938,Proposed
19,7,Ball,PC20,0.632466455547627,Proposed
19,7,K's tau,PC10,0.813858007492795,Reference
19,7,K's tau,PC20,0.652492421852547,Reference
19,7,LR,PC10,0.814052909180987,Proposed
19,7,LR,PC20,0.617023008959063,Proposed
19,7,PCA,PC10,0.514789002301024,Reference
19,7,PCA,PC20,0.632516541095844,Reference
19,7,PCP,PC10,0.978487191641951,Reference
19,7,PCP,PC20,0.612557751343881,Reference
19,7,PcaGrid,PC10,0.00256370522627322,Reference
19,7,PcaGrid,PC20,0.00152278146232004,Reference
19,7,PcaHubert,PC10,0.815658602341975,Reference
19,7,PcaHubert,PC20,0.543218701708137,Reference
19,7,Quad,PC10,0.499275995185254,Proposed
19,7,Quad,PC20,0.564099520422877,Proposed
19,7,Shell,PC10,0.568560509547832,Proposed
19,7,Shell,PC20,0.539058603607195,Proposed
19,7,Winsor,PC10,0.559756136801377,Proposed
19,7,Winsor,PC20,0.627363657831692,Proposed
19,8,Ball,PC10,0.716814976261797,Proposed
19,8,Ball,PC20,0.717128537631148,Proposed
19,8,K's tau,PC10,0.981037000877992,Reference
19,8,K's tau,PC20,0.982264299856255,Reference
19,8,LR,PC10,0.793642048055762,Proposed
19,8,LR,PC20,0.640065761058518,Proposed
19,8,PCA,PC10,0.747778554005654,Reference
19,8,PCA,PC20,0.663396950482125,Reference
19,8,PCP,PC10,0.977069457245038,Reference
19,8,PCP,PC20,0.761675860115705,Reference
19,8,PcaGrid,PC10,0.000602781111273193,Reference
19,8,PcaGrid,PC20,0.00450747764317005,Reference
19,8,PcaHubert,PC10,0.973860233512237,Reference
19,8,PcaHubert,PC20,0.55643895441448,Reference
19,8,Quad,PC10,0.750056313241977,Proposed
19,8,Quad,PC20,0.67271929412405,Proposed
19,8,Shell,PC10,0.712322585378149,Proposed
19,8,Shell,PC20,0.592434448368108,Proposed
19,8,Winsor,PC10,0.698859415547841,Proposed
19,8,Winsor,PC20,0.773103217496356,Proposed
19,9,Ball,PC10,0.710435932223895,Proposed
19,9,Ball,PC20,0.677130385866817,Proposed
19,9,K's tau,PC10,0.514425809997131,Reference
19,9,K's tau,PC20,0.710757937199612,Reference
19,9,LR,PC10,0.632642782035411,Proposed
19,9,LR,PC20,0.675103393713964,Proposed
19,9,PCA,PC10,0.708030749534396,Reference
19,9,PCA,PC20,0.592480418527726,Reference
19,9,PCP,PC10,0.968051607958801,Reference
19,9,PCP,PC20,0.605262369179687,Reference
19,9,PcaGrid,PC10,-0.000890990969496847,Reference
19,9,PcaGrid,PC20,-0.000117650604734458,Reference
19,9,PcaHubert,PC10,0.729333387440884,Reference
19,9,PcaHubert,PC20,0.670543856888603,Reference
19,9,Quad,PC10,0.538078871161742,Proposed
19,9,Quad,PC20,0.617035781822135,Proposed
19,9,Shell,PC10,0.493363410523695,Proposed
19,9,Shell,PC20,0.599797125122613,Proposed
19,9,Winsor,PC10,0.698216924153075,Proposed
19,9,Winsor,PC20,0.658112200399895,Proposed
19,10,Ball,PC10,0.745549051695572,Proposed
19,10,Ball,PC20,0.637917800305321,Proposed
19,10,K's tau,PC10,0.867657748661805,Reference
19,10,K's tau,PC20,0.752648785715297,Reference
19,10,LR,PC10,0.69036056643208,Proposed
19,10,LR,PC20,0.715956076183135,Proposed
19,10,PCA,PC10,0.693169421815282,Reference
19,10,PCA,PC20,0.658185980569423,Reference
19,10,PCP,PC10,0.969650581752032,Reference
19,10,PCP,PC20,0.592921061094026,Reference
19,10,PcaGrid,PC10,-0.00226078705893881,Reference
19,10,PcaGrid,PC20,-0.00146210139151299,Reference
19,10,PcaHubert,PC10,0.702777559218758,Reference
19,10,PcaHubert,PC20,0.609385544405744,Reference
19,10,Quad,PC10,0.735212567360712,Proposed
19,10,Quad,PC20,0.692323299742905,Proposed
19,10,Shell,PC10,0.594496757581391,Proposed
19,10,Shell,PC20,0.63990034649856,Proposed
19,10,Winsor,PC10,0.757349787602614,Proposed
19,10,Winsor,PC20,0.736386436496939,Proposed
20,1,Ball,PC10,0.573073399218699,Proposed
20,1,Ball,PC20,0.645692604507979,Proposed
20,1,K's tau,PC10,0.981297538624013,Reference
20,1,K's tau,PC20,0.645849479390415,Reference
20,1,LR,PC10,0.646210959318682,Proposed
20,1,LR,PC20,0.650110328518345,Proposed
20,1,PCA,PC10,0.641042882135427,Reference
20,1,PCA,PC20,0.574971238342498,Reference
20,1,PCP,PC10,0.98456843280416,Reference
20,1,PCP,PC20,0.988019991587654,Reference
20,1,PcaGrid,PC10,-0.00217570299593971,Reference
20,1,PcaGrid,PC20,0.00935559176013335,Reference
20,1,PcaHubert,PC10,0.975275077554801,Reference
20,1,PcaHubert,PC20,0.619525128351901,Reference
20,1,Quad,PC10,0.635031617286516,Proposed
20,1,Quad,PC20,0.639689295903415,Proposed
20,1,Shell,PC10,0.657816137517747,Proposed
20,1,Shell,PC20,0.660042269890835,Proposed
20,1,Winsor,PC10,0.599221453297717,Proposed
20,1,Winsor,PC20,0.605139065262823,Proposed
20,2,Ball,PC10,0.653512303955076,Proposed
20,2,Ball,PC20,0.76372445109481,Proposed
20,2,K's tau,PC10,0.72248074280018,Reference
20,2,K's tau,PC20,0.73901073283045,Reference
20,2,LR,PC10,0.674392653475644,Proposed
20,2,LR,PC20,0.611360569528822,Proposed
20,2,PCA,PC10,0.633252742659346,Reference
20,2,PCA,PC20,0.588694811077269,Reference
20,2,PCP,PC10,0.989285026640205,Reference
20,2,PCP,PC20,0.634200332654183,Reference
20,2,PcaGrid,PC10,-0.00164230616453311,Reference
20,2,PcaGrid,PC20,-0.000751113118349656,Reference
20,2,PcaHubert,PC10,0.717515504274495,Reference
20,2,PcaHubert,PC20,0.731273401815088,Reference
20,2,Quad,PC10,0.748180416280248,Proposed
20,2,Quad,PC20,0.708187426863141,Proposed
20,2,Shell,PC10,0.729079165999011,Proposed
20,2,Shell,PC20,0.599519957229854,Proposed
20,2,Winsor,PC10,0.670473785308855,Proposed
20,2,Winsor,PC20,0.682388988698127,Proposed
20,3,Ball,PC10,0.848877785040378,Proposed
20,3,Ball,PC20,0.647624504718932,Proposed
20,3,K's tau,PC10,0.781262967053083,Reference
20,3,K's tau,PC20,0.848077127136442,Reference
20,3,LR,PC10,0.845374981907313,Proposed
20,3,LR,PC20,0.655486972847138,Proposed
20,3,PCA,PC10,0.605768633809332,Reference
20,3,PCA,PC20,0.676295686569489,Reference
20,3,PCP,PC10,0.985384228527649,Reference
20,3,PCP,PC20,0.825622964815903,Reference
20,3,PcaGrid,PC10,0.00334177868134474,Reference
20,3,PcaGrid,PC20,0.00200972954809649,Reference
20,3,PcaHubert,PC10,0.81673227017777,Reference
20,3,PcaHubert,PC20,0.559884526636019,Reference
20,3,Quad,PC10,0.799680474474732,Proposed
20,3,Quad,PC20,0.670433506134659,Proposed
20,3,Shell,PC10,0.666678591265088,Proposed
20,3,Shell,PC20,0.615936495803757,Proposed
20,3,Winsor,PC10,0.646075529724007,Proposed
20,3,Winsor,PC20,0.671494170447928,Proposed
20,4,Ball,PC10,0.693935547836201,Proposed
20,4,Ball,PC20,0.701844218995635,Proposed
20,4,K's tau,PC10,0.978129372138581,Reference
20,4,K's tau,PC20,0.978284444376941,Reference
20,4,LR,PC10,0.899967572397515,Proposed
20,4,LR,PC20,0.698584618858286,Proposed
20,4,PCA,PC10,0.660311849597134,Reference
20,4,PCA,PC20,0.640164888658222,Reference
20,4,PCP,PC10,0.982505792113885,Reference
20,4,PCP,PC20,0.845731238121733,Reference
20,4,PcaGrid,PC10,0.00178425003744067,Reference
20,4,PcaGrid,PC20,0.00520270292645474,Reference
20,4,PcaHubert,PC10,0.961702064125069,Reference
20,4,PcaHubert,PC20,0.685652165332081,Reference
20,4,Quad,PC10,0.597889411743586,Proposed
20,4,Quad,PC20,0.612672859736324,Proposed
20,4,Shell,PC10,0.660955190928844,Proposed
20,4,Shell,PC20,0.60905021840147,Proposed
20,4,Winsor,PC10,0.67019436369077,Proposed
20,4,Winsor,PC20,0.659956224169103,Proposed
20,5,Ball,PC10,0.748890146368553,Proposed
20,5,Ball,PC20,0.85231869818105,Proposed
20,5,K's tau,PC10,0.991391232067007,Reference
20,5,K's tau,PC20,0.865323394232781,Reference
20,5,LR,PC10,0.693031088387859,Proposed
20,5,LR,PC20,0.662313631721169,Proposed
20,5,PCA,PC10,0.681571485916647,Reference
20,5,PCA,PC20,0.616808812769888,Reference
20,5,PCP,PC10,0.994434349367964,Reference
20,5,PCP,PC20,0.684098986786489,Reference
20,5,PcaGrid,PC10,-0.000356703197104135,Reference
20,5,PcaGrid,PC20,-0.00193175609285366,Reference
20,5,PcaHubert,PC10,0.986682268390976,Reference
20,5,PcaHubert,PC20,0.564328694005928,Reference
20,5,Quad,PC10,0.87106705134698,Proposed
20,5,Quad,PC20,0.703006103573802,Proposed
20,5,Shell,PC10,0.61997366758988,Proposed
20,5,Shell,PC20,0.664705849873923,Proposed
20,5,Winsor,PC10,0.800493697341138,Proposed
20,5,Winsor,PC20,0.646072018344043,Proposed
20,6,Ball,PC10,0.845286346941533,Proposed
20,6,Ball,PC20,0.633508714040367,Proposed
20,6,K's tau,PC10,0.706512177637596,Reference
20,6,K's tau,PC20,0.850406034932535,Reference
20,6,LR,PC10,0.729703252721946,Proposed
20,6,LR,PC20,0.718166139919164,Proposed
20,6,PCA,PC10,0.694450690340353,Reference
20,6,PCA,PC20,0.784083921566523,Reference
20,6,PCP,PC10,0.975821808155977,Reference
20,6,PCP,PC20,0.649324389351701,Reference
20,6,PcaGrid,PC10,0.003404021618827,Reference
20,6,PcaGrid,PC20,0.00422019031137413,Reference
20,6,PcaHubert,PC10,0.711205120164794,Reference
20,6,PcaHubert,PC20,0.860823423930415,Reference
20,6,Quad,PC10,0.647233586553166,Proposed
20,6,Quad,PC20,0.656997035285958,Proposed
20,6,Shell,PC10,0.649253282433148,Proposed
20,6,Shell,PC20,0.631503400205405,Proposed
20,6,Winsor,PC10,0.650166664892936,Proposed
20,6,Winsor,PC20,0.611340077283848,Proposed
20,7,Ball,PC10,0.74462567905727,Proposed
20,7,Ball,PC20,0.637585931553465,Proposed
20,7,K's tau,PC10,0.828859271148272,Reference
20,7,K's tau,PC20,0.730960901901934,Reference
20,7,LR,PC10,0.52824961440428,Proposed
20,7,LR,PC20,0.626680027543945,Proposed
20,7,PCA,PC10,0.561433758464257,Reference
20,7,PCA,PC20,0.665015094793585,Reference
20,7,PCP,PC10,0.979571980941109,Reference
20,7,PCP,PC20,0.734646696965749,Reference
20,7,PcaGrid,PC10,5.1245753566741e-05,Reference
20,7,PcaGrid,PC20,0.000293430937891005,Reference
20,7,PcaHubert,PC10,0.729384664792617,Reference
20,7,PcaHubert,PC20,0.539779414357298,Reference
20,7,Quad,PC10,0.557050140874323,Proposed
20,7,Quad,PC20,0.614453971572773,Proposed
20,7,Shell,PC10,0.563845997922539,Proposed
20,7,Shell,PC20,0.63590902480471,Proposed
20,7,Winsor,PC10,0.474288386504028,Proposed
20,7,Winsor,PC20,0.586994911579862,Proposed
20,8,Ball,PC10,0.977319733431577,Proposed
20,8,Ball,PC20,0.595383706112366,Proposed
20,8,K's tau,PC10,0.981037000877992,Reference
20,8,K's tau,PC20,0.982264299856255,Reference
20,8,LR,PC10,0.779301177567183,Proposed
20,8,LR,PC20,0.596443733679594,Proposed
20,8,PCA,PC10,0.689535945041521,Reference
20,8,PCA,PC20,0.69201049465452,Reference
20,8,PCP,PC10,0.97756630032534,Reference
20,8,PCP,PC20,0.74370600644367,Reference
20,8,PcaGrid,PC10,0.0027405642700377,Reference
20,8,PcaGrid,PC20,0.00294180090742005,Reference
20,8,PcaHubert,PC10,0.782692522965196,Reference
20,8,PcaHubert,PC20,0.710469332565837,Reference
20,8,Quad,PC10,0.827194518503052,Proposed
20,8,Quad,PC20,0.691406409951388,Proposed
20,8,Shell,PC10,0.646402546801972,Proposed
20,8,Shell,PC20,0.592439016055977,Proposed
20,8,Winsor,PC10,0.781511460825169,Proposed
20,8,Winsor,PC20,0.750455859177153,Proposed
20,9,Ball,PC10,0.545549922510146,Proposed
20,9,Ball,PC20,0.677560468258526,Proposed
20,9,K's tau,PC10,0.545225248691813,Reference
20,9,K's tau,PC20,0.611425409123191,Reference
20,9,LR,PC10,0.706520169404679,Proposed
20,9,LR,PC20,0.680001777341563,Proposed
20,9,PCA,PC10,0.543875842899746,Reference
20,9,PCA,PC20,0.496522469520977,Reference
20,9,PCP,PC10,0.968051607958801,Reference
20,9,PCP,PC20,0.680815651684722,Reference
20,9,PcaGrid,PC10,-0.000436743568293022,Reference
20,9,PcaGrid,PC20,0.000256275281630101,Reference
20,9,PcaHubert,PC10,0.80046889429622,Reference
20,9,PcaHubert,PC20,0.554837253449331,Reference
20,9,Quad,PC10,0.535572114766791,Proposed
20,9,Quad,PC20,0.581186436579216,Proposed
20,9,Shell,PC10,0.529151212117803,Proposed
20,9,Shell,PC20,0.600868917996647,Proposed
20,9,Winsor,PC10,0.536878258556454,Proposed
20,9,Winsor,PC20,0.508451852039428,Proposed
20,10,Ball,PC10,0.749191256084164,Proposed
20,10,Ball,PC20,0.810401844447604,Proposed
20,10,K's tau,PC10,0.961373119353788,Reference
20,10,K's tau,PC20,0.753224076385075,Reference
20,10,LR,PC10,0.722192699935057,Proposed
20,10,LR,PC20,0.71225117071835,Proposed
20,10,PCA,PC10,0.707088972501351,Reference
20,10,PCA,PC20,0.693545092227574,Reference
20,10,PCP,PC10,0.96896072113266,Reference
20,10,PCP,PC20,0.549099397142301,Reference
20,10,PcaGrid,PC10,-0.00129476605409777,Reference
20,10,PcaGrid,PC20,0.00796380361543708,Reference
20,10,PcaHubert,PC10,0.787130936688597,Reference
20,10,PcaHubert,PC20,0.66437337695482,Reference
20,10,Quad,PC10,0.749123937579427,Proposed
20,10,Quad,PC20,0.62971810268617,Proposed
20,10,Shell,PC10,0.714317933719963,Proposed
20,10,Shell,PC20,0.603227270851861,Proposed
20,10,Winsor,PC10,0.754624807501594,Proposed
20,10,Winsor,PC20,0.73385714680741,Proposed
21,1,Ball,PC10,0.607122801913002,Proposed
21,1,Ball,PC20,0.641368447545514,Proposed
21,1,K's tau,PC10,0.721158662355639,Reference
21,1,K's tau,PC20,0.784485388890309,Reference
21,1,LR,PC10,0.692194518661352,Proposed
21,1,LR,PC20,0.563697539060845,Proposed
21,1,PCA,PC10,0.716275222257345,Reference
21,1,PCA,PC20,0.640546598267568,Reference
21,1,PCP,PC10,0.98456843280416,Reference
21,1,PCP,PC20,0.601254389692233,Reference
21,1,PcaGrid,PC10,-0.00175251842288459,Reference
21,1,PcaGrid,PC20,0.00499155786458557,Reference
21,1,PcaHubert,PC10,0.977058297064205,Reference
21,1,PcaHubert,PC20,0.649869548224756,Reference
21,1,Quad,PC10,0.556360069645447,Proposed
21,1,Quad,PC20,0.639648990614506,Proposed
21,1,Shell,PC10,0.627201279219189,Proposed
21,1,Shell,PC20,0.621676462095474,Proposed
21,1,Winsor,PC10,0.5630412363679,Proposed
21,1,Winsor,PC20,0.640055973498919,Proposed
21,2,Ball,PC10,0.729703006314131,Proposed
21,2,Ball,PC20,0.67951862431157,Proposed
21,2,K's tau,PC10,0.751200646774224,Reference
21,2,K's tau,PC20,0.747248596116458,Reference
21,2,LR,PC10,0.746736324745669,Proposed
21,2,LR,PC20,0.732467856444248,Proposed
21,2,PCA,PC10,0.710984656934904,Reference
21,2,PCA,PC20,0.641614158195041,Reference
21,2,PCP,PC10,0.974706656143871,Reference
21,2,PCP,PC20,0.972855578087472,Reference
21,2,PcaGrid,PC10,0.000561390426018195,Reference
21,2,PcaGrid,PC20,0.0114867669129355,Reference
21,2,PcaHubert,PC10,0.715324499558986,Reference
21,2,PcaHubert,PC20,0.737115838769138,Reference
21,2,Quad,PC10,0.645095875680407,Proposed
21,2,Quad,PC20,0.678929282882427,Proposed
21,2,Shell,PC10,0.732139029004667,Proposed
21,2,Shell,PC20,0.613967495103024,Proposed
21,2,Winsor,PC10,0.723873885242945,Proposed
21,2,Winsor,PC20,0.684592914682261,Proposed
21,3,Ball,PC10,0.834495798933172,Proposed
21,3,Ball,PC20,0.647828558619573,Proposed
21,3,K's tau,PC10,0.684669047673384,Reference
21,3,K's tau,PC20,0.698654301615511,Reference
21,3,LR,PC10,0.773112374591488,Proposed
21,3,LR,PC20,0.624126104169988,Proposed
21,3,PCA,PC10,0.68869657527501,Reference
21,3,PCA,PC20,0.669734371979129,Reference
21,3,PCP,PC10,0.985384228527649,Reference
21,3,PCP,PC20,0.84278864144122,Reference
21,3,PcaGrid,PC10,-0.00392212089484364,Reference
21,3,PcaGrid,PC20,0.00356473568517146,Reference
21,3,PcaHubert,PC10,0.977816870104041,Reference
21,3,PcaHubert,PC20,0.692358164455169,Reference
21,3,Quad,PC10,0.572001728718281,Proposed
21,3,Quad,PC20,0.674673670787101,Proposed
21,3,Shell,PC10,0.733708467601295,Proposed
21,3,Shell,PC20,0.614656912368305,Proposed
21,3,Winsor,PC10,0.599459543050058,Proposed
21,3,Winsor,PC20,0.678150146302166,Proposed
21,4,Ball,PC10,0.978129372138581,Proposed
21,4,Ball,PC20,0.692340092755819,Proposed
21,4,K's tau,PC10,0.978129372138581,Reference
21,4,K's tau,PC20,0.978284444376941,Reference
21,4,LR,PC10,0.896578743617817,Proposed
21,4,LR,PC20,0.691104603026846,Proposed
21,4,PCA,PC10,0.677782920767363,Reference
21,4,PCA,PC20,0.644643672698282,Reference
21,4,PCP,PC10,0.981834848760345,Reference
21,4,PCP,PC20,0.983460467356304,Reference
21,4,PcaGrid,PC10,-0.00150441591209342,Reference
21,4,PcaGrid,PC20,0.00851906251822759,Reference
21,4,PcaHubert,PC10,0.799210821038174,Reference
21,4,PcaHubert,PC20,0.663765224989581,Reference
21,4,Quad,PC10,0.66919155670364,Proposed
21,4,Quad,PC20,0.608532653850456,Proposed
21,4,Shell,PC10,0.654052941286796,Proposed
21,4,Shell,PC20,0.690606539784374,Proposed
21,4,Winsor,PC10,0.669726190504788,Proposed
21,4,Winsor,PC20,0.572200061303468,Proposed
21,5,Ball,PC10,0.742386466406386,Proposed
21,5,Ball,PC20,0.748692026315897,Proposed
21,5,K's tau,PC10,0.991391232067007,Reference
21,5,K's tau,PC20,0.771529436365085,Reference
21,5,LR,PC10,0.748968683694526,Proposed
21,5,LR,PC20,0.660026816316736,Proposed
21,5,PCA,PC10,0.660124557960258,Reference
21,5,PCA,PC20,0.601039490183022,Reference
21,5,PCP,PC10,0.994434349367964,Reference
21,5,PCP,PC20,0.994460950441909,Reference
21,5,PcaGrid,PC10,0.00605725013129745,Reference
21,5,PcaGrid,PC20,0.00928614965305576,Reference
21,5,PcaHubert,PC10,0.986454872890928,Reference
21,5,PcaHubert,PC20,0.509783520170983,Reference
21,5,Quad,PC10,0.683191794951153,Proposed
21,5,Quad,PC20,0.694308066077655,Proposed
21,5,Shell,PC10,0.861304412899603,Proposed
21,5,Shell,PC20,0.614100394136975,Proposed
21,5,Winsor,PC10,0.69042080283847,Proposed
21,5,Winsor,PC20,0.713519080930454,Proposed
21,6,Ball,PC10,0.727488664192125,Proposed
21,6,Ball,PC20,0.638876467176409,Proposed
21,6,K's tau,PC10,0.732930364783209,Reference
21,6,K's tau,PC20,0.665215509820019,Reference
21,6,LR,PC10,0.705255895824525,Proposed
21,6,LR,PC20,0.639854240003696,Proposed
21,6,PCA,PC10,0.681845509718536,Reference
21,6,PCA,PC20,0.683700807729001,Reference
21,6,PCP,PC10,0.976375157448303,Reference
21,6,PCP,PC20,0.73138798774572,Reference
21,6,PcaGrid,PC10,0.000237745009963529,Reference
21,6,PcaGrid,PC20,0.00645127822344719,Reference
21,6,PcaHubert,PC10,0.717702179182332,Reference
21,6,PcaHubert,PC20,0.854221199965116,Reference
21,6,Quad,PC10,0.611203748762462,Proposed
21,6,Quad,PC20,0.656186011786224,Proposed
21,6,Shell,PC10,0.697292779162254,Proposed
21,6,Shell,PC20,0.633602723706255,Proposed
21,6,Winsor,PC10,0.648986873595201,Proposed
21,6,Winsor,PC20,0.671206858232778,Proposed
21,7,Ball,PC10,0.758869496541705,Proposed
21,7,Ball,PC20,0.715922648375647,Proposed
21,7,K's tau,PC10,0.821220495779778,Reference
21,7,K's tau,PC20,0.733969072620591,Reference
21,7,LR,PC10,0.754221678086781,Proposed
21,7,LR,PC20,0.629655434873418,Proposed
21,7,PCA,PC10,0.507473288508215,Reference
21,7,PCA,PC20,0.560877375360411,Reference
21,7,PCP,PC10,0.954072286346638,Reference
21,7,PCP,PC20,0.964601021962087,Reference
21,7,PcaGrid,PC10,2.3704977715428e-05,Reference
21,7,PcaGrid,PC20,0.00104193190163885,Reference
21,7,PcaHubert,PC10,0.821536558075348,Reference
21,7,PcaHubert,PC20,0.572761338428195,Reference
21,7,Quad,PC10,0.758430159478725,Proposed
21,7,Quad,PC20,0.61711855979166,Proposed
21,7,Shell,PC10,0.568275889214177,Proposed
21,7,Shell,PC20,0.569635210341095,Proposed
21,7,Winsor,PC10,0.550020833675303,Proposed
21,7,Winsor,PC20,0.627285397332673,Proposed
21,8,Ball,PC10,0.977811041234929,Proposed
21,8,Ball,PC20,0.712429563026198,Proposed
21,8,K's tau,PC10,0.981530991084474,Reference
21,8,K's tau,PC20,0.981358041175915,Reference
21,8,LR,PC10,0.980663545862273,Proposed
21,8,LR,PC20,0.639110941758337,Proposed
21,8,PCA,PC10,0.782599781384248,Reference
21,8,PCA,PC20,0.797906898960671,Reference
21,8,PCP,PC10,0.976369496440518,Reference
21,8,PCP,PC20,0.535102528123177,Reference
21,8,PcaGrid,PC10,0.00653519038536797,Reference
21,8,PcaGrid,PC20,-0.000488904035398098,Reference
21,8,PcaHubert,PC10,0.922618166113244,Reference
21,8,PcaHubert,PC20,0.663653773415186,Reference
21,8,Quad,PC10,0.773348187469213,Proposed
21,8,Quad,PC20,0.683493233388821,Proposed
21,8,Shell,PC10,0.727873354171727,Proposed
21,8,Shell,PC20,0.547412829022646,Proposed
21,8,Winsor,PC10,0.769674088598857,Proposed
21,8,Winsor,PC20,0.683973467004438,Proposed
21,9,Ball,PC10,0.542809549173207,Proposed
21,9,Ball,PC20,0.663298506497423,Proposed
21,9,K's tau,PC10,0.707384478855763,Reference
21,9,K's tau,PC20,0.663006956027894,Reference
21,9,LR,PC10,0.599047309484372,Proposed
21,9,LR,PC20,0.588449321627435,Proposed
21,9,PCA,PC10,0.66603824521922,Reference
21,9,PCA,PC20,0.659764176371105,Reference
21,9,PCP,PC10,0.967361129154661,Reference
21,9,PCP,PC20,0.6159026834738,Reference
21,9,PcaGrid,PC10,-0.000256290364130879,Reference
21,9,PcaGrid,PC20,0.00252417050488807,Reference
21,9,PcaHubert,PC10,0.708654666394574,Reference
21,9,PcaHubert,PC20,0.534072351867797,Reference
21,9,Quad,PC10,0.704554959331798,Proposed
21,9,Quad,PC20,0.609403561283374,Proposed
21,9,Shell,PC10,0.560174203794389,Proposed
21,9,Shell,PC20,0.525328936673772,Proposed
21,9,Winsor,PC10,0.531699961875905,Proposed
21,9,Winsor,PC20,0.626910105696975,Proposed
21,10,Ball,PC10,0.730217302952837,Proposed
21,10,Ball,PC20,0.70634117630619,Proposed
21,10,K's tau,PC10,0.700950988931421,Reference
21,10,K's tau,PC20,0.727539924993169,Reference
21,10,LR,PC10,0.818635451998008,Proposed
21,10,LR,PC20,0.676266289930069,Proposed
21,10,PCA,PC10,0.796664607395718,Reference
21,10,PCA,PC20,0.620981694480342,Reference
21,10,PCP,PC10,0.967855446487558,Reference
21,10,PCP,PC20,0.978283953609385,Reference
21,10,PcaGrid,PC10,0.00631334300848868,Reference
21,10,PcaGrid,PC20,-0.000301927034245652,Reference
21,10,PcaHubert,PC10,0.690121248978616,Reference
21,10,PcaHubert,PC20,0.563498246258071,Reference
21,10,Quad,PC10,0.750946837782217,Proposed
21,10,Quad,PC20,0.730668077886934,Proposed
21,10,Shell,PC10,0.715381505901011,Proposed
21,10,Shell,PC20,0.700176256014278,Proposed
21,10,Winsor,PC10,0.766997158966611,Proposed
21,10,Winsor,PC20,0.620171839411745,Proposed
