BaseID,Replicate,ParamID,Condition,dropout_mid,doublet_frac,cell_frac,meanlog,Method,PCwisePC10,PCwisePC20
1,1,2,dropout,-1,,,,Ball,0.364734206773365,0.200532742666522
1,1,2,dropout,-1,,,,K's tau,0.368844278863826,0.197368814773175
1,1,2,dropout,-1,,,,LR,0.371200698130519,0.200932642848089
1,1,2,dropout,-1,,,,PCA,0.3868795610713,0.213572255772741
1,1,2,dropout,-1,,,,PCP,0.391225301693783,0.213222758217339
1,1,2,dropout,-1,,,,PcaGrid,0.00315193643169962,0.00221086559325853
1,1,2,dropout,-1,,,,PcaHubert,0.235271417916179,0.131906263119166
1,1,2,dropout,-1,,,,Quad,0.378370250598598,0.201701103082483
1,1,2,dropout,-1,,,,Shell,0.374170984416775,0.203608154075643
1,1,2,dropout,-1,,,,Winsor,0.379884778448716,0.205519312531608
1,2,2,dropout,-1,,,,Ball,0.338224308890974,0.183438852285667
1,2,2,dropout,-1,,,,K's tau,0.3331756340135,0.180919910105636
1,2,2,dropout,-1,,,,LR,0.349866215799391,0.189901336892506
1,2,2,dropout,-1,,,,PCA,0.370210894771569,0.200373630424976
1,2,2,dropout,-1,,,,PCP,0.298550580882781,0.171520273089003
1,2,2,dropout,-1,,,,PcaGrid,0.000705769833164881,0.00107608670105453
1,2,2,dropout,-1,,,,PcaHubert,0.136987337270093,0.0887195306241915
1,2,2,dropout,-1,,,,Quad,0.372270218106,0.198084250715297
1,2,2,dropout,-1,,,,Shell,0.366079233087473,0.193911416742731
1,2,2,dropout,-1,,,,Winsor,0.367712607600322,0.198705209864344
1,3,2,dropout,-1,,,,Ball,0.421790556724118,0.224692662247597
1,3,2,dropout,-1,,,,K's tau,0.419473039733305,0.228369583301961
1,3,2,dropout,-1,,,,LR,0.422148290903546,0.226888880104443
1,3,2,dropout,-1,,,,PCA,0.42488282984291,0.22949291852257
1,3,2,dropout,-1,,,,PCP,0.505855137087044,0.270324357021564
1,3,2,dropout,-1,,,,PcaGrid,0.000937250361273333,0.000937729030325331
1,3,2,dropout,-1,,,,PcaHubert,0.229778352399254,0.136506412136101
1,3,2,dropout,-1,,,,Quad,0.416687444124351,0.222600196002603
1,3,2,dropout,-1,,,,Shell,0.416560162011151,0.223904031514474
1,3,2,dropout,-1,,,,Winsor,0.416550775217074,0.224514229844993
1,4,2,dropout,-1,,,,Ball,0.414611305803833,0.216200608166368
1,4,2,dropout,-1,,,,K's tau,0.415472819937466,0.224159197699703
1,4,2,dropout,-1,,,,LR,0.416895069870471,0.222244586082242
1,4,2,dropout,-1,,,,PCA,0.420726597884505,0.223723938474362
1,4,2,dropout,-1,,,,PCP,0.475529989500272,0.265148899940463
1,4,2,dropout,-1,,,,PcaGrid,0.000853008174789483,0.000741415227774758
1,4,2,dropout,-1,,,,PcaHubert,0.181999624620808,0.108061634306617
1,4,2,dropout,-1,,,,Quad,0.41900316668085,0.218430592088927
1,4,2,dropout,-1,,,,Shell,0.417318044917115,0.225691632950727
1,4,2,dropout,-1,,,,Winsor,0.418698206939777,0.219780923954075
1,5,2,dropout,-1,,,,Ball,0.326787792449312,0.181489475922274
1,5,2,dropout,-1,,,,K's tau,0.338279924798197,0.183603414923886
1,5,2,dropout,-1,,,,LR,0.331236115846738,0.181031982385543
1,5,2,dropout,-1,,,,PCA,0.344152779920283,0.178644244635936
1,5,2,dropout,-1,,,,PCP,0.363558792537597,0.200678803839068
1,5,2,dropout,-1,,,,PcaGrid,0.000451631331739078,0.00116646081851776
1,5,2,dropout,-1,,,,PcaHubert,0.227212371528815,0.124803463380626
1,5,2,dropout,-1,,,,Quad,0.345598180971723,0.187579957549111
1,5,2,dropout,-1,,,,Shell,0.348891793649119,0.182307279682646
1,5,2,dropout,-1,,,,Winsor,0.344790024607223,0.182523540976417
1,6,2,dropout,-1,,,,Ball,0.416806207694739,0.220038494480127
1,6,2,dropout,-1,,,,K's tau,0.422630075682693,0.226826110150246
1,6,2,dropout,-1,,,,LR,0.420759050573415,0.225924354361116
1,6,2,dropout,-1,,,,PCA,0.420006150100471,0.224222424279484
1,6,2,dropout,-1,,,,PCP,0.500129743564369,0.279541886243547
1,6,2,dropout,-1,,,,PcaGrid,0.00102175267703849,0.000587440004057071
1,6,2,dropout,-1,,,,PcaHubert,0.362075968727298,0.199872061378351
1,6,2,dropout,-1,,,,Quad,0.422255685332461,0.218850693573319
1,6,2,dropout,-1,,,,Shell,0.423670900311346,0.227792668680801
1,6,2,dropout,-1,,,,Winsor,0.422151394472153,0.223811949481674
1,7,2,dropout,-1,,,,Ball,0.373345632603521,0.203184985149831
1,7,2,dropout,-1,,,,K's tau,0.379758967237254,0.20955720688878
1,7,2,dropout,-1,,,,LR,0.380626937251775,0.206217034512215
1,7,2,dropout,-1,,,,PCA,0.384640552601507,0.211452112106876
1,7,2,dropout,-1,,,,PCP,0.463202751907973,0.249112347008034
1,7,2,dropout,-1,,,,PcaGrid,0.00544085528185543,0.00282978814420051
1,7,2,dropout,-1,,,,PcaHubert,0.292132102428745,0.155554806419298
1,7,2,dropout,-1,,,,Quad,0.391175580930013,0.213895940599054
1,7,2,dropout,-1,,,,Shell,0.396081567290955,0.216204564804823
1,7,2,dropout,-1,,,,Winsor,0.392869834968883,0.214797915106882
1,8,2,dropout,-1,,,,Ball,0.293536321432086,0.158367222668056
1,8,2,dropout,-1,,,,K's tau,0.2872625695936,0.155530259572919
1,8,2,dropout,-1,,,,LR,0.292197729384221,0.159120248648267
1,8,2,dropout,-1,,,,PCA,0.304146426501656,0.168105276260041
1,8,2,dropout,-1,,,,PCP,0.378137985840559,0.216199889857627
1,8,2,dropout,-1,,,,PcaGrid,0.00115256256151984,0.000691925519566274
1,8,2,dropout,-1,,,,PcaHubert,0.282932988106572,0.154073792784593
1,8,2,dropout,-1,,,,Quad,0.293175028655819,0.162710047572616
1,8,2,dropout,-1,,,,Shell,0.298266271111069,0.164163183833257
1,8,2,dropout,-1,,,,Winsor,0.294447313783052,0.165362716278047
1,9,2,dropout,-1,,,,Ball,0.378808279587044,0.200545717243414
1,9,2,dropout,-1,,,,K's tau,0.365420789304638,0.196496698294397
1,9,2,dropout,-1,,,,LR,0.378177219379425,0.20562177034063
1,9,2,dropout,-1,,,,PCA,0.385222361925174,0.203468458106285
1,9,2,dropout,-1,,,,PCP,0.415905217913102,0.231763576381066
1,9,2,dropout,-1,,,,PcaGrid,0.00231719716397688,0.00184964519959801
1,9,2,dropout,-1,,,,PcaHubert,0.217622230708887,0.120680902530422
1,9,2,dropout,-1,,,,Quad,0.384080061513366,0.207188173139618
1,9,2,dropout,-1,,,,Shell,0.379599796033828,0.203408793741744
1,9,2,dropout,-1,,,,Winsor,0.385402661037011,0.20488222132619
1,10,2,dropout,-1,,,,Ball,0.412375443567094,0.220243318427077
1,10,2,dropout,-1,,,,K's tau,0.407398484293202,0.217834164551227
1,10,2,dropout,-1,,,,LR,0.41233646880968,0.220224151884122
1,10,2,dropout,-1,,,,PCA,0.423859394157813,0.227342738287255
1,10,2,dropout,-1,,,,PCP,0.504864414012749,0.283983972609413
1,10,2,dropout,-1,,,,PcaGrid,0.00051908495852133,0.000458379705554222
1,10,2,dropout,-1,,,,PcaHubert,0.199212124108871,0.121682066266974
1,10,2,dropout,-1,,,,Quad,0.415009271761274,0.218573614628957
1,10,2,dropout,-1,,,,Shell,0.411865230753382,0.217116397098806
1,10,2,dropout,-1,,,,Winsor,0.417365604246419,0.220153347702332
1,1,3,dropout,0,,,,Ball,1,1
1,1,3,dropout,0,,,,K's tau,1,1
1,1,3,dropout,0,,,,LR,1,1
1,1,3,dropout,0,,,,PCA,1,1
1,1,3,dropout,0,,,,PCP,1,1
1,1,3,dropout,0,,,,PcaGrid,1,1
1,1,3,dropout,0,,,,PcaHubert,1,1
1,1,3,dropout,0,,,,Quad,1,1
1,1,3,dropout,0,,,,Shell,1,1
1,1,3,dropout,0,,,,Winsor,1,1
1,2,3,dropout,0,,,,Ball,1,1
1,2,3,dropout,0,,,,K's tau,1,1
1,2,3,dropout,0,,,,LR,1,1
1,2,3,dropout,0,,,,PCA,1,1
1,2,3,dropout,0,,,,PCP,1,1
1,2,3,dropout,0,,,,PcaGrid,1,1
1,2,3,dropout,0,,,,PcaHubert,1,1
1,2,3,dropout,0,,,,Quad,1,1
1,2,3,dropout,0,,,,Shell,1,1
1,2,3,dropout,0,,,,Winsor,1,1
1,3,3,dropout,0,,,,Ball,1,1
1,3,3,dropout,0,,,,K's tau,1,1
1,3,3,dropout,0,,,,LR,1,1
1,3,3,dropout,0,,,,PCA,1,1
1,3,3,dropout,0,,,,PCP,1,1
1,3,3,dropout,0,,,,PcaGrid,1,1
1,3,3,dropout,0,,,,PcaHubert,1,1
1,3,3,dropout,0,,,,Quad,1,1
1,3,3,dropout,0,,,,Shell,1,1
1,3,3,dropout,0,,,,Winsor,1,1
1,4,3,dropout,0,,,,Ball,1,1
1,4,3,dropout,0,,,,K's tau,1,1
1,4,3,dropout,0,,,,LR,1,1
1,4,3,dropout,0,,,,PCA,1,1
1,4,3,dropout,0,,,,PCP,1,1
1,4,3,dropout,0,,,,PcaGrid,1,1
1,4,3,dropout,0,,,,PcaHubert,1,1
1,4,3,dropout,0,,,,Quad,1,1
1,4,3,dropout,0,,,,Shell,1,1
1,4,3,dropout,0,,,,Winsor,1,1
1,5,3,dropout,0,,,,Ball,1,1
1,5,3,dropout,0,,,,K's tau,1,1
1,5,3,dropout,0,,,,LR,1,1
1,5,3,dropout,0,,,,PCA,1,1
1,5,3,dropout,0,,,,PCP,1,1
1,5,3,dropout,0,,,,PcaGrid,1,1
1,5,3,dropout,0,,,,PcaHubert,1,1
1,5,3,dropout,0,,,,Quad,1,1
1,5,3,dropout,0,,,,Shell,1,1
1,5,3,dropout,0,,,,Winsor,1,1
1,6,3,dropout,0,,,,Ball,1,1
1,6,3,dropout,0,,,,K's tau,1,1
1,6,3,dropout,0,,,,LR,1,1
1,6,3,dropout,0,,,,PCA,1,1
1,6,3,dropout,0,,,,PCP,1,1
1,6,3,dropout,0,,,,PcaGrid,1,1
1,6,3,dropout,0,,,,PcaHubert,1,1
1,6,3,dropout,0,,,,Quad,1,1
1,6,3,dropout,0,,,,Shell,1,1
1,6,3,dropout,0,,,,Winsor,1,1
1,7,3,dropout,0,,,,Ball,1,1
1,7,3,dropout,0,,,,K's tau,1,1
1,7,3,dropout,0,,,,LR,1,1
1,7,3,dropout,0,,,,PCA,1,1
1,7,3,dropout,0,,,,PCP,1,1
1,7,3,dropout,0,,,,PcaGrid,1,1
1,7,3,dropout,0,,,,PcaHubert,1,1
1,7,3,dropout,0,,,,Quad,1,1
1,7,3,dropout,0,,,,Shell,1,1
1,7,3,dropout,0,,,,Winsor,1,1
1,8,3,dropout,0,,,,Ball,1,1
1,8,3,dropout,0,,,,K's tau,1,1
1,8,3,dropout,0,,,,LR,1,1
1,8,3,dropout,0,,,,PCA,1,1
1,8,3,dropout,0,,,,PCP,1,1
1,8,3,dropout,0,,,,PcaGrid,1,1
1,8,3,dropout,0,,,,PcaHubert,1,1
1,8,3,dropout,0,,,,Quad,1,1
1,8,3,dropout,0,,,,Shell,1,1
1,8,3,dropout,0,,,,Winsor,1,1
1,9,3,dropout,0,,,,Ball,1,1
1,9,3,dropout,0,,,,K's tau,1,1
1,9,3,dropout,0,,,,LR,1,1
1,9,3,dropout,0,,,,PCA,1,1
1,9,3,dropout,0,,,,PCP,1,1
1,9,3,dropout,0,,,,PcaGrid,1,1
1,9,3,dropout,0,,,,PcaHubert,1,1
1,9,3,dropout,0,,,,Quad,1,1
1,9,3,dropout,0,,,,Shell,1,1
1,9,3,dropout,0,,,,Winsor,1,1
1,10,3,dropout,0,,,,Ball,1,1
1,10,3,dropout,0,,,,K's tau,1,1
1,10,3,dropout,0,,,,LR,1,1
1,10,3,dropout,0,,,,PCA,1,1
1,10,3,dropout,0,,,,PCP,1,1
1,10,3,dropout,0,,,,PcaGrid,1,1
1,10,3,dropout,0,,,,PcaHubert,1,1
1,10,3,dropout,0,,,,Quad,1,1
1,10,3,dropout,0,,,,Shell,1,1
1,10,3,dropout,0,,,,Winsor,1,1
1,1,4,dropout,1,,,,Ball,0.369360204846425,0.197877582219976
1,1,4,dropout,1,,,,K's tau,0.374181262743624,0.199903066948425
1,1,4,dropout,1,,,,LR,0.372857182511959,0.195195995361944
1,1,4,dropout,1,,,,PCA,0.367765701711803,0.198896318606459
1,1,4,dropout,1,,,,PCP,0.369587763646007,0.196751829146396
1,1,4,dropout,1,,,,PcaGrid,0.000845451808500818,0.000722451519269412
1,1,4,dropout,1,,,,PcaHubert,0.332093138793614,0.183861287570534
1,1,4,dropout,1,,,,Quad,0.367734575667156,0.194364616308047
1,1,4,dropout,1,,,,Shell,0.367843306051554,0.194451386043454
1,1,4,dropout,1,,,,Winsor,0.365359555037489,0.19532113069447
1,2,4,dropout,1,,,,Ball,0.381972549287515,0.200711793827923
1,2,4,dropout,1,,,,K's tau,0.391431703886486,0.205392114641684
1,2,4,dropout,1,,,,LR,0.38225009475063,0.200888678353638
1,2,4,dropout,1,,,,PCA,0.373560042261184,0.194781795750465
1,2,4,dropout,1,,,,PCP,0.392913759256392,0.213189463686771
1,2,4,dropout,1,,,,PcaGrid,0.00136643024272131,0.00186903499104281
1,2,4,dropout,1,,,,PcaHubert,0.354949926640895,0.190102652045821
1,2,4,dropout,1,,,,Quad,0.381796473795587,0.204261621321366
1,2,4,dropout,1,,,,Shell,0.374747531578294,0.193844292814085
1,2,4,dropout,1,,,,Winsor,0.381455414098389,0.202564897620286
1,3,4,dropout,1,,,,Ball,0.363320364547114,0.191932834439689
1,3,4,dropout,1,,,,K's tau,0.372462652946111,0.200875734045379
1,3,4,dropout,1,,,,LR,0.362379740505264,0.190187058628035
1,3,4,dropout,1,,,,PCA,0.357003398865901,0.189731056989964
1,3,4,dropout,1,,,,PCP,0.357682479814338,0.193453902436721
1,3,4,dropout,1,,,,PcaGrid,0.00268754243413273,0.00158066014857276
1,3,4,dropout,1,,,,PcaHubert,0.343850608811432,0.183608059289749
1,3,4,dropout,1,,,,Quad,0.357377055880865,0.192413045042985
1,3,4,dropout,1,,,,Shell,0.360307935047719,0.191888010692344
1,3,4,dropout,1,,,,Winsor,0.355808763745406,0.188654753080902
1,4,4,dropout,1,,,,Ball,0.359385879775869,0.193461326244041
1,4,4,dropout,1,,,,K's tau,0.36399003058481,0.189979559242654
1,4,4,dropout,1,,,,LR,0.355764301441433,0.188476194080329
1,4,4,dropout,1,,,,PCA,0.356297638721916,0.189845614705593
1,4,4,dropout,1,,,,PCP,0.323391984193213,0.170333734393606
1,4,4,dropout,1,,,,PcaGrid,0.00166060274735325,0.00132285787407547
1,4,4,dropout,1,,,,PcaHubert,0.336584483786718,0.179685870474412
1,4,4,dropout,1,,,,Quad,0.355220659145353,0.188729963368427
1,4,4,dropout,1,,,,Shell,0.352721565706623,0.185259098333854
1,4,4,dropout,1,,,,Winsor,0.356310386683181,0.191661354553982
1,5,4,dropout,1,,,,Ball,0.381587644030111,0.197880732769877
1,5,4,dropout,1,,,,K's tau,0.386885427874733,0.207455823460604
1,5,4,dropout,1,,,,LR,0.382174451983636,0.200374873577945
1,5,4,dropout,1,,,,PCA,0.38503836120281,0.199791286607453
1,5,4,dropout,1,,,,PCP,0.402012057556119,0.214175633699592
1,5,4,dropout,1,,,,PcaGrid,0.00213157567558675,0.00143934008070184
1,5,4,dropout,1,,,,PcaHubert,0.361137110156514,0.190094682929534
1,5,4,dropout,1,,,,Quad,0.383209487909366,0.200300083059954
1,5,4,dropout,1,,,,Shell,0.380738956133073,0.200486050183919
1,5,4,dropout,1,,,,Winsor,0.37984373046423,0.199896363043978
1,6,4,dropout,1,,,,Ball,0.328268646551567,0.178398507991808
1,6,4,dropout,1,,,,K's tau,0.338308140960451,0.179520103028879
1,6,4,dropout,1,,,,LR,0.330130723969292,0.178660107605235
1,6,4,dropout,1,,,,PCA,0.328861651638958,0.176145788067334
1,6,4,dropout,1,,,,PCP,0.341505970025179,0.184788702261511
1,6,4,dropout,1,,,,PcaGrid,0.000355222527404944,0.000480370188398593
1,6,4,dropout,1,,,,PcaHubert,0.324863867494796,0.176887329255399
1,6,4,dropout,1,,,,Quad,0.335640793069753,0.17513679862744
1,6,4,dropout,1,,,,Shell,0.329719837546914,0.179604240777324
1,6,4,dropout,1,,,,Winsor,0.337201197886571,0.175164093269332
1,7,4,dropout,1,,,,Ball,0.357452099174563,0.190174027150819
1,7,4,dropout,1,,,,K's tau,0.359749411231871,0.189041631316942
1,7,4,dropout,1,,,,LR,0.356826938928174,0.186568704687975
1,7,4,dropout,1,,,,PCA,0.359130369323082,0.192091777270396
1,7,4,dropout,1,,,,PCP,0.362136113269576,0.193458359589559
1,7,4,dropout,1,,,,PcaGrid,0.000408609005537073,0.000767355885103634
1,7,4,dropout,1,,,,PcaHubert,0.351167469962244,0.18544400745835
1,7,4,dropout,1,,,,Quad,0.358276833792758,0.195562547799849
1,7,4,dropout,1,,,,Shell,0.358385184351538,0.192936708036512
1,7,4,dropout,1,,,,Winsor,0.359149662601599,0.19563398539369
1,8,4,dropout,1,,,,Ball,0.329935442983624,0.177066859426244
1,8,4,dropout,1,,,,K's tau,0.351835863936195,0.189569329052181
1,8,4,dropout,1,,,,LR,0.336387236816283,0.178844250268256
1,8,4,dropout,1,,,,PCA,0.353750007395019,0.187051584977536
1,8,4,dropout,1,,,,PCP,0.362264589428928,0.195557570594329
1,8,4,dropout,1,,,,PcaGrid,0.000272007375920932,0.000633593220953133
1,8,4,dropout,1,,,,PcaHubert,0.337483297922371,0.177490265227983
1,8,4,dropout,1,,,,Quad,0.347969512426027,0.184348123682647
1,8,4,dropout,1,,,,Shell,0.33706838727638,0.176178660769883
1,8,4,dropout,1,,,,Winsor,0.353276286050773,0.186688080565586
1,9,4,dropout,1,,,,Ball,0.348873920977,0.182831225965735
1,9,4,dropout,1,,,,K's tau,0.351556424523752,0.186759924716418
1,9,4,dropout,1,,,,LR,0.344038183126467,0.179702876907502
1,9,4,dropout,1,,,,PCA,0.347601660698134,0.181949938383812
1,9,4,dropout,1,,,,PCP,0.360857044297278,0.189657383457801
1,9,4,dropout,1,,,,PcaGrid,0.00363129349326241,0.00243230149905715
1,9,4,dropout,1,,,,PcaHubert,0.326911821095257,0.172203667702391
1,9,4,dropout,1,,,,Quad,0.345218152045121,0.182975534632829
1,9,4,dropout,1,,,,Shell,0.341064787986595,0.179481425698226
1,9,4,dropout,1,,,,Winsor,0.347844091066946,0.182721088892862
1,10,4,dropout,1,,,,Ball,0.36485200072812,0.190994262466647
1,10,4,dropout,1,,,,K's tau,0.361945946717669,0.194490067076169
1,10,4,dropout,1,,,,LR,0.356652795292921,0.189339294399055
1,10,4,dropout,1,,,,PCA,0.36044726036205,0.190498186986255
1,10,4,dropout,1,,,,PCP,0.356824024908094,0.189399755982553
1,10,4,dropout,1,,,,PcaGrid,0.00170052473772414,0.00194739979732163
1,10,4,dropout,1,,,,PcaHubert,0.326779325724985,0.175853124544182
1,10,4,dropout,1,,,,Quad,0.35988143438838,0.190547397092385
1,10,4,dropout,1,,,,Shell,0.356030655233986,0.188641467417517
1,10,4,dropout,1,,,,Winsor,0.361231687422725,0.190992770524449
1,1,5,dropout,2,,,,Ball,0.304671252903275,0.159135330015721
1,1,5,dropout,2,,,,K's tau,0.304765789161543,0.16099163989998
1,1,5,dropout,2,,,,LR,0.310466984691689,0.165081082633595
1,1,5,dropout,2,,,,PCA,0.325390389994001,0.170408607850051
1,1,5,dropout,2,,,,PCP,0.155120345123424,0.0830082744735493
1,1,5,dropout,2,,,,PcaGrid,0.00165143412728548,0.00117362323615556
1,1,5,dropout,2,,,,PcaHubert,0.249160850217034,0.137746742818082
1,1,5,dropout,2,,,,Quad,0.30523646135123,0.15972867620476
1,1,5,dropout,2,,,,Shell,0.309115644836884,0.164126506081545
1,1,5,dropout,2,,,,Winsor,0.296600319449574,0.155938874112483
1,2,5,dropout,2,,,,Ball,0.301402725125719,0.162060298193714
1,2,5,dropout,2,,,,K's tau,0.308051442445393,0.166839655907117
1,2,5,dropout,2,,,,LR,0.306038028996602,0.165113385173261
1,2,5,dropout,2,,,,PCA,0.305416283663442,0.163871825740082
1,2,5,dropout,2,,,,PCP,0.147202443724759,0.0780715081807957
1,2,5,dropout,2,,,,PcaGrid,0.00132365711657144,0.00132772171443859
1,2,5,dropout,2,,,,PcaHubert,0.285456012677081,0.154729936971007
1,2,5,dropout,2,,,,Quad,0.304430090555144,0.164618578556744
1,2,5,dropout,2,,,,Shell,0.303514400662077,0.164257728573069
1,2,5,dropout,2,,,,Winsor,0.304198970623151,0.161425285009639
1,3,5,dropout,2,,,,Ball,0.310793488899501,0.161758531485501
1,3,5,dropout,2,,,,K's tau,0.310799958640884,0.165071683282988
1,3,5,dropout,2,,,,LR,0.308803158990629,0.164974240904237
1,3,5,dropout,2,,,,PCA,0.321634218619953,0.172476797949424
1,3,5,dropout,2,,,,PCP,0.102293033795816,0.0561281995918862
1,3,5,dropout,2,,,,PcaGrid,0.000616875793360351,0.000502518371579991
1,3,5,dropout,2,,,,PcaHubert,0.294044753255051,0.159905063373631
1,3,5,dropout,2,,,,Quad,0.312390866441608,0.165615344477543
1,3,5,dropout,2,,,,Shell,0.307141526405027,0.164788598213877
1,3,5,dropout,2,,,,Winsor,0.318815306801475,0.166827241301757
1,4,5,dropout,2,,,,Ball,0.267604006088255,0.144120963229864
1,4,5,dropout,2,,,,K's tau,0.277492059195745,0.146208827398586
1,4,5,dropout,2,,,,LR,0.272295685531468,0.142592227931187
1,4,5,dropout,2,,,,PCA,0.273240501152576,0.146201991633603
1,4,5,dropout,2,,,,PCP,0.0909710873708022,0.0481186971107329
1,4,5,dropout,2,,,,PcaGrid,0.00567689931051956,0.00332582016374671
1,4,5,dropout,2,,,,PcaHubert,0.253685616123027,0.138959950568242
1,4,5,dropout,2,,,,Quad,0.273508914033917,0.146360398707589
1,4,5,dropout,2,,,,Shell,0.272097835636928,0.146797711565945
1,4,5,dropout,2,,,,Winsor,0.272366300116175,0.147663129292709
1,5,5,dropout,2,,,,Ball,0.317514933283987,0.168859616685857
1,5,5,dropout,2,,,,K's tau,0.339869572219007,0.177608124025722
1,5,5,dropout,2,,,,LR,0.33124865903291,0.176400814255096
1,5,5,dropout,2,,,,PCA,0.335201197157543,0.177364181327781
1,5,5,dropout,2,,,,PCP,0.181656582858836,0.0968729931901749
1,5,5,dropout,2,,,,PcaGrid,0.00106268526392478,0.000757839303639273
1,5,5,dropout,2,,,,PcaHubert,0.312975450665005,0.164852117963484
1,5,5,dropout,2,,,,Quad,0.337681439632443,0.182795794012785
1,5,5,dropout,2,,,,Shell,0.33464802513474,0.177264475028105
1,5,5,dropout,2,,,,Winsor,0.338801450375808,0.18323123624618
1,6,5,dropout,2,,,,Ball,0.283932819810151,0.151941216037105
1,6,5,dropout,2,,,,K's tau,0.278917128062088,0.148434669633612
1,6,5,dropout,2,,,,LR,0.288294879617095,0.151625835082348
1,6,5,dropout,2,,,,PCA,0.27293134905771,0.143710169873445
1,6,5,dropout,2,,,,PCP,0.137718250887664,0.0730828450834165
1,6,5,dropout,2,,,,PcaGrid,0.0015333050544788,0.00154793713087878
1,6,5,dropout,2,,,,PcaHubert,0.253977559753158,0.137916735574636
1,6,5,dropout,2,,,,Quad,0.279865498335022,0.150858859534014
1,6,5,dropout,2,,,,Shell,0.285024249068401,0.148377171009036
1,6,5,dropout,2,,,,Winsor,0.27955468763696,0.148292320463284
1,7,5,dropout,2,,,,Ball,0.30668325909339,0.161102485337708
1,7,5,dropout,2,,,,K's tau,0.304463744342559,0.162126182137363
1,7,5,dropout,2,,,,LR,0.306419988502271,0.160952330398937
1,7,5,dropout,2,,,,PCA,0.298132474011595,0.156111792303586
1,7,5,dropout,2,,,,PCP,0.166220124796806,0.0899753974227158
1,7,5,dropout,2,,,,PcaGrid,0.000861894824551911,0.00135256637831713
1,7,5,dropout,2,,,,PcaHubert,0.286359080309019,0.149861440878303
1,7,5,dropout,2,,,,Quad,0.300310300639618,0.158984284875403
1,7,5,dropout,2,,,,Shell,0.301127530210611,0.161392168609827
1,7,5,dropout,2,,,,Winsor,0.298281595956567,0.15738115187174
1,8,5,dropout,2,,,,Ball,0.304177646284522,0.164902269191889
1,8,5,dropout,2,,,,K's tau,0.309845296640962,0.169071954728079
1,8,5,dropout,2,,,,LR,0.302979697919753,0.158911650663162
1,8,5,dropout,2,,,,PCA,0.304778884055305,0.160116106839759
1,8,5,dropout,2,,,,PCP,0.140029870173457,0.0750758476083296
1,8,5,dropout,2,,,,PcaGrid,0.000916242460306771,0.00063601040451943
1,8,5,dropout,2,,,,PcaHubert,0.253510967549502,0.142006461247269
1,8,5,dropout,2,,,,Quad,0.305522519125186,0.160432330821779
1,8,5,dropout,2,,,,Shell,0.303485915478279,0.160506277607872
1,8,5,dropout,2,,,,Winsor,0.305497643179368,0.163204214895744
1,9,5,dropout,2,,,,Ball,0.301132123316295,0.160765524859692
1,9,5,dropout,2,,,,K's tau,0.314073571446951,0.170164705969047
1,9,5,dropout,2,,,,LR,0.307187059675597,0.164195033422861
1,9,5,dropout,2,,,,PCA,0.308945363270549,0.159376788570419
1,9,5,dropout,2,,,,PCP,0.125004023165261,0.0662287304265118
1,9,5,dropout,2,,,,PcaGrid,0.00275759875508737,0.00222629986368775
1,9,5,dropout,2,,,,PcaHubert,0.300670746366695,0.162269247430016
1,9,5,dropout,2,,,,Quad,0.309725828890701,0.16010959283126
1,9,5,dropout,2,,,,Shell,0.309602711850309,0.164556183419118
1,9,5,dropout,2,,,,Winsor,0.309179556203775,0.159621781389791
1,10,5,dropout,2,,,,Ball,0.275879079554773,0.146004630090428
1,10,5,dropout,2,,,,K's tau,0.293812165677383,0.154914634868087
1,10,5,dropout,2,,,,LR,0.286903437961394,0.15554919693197
1,10,5,dropout,2,,,,PCA,0.291022754149552,0.153306247195381
1,10,5,dropout,2,,,,PCP,0.139499781633714,0.0736405654786564
1,10,5,dropout,2,,,,PcaGrid,0.00297423198470414,0.00214626459120979
1,10,5,dropout,2,,,,PcaHubert,0.272433994111073,0.146408630380441
1,10,5,dropout,2,,,,Quad,0.29101117572823,0.152668235653924
1,10,5,dropout,2,,,,Shell,0.28777593017029,0.153452193865196
1,10,5,dropout,2,,,,Winsor,0.290330559390603,0.151273979732255
1,1,6,dropout,3,,,,Ball,0.235516487148637,0.126339402940841
1,1,6,dropout,3,,,,K's tau,0.224034477977568,0.123811853981933
1,1,6,dropout,3,,,,LR,0.226949026558559,0.125507241752285
1,1,6,dropout,3,,,,PCA,0.226630596952614,0.123245331979815
1,1,6,dropout,3,,,,PCP,0.0815884906662806,0.044674236096487
1,1,6,dropout,3,,,,PcaGrid,0.00144856990586179,0.00163770895507774
1,1,6,dropout,3,,,,PcaHubert,0.229380785898907,0.118677155827457
1,1,6,dropout,3,,,,Quad,0.228895375338545,0.129058881851423
1,1,6,dropout,3,,,,Shell,0.225859083251201,0.124603021074963
1,1,6,dropout,3,,,,Winsor,0.225556739544868,0.128446577980903
1,2,6,dropout,3,,,,Ball,0.251822896242782,0.140062722555694
1,2,6,dropout,3,,,,K's tau,0.254842395129518,0.137174558084943
1,2,6,dropout,3,,,,LR,0.244301445241109,0.133264663051148
1,2,6,dropout,3,,,,PCA,0.248190971936038,0.134915869949729
1,2,6,dropout,3,,,,PCP,0.0643226979784414,0.0349342223288392
1,2,6,dropout,3,,,,PcaGrid,0.000936265227240751,0.00148584922883972
1,2,6,dropout,3,,,,PcaHubert,0.21495210963964,0.116022757532472
1,2,6,dropout,3,,,,Quad,0.25218681377182,0.135121218104334
1,2,6,dropout,3,,,,Shell,0.243955124078283,0.128032294067558
1,2,6,dropout,3,,,,Winsor,0.248152777484569,0.133435363902182
1,3,6,dropout,3,,,,Ball,0.254435423666787,0.133783406644014
1,3,6,dropout,3,,,,K's tau,0.257673717438165,0.138907683389575
1,3,6,dropout,3,,,,LR,0.255565573778583,0.138752176459375
1,3,6,dropout,3,,,,PCA,0.255577179109526,0.13509459668422
1,3,6,dropout,3,,,,PCP,0.0640353906915973,0.0349606007397508
1,3,6,dropout,3,,,,PcaGrid,0.00140362447206435,0.00108758562033834
1,3,6,dropout,3,,,,PcaHubert,0.221553139406917,0.123176086861507
1,3,6,dropout,3,,,,Quad,0.254648567172379,0.135584287110865
1,3,6,dropout,3,,,,Shell,0.252750521747958,0.135469851204556
1,3,6,dropout,3,,,,Winsor,0.253420525356292,0.13573970905844
1,4,6,dropout,3,,,,Ball,0.229747837641383,0.125883278664871
1,4,6,dropout,3,,,,K's tau,0.225237796755247,0.122976091614116
1,4,6,dropout,3,,,,LR,0.226755606143131,0.121489694189182
1,4,6,dropout,3,,,,PCA,0.226938812377633,0.123944100759361
1,4,6,dropout,3,,,,PCP,0.0689337350591012,0.0367349596282586
1,4,6,dropout,3,,,,PcaGrid,0.00189127559061714,0.00171493214889592
1,4,6,dropout,3,,,,PcaHubert,0.199194068453165,0.107552491397033
1,4,6,dropout,3,,,,Quad,0.22019548297495,0.118518550919483
1,4,6,dropout,3,,,,Shell,0.219900303112684,0.121206419093137
1,4,6,dropout,3,,,,Winsor,0.217624024172795,0.118291844440255
1,5,6,dropout,3,,,,Ball,0.274430406293007,0.147522744138924
1,5,6,dropout,3,,,,K's tau,0.277857622089628,0.147535060819191
1,5,6,dropout,3,,,,LR,0.276831178045327,0.146453986775551
1,5,6,dropout,3,,,,PCA,0.274858380699254,0.14872575980087
1,5,6,dropout,3,,,,PCP,0.0683319219301993,0.0404475151733407
1,5,6,dropout,3,,,,PcaGrid,0.00113736524479001,0.00113734094075377
1,5,6,dropout,3,,,,PcaHubert,0.258417130676363,0.139234929480835
1,5,6,dropout,3,,,,Quad,0.277445263636003,0.151492657251095
1,5,6,dropout,3,,,,Shell,0.272452510111986,0.147019982853847
1,5,6,dropout,3,,,,Winsor,0.277039589714251,0.151776428841463
1,6,6,dropout,3,,,,Ball,0.188326822516636,0.100118521146938
1,6,6,dropout,3,,,,K's tau,0.205200950974434,0.110331165796066
1,6,6,dropout,3,,,,LR,0.194551365105736,0.10413856956956
1,6,6,dropout,3,,,,PCA,0.199860954429166,0.112170547320477
1,6,6,dropout,3,,,,PCP,0.0541746337850081,0.0306777707689741
1,6,6,dropout,3,,,,PcaGrid,0.000887593153628613,0.00191705206347358
1,6,6,dropout,3,,,,PcaHubert,0.172259523401381,0.0987179776185674
1,6,6,dropout,3,,,,Quad,0.204931284651175,0.117442866962607
1,6,6,dropout,3,,,,Shell,0.205841179188436,0.115493350788295
1,6,6,dropout,3,,,,Winsor,0.203424576599982,0.115671493642518
1,7,6,dropout,3,,,,Ball,0.23711130253117,0.127715296062742
1,7,6,dropout,3,,,,K's tau,0.234447247385674,0.127965388100366
1,7,6,dropout,3,,,,LR,0.233560033825484,0.125751250035619
1,7,6,dropout,3,,,,PCA,0.24559239669554,0.13206162016876
1,7,6,dropout,3,,,,PCP,0.0654190236161542,0.0363776588216503
1,7,6,dropout,3,,,,PcaGrid,0.000859037470665402,0.00171408831944526
1,7,6,dropout,3,,,,PcaHubert,0.211363414270303,0.115867926579633
1,7,6,dropout,3,,,,Quad,0.241029080108883,0.126894126407816
1,7,6,dropout,3,,,,Shell,0.239488582746383,0.131920099639196
1,7,6,dropout,3,,,,Winsor,0.243745113836957,0.131411061407699
1,8,6,dropout,3,,,,Ball,0.237705861163348,0.128035519413311
1,8,6,dropout,3,,,,K's tau,0.239546545003549,0.126828161892266
1,8,6,dropout,3,,,,LR,0.238613780088336,0.128919485255474
1,8,6,dropout,3,,,,PCA,0.235232640650764,0.131376935922195
1,8,6,dropout,3,,,,PCP,0.0891302382216275,0.0481435368853756
1,8,6,dropout,3,,,,PcaGrid,0.000962127444503552,0.00141731197158794
1,8,6,dropout,3,,,,PcaHubert,0.211542454907031,0.113997448888567
1,8,6,dropout,3,,,,Quad,0.23221604264887,0.125219933611436
1,8,6,dropout,3,,,,Shell,0.233558699601078,0.123921520650825
1,8,6,dropout,3,,,,Winsor,0.234115648631616,0.128619596965842
1,9,6,dropout,3,,,,Ball,0.24765779453168,0.130591746439416
1,9,6,dropout,3,,,,K's tau,0.252172703587856,0.131631607672611
1,9,6,dropout,3,,,,LR,0.24840601941443,0.131442695011521
1,9,6,dropout,3,,,,PCA,0.246040846636568,0.130517263311864
1,9,6,dropout,3,,,,PCP,0.0644837097824791,0.0362140343582562
1,9,6,dropout,3,,,,PcaGrid,0.00119370519036689,0.000987658178892826
1,9,6,dropout,3,,,,PcaHubert,0.233432569085719,0.12338271574774
1,9,6,dropout,3,,,,Quad,0.249667527673563,0.129428259566711
1,9,6,dropout,3,,,,Shell,0.243062871353549,0.128176802405249
1,9,6,dropout,3,,,,Winsor,0.247451837911318,0.128990773327179
1,10,6,dropout,3,,,,Ball,0.229010930567925,0.122506170315367
1,10,6,dropout,3,,,,K's tau,0.23110474476204,0.124588494641707
1,10,6,dropout,3,,,,LR,0.225154676354702,0.120866568527419
1,10,6,dropout,3,,,,PCA,0.225446467760955,0.119907756044827
1,10,6,dropout,3,,,,PCP,0.0739573774130529,0.0423968053643362
1,10,6,dropout,3,,,,PcaGrid,0.00197983120849495,0.00141851612476797
1,10,6,dropout,3,,,,PcaHubert,0.201160986121422,0.111189967587628
1,10,6,dropout,3,,,,Quad,0.223043222695104,0.1225931666482
1,10,6,dropout,3,,,,Shell,0.219648472184178,0.116550693557955
1,10,6,dropout,3,,,,Winsor,0.224326094901022,0.119399172172457
1,1,7,doublet,,0.02,,,Ball,0.871409137657503,0.691892406006813
1,1,7,doublet,,0.02,,,K's tau,0.784340464910996,0.51056821191409
1,1,7,doublet,,0.02,,,LR,0.851704984684725,0.696438304224397
1,1,7,doublet,,0.02,,,PCA,0.85613317011265,0.697060000413175
1,1,7,doublet,,0.02,,,PCP,0.939428362796697,0.696433448147332
1,1,7,doublet,,0.02,,,PcaGrid,0.000630834531979467,0.00113518443629513
1,1,7,doublet,,0.02,,,PcaHubert,0.806304178952196,0.507645283480909
1,1,7,doublet,,0.02,,,Quad,0.794271155538893,0.636984016924065
1,1,7,doublet,,0.02,,,Shell,0.870802947506723,0.723216557398229
1,1,7,doublet,,0.02,,,Winsor,0.888581358175014,0.666698247438767
1,2,7,doublet,,0.02,,,Ball,0.731644421272297,0.634725814238206
1,2,7,doublet,,0.02,,,K's tau,0.73759650807595,0.552314966523368
1,2,7,doublet,,0.02,,,LR,0.80608351360036,0.626949338640702
1,2,7,doublet,,0.02,,,PCA,0.879615074914509,0.638869829719171
1,2,7,doublet,,0.02,,,PCP,0.971319634197532,0.705720101305599
1,2,7,doublet,,0.02,,,PcaGrid,0.00122042102869879,0.00149544000816038
1,2,7,doublet,,0.02,,,PcaHubert,0.622333903667298,0.402674284433728
1,2,7,doublet,,0.02,,,Quad,0.851364386194119,0.696024069402295
1,2,7,doublet,,0.02,,,Shell,0.895809220913664,0.8166314116948
1,2,7,doublet,,0.02,,,Winsor,0.8747131800743,0.683339796141842
1,3,7,doublet,,0.02,,,Ball,0.92947233261967,0.62520179663449
1,3,7,doublet,,0.02,,,K's tau,0.806338673782462,0.603333776304284
1,3,7,doublet,,0.02,,,LR,0.929701945332509,0.65933770908738
1,3,7,doublet,,0.02,,,PCA,0.769591405429513,0.592560930885692
1,3,7,doublet,,0.02,,,PCP,0.862284735447415,0.673739943217705
1,3,7,doublet,,0.02,,,PcaGrid,0.182862835361943,0.189003816712055
1,3,7,doublet,,0.02,,,PcaHubert,0.590977069101656,0.487399424094853
1,3,7,doublet,,0.02,,,Quad,0.821947935667274,0.652946752305536
1,3,7,doublet,,0.02,,,Shell,0.905427231945394,0.702688074355926
1,3,7,doublet,,0.02,,,Winsor,0.830827684714167,0.673114193030342
1,4,7,doublet,,0.02,,,Ball,0.834226423412393,0.659257624889864
1,4,7,doublet,,0.02,,,K's tau,0.753372032066292,0.607235285594289
1,4,7,doublet,,0.02,,,LR,0.772485033908826,0.547491407905951
1,4,7,doublet,,0.02,,,PCA,0.723172566618598,0.635881307838541
1,4,7,doublet,,0.02,,,PCP,0.712151326821782,0.579470176407067
1,4,7,doublet,,0.02,,,PcaGrid,0.09985853084141,0.0505178721519517
1,4,7,doublet,,0.02,,,PcaHubert,0.758051831713759,0.56143521400504
1,4,7,doublet,,0.02,,,Quad,0.680905550672035,0.579630079627799
1,4,7,doublet,,0.02,,,Shell,0.843173894822697,0.741938374843914
1,4,7,doublet,,0.02,,,Winsor,0.675517436676651,0.588003227834555
1,5,7,doublet,,0.02,,,Ball,0.833100643423356,0.591038946309141
1,5,7,doublet,,0.02,,,K's tau,0.883472344269631,0.595099938069772
1,5,7,doublet,,0.02,,,LR,0.830608129353716,0.655449764012483
1,5,7,doublet,,0.02,,,PCA,0.874190955242225,0.625411518627217
1,5,7,doublet,,0.02,,,PCP,0.782190908846485,0.686671881167614
1,5,7,doublet,,0.02,,,PcaGrid,0.094871434635925,0.0815119034099459
1,5,7,doublet,,0.02,,,PcaHubert,0.741646464067128,0.493731926565465
1,5,7,doublet,,0.02,,,Quad,0.882139293783955,0.632822440104783
1,5,7,doublet,,0.02,,,Shell,0.862842213159128,0.678272996040148
1,5,7,doublet,,0.02,,,Winsor,0.86705227285242,0.631117897864115
1,6,7,doublet,,0.02,,,Ball,0.888826332021704,0.635191908096992
1,6,7,doublet,,0.02,,,K's tau,0.873975925797781,0.610385288765061
1,6,7,doublet,,0.02,,,LR,0.881151381593826,0.642885024326579
1,6,7,doublet,,0.02,,,PCA,0.847818350148555,0.619478808643599
1,6,7,doublet,,0.02,,,PCP,0.928985340615095,0.665517777981384
1,6,7,doublet,,0.02,,,PcaGrid,0.0980110827707202,0.10105203921072
1,6,7,doublet,,0.02,,,PcaHubert,0.658018320788278,0.556877395398703
1,6,7,doublet,,0.02,,,Quad,0.893716543441989,0.734816716619747
1,6,7,doublet,,0.02,,,Shell,0.909846358629314,0.755940372050948
1,6,7,doublet,,0.02,,,Winsor,0.876256852105091,0.746214870650391
1,7,7,doublet,,0.02,,,Ball,0.74183476804082,0.609899912925642
1,7,7,doublet,,0.02,,,K's tau,0.755867678650579,0.607076182398052
1,7,7,doublet,,0.02,,,LR,0.782806990518814,0.59922528586458
1,7,7,doublet,,0.02,,,PCA,0.765038380181047,0.582321008985489
1,7,7,doublet,,0.02,,,PCP,0.89182267235777,0.671723738809639
1,7,7,doublet,,0.02,,,PcaGrid,0.000688788158053824,0.0950105414779262
1,7,7,doublet,,0.02,,,PcaHubert,0.590643614144403,0.505963859103435
1,7,7,doublet,,0.02,,,Quad,0.815680428639272,0.563686040596256
1,7,7,doublet,,0.02,,,Shell,0.851776244741838,0.630864941868707
1,7,7,doublet,,0.02,,,Winsor,0.888804878588336,0.639123980333626
1,8,7,doublet,,0.02,,,Ball,0.894304868526587,0.676787545682717
1,8,7,doublet,,0.02,,,K's tau,0.778851960998786,0.538598192041268
1,8,7,doublet,,0.02,,,LR,0.863556301393193,0.593785910567898
1,8,7,doublet,,0.02,,,PCA,0.853195170170019,0.62359085428465
1,8,7,doublet,,0.02,,,PCP,0.894417031617864,0.687221120346695
1,8,7,doublet,,0.02,,,PcaGrid,0.098804533837347,0.0496136697195236
1,8,7,doublet,,0.02,,,PcaHubert,0.551343535313649,0.44111477986905
1,8,7,doublet,,0.02,,,Quad,0.891232065685471,0.629333915231095
1,8,7,doublet,,0.02,,,Shell,0.834646148633874,0.66261346625534
1,8,7,doublet,,0.02,,,Winsor,0.88487340279823,0.635719735106501
1,9,7,doublet,,0.02,,,Ball,0.830545845798644,0.558167017835746
1,9,7,doublet,,0.02,,,K's tau,0.751323947972323,0.519609884935991
1,9,7,doublet,,0.02,,,LR,0.78077852653676,0.57685868090253
1,9,7,doublet,,0.02,,,PCA,0.728125934236032,0.67472142562906
1,9,7,doublet,,0.02,,,PCP,0.901909705256646,0.749506385597477
1,9,7,doublet,,0.02,,,PcaGrid,0.000614080432993271,0.122532173896746
1,9,7,doublet,,0.02,,,PcaHubert,0.673346361629799,0.508708194902511
1,9,7,doublet,,0.02,,,Quad,0.77974165798058,0.649272260743728
1,9,7,doublet,,0.02,,,Shell,0.828659808160488,0.71503127055936
1,9,7,doublet,,0.02,,,Winsor,0.742354999279122,0.668203477186537
1,10,7,doublet,,0.02,,,Ball,0.787040659156504,0.603184181395489
1,10,7,doublet,,0.02,,,K's tau,0.754374312801993,0.532515115005962
1,10,7,doublet,,0.02,,,LR,0.767256836497606,0.580567376951795
1,10,7,doublet,,0.02,,,PCA,0.825199083672884,0.590605347671351
1,10,7,doublet,,0.02,,,PCP,0.857694524024855,0.688028801097464
1,10,7,doublet,,0.02,,,PcaGrid,0.0944262617088184,0.096380526650854
1,10,7,doublet,,0.02,,,PcaHubert,0.482459658564945,0.369960244374759
1,10,7,doublet,,0.02,,,Quad,0.834532873632978,0.640436060113683
1,10,7,doublet,,0.02,,,Shell,0.783112132202178,0.642918203022259
1,10,7,doublet,,0.02,,,Winsor,0.839556068943126,0.619650501581895
1,1,8,doublet,,0.05,,,Ball,0.615492569417169,0.458599187305215
1,1,8,doublet,,0.05,,,K's tau,0.635787242423933,0.410656764647553
1,1,8,doublet,,0.05,,,LR,0.705538922412935,0.526929041559953
1,1,8,doublet,,0.05,,,PCA,0.754782402859988,0.474221908397549
1,1,8,doublet,,0.05,,,PCP,0.896576211308883,0.641184650522552
1,1,8,doublet,,0.05,,,PcaGrid,0.0965178113549725,0.0488240015148284
1,1,8,doublet,,0.05,,,PcaHubert,0.599185675921442,0.409762979698385
1,1,8,doublet,,0.05,,,Quad,0.697459202321379,0.478397312355655
1,1,8,doublet,,0.05,,,Shell,0.775076839869138,0.574080527714674
1,1,8,doublet,,0.05,,,Winsor,0.652636458569805,0.463151471423003
1,2,8,doublet,,0.05,,,Ball,0.697799331116241,0.442922103515379
1,2,8,doublet,,0.05,,,K's tau,0.715454381006502,0.500884130951193
1,2,8,doublet,,0.05,,,LR,0.672679373700633,0.450878395188545
1,2,8,doublet,,0.05,,,PCA,0.669078604704767,0.562993362047776
1,2,8,doublet,,0.05,,,PCP,0.879573141218393,0.591416916053881
1,2,8,doublet,,0.05,,,PcaGrid,0.000341820107569634,0.00044162521289313
1,2,8,doublet,,0.05,,,PcaHubert,0.643322376944201,0.421389575342019
1,2,8,doublet,,0.05,,,Quad,0.648430678055081,0.476282949547004
1,2,8,doublet,,0.05,,,Shell,0.707432973449179,0.489182345255197
1,2,8,doublet,,0.05,,,Winsor,0.661265482718397,0.49310485426373
1,3,8,doublet,,0.05,,,Ball,0.856278830481375,0.535384417410055
1,3,8,doublet,,0.05,,,K's tau,0.646543401275658,0.418581286745174
1,3,8,doublet,,0.05,,,LR,0.847247014949505,0.569439266906551
1,3,8,doublet,,0.05,,,PCA,0.859998560302707,0.546583874275125
1,3,8,doublet,,0.05,,,PCP,0.719494132718805,0.492121619962606
1,3,8,doublet,,0.05,,,PcaGrid,0.00240938614079002,0.00838437228599889
1,3,8,doublet,,0.05,,,PcaHubert,0.493085654767551,0.288613624832157
1,3,8,doublet,,0.05,,,Quad,0.824633456489177,0.507849553719369
1,3,8,doublet,,0.05,,,Shell,0.870681046900591,0.573488694899504
1,3,8,doublet,,0.05,,,Winsor,0.832312275481452,0.509141330746978
1,4,8,doublet,,0.05,,,Ball,0.725061896235948,0.441536813148233
1,4,8,doublet,,0.05,,,K's tau,0.64431663481456,0.456684698898819
1,4,8,doublet,,0.05,,,LR,0.740714604835383,0.489099255260467
1,4,8,doublet,,0.05,,,PCA,0.722032256050606,0.495106450458788
1,4,8,doublet,,0.05,,,PCP,0.725679569797075,0.5332705381365
1,4,8,doublet,,0.05,,,PcaGrid,0.0930612733175177,0.0498922876704855
1,4,8,doublet,,0.05,,,PcaHubert,0.522829270898301,0.383450992019665
1,4,8,doublet,,0.05,,,Quad,0.765899070286865,0.469006489172712
1,4,8,doublet,,0.05,,,Shell,0.822627217444203,0.561632717820412
1,4,8,doublet,,0.05,,,Winsor,0.750932282486898,0.504807584020196
1,5,8,doublet,,0.05,,,Ball,0.559469293133418,0.378931455593072
1,5,8,doublet,,0.05,,,K's tau,0.619835135217193,0.447704156224863
1,5,8,doublet,,0.05,,,LR,0.537353520450353,0.343401337216157
1,5,8,doublet,,0.05,,,PCA,0.698868087072115,0.472185665768203
1,5,8,doublet,,0.05,,,PCP,0.758175135615927,0.574137777191012
1,5,8,doublet,,0.05,,,PcaGrid,0.00127520666395334,0.00113543264412526
1,5,8,doublet,,0.05,,,PcaHubert,0.641252908315175,0.455104087706956
1,5,8,doublet,,0.05,,,Quad,0.636890348383029,0.394091104724177
1,5,8,doublet,,0.05,,,Shell,0.596843825615164,0.39306223452623
1,5,8,doublet,,0.05,,,Winsor,0.641762136204468,0.424839315322236
1,6,8,doublet,,0.05,,,Ball,0.828669648652606,0.502470680925858
1,6,8,doublet,,0.05,,,K's tau,0.802122171544382,0.533529418824093
1,6,8,doublet,,0.05,,,LR,0.842236579736521,0.557588272334117
1,6,8,doublet,,0.05,,,PCA,0.748969110655455,0.56583836629913
1,6,8,doublet,,0.05,,,PCP,0.772011020803023,0.503387801698143
1,6,8,doublet,,0.05,,,PcaGrid,0.00119401320642255,0.000965537655616289
1,6,8,doublet,,0.05,,,PcaHubert,0.612111156595783,0.519204448330486
1,6,8,doublet,,0.05,,,Quad,0.82380933550491,0.578589993193051
1,6,8,doublet,,0.05,,,Shell,0.857586031510646,0.588597583686282
1,6,8,doublet,,0.05,,,Winsor,0.800225498364439,0.592103554946734
1,7,8,doublet,,0.05,,,Ball,0.71247866630501,0.463559188429772
1,7,8,doublet,,0.05,,,K's tau,0.602254478747226,0.434049864013948
1,7,8,doublet,,0.05,,,LR,0.670184215931734,0.452204201220115
1,7,8,doublet,,0.05,,,PCA,0.70060442262393,0.545738500913874
1,7,8,doublet,,0.05,,,PCP,0.692809798844943,0.438624202640187
1,7,8,doublet,,0.05,,,PcaGrid,0.000229521251847052,0.0494494013580595
1,7,8,doublet,,0.05,,,PcaHubert,0.56945303334332,0.376863375003877
1,7,8,doublet,,0.05,,,Quad,0.766352169070731,0.589404522549129
1,7,8,doublet,,0.05,,,Shell,0.775052351356963,0.528010362817282
1,7,8,doublet,,0.05,,,Winsor,0.746224940320435,0.594632393920796
1,8,8,doublet,,0.05,,,Ball,0.751094469230467,0.498947303278637
1,8,8,doublet,,0.05,,,K's tau,0.684776492399205,0.476713089110814
1,8,8,doublet,,0.05,,,LR,0.792694308304304,0.560858246304323
1,8,8,doublet,,0.05,,,PCA,0.79075022056985,0.517839445951614
1,8,8,doublet,,0.05,,,PCP,0.77466309710467,0.523154632104161
1,8,8,doublet,,0.05,,,PcaGrid,0.000767165856791417,0.0477497360007942
1,8,8,doublet,,0.05,,,PcaHubert,0.601970659698288,0.415744959765472
1,8,8,doublet,,0.05,,,Quad,0.796527222360508,0.571190488112657
1,8,8,doublet,,0.05,,,Shell,0.85571536258896,0.604410290931122
1,8,8,doublet,,0.05,,,Winsor,0.79355211015772,0.556146083380471
1,9,8,doublet,,0.05,,,Ball,0.729955147070025,0.474307367835912
1,9,8,doublet,,0.05,,,K's tau,0.647385976413695,0.403511531235316
1,9,8,doublet,,0.05,,,LR,0.720497711181658,0.546009936147376
1,9,8,doublet,,0.05,,,PCA,0.659857574514772,0.537383596077541
1,9,8,doublet,,0.05,,,PCP,0.830299509022814,0.639073229296609
1,9,8,doublet,,0.05,,,PcaGrid,0.0957277488439854,0.140989940085727
1,9,8,doublet,,0.05,,,PcaHubert,0.614808224552616,0.457172042289274
1,9,8,doublet,,0.05,,,Quad,0.73198172976626,0.619819828544199
1,9,8,doublet,,0.05,,,Shell,0.755321971926458,0.541345562550785
1,9,8,doublet,,0.05,,,Winsor,0.708293333778324,0.576308327389065
1,10,8,doublet,,0.05,,,Ball,0.742728368119969,0.526658406083684
1,10,8,doublet,,0.05,,,K's tau,0.746870061027021,0.498813213285859
1,10,8,doublet,,0.05,,,LR,0.757377983728579,0.49234173205403
1,10,8,doublet,,0.05,,,PCA,0.830497794046997,0.518812914053809
1,10,8,doublet,,0.05,,,PCP,0.849660782244868,0.6377079540731
1,10,8,doublet,,0.05,,,PcaGrid,0.00203048945991026,0.00193647834187257
1,10,8,doublet,,0.05,,,PcaHubert,0.464952793907568,0.393658176703536
1,10,8,doublet,,0.05,,,Quad,0.717174269853727,0.441853956318096
1,10,8,doublet,,0.05,,,Shell,0.747306003116219,0.494684529425153
1,10,8,doublet,,0.05,,,Winsor,0.750357474442905,0.471603605149009
1,1,9,doublet,,0.08,,,Ball,0.645374286185048,0.407837212031058
1,1,9,doublet,,0.08,,,K's tau,0.586760103455411,0.384932739676145
1,1,9,doublet,,0.08,,,LR,0.629519304883831,0.424973549751676
1,1,9,doublet,,0.08,,,PCA,0.724966027586244,0.487728250922722
1,1,9,doublet,,0.08,,,PCP,0.726296018062463,0.534341746969322
1,1,9,doublet,,0.08,,,PcaGrid,0.00204186665070695,0.00124954012763538
1,1,9,doublet,,0.08,,,PcaHubert,0.633077630855437,0.421648532237168
1,1,9,doublet,,0.08,,,Quad,0.596614882470856,0.349370538191445
1,1,9,doublet,,0.08,,,Shell,0.581187487774036,0.433794700189907
1,1,9,doublet,,0.08,,,Winsor,0.674691518435113,0.436421343655153
1,2,9,doublet,,0.08,,,Ball,0.65379408429448,0.40235842224819
1,2,9,doublet,,0.08,,,K's tau,0.651769057657581,0.381219013333482
1,2,9,doublet,,0.08,,,LR,0.683803181723606,0.470080954210687
1,2,9,doublet,,0.08,,,PCA,0.603864569825853,0.413380391509231
1,2,9,doublet,,0.08,,,PCP,0.838108691594093,0.480054191324596
1,2,9,doublet,,0.08,,,PcaGrid,0.000652749193174843,0.00093932157961982
1,2,9,doublet,,0.08,,,PcaHubert,0.572313591117163,0.354176919899624
1,2,9,doublet,,0.08,,,Quad,0.638397197458394,0.46000610786726
1,2,9,doublet,,0.08,,,Shell,0.605851571046748,0.433308225594663
1,2,9,doublet,,0.08,,,Winsor,0.636496062033127,0.447632314936579
1,3,9,doublet,,0.08,,,Ball,0.689654619461938,0.429681726575203
1,3,9,doublet,,0.08,,,K's tau,0.6680908374255,0.407442944580076
1,3,9,doublet,,0.08,,,LR,0.686401146232019,0.483461486804164
1,3,9,doublet,,0.08,,,PCA,0.594688025759749,0.415277967429403
1,3,9,doublet,,0.08,,,PCP,0.728234809860451,0.497335491794129
1,3,9,doublet,,0.08,,,PcaGrid,0.00120704424831471,0.00130511772444248
1,3,9,doublet,,0.08,,,PcaHubert,0.58787084737204,0.390991462648492
1,3,9,doublet,,0.08,,,Quad,0.71421910810209,0.450954906214308
1,3,9,doublet,,0.08,,,Shell,0.823248333604115,0.535615397566753
1,3,9,doublet,,0.08,,,Winsor,0.71417407083216,0.456499928513314
1,4,9,doublet,,0.08,,,Ball,0.677728421990893,0.4134355361437
1,4,9,doublet,,0.08,,,K's tau,0.648986369548403,0.401882479423362
1,4,9,doublet,,0.08,,,LR,0.6322444499894,0.422626671006304
1,4,9,doublet,,0.08,,,PCA,0.679367563893145,0.455732121739314
1,4,9,doublet,,0.08,,,PCP,0.743932799279622,0.522297121450917
1,4,9,doublet,,0.08,,,PcaGrid,0.00200001030345397,0.0487845664338758
1,4,9,doublet,,0.08,,,PcaHubert,0.483615449783862,0.329810795690909
1,4,9,doublet,,0.08,,,Quad,0.665357498448654,0.419813213971873
1,4,9,doublet,,0.08,,,Shell,0.627460645182129,0.426936178410954
1,4,9,doublet,,0.08,,,Winsor,0.684524829766484,0.441661859958542
1,5,9,doublet,,0.08,,,Ball,0.615581029164747,0.36560608415947
1,5,9,doublet,,0.08,,,K's tau,0.575998055165809,0.354576910322208
1,5,9,doublet,,0.08,,,LR,0.656403626466729,0.42867326154201
1,5,9,doublet,,0.08,,,PCA,0.663311944517363,0.414840683912209
1,5,9,doublet,,0.08,,,PCP,0.736500834808526,0.450995915493617
1,5,9,doublet,,0.08,,,PcaGrid,0.00112650432939873,0.001398921454743
1,5,9,doublet,,0.08,,,PcaHubert,0.561808946533487,0.381279206237736
1,5,9,doublet,,0.08,,,Quad,0.594944416140141,0.393813402242442
1,5,9,doublet,,0.08,,,Shell,0.663501737210376,0.437007207453441
1,5,9,doublet,,0.08,,,Winsor,0.648385494405901,0.431491757698883
1,6,9,doublet,,0.08,,,Ball,0.690120789589086,0.462402187606645
1,6,9,doublet,,0.08,,,K's tau,0.579659132427027,0.368994810902857
1,6,9,doublet,,0.08,,,LR,0.724863052048331,0.467043741693686
1,6,9,doublet,,0.08,,,PCA,0.785973196515703,0.510671190000175
1,6,9,doublet,,0.08,,,PCP,0.739948553532653,0.485859583822425
1,6,9,doublet,,0.08,,,PcaGrid,0.0899276464371784,0.10054012927638
1,6,9,doublet,,0.08,,,PcaHubert,0.55305642071966,0.418273155580504
1,6,9,doublet,,0.08,,,Quad,0.662691967321672,0.421860401748928
1,6,9,doublet,,0.08,,,Shell,0.786933524510039,0.531761557514635
1,6,9,doublet,,0.08,,,Winsor,0.648922577918188,0.427541215217745
1,7,9,doublet,,0.08,,,Ball,0.673443303718779,0.482524479737444
1,7,9,doublet,,0.08,,,K's tau,0.678627410746528,0.392044677331695
1,7,9,doublet,,0.08,,,LR,0.670096113973125,0.436040778467912
1,7,9,doublet,,0.08,,,PCA,0.694008810041652,0.44242250446558
1,7,9,doublet,,0.08,,,PCP,0.703642299065491,0.470140475077998
1,7,9,doublet,,0.08,,,PcaGrid,0.0116018988864855,0.00631536276024304
1,7,9,doublet,,0.08,,,PcaHubert,0.515719903789092,0.366006118270376
1,7,9,doublet,,0.08,,,Quad,0.642413134485601,0.446489844610024
1,7,9,doublet,,0.08,,,Shell,0.703225078310268,0.485392180099086
1,7,9,doublet,,0.08,,,Winsor,0.612300825325014,0.414936487236566
1,8,9,doublet,,0.08,,,Ball,0.688670460113262,0.451798424624528
1,8,9,doublet,,0.08,,,K's tau,0.632046556724927,0.416811122912092
1,8,9,doublet,,0.08,,,LR,0.688635480215592,0.486898243920479
1,8,9,doublet,,0.08,,,PCA,0.599174418858994,0.406103783943022
1,8,9,doublet,,0.08,,,PCP,0.827913690339508,0.513049467536616
1,8,9,doublet,,0.08,,,PcaGrid,0.000828366689114741,0.00121001124290507
1,8,9,doublet,,0.08,,,PcaHubert,0.552560025679652,0.387050863830906
1,8,9,doublet,,0.08,,,Quad,0.67214580778913,0.448430918500143
1,8,9,doublet,,0.08,,,Shell,0.711383580655363,0.465654321146772
1,8,9,doublet,,0.08,,,Winsor,0.663225777967875,0.417808193594076
1,9,9,doublet,,0.08,,,Ball,0.574839708917771,0.350097972872815
1,9,9,doublet,,0.08,,,K's tau,0.650737861199717,0.419223697796343
1,9,9,doublet,,0.08,,,LR,0.655499622836135,0.430903146823056
1,9,9,doublet,,0.08,,,PCA,0.690791763792896,0.486939891505483
1,9,9,doublet,,0.08,,,PCP,0.749726264878234,0.487770882859022
1,9,9,doublet,,0.08,,,PcaGrid,0.000567503939945167,0.0496074830311995
1,9,9,doublet,,0.08,,,PcaHubert,0.514347223824368,0.323416965716312
1,9,9,doublet,,0.08,,,Quad,0.643846028733807,0.476991613763055
1,9,9,doublet,,0.08,,,Shell,0.732774781474514,0.498901379700518
1,9,9,doublet,,0.08,,,Winsor,0.660186511360784,0.475085320621128
1,10,9,doublet,,0.08,,,Ball,0.789243266952552,0.519646937536739
1,10,9,doublet,,0.08,,,K's tau,0.699962448005234,0.419894167103328
1,10,9,doublet,,0.08,,,LR,0.723790673652746,0.432764251402838
1,10,9,doublet,,0.08,,,PCA,0.760420082174555,0.531518860605211
1,10,9,doublet,,0.08,,,PCP,0.692847869750888,0.447713803496358
1,10,9,doublet,,0.08,,,PcaGrid,0.000257534434139012,0.000608278911171306
1,10,9,doublet,,0.08,,,PcaHubert,0.584887624713096,0.417891048990994
1,10,9,doublet,,0.08,,,Quad,0.733996167935439,0.492976806597564
1,10,9,doublet,,0.08,,,Shell,0.760673677799957,0.510808504338677
1,10,9,doublet,,0.08,,,Winsor,0.740541872952346,0.476289154544037
1,1,10,doublet,,0.1,,,Ball,0.621920029835434,0.412601154344575
1,1,10,doublet,,0.1,,,K's tau,0.548136459675857,0.386912106296822
1,1,10,doublet,,0.1,,,LR,0.648536585095883,0.426948899405266
1,1,10,doublet,,0.1,,,PCA,0.653934067854996,0.441955503697877
1,1,10,doublet,,0.1,,,PCP,0.735220953310372,0.469185754418824
1,1,10,doublet,,0.1,,,PcaGrid,0.000450185664483108,0.000316383303418013
1,1,10,doublet,,0.1,,,PcaHubert,0.559115819281752,0.371017296280932
1,1,10,doublet,,0.1,,,Quad,0.626672542190268,0.416102421591999
1,1,10,doublet,,0.1,,,Shell,0.732102427186463,0.460498342216985
1,1,10,doublet,,0.1,,,Winsor,0.658345914803294,0.4178823638814
1,2,10,doublet,,0.1,,,Ball,0.632668319442842,0.383466718154273
1,2,10,doublet,,0.1,,,K's tau,0.605550860235108,0.361542623433376
1,2,10,doublet,,0.1,,,LR,0.639682464222124,0.391881134669369
1,2,10,doublet,,0.1,,,PCA,0.645322529342836,0.421970683564938
1,2,10,doublet,,0.1,,,PCP,0.724969804514384,0.446570484135015
1,2,10,doublet,,0.1,,,PcaGrid,0.00076294126406786,0.000900547767741926
1,2,10,doublet,,0.1,,,PcaHubert,0.496748131321189,0.357063950706605
1,2,10,doublet,,0.1,,,Quad,0.723812034074905,0.492020586843509
1,2,10,doublet,,0.1,,,Shell,0.712660619958967,0.439723007090353
1,2,10,doublet,,0.1,,,Winsor,0.732779363308938,0.485520865857643
1,3,10,doublet,,0.1,,,Ball,0.689719866873233,0.428308711763542
1,3,10,doublet,,0.1,,,K's tau,0.594314940751621,0.381438145801158
1,3,10,doublet,,0.1,,,LR,0.665538338313422,0.435772028851121
1,3,10,doublet,,0.1,,,PCA,0.630464121306006,0.378733256529369
1,3,10,doublet,,0.1,,,PCP,0.747983474578761,0.468005122415088
1,3,10,doublet,,0.1,,,PcaGrid,0.00249089833561625,0.00157001718924674
1,3,10,doublet,,0.1,,,PcaHubert,0.513340653852918,0.346448287914612
1,3,10,doublet,,0.1,,,Quad,0.66272588514194,0.408499682536661
1,3,10,doublet,,0.1,,,Shell,0.656670122717541,0.460263704582277
1,3,10,doublet,,0.1,,,Winsor,0.635621015130063,0.387732371892139
1,4,10,doublet,,0.1,,,Ball,0.677727986312907,0.453809733118057
1,4,10,doublet,,0.1,,,K's tau,0.606580617145746,0.362383194611869
1,4,10,doublet,,0.1,,,LR,0.664450500740808,0.449822458802232
1,4,10,doublet,,0.1,,,PCA,0.808111401733165,0.509052947667051
1,4,10,doublet,,0.1,,,PCP,0.618231815399925,0.411759265463887
1,4,10,doublet,,0.1,,,PcaGrid,0.00282449099083113,0.00167985274726839
1,4,10,doublet,,0.1,,,PcaHubert,0.525644976830706,0.381681017036584
1,4,10,doublet,,0.1,,,Quad,0.692493961799799,0.416691756870751
1,4,10,doublet,,0.1,,,Shell,0.665942841614165,0.418864129239104
1,4,10,doublet,,0.1,,,Winsor,0.702939398840684,0.435305927138098
1,5,10,doublet,,0.1,,,Ball,0.603651610038421,0.378224713368179
1,5,10,doublet,,0.1,,,K's tau,0.57360988840596,0.366134196061549
1,5,10,doublet,,0.1,,,LR,0.580313411525184,0.387599574761198
1,5,10,doublet,,0.1,,,PCA,0.714550097516266,0.424415512077641
1,5,10,doublet,,0.1,,,PCP,0.642451147669005,0.414187790410425
1,5,10,doublet,,0.1,,,PcaGrid,0.00611827188898703,0.00324707461454154
1,5,10,doublet,,0.1,,,PcaHubert,0.620462575199322,0.397870941730738
1,5,10,doublet,,0.1,,,Quad,0.652214861896869,0.432164325725377
1,5,10,doublet,,0.1,,,Shell,0.576023989387807,0.363958529669914
1,5,10,doublet,,0.1,,,Winsor,0.706812233738289,0.444476071667742
1,6,10,doublet,,0.1,,,Ball,0.691399613553796,0.430497966317169
1,6,10,doublet,,0.1,,,K's tau,0.635636966593965,0.376102854228233
1,6,10,doublet,,0.1,,,LR,0.628387678779244,0.436369964036306
1,6,10,doublet,,0.1,,,PCA,0.679221643148109,0.454992677685918
1,6,10,doublet,,0.1,,,PCP,0.785785239609457,0.524383851068748
1,6,10,doublet,,0.1,,,PcaGrid,0.000893645440482916,0.00103724619928306
1,6,10,doublet,,0.1,,,PcaHubert,0.614522065226013,0.438758012823061
1,6,10,doublet,,0.1,,,Quad,0.612806532012754,0.421338494979854
1,6,10,doublet,,0.1,,,Shell,0.59127800743711,0.396066466485062
1,6,10,doublet,,0.1,,,Winsor,0.619177600559447,0.435752026881509
1,7,10,doublet,,0.1,,,Ball,0.664712704598274,0.422858340992205
1,7,10,doublet,,0.1,,,K's tau,0.60495306065119,0.360683515944098
1,7,10,doublet,,0.1,,,LR,0.708828616944908,0.451851177442294
1,7,10,doublet,,0.1,,,PCA,0.68222642331043,0.443147830879051
1,7,10,doublet,,0.1,,,PCP,0.653526094037508,0.40828546531087
1,7,10,doublet,,0.1,,,PcaGrid,0.00122963149625144,0.00121354496722193
1,7,10,doublet,,0.1,,,PcaHubert,0.497699204192172,0.331766561487612
1,7,10,doublet,,0.1,,,Quad,0.703620359307764,0.481037623274255
1,7,10,doublet,,0.1,,,Shell,0.703987144591186,0.458670681544771
1,7,10,doublet,,0.1,,,Winsor,0.68656203807828,0.492518087260807
1,8,10,doublet,,0.1,,,Ball,0.634331611088766,0.420392476137219
1,8,10,doublet,,0.1,,,K's tau,0.524450360980164,0.324795525926544
1,8,10,doublet,,0.1,,,LR,0.675894427491092,0.466754094014749
1,8,10,doublet,,0.1,,,PCA,0.593333959654729,0.441181006043189
1,8,10,doublet,,0.1,,,PCP,0.756512966886038,0.482353734921735
1,8,10,doublet,,0.1,,,PcaGrid,0.00244060412489154,0.00159721517369523
1,8,10,doublet,,0.1,,,PcaHubert,0.595385201298116,0.434231814244661
1,8,10,doublet,,0.1,,,Quad,0.653680925861674,0.416881038540774
1,8,10,doublet,,0.1,,,Shell,0.701668972046735,0.423241794173282
1,8,10,doublet,,0.1,,,Winsor,0.64079575500301,0.460592717739161
1,9,10,doublet,,0.1,,,Ball,0.606225814161859,0.38965247386848
1,9,10,doublet,,0.1,,,K's tau,0.499826825361615,0.373958534766983
1,9,10,doublet,,0.1,,,LR,0.595668313888477,0.364989578515168
1,9,10,doublet,,0.1,,,PCA,0.740463623407621,0.543296758864471
1,9,10,doublet,,0.1,,,PCP,0.751929620768546,0.464315143347646
1,9,10,doublet,,0.1,,,PcaGrid,0.0922672173321367,0.0464772286421979
1,9,10,doublet,,0.1,,,PcaHubert,0.484842003015518,0.351810886530811
1,9,10,doublet,,0.1,,,Quad,0.701887106595646,0.474986774988161
1,9,10,doublet,,0.1,,,Shell,0.657143388840334,0.430303781285846
1,9,10,doublet,,0.1,,,Winsor,0.711750564084361,0.486207547912345
1,10,10,doublet,,0.1,,,Ball,0.642115396576839,0.451735239114422
1,10,10,doublet,,0.1,,,K's tau,0.581384355591896,0.37231264745023
1,10,10,doublet,,0.1,,,LR,0.651615422334766,0.446311104425874
1,10,10,doublet,,0.1,,,PCA,0.683518584897124,0.445321518333405
1,10,10,doublet,,0.1,,,PCP,0.696177565393323,0.485035621372944
1,10,10,doublet,,0.1,,,PcaGrid,0.000372639586086116,0.00061908667840546
1,10,10,doublet,,0.1,,,PcaHubert,0.469114443877581,0.337518967001556
1,10,10,doublet,,0.1,,,Quad,0.692941426315217,0.477516242109988
1,10,10,doublet,,0.1,,,Shell,0.649715416536714,0.427937000156993
1,10,10,doublet,,0.1,,,Winsor,0.711354676199461,0.490643507995081
1,1,11,doublet,,0.15,,,Ball,0.619098324154645,0.440050923387141
1,1,11,doublet,,0.15,,,K's tau,0.580134056853272,0.362991724591005
1,1,11,doublet,,0.15,,,LR,0.619661184020673,0.406512910771798
1,1,11,doublet,,0.15,,,PCA,0.615474765534863,0.416259476481537
1,1,11,doublet,,0.15,,,PCP,0.675461732303326,0.396070643299553
1,1,11,doublet,,0.15,,,PcaGrid,0.00151754788860454,0.000999589746720877
1,1,11,doublet,,0.15,,,PcaHubert,0.552590570794266,0.36550099679316
1,1,11,doublet,,0.15,,,Quad,0.553279681173317,0.397563418345295
1,1,11,doublet,,0.15,,,Shell,0.613796764000324,0.38335469163245
1,1,11,doublet,,0.15,,,Winsor,0.577879605139929,0.416510215830966
1,2,11,doublet,,0.15,,,Ball,0.609902045910685,0.384396801196309
1,2,11,doublet,,0.15,,,K's tau,0.609927429209495,0.378283268751616
1,2,11,doublet,,0.15,,,LR,0.634970545430409,0.401156319142183
1,2,11,doublet,,0.15,,,PCA,0.642586731962383,0.409192361837759
1,2,11,doublet,,0.15,,,PCP,0.676117703025337,0.429450812230263
1,2,11,doublet,,0.15,,,PcaGrid,0.00113052957347807,0.00157718976115761
1,2,11,doublet,,0.15,,,PcaHubert,0.577792022301119,0.344173178797987
1,2,11,doublet,,0.15,,,Quad,0.615099290547438,0.359937247655583
1,2,11,doublet,,0.15,,,Shell,0.64827505916514,0.413607895050924
1,2,11,doublet,,0.15,,,Winsor,0.62105234533108,0.360531157253352
1,3,11,doublet,,0.15,,,Ball,0.692299270090642,0.418501432867435
1,3,11,doublet,,0.15,,,K's tau,0.623947580818591,0.378142141886105
1,3,11,doublet,,0.15,,,LR,0.702748789760616,0.418529005953672
1,3,11,doublet,,0.15,,,PCA,0.675290360910971,0.416255570317533
1,3,11,doublet,,0.15,,,PCP,0.679073967785145,0.425312440609156
1,3,11,doublet,,0.15,,,PcaGrid,0.00423159459701269,0.00371382909078829
1,3,11,doublet,,0.15,,,PcaHubert,0.5052141951786,0.316020957369299
1,3,11,doublet,,0.15,,,Quad,0.708635459178549,0.409473689102859
1,3,11,doublet,,0.15,,,Shell,0.732467100106628,0.478010676080439
1,3,11,doublet,,0.15,,,Winsor,0.682321277758599,0.394330463388768
1,4,11,doublet,,0.15,,,Ball,0.598432486235992,0.395330106551631
1,4,11,doublet,,0.15,,,K's tau,0.53547438848024,0.349586989453279
1,4,11,doublet,,0.15,,,LR,0.644479750143075,0.419360339033338
1,4,11,doublet,,0.15,,,PCA,0.643102677591474,0.377042125152547
1,4,11,doublet,,0.15,,,PCP,0.678678363368936,0.40858564339697
1,4,11,doublet,,0.15,,,PcaGrid,0.00209353542566122,0.00128805813300937
1,4,11,doublet,,0.15,,,PcaHubert,0.503309761697785,0.342670327872706
1,4,11,doublet,,0.15,,,Quad,0.608614886430206,0.375341057714437
1,4,11,doublet,,0.15,,,Shell,0.631122666429722,0.365906770539355
1,4,11,doublet,,0.15,,,Winsor,0.619107202799452,0.388622327270918
1,5,11,doublet,,0.15,,,Ball,0.573323051424611,0.382218345479153
1,5,11,doublet,,0.15,,,K's tau,0.542249365703171,0.354266910244623
1,5,11,doublet,,0.15,,,LR,0.596872866373771,0.363908558565229
1,5,11,doublet,,0.15,,,PCA,0.641160102851292,0.416705667794518
1,5,11,doublet,,0.15,,,PCP,0.620513723823637,0.394548038801353
1,5,11,doublet,,0.15,,,PcaGrid,0.00979933185474831,0.00503288399589197
1,5,11,doublet,,0.15,,,PcaHubert,0.531761541546313,0.354400471085026
1,5,11,doublet,,0.15,,,Quad,0.615649224211419,0.374147408088664
1,5,11,doublet,,0.15,,,Shell,0.618836432832143,0.388315212316834
1,5,11,doublet,,0.15,,,Winsor,0.580996641510051,0.37518368662059
1,6,11,doublet,,0.15,,,Ball,0.617123932302519,0.402680107943144
1,6,11,doublet,,0.15,,,K's tau,0.510393868310485,0.318004194387083
1,6,11,doublet,,0.15,,,LR,0.635300541052692,0.401580116060652
1,6,11,doublet,,0.15,,,PCA,0.716751508070172,0.417419532324593
1,6,11,doublet,,0.15,,,PCP,0.753233545057882,0.453996619353583
1,6,11,doublet,,0.15,,,PcaGrid,0.00221199309922844,0.00220109982408097
1,6,11,doublet,,0.15,,,PcaHubert,0.510857324426589,0.405618291895297
1,6,11,doublet,,0.15,,,Quad,0.563582547824342,0.399610384915194
1,6,11,doublet,,0.15,,,Shell,0.675590697547177,0.436846418137503
1,6,11,doublet,,0.15,,,Winsor,0.559449225661703,0.388418203109636
1,7,11,doublet,,0.15,,,Ball,0.594443549046989,0.375630803122305
1,7,11,doublet,,0.15,,,K's tau,0.591376720534786,0.369488756629124
1,7,11,doublet,,0.15,,,LR,0.561102704479698,0.367261836939991
1,7,11,doublet,,0.15,,,PCA,0.598378641002364,0.403924892685602
1,7,11,doublet,,0.15,,,PCP,0.702396982418955,0.479681317852222
1,7,11,doublet,,0.15,,,PcaGrid,0.000892117489732938,0.00200449013588786
1,7,11,doublet,,0.15,,,PcaHubert,0.504419508756215,0.310430831064054
1,7,11,doublet,,0.15,,,Quad,0.587180363046498,0.386823293069265
1,7,11,doublet,,0.15,,,Shell,0.583352242006,0.387731149389887
1,7,11,doublet,,0.15,,,Winsor,0.606545145015093,0.405206169773925
1,8,11,doublet,,0.15,,,Ball,0.550875014622171,0.335489022107956
1,8,11,doublet,,0.15,,,K's tau,0.547416138897713,0.3572196080987
1,8,11,doublet,,0.15,,,LR,0.641473264555276,0.415109068883934
1,8,11,doublet,,0.15,,,PCA,0.590114945294621,0.400385099717223
1,8,11,doublet,,0.15,,,PCP,0.700168315319681,0.425798113194394
1,8,11,doublet,,0.15,,,PcaGrid,0.00211129582460873,0.00132104632262095
1,8,11,doublet,,0.15,,,PcaHubert,0.532156273234249,0.348672846636068
1,8,11,doublet,,0.15,,,Quad,0.620013867669004,0.393351177444663
1,8,11,doublet,,0.15,,,Shell,0.65530682605509,0.434795874181283
1,8,11,doublet,,0.15,,,Winsor,0.605784098465112,0.379087639490907
1,9,11,doublet,,0.15,,,Ball,0.676969623498258,0.432780535993014
1,9,11,doublet,,0.15,,,K's tau,0.567460304012521,0.38871188133403
1,9,11,doublet,,0.15,,,LR,0.57600284510947,0.349512239893655
1,9,11,doublet,,0.15,,,PCA,0.579178033892254,0.36601617617846
1,9,11,doublet,,0.15,,,PCP,0.563984884866781,0.35703473878933
1,9,11,doublet,,0.15,,,PcaGrid,0.00168523277616963,0.00120050512067986
1,9,11,doublet,,0.15,,,PcaHubert,0.440394721467865,0.302349351691771
1,9,11,doublet,,0.15,,,Quad,0.573001890930187,0.354926768368992
1,9,11,doublet,,0.15,,,Shell,0.587154646556978,0.363809323723056
1,9,11,doublet,,0.15,,,Winsor,0.564131341979125,0.33655091821231
1,10,11,doublet,,0.15,,,Ball,0.690153251055406,0.451967165615086
1,10,11,doublet,,0.15,,,K's tau,0.653415665686312,0.41189866720577
1,10,11,doublet,,0.15,,,LR,0.687686749218132,0.462663365633974
1,10,11,doublet,,0.15,,,PCA,0.665722462753232,0.441191972064069
1,10,11,doublet,,0.15,,,PCP,0.6967276206565,0.393680700326938
1,10,11,doublet,,0.15,,,PcaGrid,0.00332901173491732,0.00183670200005008
1,10,11,doublet,,0.15,,,PcaHubert,0.579607963397391,0.418203403096991
1,10,11,doublet,,0.15,,,Quad,0.688519106518215,0.421964359583959
1,10,11,doublet,,0.15,,,Shell,0.713114174097401,0.460424104518944
1,10,11,doublet,,0.15,,,Winsor,0.685971224111495,0.453277488717619
1,1,12,shift,,,0.02,2,Ball,0.997037634994039,0.90502124657454
1,1,12,shift,,,0.02,2,K's tau,0.996093582308078,0.973724251985539
1,1,12,shift,,,0.02,2,LR,0.996593420636627,0.953943818875835
1,1,12,shift,,,0.02,2,PCA,0.990464976739919,0.960299978550863
1,1,12,shift,,,0.02,2,PCP,0.997542491378298,0.983080076631035
1,1,12,shift,,,0.02,2,PcaGrid,0.285786269144413,0.143687439922527
1,1,12,shift,,,0.02,2,PcaHubert,0.836169161698106,0.821002159571636
1,1,12,shift,,,0.02,2,Quad,0.985475935490668,0.972959161261593
1,1,12,shift,,,0.02,2,Shell,0.994952030819731,0.971068214366789
1,1,12,shift,,,0.02,2,Winsor,0.981005367427396,0.97261524018665
1,2,12,shift,,,0.02,2,Ball,0.865133824460361,0.924968827546748
1,2,12,shift,,,0.02,2,K's tau,0.856200912381279,0.913572820863763
1,2,12,shift,,,0.02,2,LR,0.997115707268456,0.987844160341386
1,2,12,shift,,,0.02,2,PCA,0.996623316011303,0.98483504901905
1,2,12,shift,,,0.02,2,PCP,0.998543123782414,0.976472266066157
1,2,12,shift,,,0.02,2,PcaGrid,0.00070888232586319,0.0957995209001207
1,2,12,shift,,,0.02,2,PcaHubert,0.703374692911113,0.735959325812411
1,2,12,shift,,,0.02,2,Quad,0.996372651405561,0.990165527411269
1,2,12,shift,,,0.02,2,Shell,0.997291807622591,0.992051044712358
1,2,12,shift,,,0.02,2,Winsor,0.994718015878485,0.98366659105301
1,3,12,shift,,,0.02,2,Ball,0.996739128335433,0.985504604495229
1,3,12,shift,,,0.02,2,K's tau,0.993242253773403,0.986537473473018
1,3,12,shift,,,0.02,2,LR,0.995972971929331,0.988875908651216
1,3,12,shift,,,0.02,2,PCA,0.961909234055723,0.953863140650568
1,3,12,shift,,,0.02,2,PCP,0.997927059353506,0.994089325872905
1,3,12,shift,,,0.02,2,PcaGrid,0.298385405871592,0.158056065815587
1,3,12,shift,,,0.02,2,PcaHubert,0.94817306821944,0.870047020621343
1,3,12,shift,,,0.02,2,Quad,0.994945725892139,0.947439315531835
1,3,12,shift,,,0.02,2,Shell,0.996582927815867,0.983439701904617
1,3,12,shift,,,0.02,2,Winsor,0.983182927772424,0.976975691625318
1,4,12,shift,,,0.02,2,Ball,0.995632619357775,0.990163738415264
1,4,12,shift,,,0.02,2,K's tau,0.997071767484987,0.984725207253015
1,4,12,shift,,,0.02,2,LR,0.996414769378332,0.965476862780205
1,4,12,shift,,,0.02,2,PCA,0.998947813826808,0.978987101371997
1,4,12,shift,,,0.02,2,PCP,0.997450272210533,0.990859548392589
1,4,12,shift,,,0.02,2,PcaGrid,0.19077972742566,0.102520113159616
1,4,12,shift,,,0.02,2,PcaHubert,0.747643676213564,0.644895950641985
1,4,12,shift,,,0.02,2,Quad,0.997999955448234,0.936296220848813
1,4,12,shift,,,0.02,2,Shell,0.99718964003021,0.987929250095584
1,4,12,shift,,,0.02,2,Winsor,0.998426040866837,0.936350150868424
1,5,12,shift,,,0.02,2,Ball,0.991529418834331,0.985532832923727
1,5,12,shift,,,0.02,2,K's tau,0.997860843166908,0.988976435797331
1,5,12,shift,,,0.02,2,LR,0.990511909845692,0.983697810760596
1,5,12,shift,,,0.02,2,PCA,0.995555990733919,0.98911458555348
1,5,12,shift,,,0.02,2,PCP,0.99745678725009,0.976040007467187
1,5,12,shift,,,0.02,2,PcaGrid,0.2911211728792,0.146330786845176
1,5,12,shift,,,0.02,2,PcaHubert,0.685388253009198,0.583438493488578
1,5,12,shift,,,0.02,2,Quad,0.994319525899147,0.973793350005754
1,5,12,shift,,,0.02,2,Shell,0.982521684714422,0.94801479529194
1,5,12,shift,,,0.02,2,Winsor,0.992681891148497,0.987531006483872
1,6,12,shift,,,0.02,2,Ball,0.996512033211555,0.987534438781822
1,6,12,shift,,,0.02,2,K's tau,0.997386301048758,0.983675409286653
1,6,12,shift,,,0.02,2,LR,0.997621640237001,0.974823716212087
1,6,12,shift,,,0.02,2,PCA,0.997607199725281,0.985090322902911
1,6,12,shift,,,0.02,2,PCP,0.998286566163443,0.98318154997116
1,6,12,shift,,,0.02,2,PcaGrid,0.196417622849797,0.19755322034882
1,6,12,shift,,,0.02,2,PcaHubert,0.801399665685307,0.742207637786921
1,6,12,shift,,,0.02,2,Quad,0.997013926878702,0.984676598222235
1,6,12,shift,,,0.02,2,Shell,0.997081869080792,0.962059499594207
1,6,12,shift,,,0.02,2,Winsor,0.996410949777476,0.974724006410629
1,7,12,shift,,,0.02,2,Ball,0.99544650270918,0.969029241462452
1,7,12,shift,,,0.02,2,K's tau,0.996055264975284,0.957635026798878
1,7,12,shift,,,0.02,2,LR,0.990595697180401,0.979357068982073
1,7,12,shift,,,0.02,2,PCA,0.988766437788172,0.976236135294582
1,7,12,shift,,,0.02,2,PCP,0.998415872553041,0.982467095883219
1,7,12,shift,,,0.02,2,PcaGrid,0.000525217075595653,0.00167050898748148
1,7,12,shift,,,0.02,2,PcaHubert,0.81626197195793,0.712318629791403
1,7,12,shift,,,0.02,2,Quad,0.9976427345319,0.983835320382168
1,7,12,shift,,,0.02,2,Shell,0.997054144336421,0.988668199873112
1,7,12,shift,,,0.02,2,Winsor,0.997497129823362,0.983892040768444
1,8,12,shift,,,0.02,2,Ball,0.998306381427959,0.985680375696491
1,8,12,shift,,,0.02,2,K's tau,0.973651524130223,0.973809342856065
1,8,12,shift,,,0.02,2,LR,0.985507344104104,0.984003219016781
1,8,12,shift,,,0.02,2,PCA,0.998132100850108,0.994542707593935
1,8,12,shift,,,0.02,2,PCP,0.997661379052487,0.961714991056609
1,8,12,shift,,,0.02,2,PcaGrid,0.100186872485242,0.16202234991376
1,8,12,shift,,,0.02,2,PcaHubert,0.662260032289955,0.522170559868373
1,8,12,shift,,,0.02,2,Quad,0.992889896470165,0.987753496750248
1,8,12,shift,,,0.02,2,Shell,0.994293211151822,0.900514851944365
1,8,12,shift,,,0.02,2,Winsor,0.989176392939855,0.974790845914082
1,9,12,shift,,,0.02,2,Ball,0.988902955049901,0.97105728910576
1,9,12,shift,,,0.02,2,K's tau,0.993419090416818,0.922465476671233
1,9,12,shift,,,0.02,2,LR,0.981690268210724,0.976492383616253
1,9,12,shift,,,0.02,2,PCA,0.992597782368839,0.958297918440817
1,9,12,shift,,,0.02,2,PCP,0.995721476246834,0.989623894197256
1,9,12,shift,,,0.02,2,PcaGrid,0.0985072316442444,0.143973375966439
1,9,12,shift,,,0.02,2,PcaHubert,0.739585048212852,0.698706154679612
1,9,12,shift,,,0.02,2,Quad,0.988615017123573,0.978955278589563
1,9,12,shift,,,0.02,2,Shell,0.994351291902578,0.979830942026369
1,9,12,shift,,,0.02,2,Winsor,0.990124330795109,0.982300750012364
1,10,12,shift,,,0.02,2,Ball,0.993294789302076,0.941724863081157
1,10,12,shift,,,0.02,2,K's tau,0.997521015324873,0.918718304714119
1,10,12,shift,,,0.02,2,LR,0.998194313757184,0.945151496658159
1,10,12,shift,,,0.02,2,PCA,0.997136710397584,0.934751887805133
1,10,12,shift,,,0.02,2,PCP,0.995942390146201,0.988790079255365
1,10,12,shift,,,0.02,2,PcaGrid,0.0953497466520561,0.0978058103788318
1,10,12,shift,,,0.02,2,PcaHubert,0.897898868931938,0.697358565991872
1,10,12,shift,,,0.02,2,Quad,0.996264785363833,0.973744181236735
1,10,12,shift,,,0.02,2,Shell,0.995706598731069,0.97867459109488
1,10,12,shift,,,0.02,2,Winsor,0.996144121372086,0.981896926850532
1,1,13,shift,,,0.04,2,Ball,0.995466573072136,0.914397138208071
1,1,13,shift,,,0.04,2,K's tau,0.991654047528416,0.967538973968994
1,1,13,shift,,,0.04,2,LR,0.9943330674756,0.932836802424653
1,1,13,shift,,,0.04,2,PCA,0.986896746701142,0.884236626563829
1,1,13,shift,,,0.04,2,PCP,0.994156476764153,0.985539759060097
1,1,13,shift,,,0.04,2,PcaGrid,0.382429651851689,0.242530540752061
1,1,13,shift,,,0.04,2,PcaHubert,0.959254348020743,0.89732627865135
1,1,13,shift,,,0.04,2,Quad,0.984000299039862,0.900741330118671
1,1,13,shift,,,0.04,2,Shell,0.9926354204202,0.926265894320834
1,1,13,shift,,,0.04,2,Winsor,0.985665825062537,0.893907587128242
1,2,13,shift,,,0.04,2,Ball,0.970254263864508,0.961445609207546
1,2,13,shift,,,0.04,2,K's tau,0.952578993596897,0.956560585692454
1,2,13,shift,,,0.04,2,LR,0.996027917180051,0.959344717040801
1,2,13,shift,,,0.04,2,PCA,0.995251080769324,0.978209354621413
1,2,13,shift,,,0.04,2,PCP,0.996115742197848,0.908823267063984
1,2,13,shift,,,0.04,2,PcaGrid,0.280682984002262,0.186870043355173
1,2,13,shift,,,0.04,2,PcaHubert,0.757059863123079,0.636125014413716
1,2,13,shift,,,0.04,2,Quad,0.993876893247986,0.979714663497333
1,2,13,shift,,,0.04,2,Shell,0.994894763530662,0.962897049860442
1,2,13,shift,,,0.04,2,Winsor,0.993400125477705,0.971211272076107
1,3,13,shift,,,0.04,2,Ball,0.994943912648093,0.9039172505479
1,3,13,shift,,,0.04,2,K's tau,0.968014895763235,0.96178757296914
1,3,13,shift,,,0.04,2,LR,0.982537688309702,0.899848940143635
1,3,13,shift,,,0.04,2,PCA,0.991645795556784,0.964640052442548
1,3,13,shift,,,0.04,2,PCP,0.994042827298034,0.976483035100037
1,3,13,shift,,,0.04,2,PcaGrid,0.179776129406992,0.194849534020562
1,3,13,shift,,,0.04,2,PcaHubert,0.943185855506538,0.858106200921042
1,3,13,shift,,,0.04,2,Quad,0.994356922422821,0.956299660427869
1,3,13,shift,,,0.04,2,Shell,0.992220882307253,0.960680223824609
1,3,13,shift,,,0.04,2,Winsor,0.983145366855406,0.961529999562975
1,4,13,shift,,,0.04,2,Ball,0.898040056242136,0.890388209678875
1,4,13,shift,,,0.04,2,K's tau,0.991815128083078,0.962542662671544
1,4,13,shift,,,0.04,2,LR,0.988729958050387,0.927582921532857
1,4,13,shift,,,0.04,2,PCA,0.996555362817153,0.932300699726214
1,4,13,shift,,,0.04,2,PCP,0.979461308749532,0.976951897018414
1,4,13,shift,,,0.04,2,PcaGrid,0.19431474225169,0.293905558874778
1,4,13,shift,,,0.04,2,PcaHubert,0.741138518336355,0.690106230781818
1,4,13,shift,,,0.04,2,Quad,0.995889050297559,0.889662368438024
1,4,13,shift,,,0.04,2,Shell,0.993506637269905,0.955483529280779
1,4,13,shift,,,0.04,2,Winsor,0.996400704928753,0.879335526630603
1,5,13,shift,,,0.04,2,Ball,0.976179202941216,0.947904305984471
1,5,13,shift,,,0.04,2,K's tau,0.991122359771222,0.897597665314097
1,5,13,shift,,,0.04,2,LR,0.973474844468238,0.914947799799132
1,5,13,shift,,,0.04,2,PCA,0.989032757678373,0.960817086809234
1,5,13,shift,,,0.04,2,PCP,0.993749681725982,0.890549725946661
1,5,13,shift,,,0.04,2,PcaGrid,0.190376600293425,0.142110530260541
1,5,13,shift,,,0.04,2,PcaHubert,0.746858497811915,0.522310970589374
1,5,13,shift,,,0.04,2,Quad,0.928898599852092,0.939767600071564
1,5,13,shift,,,0.04,2,Shell,0.95341382003069,0.854722355128439
1,5,13,shift,,,0.04,2,Winsor,0.851575073096858,0.884252198478679
1,6,13,shift,,,0.04,2,Ball,0.994636992982191,0.966728500267202
1,6,13,shift,,,0.04,2,K's tau,0.995881325240029,0.937608800238297
1,6,13,shift,,,0.04,2,LR,0.994751398717161,0.95185198727674
1,6,13,shift,,,0.04,2,PCA,0.987665075265186,0.935976724676551
1,6,13,shift,,,0.04,2,PCP,0.997824210473538,0.916585358479678
1,6,13,shift,,,0.04,2,PcaGrid,0.0984725877633809,0.203805719114712
1,6,13,shift,,,0.04,2,PcaHubert,0.696113617664676,0.749129456850381
1,6,13,shift,,,0.04,2,Quad,0.992484498532496,0.969855002065522
1,6,13,shift,,,0.04,2,Shell,0.994307403094017,0.979837744484555
1,6,13,shift,,,0.04,2,Winsor,0.983577014108275,0.963059267847691
1,7,13,shift,,,0.04,2,Ball,0.990221512891608,0.945342474028926
1,7,13,shift,,,0.04,2,K's tau,0.996892927674664,0.979511177663119
1,7,13,shift,,,0.04,2,LR,0.995287232602176,0.90669318581088
1,7,13,shift,,,0.04,2,PCA,0.990675953500775,0.959822360408733
1,7,13,shift,,,0.04,2,PCP,0.997756264174149,0.932644450925784
1,7,13,shift,,,0.04,2,PcaGrid,0.00183717174473057,0.146596074984807
1,7,13,shift,,,0.04,2,PcaHubert,0.702734168164521,0.674659545857438
1,7,13,shift,,,0.04,2,Quad,0.992444913039178,0.951595128348751
1,7,13,shift,,,0.04,2,Shell,0.996258318448676,0.951958462022768
1,7,13,shift,,,0.04,2,Winsor,0.988794913307382,0.915929751521507
1,8,13,shift,,,0.04,2,Ball,0.996455879342234,0.980159414959831
1,8,13,shift,,,0.04,2,K's tau,0.994740610663324,0.960473792173487
1,8,13,shift,,,0.04,2,LR,0.994327353350037,0.981624594136892
1,8,13,shift,,,0.04,2,PCA,0.995912360742765,0.981278700949442
1,8,13,shift,,,0.04,2,PCP,0.996158029144075,0.975961649415469
1,8,13,shift,,,0.04,2,PcaGrid,0.287006835955397,0.24861485982362
1,8,13,shift,,,0.04,2,PcaHubert,0.802571572902584,0.676516527719125
1,8,13,shift,,,0.04,2,Quad,0.994737075810072,0.967897606392657
1,8,13,shift,,,0.04,2,Shell,0.992309086664429,0.970959483613168
1,8,13,shift,,,0.04,2,Winsor,0.995224444317938,0.971311060613728
1,9,13,shift,,,0.04,2,Ball,0.987453234841125,0.920670531136987
1,9,13,shift,,,0.04,2,K's tau,0.984418354786679,0.975674950027279
1,9,13,shift,,,0.04,2,LR,0.959891542051926,0.913327900161371
1,9,13,shift,,,0.04,2,PCA,0.989421455296352,0.89409736908911
1,9,13,shift,,,0.04,2,PCP,0.995186007565731,0.974341155356041
1,9,13,shift,,,0.04,2,PcaGrid,0.283079697575246,0.143250621432315
1,9,13,shift,,,0.04,2,PcaHubert,0.822087514688636,0.742306293308034
1,9,13,shift,,,0.04,2,Quad,0.977464728096524,0.962985640076644
1,9,13,shift,,,0.04,2,Shell,0.922698867346196,0.90629288236536
1,9,13,shift,,,0.04,2,Winsor,0.984324774931678,0.96998930932796
1,10,13,shift,,,0.04,2,Ball,0.944380138336678,0.910119629448646
1,10,13,shift,,,0.04,2,K's tau,0.989534533483508,0.942717040733385
1,10,13,shift,,,0.04,2,LR,0.99477713382864,0.90314275056041
1,10,13,shift,,,0.04,2,PCA,0.987448263414278,0.891347798390527
1,10,13,shift,,,0.04,2,PCP,0.991877291786039,0.966281680485517
1,10,13,shift,,,0.04,2,PcaGrid,0.0963778396191462,0.0948327541766072
1,10,13,shift,,,0.04,2,PcaHubert,0.766988628661914,0.5474124270217
1,10,13,shift,,,0.04,2,Quad,0.988155407124859,0.960244871618609
1,10,13,shift,,,0.04,2,Shell,0.992812295482157,0.966994324860252
1,10,13,shift,,,0.04,2,Winsor,0.987059023207648,0.965759534524477
1,1,14,shift,,,0.06,2,Ball,0.990322901057694,0.90472890002498
1,1,14,shift,,,0.06,2,K's tau,0.9905548404071,0.963432045843722
1,1,14,shift,,,0.06,2,LR,0.992962730991542,0.94680470415091
1,1,14,shift,,,0.06,2,PCA,0.970932387605873,0.88215673980762
1,1,14,shift,,,0.06,2,PCP,0.996167215680947,0.973696660991635
1,1,14,shift,,,0.06,2,PcaGrid,0.285898918851358,0.243785735375808
1,1,14,shift,,,0.06,2,PcaHubert,0.803984791583701,0.831834149634237
1,1,14,shift,,,0.06,2,Quad,0.976967005334691,0.930048222953541
1,1,14,shift,,,0.06,2,Shell,0.993104167625999,0.946076423692888
1,1,14,shift,,,0.06,2,Winsor,0.945643265572116,0.928648442159924
1,2,14,shift,,,0.06,2,Ball,0.940556014134835,0.948018452435767
1,2,14,shift,,,0.06,2,K's tau,0.859261683712016,0.887625838419373
1,2,14,shift,,,0.06,2,LR,0.992827535511221,0.964278457603698
1,2,14,shift,,,0.06,2,PCA,0.988140246890454,0.961551445629462
1,2,14,shift,,,0.06,2,PCP,0.99675019452716,0.926840109180493
1,2,14,shift,,,0.06,2,PcaGrid,0.286183984304342,0.29036084062742
1,2,14,shift,,,0.06,2,PcaHubert,0.725205074915005,0.715094840066162
1,2,14,shift,,,0.06,2,Quad,0.982709730646974,0.852680618890794
1,2,14,shift,,,0.06,2,Shell,0.994735455456799,0.966032709392609
1,2,14,shift,,,0.06,2,Winsor,0.958411520688076,0.89963916493389
1,3,14,shift,,,0.06,2,Ball,0.984306829347263,0.836576439906443
1,3,14,shift,,,0.06,2,K's tau,0.980514577800039,0.9499562645273
1,3,14,shift,,,0.06,2,LR,0.979103745517318,0.845035891264823
1,3,14,shift,,,0.06,2,PCA,0.979542286181028,0.914541537174686
1,3,14,shift,,,0.06,2,PCP,0.993927791650416,0.972881931741132
1,3,14,shift,,,0.06,2,PcaGrid,0.196121277114696,0.245408343847011
1,3,14,shift,,,0.06,2,PcaHubert,0.908505559822319,0.824262206912995
1,3,14,shift,,,0.06,2,Quad,0.989555019437324,0.965234230033948
1,3,14,shift,,,0.06,2,Shell,0.993260175833529,0.945571893992375
1,3,14,shift,,,0.06,2,Winsor,0.954019635904196,0.938510178427831
1,4,14,shift,,,0.06,2,Ball,0.904087290537245,0.874485098083718
1,4,14,shift,,,0.06,2,K's tau,0.989542331690178,0.931895678908271
1,4,14,shift,,,0.06,2,LR,0.976701779971233,0.922714231686837
1,4,14,shift,,,0.06,2,PCA,0.980549160330281,0.907868224785942
1,4,14,shift,,,0.06,2,PCP,0.949410847087989,0.917455631554046
1,4,14,shift,,,0.06,2,PcaGrid,0.00309511426292703,0.051212481333564
1,4,14,shift,,,0.06,2,PcaHubert,0.797941593271103,0.572786550958638
1,4,14,shift,,,0.06,2,Quad,0.983214625114087,0.919800070880502
1,4,14,shift,,,0.06,2,Shell,0.980593484375905,0.94756414214884
1,4,14,shift,,,0.06,2,Winsor,0.982190783917025,0.932994760797638
1,5,14,shift,,,0.06,2,Ball,0.963784180245169,0.838479227221407
1,5,14,shift,,,0.06,2,K's tau,0.990956644833691,0.941497767674266
1,5,14,shift,,,0.06,2,LR,0.943145214429407,0.834953041732852
1,5,14,shift,,,0.06,2,PCA,0.991911627748362,0.938058140950176
1,5,14,shift,,,0.06,2,PCP,0.996320475574985,0.91553002101917
1,5,14,shift,,,0.06,2,PcaGrid,0.287515129170715,0.297654026466014
1,5,14,shift,,,0.06,2,PcaHubert,0.66606077724986,0.505854498477544
1,5,14,shift,,,0.06,2,Quad,0.946960452791896,0.934401396841141
1,5,14,shift,,,0.06,2,Shell,0.895990610014269,0.823833377924549
1,5,14,shift,,,0.06,2,Winsor,0.910618027004901,0.821385830276678
1,6,14,shift,,,0.06,2,Ball,0.981272248315638,0.942070735602953
1,6,14,shift,,,0.06,2,K's tau,0.991548999241465,0.847930133249787
1,6,14,shift,,,0.06,2,LR,0.98722194370165,0.92520625837425
1,6,14,shift,,,0.06,2,PCA,0.985194997217253,0.875580145949016
1,6,14,shift,,,0.06,2,PCP,0.994577929574135,0.952351293473276
1,6,14,shift,,,0.06,2,PcaGrid,0.189757262557757,0.235255661066202
1,6,14,shift,,,0.06,2,PcaHubert,0.739651170834039,0.696334441008994
1,6,14,shift,,,0.06,2,Quad,0.9780755314038,0.961893909297165
1,6,14,shift,,,0.06,2,Shell,0.988910527676636,0.964525908811331
1,6,14,shift,,,0.06,2,Winsor,0.963951542912034,0.955929016167928
1,7,14,shift,,,0.06,2,Ball,0.987515310244563,0.910580821293384
1,7,14,shift,,,0.06,2,K's tau,0.98918275325519,0.957723473411558
1,7,14,shift,,,0.06,2,LR,0.944631178762947,0.871805297998201
1,7,14,shift,,,0.06,2,PCA,0.981948330346658,0.914949800022177
1,7,14,shift,,,0.06,2,PCP,0.994555932168904,0.977113208365007
1,7,14,shift,,,0.06,2,PcaGrid,0.198133667983399,0.145093823897573
1,7,14,shift,,,0.06,2,PcaHubert,0.723346510867906,0.645678501087776
1,7,14,shift,,,0.06,2,Quad,0.984358141450928,0.923657514173141
1,7,14,shift,,,0.06,2,Shell,0.982630498830579,0.945349825381889
1,7,14,shift,,,0.06,2,Winsor,0.98281490816646,0.937204869958472
1,8,14,shift,,,0.06,2,Ball,0.993780531073636,0.978508640946128
1,8,14,shift,,,0.06,2,K's tau,0.99296234040245,0.920620187427314
1,8,14,shift,,,0.06,2,LR,0.99413830392979,0.977534893381525
1,8,14,shift,,,0.06,2,PCA,0.991646596019131,0.94695261103828
1,8,14,shift,,,0.06,2,PCP,0.992068263746418,0.975283918109392
1,8,14,shift,,,0.06,2,PcaGrid,0.00101529442229733,0.143428127614687
1,8,14,shift,,,0.06,2,PcaHubert,0.798176453039238,0.623069298652881
1,8,14,shift,,,0.06,2,Quad,0.9898338021587,0.959268090740161
1,8,14,shift,,,0.06,2,Shell,0.995580001470612,0.887813126078683
1,8,14,shift,,,0.06,2,Winsor,0.990193501063737,0.9622085277207
1,9,14,shift,,,0.06,2,Ball,0.914448488563231,0.875547905377252
1,9,14,shift,,,0.06,2,K's tau,0.975843205254644,0.945903611456475
1,9,14,shift,,,0.06,2,LR,0.83720293491102,0.788252440148151
1,9,14,shift,,,0.06,2,PCA,0.980497768447142,0.887612829963439
1,9,14,shift,,,0.06,2,PCP,0.989272194595392,0.965780477833487
1,9,14,shift,,,0.06,2,PcaGrid,0.000591760582974364,0.10536523394981
1,9,14,shift,,,0.06,2,PcaHubert,0.764834318766829,0.609193262956353
1,9,14,shift,,,0.06,2,Quad,0.966450681991211,0.931758654575536
1,9,14,shift,,,0.06,2,Shell,0.802276581607646,0.771578201627663
1,9,14,shift,,,0.06,2,Winsor,0.979183229811522,0.94591214932312
1,10,14,shift,,,0.06,2,Ball,0.991258835459129,0.963435988332051
1,10,14,shift,,,0.06,2,K's tau,0.989212846121268,0.886424396741768
1,10,14,shift,,,0.06,2,LR,0.9930073406749,0.95132543455054
1,10,14,shift,,,0.06,2,PCA,0.985865178347737,0.924716544408457
1,10,14,shift,,,0.06,2,PCP,0.992511803806907,0.957318775080327
1,10,14,shift,,,0.06,2,PcaGrid,0.000276233250150199,0.00103063667531716
1,10,14,shift,,,0.06,2,PcaHubert,0.822846310470395,0.644032268608056
1,10,14,shift,,,0.06,2,Quad,0.984335723946345,0.894490775247564
1,10,14,shift,,,0.06,2,Shell,0.983314446578659,0.947397557681069
1,10,14,shift,,,0.06,2,Winsor,0.983865260919442,0.908125982721229
1,1,15,shift,,,0.08,2,Ball,0.987825028871312,0.823828209767191
1,1,15,shift,,,0.08,2,K's tau,0.986497567688851,0.791968228235345
1,1,15,shift,,,0.08,2,LR,0.957777148616685,0.831930874726946
1,1,15,shift,,,0.08,2,PCA,0.98140094652873,0.781877253231903
1,1,15,shift,,,0.08,2,PCP,0.99498356928243,0.937949493381134
1,1,15,shift,,,0.08,2,PcaGrid,0.000430828017855512,0.000460304866123473
1,1,15,shift,,,0.08,2,PcaHubert,0.750001515359559,0.667770670851942
1,1,15,shift,,,0.08,2,Quad,0.976584669072407,0.912833806185662
1,1,15,shift,,,0.08,2,Shell,0.87841202375161,0.802864333422554
1,1,15,shift,,,0.08,2,Winsor,0.97934834466663,0.908791847897641
1,2,15,shift,,,0.08,2,Ball,0.945590689096964,0.890906810620828
1,2,15,shift,,,0.08,2,K's tau,0.966190872760383,0.845771914032532
1,2,15,shift,,,0.08,2,LR,0.992080351553161,0.894461114666138
1,2,15,shift,,,0.08,2,PCA,0.989735056928649,0.970816008680417
1,2,15,shift,,,0.08,2,PCP,0.996235510789972,0.969073167486336
1,2,15,shift,,,0.08,2,PcaGrid,0.0958643421848412,0.196035243545394
1,2,15,shift,,,0.08,2,PcaHubert,0.580797289781247,0.542952041574131
1,2,15,shift,,,0.08,2,Quad,0.974086135572079,0.891533861990784
1,2,15,shift,,,0.08,2,Shell,0.991803816500047,0.932532774195853
1,2,15,shift,,,0.08,2,Winsor,0.940262228278709,0.888997864210737
1,3,15,shift,,,0.08,2,Ball,0.987898964101019,0.878370633050096
1,3,15,shift,,,0.08,2,K's tau,0.979286813578159,0.924717788403115
1,3,15,shift,,,0.08,2,LR,0.979636236880083,0.90396212679012
1,3,15,shift,,,0.08,2,PCA,0.851346561724412,0.866900019361179
1,3,15,shift,,,0.08,2,PCP,0.993869320021796,0.973631863473425
1,3,15,shift,,,0.08,2,PcaGrid,0.0916560577369656,0.142841006803486
1,3,15,shift,,,0.08,2,PcaHubert,0.920425472115898,0.757714919635038
1,3,15,shift,,,0.08,2,Quad,0.974876171185155,0.892024326583489
1,3,15,shift,,,0.08,2,Shell,0.983692338850215,0.900680623006047
1,3,15,shift,,,0.08,2,Winsor,0.928188677452018,0.804225335805947
1,4,15,shift,,,0.08,2,Ball,0.985922471080726,0.914383954808597
1,4,15,shift,,,0.08,2,K's tau,0.991397381947979,0.942658794319799
1,4,15,shift,,,0.08,2,LR,0.992582718274291,0.874304703294406
1,4,15,shift,,,0.08,2,PCA,0.977935601101608,0.879581607415643
1,4,15,shift,,,0.08,2,PCP,0.973712885976685,0.971772889462251
1,4,15,shift,,,0.08,2,PcaGrid,0.281382452334346,0.287362479106908
1,4,15,shift,,,0.08,2,PcaHubert,0.733940582901137,0.605773961971815
1,4,15,shift,,,0.08,2,Quad,0.987907982311879,0.794256908814562
1,4,15,shift,,,0.08,2,Shell,0.991352850352586,0.897136125634735
1,4,15,shift,,,0.08,2,Winsor,0.984013655391717,0.895546896083269
1,5,15,shift,,,0.08,2,Ball,0.987480849063209,0.947875734494406
1,5,15,shift,,,0.08,2,K's tau,0.983940629106288,0.904345000471964
1,5,15,shift,,,0.08,2,LR,0.983983282053996,0.785741181209667
1,5,15,shift,,,0.08,2,PCA,0.986981297959445,0.948652561376701
1,5,15,shift,,,0.08,2,PCP,0.993098312682973,0.908923702179439
1,5,15,shift,,,0.08,2,PcaGrid,0.479059749276011,0.240232570853501
1,5,15,shift,,,0.08,2,PcaHubert,0.585576783744879,0.547148363557496
1,5,15,shift,,,0.08,2,Quad,0.979069754663708,0.934511980042217
1,5,15,shift,,,0.08,2,Shell,0.97074975896151,0.849714430956907
1,5,15,shift,,,0.08,2,Winsor,0.954004292575416,0.828529807724753
1,6,15,shift,,,0.08,2,Ball,0.984056739431164,0.911214529735918
1,6,15,shift,,,0.08,2,K's tau,0.991585765902037,0.896315877624305
1,6,15,shift,,,0.08,2,LR,0.988836236843111,0.944218516041082
1,6,15,shift,,,0.08,2,PCA,0.991569901537249,0.954999114640506
1,6,15,shift,,,0.08,2,PCP,0.992969779507162,0.954301484443567
1,6,15,shift,,,0.08,2,PcaGrid,0.0925898690046306,0.241057157493744
1,6,15,shift,,,0.08,2,PcaHubert,0.727609764631127,0.633093131693975
1,6,15,shift,,,0.08,2,Quad,0.978495724923003,0.940743527857039
1,6,15,shift,,,0.08,2,Shell,0.98177540113901,0.915219067002541
1,6,15,shift,,,0.08,2,Winsor,0.954607288240831,0.919306515757783
1,7,15,shift,,,0.08,2,Ball,0.980073812665067,0.870636688343203
1,7,15,shift,,,0.08,2,K's tau,0.981951074274724,0.885495501766332
1,7,15,shift,,,0.08,2,LR,0.903313805097474,0.842529010408562
1,7,15,shift,,,0.08,2,PCA,0.99262834532807,0.952636992352815
1,7,15,shift,,,0.08,2,PCP,0.985825974794806,0.904182957381894
1,7,15,shift,,,0.08,2,PcaGrid,0.000823163432532178,0.0498928414256017
1,7,15,shift,,,0.08,2,PcaHubert,0.608442635186449,0.574013556702316
1,7,15,shift,,,0.08,2,Quad,0.991582480421235,0.885480913764545
1,7,15,shift,,,0.08,2,Shell,0.990406396301659,0.939653448750627
1,7,15,shift,,,0.08,2,Winsor,0.99016928418474,0.910544243924637
1,8,15,shift,,,0.08,2,Ball,0.989500007379915,0.924540115840349
1,8,15,shift,,,0.08,2,K's tau,0.991203084977042,0.881249220660306
1,8,15,shift,,,0.08,2,LR,0.986804336808045,0.946842370092434
1,8,15,shift,,,0.08,2,PCA,0.992284477902119,0.930375289208243
1,8,15,shift,,,0.08,2,PCP,0.989875874256387,0.976418398220963
1,8,15,shift,,,0.08,2,PcaGrid,0.193106868264819,0.146785423838915
1,8,15,shift,,,0.08,2,PcaHubert,0.799534357790284,0.595743764067206
1,8,15,shift,,,0.08,2,Quad,0.989262613835893,0.863134496334127
1,8,15,shift,,,0.08,2,Shell,0.986612240881512,0.937603613625123
1,8,15,shift,,,0.08,2,Winsor,0.992501190550418,0.806055246036435
1,9,15,shift,,,0.08,2,Ball,0.991047097246579,0.925495705993619
1,9,15,shift,,,0.08,2,K's tau,0.968317696498867,0.96160045538333
1,9,15,shift,,,0.08,2,LR,0.98361434914406,0.904334735206333
1,9,15,shift,,,0.08,2,PCA,0.98304312787356,0.937038133363192
1,9,15,shift,,,0.08,2,PCP,0.994818498369922,0.92414446962914
1,9,15,shift,,,0.08,2,PcaGrid,0.188803263130084,0.0947258151348132
1,9,15,shift,,,0.08,2,PcaHubert,0.890267616410054,0.634870081137025
1,9,15,shift,,,0.08,2,Quad,0.976575513516063,0.962547001117925
1,9,15,shift,,,0.08,2,Shell,0.986107741463412,0.965746389786609
1,9,15,shift,,,0.08,2,Winsor,0.978726090898231,0.963899964710901
1,10,15,shift,,,0.08,2,Ball,0.961576183591893,0.932865006864539
1,10,15,shift,,,0.08,2,K's tau,0.895135652228003,0.862270216120763
1,10,15,shift,,,0.08,2,LR,0.989590051395203,0.934066623388921
1,10,15,shift,,,0.08,2,PCA,0.959295527727565,0.948849136581213
1,10,15,shift,,,0.08,2,PCP,0.991016742042235,0.955463487622696
1,10,15,shift,,,0.08,2,PcaGrid,0.0952427129483305,0.0481397433681856
1,10,15,shift,,,0.08,2,PcaHubert,0.783810417616733,0.644594978973155
1,10,15,shift,,,0.08,2,Quad,0.971540737408007,0.94575431065402
1,10,15,shift,,,0.08,2,Shell,0.97494535853465,0.939173316049243
1,10,15,shift,,,0.08,2,Winsor,0.964408973544908,0.937761994773261
1,1,16,shift,,,0.1,2,Ball,0.984927569607957,0.773713652387174
1,1,16,shift,,,0.1,2,K's tau,0.98802380350306,0.836411584834595
1,1,16,shift,,,0.1,2,LR,0.987785413139162,0.923248874442086
1,1,16,shift,,,0.1,2,PCA,0.860554569210244,0.688752119684492
1,1,16,shift,,,0.1,2,PCP,0.99487652209114,0.856631573928905
1,1,16,shift,,,0.1,2,PcaGrid,0.192413489503217,0.0971154742756474
1,1,16,shift,,,0.1,2,PcaHubert,0.89105240756557,0.755921481475925
1,1,16,shift,,,0.1,2,Quad,0.97000255725201,0.873749809051881
1,1,16,shift,,,0.1,2,Shell,0.986597624997617,0.808513491999637
1,1,16,shift,,,0.1,2,Winsor,0.945125700157685,0.814455348122701
1,2,16,shift,,,0.1,2,Ball,0.921416468093632,0.860809311984241
1,2,16,shift,,,0.1,2,K's tau,0.916067638145014,0.878485557634741
1,2,16,shift,,,0.1,2,LR,0.989299143369883,0.919836708038556
1,2,16,shift,,,0.1,2,PCA,0.990230552700194,0.959419492807019
1,2,16,shift,,,0.1,2,PCP,0.993758137373696,0.883433434696496
1,2,16,shift,,,0.1,2,PcaGrid,0.197448164735448,0.193861947796708
1,2,16,shift,,,0.1,2,PcaHubert,0.795459201820768,0.653751625204546
1,2,16,shift,,,0.1,2,Quad,0.97731513417666,0.865899558273469
1,2,16,shift,,,0.1,2,Shell,0.992840117279357,0.920287433387255
1,2,16,shift,,,0.1,2,Winsor,0.955565970221906,0.90347442467548
1,3,16,shift,,,0.1,2,Ball,0.97226553039616,0.892632072791986
1,3,16,shift,,,0.1,2,K's tau,0.973430644223551,0.854244603217811
1,3,16,shift,,,0.1,2,LR,0.961030739622734,0.903932928801222
1,3,16,shift,,,0.1,2,PCA,0.964679240998575,0.910296555685053
1,3,16,shift,,,0.1,2,PCP,0.988530276718187,0.826628142011543
1,3,16,shift,,,0.1,2,PcaGrid,0.00227425973313837,0.00792656032447637
1,3,16,shift,,,0.1,2,PcaHubert,0.769068551378868,0.714622852788875
1,3,16,shift,,,0.1,2,Quad,0.960757594455707,0.877080013718136
1,3,16,shift,,,0.1,2,Shell,0.975354825051642,0.866752580511074
1,3,16,shift,,,0.1,2,Winsor,0.93841487551993,0.881265932942589
1,4,16,shift,,,0.1,2,Ball,0.989007562960495,0.954366225198827
1,4,16,shift,,,0.1,2,K's tau,0.984212878337696,0.924557806105026
1,4,16,shift,,,0.1,2,LR,0.986066270378755,0.88139520714866
1,4,16,shift,,,0.1,2,PCA,0.976632328889664,0.786305012137315
1,4,16,shift,,,0.1,2,PCP,0.937259602778505,0.915628015409152
1,4,16,shift,,,0.1,2,PcaGrid,0.100737114781633,0.101258546940752
1,4,16,shift,,,0.1,2,PcaHubert,0.736270337832494,0.645133600662326
1,4,16,shift,,,0.1,2,Quad,0.95018829048875,0.846341722895294
1,4,16,shift,,,0.1,2,Shell,0.985556214895736,0.898638244211599
1,4,16,shift,,,0.1,2,Winsor,0.956858183401623,0.883503772790934
1,5,16,shift,,,0.1,2,Ball,0.976232610847338,0.839240586839487
1,5,16,shift,,,0.1,2,K's tau,0.951977438746879,0.865682173660159
1,5,16,shift,,,0.1,2,LR,0.965250448759332,0.784872724102637
1,5,16,shift,,,0.1,2,PCA,0.975610188115355,0.946048652309622
1,5,16,shift,,,0.1,2,PCP,0.994783940079313,0.881623798927215
1,5,16,shift,,,0.1,2,PcaGrid,0.391357857432916,0.24923087610747
1,5,16,shift,,,0.1,2,PcaHubert,0.66583064664631,0.476568095803141
1,5,16,shift,,,0.1,2,Quad,0.94568279195547,0.902442551763203
1,5,16,shift,,,0.1,2,Shell,0.94424005268175,0.800521673532425
1,5,16,shift,,,0.1,2,Winsor,0.93505218460906,0.792037428330969
1,6,16,shift,,,0.1,2,Ball,0.881799467517403,0.833347053289192
1,6,16,shift,,,0.1,2,K's tau,0.985353656602076,0.832618955636646
1,6,16,shift,,,0.1,2,LR,0.986422336439771,0.936043502981988
1,6,16,shift,,,0.1,2,PCA,0.985975891619776,0.890341246008413
1,6,16,shift,,,0.1,2,PCP,0.994812899055601,0.964892510326576
1,6,16,shift,,,0.1,2,PcaGrid,0.19182068362008,0.191728133150707
1,6,16,shift,,,0.1,2,PcaHubert,0.743431105654615,0.686179743118838
1,6,16,shift,,,0.1,2,Quad,0.930614828253181,0.771594416247952
1,6,16,shift,,,0.1,2,Shell,0.976512131015088,0.926098925740449
1,6,16,shift,,,0.1,2,Winsor,0.794285579244574,0.747841611441238
1,7,16,shift,,,0.1,2,Ball,0.986170273818905,0.788065944893757
1,7,16,shift,,,0.1,2,K's tau,0.987176852507511,0.868518654659312
1,7,16,shift,,,0.1,2,LR,0.97746727045541,0.817696416158267
1,7,16,shift,,,0.1,2,PCA,0.973605203933738,0.933530630736309
1,7,16,shift,,,0.1,2,PCP,0.989256366816307,0.944113051508508
1,7,16,shift,,,0.1,2,PcaGrid,0.100585697537536,0.0513539930100417
1,7,16,shift,,,0.1,2,PcaHubert,0.640825347657992,0.528519901069138
1,7,16,shift,,,0.1,2,Quad,0.940102489888568,0.828514960552694
1,7,16,shift,,,0.1,2,Shell,0.968201351815094,0.910017657873514
1,7,16,shift,,,0.1,2,Winsor,0.974164744638818,0.878561394014831
1,8,16,shift,,,0.1,2,Ball,0.975031924536508,0.828945053706577
1,8,16,shift,,,0.1,2,K's tau,0.871939633437025,0.73524337003328
1,8,16,shift,,,0.1,2,LR,0.967042240163544,0.877906989756168
1,8,16,shift,,,0.1,2,PCA,0.910857839938734,0.885519975083143
1,8,16,shift,,,0.1,2,PCP,0.987773436784133,0.952413905395411
1,8,16,shift,,,0.1,2,PcaGrid,0.289375972127171,0.194959760229362
1,8,16,shift,,,0.1,2,PcaHubert,0.799817211618418,0.616799180969967
1,8,16,shift,,,0.1,2,Quad,0.796017308156935,0.787966250117444
1,8,16,shift,,,0.1,2,Shell,0.968156155819887,0.925750484540022
1,8,16,shift,,,0.1,2,Winsor,0.855924398117771,0.721898510583458
1,9,16,shift,,,0.1,2,Ball,0.904692849466852,0.923629543684177
1,9,16,shift,,,0.1,2,K's tau,0.978796041831558,0.964275874372591
1,9,16,shift,,,0.1,2,LR,0.93028151897121,0.809438612501956
1,9,16,shift,,,0.1,2,PCA,0.968410058286709,0.932174871651279
1,9,16,shift,,,0.1,2,PCP,0.975478577027817,0.884579730434857
1,9,16,shift,,,0.1,2,PcaGrid,0.289018323471049,0.286095154360821
1,9,16,shift,,,0.1,2,PcaHubert,0.705110571523572,0.633500395336406
1,9,16,shift,,,0.1,2,Quad,0.97123990873487,0.956617014112636
1,9,16,shift,,,0.1,2,Shell,0.916897675584372,0.902147193163434
1,9,16,shift,,,0.1,2,Winsor,0.971583681550918,0.956077554101539
1,10,16,shift,,,0.1,2,Ball,0.966906587496824,0.950973411066602
1,10,16,shift,,,0.1,2,K's tau,0.982641326188116,0.914975793273545
1,10,16,shift,,,0.1,2,LR,0.982231963272035,0.901642645333128
1,10,16,shift,,,0.1,2,PCA,0.987144156209694,0.934747974562506
1,10,16,shift,,,0.1,2,PCP,0.991069394576259,0.962801242505711
1,10,16,shift,,,0.1,2,PcaGrid,0.189656918164194,0.189017292908104
1,10,16,shift,,,0.1,2,PcaHubert,0.851822587273321,0.634413693666055
1,10,16,shift,,,0.1,2,Quad,0.972487613553617,0.840700945729926
1,10,16,shift,,,0.1,2,Shell,0.986905981538323,0.963970455915731
1,10,16,shift,,,0.1,2,Winsor,0.970356049356926,0.85614895329959
1,1,17,shift,,,0.02,1.5,Ball,0.998319854222658,0.965977510693078
1,1,17,shift,,,0.02,1.5,K's tau,0.997508807957558,0.983822546156092
1,1,17,shift,,,0.02,1.5,LR,0.998285870181395,0.98170209258717
1,1,17,shift,,,0.02,1.5,PCA,0.995861292527269,0.974076858661743
1,1,17,shift,,,0.02,1.5,PCP,0.99907768594826,0.986451288615667
1,1,17,shift,,,0.02,1.5,PcaGrid,0.196233244836622,0.144148930336089
1,1,17,shift,,,0.02,1.5,PcaHubert,0.79335592887386,0.81772975436731
1,1,17,shift,,,0.02,1.5,Quad,0.992529130464654,0.987885191326506
1,1,17,shift,,,0.02,1.5,Shell,0.997920513391328,0.985407358804863
1,1,17,shift,,,0.02,1.5,Winsor,0.993320868725218,0.987806900783672
1,2,17,shift,,,0.02,1.5,Ball,0.90273028293337,0.945817248359487
1,2,17,shift,,,0.02,1.5,K's tau,0.861330682731612,0.924464560286956
1,2,17,shift,,,0.02,1.5,LR,0.998691584032145,0.994898765225777
1,2,17,shift,,,0.02,1.5,PCA,0.998227076494821,0.989935020831653
1,2,17,shift,,,0.02,1.5,PCP,0.999190518365342,0.98063966343978
1,2,17,shift,,,0.02,1.5,PcaGrid,0.100472845694431,0.100181075071519
1,2,17,shift,,,0.02,1.5,PcaHubert,0.750286534526908,0.723221352883741
1,2,17,shift,,,0.02,1.5,Quad,0.998723592716177,0.994933578299934
1,2,17,shift,,,0.02,1.5,Shell,0.999021579926667,0.996597283327494
1,2,17,shift,,,0.02,1.5,Winsor,0.998334985870946,0.995036644626656
1,3,17,shift,,,0.02,1.5,Ball,0.998752974838366,0.993894955733563
1,3,17,shift,,,0.02,1.5,K's tau,0.997207179556187,0.995139024735568
1,3,17,shift,,,0.02,1.5,LR,0.998860490586095,0.996454311545502
1,3,17,shift,,,0.02,1.5,PCA,0.99632783633557,0.990647248129104
1,3,17,shift,,,0.02,1.5,PCP,0.998400647060072,0.997657082300845
1,3,17,shift,,,0.02,1.5,PcaGrid,0.200074170628303,0.100990412164784
1,3,17,shift,,,0.02,1.5,PcaHubert,0.954893707550179,0.869859588135227
1,3,17,shift,,,0.02,1.5,Quad,0.998063359691478,0.986936484118016
1,3,17,shift,,,0.02,1.5,Shell,0.999238140918725,0.994782073035384
1,3,17,shift,,,0.02,1.5,Winsor,0.989247318163365,0.925927226184039
1,4,17,shift,,,0.02,1.5,Ball,0.998072021044663,0.996198169673818
1,4,17,shift,,,0.02,1.5,K's tau,0.998673381238749,0.995261051248686
1,4,17,shift,,,0.02,1.5,LR,0.99765233660789,0.98831030172016
1,4,17,shift,,,0.02,1.5,PCA,0.999374990209138,0.987014629988201
1,4,17,shift,,,0.02,1.5,PCP,0.998223190361991,0.995963729565592
1,4,17,shift,,,0.02,1.5,PcaGrid,0.0953170161052251,0.097256326896176
1,4,17,shift,,,0.02,1.5,PcaHubert,0.962892585592728,0.83501963511265
1,4,17,shift,,,0.02,1.5,Quad,0.998945371999554,0.977332913551212
1,4,17,shift,,,0.02,1.5,Shell,0.998540733748742,0.994756840167966
1,4,17,shift,,,0.02,1.5,Winsor,0.99914358515461,0.981027259568885
1,5,17,shift,,,0.02,1.5,Ball,0.99760053555291,0.995020683476498
1,5,17,shift,,,0.02,1.5,K's tau,0.999055247372724,0.995791115112742
1,5,17,shift,,,0.02,1.5,LR,0.997262979017142,0.995321444464701
1,5,17,shift,,,0.02,1.5,PCA,0.99927417280478,0.996708591292076
1,5,17,shift,,,0.02,1.5,PCP,0.999217562530326,0.986969393162772
1,5,17,shift,,,0.02,1.5,PcaGrid,0.198659449726996,0.19708750660315
1,5,17,shift,,,0.02,1.5,PcaHubert,0.723247110186108,0.605871270807259
1,5,17,shift,,,0.02,1.5,Quad,0.997788673537626,0.988558603275732
1,5,17,shift,,,0.02,1.5,Shell,0.988895309797415,0.98403875479385
1,5,17,shift,,,0.02,1.5,Winsor,0.994467621676252,0.992979002814701
1,6,17,shift,,,0.02,1.5,Ball,0.998006564254125,0.992619633503631
1,6,17,shift,,,0.02,1.5,K's tau,0.999003729191658,0.987039344417859
1,6,17,shift,,,0.02,1.5,LR,0.99880574932032,0.980470912071636
1,6,17,shift,,,0.02,1.5,PCA,0.998900906446396,0.991672518324219
1,6,17,shift,,,0.02,1.5,PCP,0.999129581281758,0.992691249195474
1,6,17,shift,,,0.02,1.5,PcaGrid,0.290387221886056,0.243903614456723
1,6,17,shift,,,0.02,1.5,PcaHubert,0.907300155939188,0.85203390394256
1,6,17,shift,,,0.02,1.5,Quad,0.998956150555081,0.99264259567776
1,6,17,shift,,,0.02,1.5,Shell,0.998761678079579,0.979924719237318
1,6,17,shift,,,0.02,1.5,Winsor,0.998764520687554,0.982923944687293
1,7,17,shift,,,0.02,1.5,Ball,0.997039880372555,0.980973705628125
1,7,17,shift,,,0.02,1.5,K's tau,0.997436634461841,0.977787248790847
1,7,17,shift,,,0.02,1.5,LR,0.994840459047368,0.987399790282925
1,7,17,shift,,,0.02,1.5,PCA,0.993532315829612,0.988711712099175
1,7,17,shift,,,0.02,1.5,PCP,0.999090016323667,0.993125697524498
1,7,17,shift,,,0.02,1.5,PcaGrid,0.185968484492599,0.0931424684806847
1,7,17,shift,,,0.02,1.5,PcaHubert,0.700601474271798,0.586941437832345
1,7,17,shift,,,0.02,1.5,Quad,0.997803491753966,0.990391398552621
1,7,17,shift,,,0.02,1.5,Shell,0.998390766078608,0.992995520659781
1,7,17,shift,,,0.02,1.5,Winsor,0.998260559650941,0.990359999366579
1,8,17,shift,,,0.02,1.5,Ball,0.99947557238938,0.992488161222283
1,8,17,shift,,,0.02,1.5,K's tau,0.988042774082847,0.987953394788708
1,8,17,shift,,,0.02,1.5,LR,0.99831426839793,0.995607550685639
1,8,17,shift,,,0.02,1.5,PCA,0.999325286701162,0.997611052300634
1,8,17,shift,,,0.02,1.5,PCP,0.99902048346305,0.991269607054477
1,8,17,shift,,,0.02,1.5,PcaGrid,0.100573401192108,0.154872812731531
1,8,17,shift,,,0.02,1.5,PcaHubert,0.679064418034022,0.603694128163793
1,8,17,shift,,,0.02,1.5,Quad,0.997171515336482,0.995189143971242
1,8,17,shift,,,0.02,1.5,Shell,0.998627047978644,0.99598361467599
1,8,17,shift,,,0.02,1.5,Winsor,0.996385120899919,0.991530092104835
1,9,17,shift,,,0.02,1.5,Ball,0.989739941058675,0.990677809535513
1,9,17,shift,,,0.02,1.5,K's tau,0.997552626025148,0.982740330310646
1,9,17,shift,,,0.02,1.5,LR,0.996082080305148,0.992268795786202
1,9,17,shift,,,0.02,1.5,PCA,0.997180973802007,0.960263427910743
1,9,17,shift,,,0.02,1.5,PCP,0.996501111639558,0.994763888930424
1,9,17,shift,,,0.02,1.5,PcaGrid,0.186288484520708,0.138058498693602
1,9,17,shift,,,0.02,1.5,PcaHubert,0.874575737123621,0.863521514019898
1,9,17,shift,,,0.02,1.5,Quad,0.995149439180194,0.988954421718109
1,9,17,shift,,,0.02,1.5,Shell,0.998356208762725,0.991246601721724
1,9,17,shift,,,0.02,1.5,Winsor,0.996121092366051,0.990625407085684
1,10,17,shift,,,0.02,1.5,Ball,0.99822508112065,0.976342511270719
1,10,17,shift,,,0.02,1.5,K's tau,0.998918556538346,0.925170249800952
1,10,17,shift,,,0.02,1.5,LR,0.999162481022774,0.956148713775936
1,10,17,shift,,,0.02,1.5,PCA,0.998447472141236,0.935637763238048
1,10,17,shift,,,0.02,1.5,PCP,0.998593647333923,0.995363258527672
1,10,17,shift,,,0.02,1.5,PcaGrid,0.0969656402740405,0.195158600279544
1,10,17,shift,,,0.02,1.5,PcaHubert,0.805754262498782,0.702165209799653
1,10,17,shift,,,0.02,1.5,Quad,0.99810032465006,0.987648692786957
1,10,17,shift,,,0.02,1.5,Shell,0.997862342412937,0.988894779475195
1,10,17,shift,,,0.02,1.5,Winsor,0.997992003732812,0.991631315921795
1,1,18,shift,,,0.02,2,Ball,0.997037634994039,0.90502124657454
1,1,18,shift,,,0.02,2,K's tau,0.996093582308078,0.973724251985539
1,1,18,shift,,,0.02,2,LR,0.996593420636627,0.953943818875835
1,1,18,shift,,,0.02,2,PCA,0.990464976739919,0.960299978550863
1,1,18,shift,,,0.02,2,PCP,0.997542491378298,0.983080076631035
1,1,18,shift,,,0.02,2,PcaGrid,0.285786269144413,0.143687439922527
1,1,18,shift,,,0.02,2,PcaHubert,0.836169161698106,0.821002159571636
1,1,18,shift,,,0.02,2,Quad,0.985475935490668,0.972959161261593
1,1,18,shift,,,0.02,2,Shell,0.994952030819731,0.971068214366789
1,1,18,shift,,,0.02,2,Winsor,0.981005367427396,0.97261524018665
1,2,18,shift,,,0.02,2,Ball,0.865133824460361,0.924968827546748
1,2,18,shift,,,0.02,2,K's tau,0.856200912381279,0.913572820863763
1,2,18,shift,,,0.02,2,LR,0.997115707268456,0.987844160341386
1,2,18,shift,,,0.02,2,PCA,0.996623316011303,0.98483504901905
1,2,18,shift,,,0.02,2,PCP,0.998543123782414,0.976472266066157
1,2,18,shift,,,0.02,2,PcaGrid,0.00070888232586319,0.0957995209001207
1,2,18,shift,,,0.02,2,PcaHubert,0.703374692911113,0.735959325812411
1,2,18,shift,,,0.02,2,Quad,0.996372651405561,0.990165527411269
1,2,18,shift,,,0.02,2,Shell,0.997291807622591,0.992051044712358
1,2,18,shift,,,0.02,2,Winsor,0.994718015878485,0.98366659105301
1,3,18,shift,,,0.02,2,Ball,0.996739128335433,0.985504604495229
1,3,18,shift,,,0.02,2,K's tau,0.993242253773403,0.986537473473018
1,3,18,shift,,,0.02,2,LR,0.995972971929331,0.988875908651216
1,3,18,shift,,,0.02,2,PCA,0.961909234055723,0.953863140650568
1,3,18,shift,,,0.02,2,PCP,0.997927059353506,0.994089325872905
1,3,18,shift,,,0.02,2,PcaGrid,0.298385405871592,0.158056065815587
1,3,18,shift,,,0.02,2,PcaHubert,0.94817306821944,0.870047020621343
1,3,18,shift,,,0.02,2,Quad,0.994945725892139,0.947439315531835
1,3,18,shift,,,0.02,2,Shell,0.996582927815867,0.983439701904617
1,3,18,shift,,,0.02,2,Winsor,0.983182927772424,0.976975691625318
1,4,18,shift,,,0.02,2,Ball,0.995632619357775,0.990163738415264
1,4,18,shift,,,0.02,2,K's tau,0.997071767484987,0.984725207253015
1,4,18,shift,,,0.02,2,LR,0.996414769378332,0.965476862780205
1,4,18,shift,,,0.02,2,PCA,0.998947813826808,0.978987101371997
1,4,18,shift,,,0.02,2,PCP,0.997450272210533,0.990859548392589
1,4,18,shift,,,0.02,2,PcaGrid,0.19077972742566,0.102520113159616
1,4,18,shift,,,0.02,2,PcaHubert,0.747643676213564,0.644895950641985
1,4,18,shift,,,0.02,2,Quad,0.997999955448234,0.936296220848813
1,4,18,shift,,,0.02,2,Shell,0.99718964003021,0.987929250095584
1,4,18,shift,,,0.02,2,Winsor,0.998426040866837,0.936350150868424
1,5,18,shift,,,0.02,2,Ball,0.991529418834331,0.985532832923727
1,5,18,shift,,,0.02,2,K's tau,0.997860843166908,0.988976435797331
1,5,18,shift,,,0.02,2,LR,0.990511909845692,0.983697810760596
1,5,18,shift,,,0.02,2,PCA,0.995555990733919,0.98911458555348
1,5,18,shift,,,0.02,2,PCP,0.99745678725009,0.976040007467187
1,5,18,shift,,,0.02,2,PcaGrid,0.2911211728792,0.146330786845176
1,5,18,shift,,,0.02,2,PcaHubert,0.685388253009198,0.583438493488578
1,5,18,shift,,,0.02,2,Quad,0.994319525899147,0.973793350005754
1,5,18,shift,,,0.02,2,Shell,0.982521684714422,0.94801479529194
1,5,18,shift,,,0.02,2,Winsor,0.992681891148497,0.987531006483872
1,6,18,shift,,,0.02,2,Ball,0.996512033211555,0.987534438781822
1,6,18,shift,,,0.02,2,K's tau,0.997386301048758,0.983675409286653
1,6,18,shift,,,0.02,2,LR,0.997621640237001,0.974823716212087
1,6,18,shift,,,0.02,2,PCA,0.997607199725281,0.985090322902911
1,6,18,shift,,,0.02,2,PCP,0.998286566163443,0.98318154997116
1,6,18,shift,,,0.02,2,PcaGrid,0.196417622849797,0.19755322034882
1,6,18,shift,,,0.02,2,PcaHubert,0.801399665685307,0.742207637786921
1,6,18,shift,,,0.02,2,Quad,0.997013926878702,0.984676598222235
1,6,18,shift,,,0.02,2,Shell,0.997081869080792,0.962059499594207
1,6,18,shift,,,0.02,2,Winsor,0.996410949777476,0.974724006410629
1,7,18,shift,,,0.02,2,Ball,0.99544650270918,0.969029241462452
1,7,18,shift,,,0.02,2,K's tau,0.996055264975284,0.957635026798878
1,7,18,shift,,,0.02,2,LR,0.990595697180401,0.979357068982073
1,7,18,shift,,,0.02,2,PCA,0.988766437788172,0.976236135294582
1,7,18,shift,,,0.02,2,PCP,0.998415872553041,0.982467095883219
1,7,18,shift,,,0.02,2,PcaGrid,0.000525217075595653,0.00167050898748148
1,7,18,shift,,,0.02,2,PcaHubert,0.81626197195793,0.712318629791403
1,7,18,shift,,,0.02,2,Quad,0.9976427345319,0.983835320382168
1,7,18,shift,,,0.02,2,Shell,0.997054144336421,0.988668199873112
1,7,18,shift,,,0.02,2,Winsor,0.997497129823362,0.983892040768444
1,8,18,shift,,,0.02,2,Ball,0.998306381427959,0.985680375696491
1,8,18,shift,,,0.02,2,K's tau,0.973651524130223,0.973809342856065
1,8,18,shift,,,0.02,2,LR,0.985507344104104,0.984003219016781
1,8,18,shift,,,0.02,2,PCA,0.998132100850108,0.994542707593935
1,8,18,shift,,,0.02,2,PCP,0.997661379052487,0.961714991056609
1,8,18,shift,,,0.02,2,PcaGrid,0.100186872485242,0.16202234991376
1,8,18,shift,,,0.02,2,PcaHubert,0.662260032289955,0.522170559868373
1,8,18,shift,,,0.02,2,Quad,0.992889896470165,0.987753496750248
1,8,18,shift,,,0.02,2,Shell,0.994293211151822,0.900514851944365
1,8,18,shift,,,0.02,2,Winsor,0.989176392939855,0.974790845914082
1,9,18,shift,,,0.02,2,Ball,0.988902955049901,0.97105728910576
1,9,18,shift,,,0.02,2,K's tau,0.993419090416818,0.922465476671233
1,9,18,shift,,,0.02,2,LR,0.981690268210724,0.976492383616253
1,9,18,shift,,,0.02,2,PCA,0.992597782368839,0.958297918440817
1,9,18,shift,,,0.02,2,PCP,0.995721476246834,0.989623894197256
1,9,18,shift,,,0.02,2,PcaGrid,0.0985072316442444,0.143973375966439
1,9,18,shift,,,0.02,2,PcaHubert,0.739585048212852,0.698706154679612
1,9,18,shift,,,0.02,2,Quad,0.988615017123573,0.978955278589563
1,9,18,shift,,,0.02,2,Shell,0.994351291902578,0.979830942026369
1,9,18,shift,,,0.02,2,Winsor,0.990124330795109,0.982300750012364
1,10,18,shift,,,0.02,2,Ball,0.993294789302076,0.941724863081157
1,10,18,shift,,,0.02,2,K's tau,0.997521015324873,0.918718304714119
1,10,18,shift,,,0.02,2,LR,0.998194313757184,0.945151496658159
1,10,18,shift,,,0.02,2,PCA,0.997136710397584,0.934751887805133
1,10,18,shift,,,0.02,2,PCP,0.995942390146201,0.988790079255365
1,10,18,shift,,,0.02,2,PcaGrid,0.0953497466520561,0.0978058103788318
1,10,18,shift,,,0.02,2,PcaHubert,0.897898868931938,0.697358565991872
1,10,18,shift,,,0.02,2,Quad,0.996264785363833,0.973744181236735
1,10,18,shift,,,0.02,2,Shell,0.995706598731069,0.97867459109488
1,10,18,shift,,,0.02,2,Winsor,0.996144121372086,0.981896926850532
1,1,19,shift,,,0.02,3,Ball,0.993740715499261,0.866869011519679
1,1,19,shift,,,0.02,3,K's tau,0.992969909295931,0.955347277212001
1,1,19,shift,,,0.02,3,LR,0.992489704268611,0.914533711386974
1,1,19,shift,,,0.02,3,PCA,0.976409637767392,0.936546965694463
1,1,19,shift,,,0.02,3,PCP,0.993709572493806,0.967123260277419
1,1,19,shift,,,0.02,3,PcaGrid,0.386963724093385,0.200464013079417
1,1,19,shift,,,0.02,3,PcaHubert,0.831684254066718,0.726765996396
1,1,19,shift,,,0.02,3,Quad,0.970214692765446,0.942263848727047
1,1,19,shift,,,0.02,3,Shell,0.986300986914723,0.945739006338763
1,1,19,shift,,,0.02,3,Winsor,0.956176904075687,0.94054368331729
1,2,19,shift,,,0.02,3,Ball,0.820435296807809,0.848605095125234
1,2,19,shift,,,0.02,3,K's tau,0.82277474821116,0.862141327993221
1,2,19,shift,,,0.02,3,LR,0.993460872566244,0.912585420851192
1,2,19,shift,,,0.02,3,PCA,0.992891071769059,0.971864798581369
1,2,19,shift,,,0.02,3,PCP,0.997587606247419,0.982589018350054
1,2,19,shift,,,0.02,3,PcaGrid,0.0928172952639067,0.144735535791761
1,2,19,shift,,,0.02,3,PcaHubert,0.745306869947084,0.686888148757894
1,2,19,shift,,,0.02,3,Quad,0.989311045318938,0.97020656154866
1,2,19,shift,,,0.02,3,Shell,0.992125338117793,0.961800846974503
1,2,19,shift,,,0.02,3,Winsor,0.983133869238112,0.949478804298542
1,3,19,shift,,,0.02,3,Ball,0.991566289683636,0.970157311519852
1,3,19,shift,,,0.02,3,K's tau,0.92116794771565,0.934148263450881
1,3,19,shift,,,0.02,3,LR,0.986233313980938,0.966148089434251
1,3,19,shift,,,0.02,3,PCA,0.947031279149283,0.930790466263088
1,3,19,shift,,,0.02,3,PCP,0.995282960623473,0.987317476342511
1,3,19,shift,,,0.02,3,PcaGrid,0.00401277404481237,0.00257355527402328
1,3,19,shift,,,0.02,3,PcaHubert,0.84501301829296,0.678854339270091
1,3,19,shift,,,0.02,3,Quad,0.982438453685318,0.91634703539253
1,3,19,shift,,,0.02,3,Shell,0.988049507456546,0.958639698658493
1,3,19,shift,,,0.02,3,Winsor,0.853594080617104,0.878633636223403
1,4,19,shift,,,0.02,3,Ball,0.960623076326923,0.933819594870215
1,4,19,shift,,,0.02,3,K's tau,0.99339395746975,0.950554981572456
1,4,19,shift,,,0.02,3,LR,0.993045952447589,0.929374163650955
1,4,19,shift,,,0.02,3,PCA,0.997652769136056,0.950937965861518
1,4,19,shift,,,0.02,3,PCP,0.99579487357056,0.982509921530079
1,4,19,shift,,,0.02,3,PcaGrid,0.375832373265734,0.287596299993524
1,4,19,shift,,,0.02,3,PcaHubert,0.829703139713831,0.730751001074007
1,4,19,shift,,,0.02,3,Quad,0.995834432533676,0.880033941142358
1,4,19,shift,,,0.02,3,Shell,0.993445677922138,0.969388984325496
1,4,19,shift,,,0.02,3,Winsor,0.996659605850533,0.893437196960568
1,5,19,shift,,,0.02,3,Ball,0.976518653453471,0.961437205621355
1,5,19,shift,,,0.02,3,K's tau,0.988029026989781,0.966985756105676
1,5,19,shift,,,0.02,3,LR,0.976386003829623,0.884487263357225
1,5,19,shift,,,0.02,3,PCA,0.975447816091732,0.96197436777272
1,5,19,shift,,,0.02,3,PCP,0.994524782573103,0.954846749474101
1,5,19,shift,,,0.02,3,PcaGrid,0.0970199485416807,0.0819154809053964
1,5,19,shift,,,0.02,3,PcaHubert,0.68256970661307,0.552411901067544
1,5,19,shift,,,0.02,3,Quad,0.967055548308379,0.940659829656089
1,5,19,shift,,,0.02,3,Shell,0.97452526099895,0.882357184181415
1,5,19,shift,,,0.02,3,Winsor,0.874064404406841,0.916041344636806
1,6,19,shift,,,0.02,3,Ball,0.992748318147119,0.976495008620681
1,6,19,shift,,,0.02,3,K's tau,0.991960622655827,0.971554390509708
1,6,19,shift,,,0.02,3,LR,0.994391444170799,0.966040610633533
1,6,19,shift,,,0.02,3,PCA,0.994479784219716,0.967158720800712
1,6,19,shift,,,0.02,3,PCP,0.996742797720139,0.975043259007139
1,6,19,shift,,,0.02,3,PcaGrid,0.281875439917446,0.428712457965645
1,6,19,shift,,,0.02,3,PcaHubert,0.847832817568509,0.721757921954922
1,6,19,shift,,,0.02,3,Quad,0.990680450188578,0.965354949326101
1,6,19,shift,,,0.02,3,Shell,0.992849308297951,0.942059227823296
1,6,19,shift,,,0.02,3,Winsor,0.986867641372395,0.95954781907351
1,7,19,shift,,,0.02,3,Ball,0.990436194452747,0.94870441775449
1,7,19,shift,,,0.02,3,K's tau,0.993737945884588,0.935734625145493
1,7,19,shift,,,0.02,3,LR,0.979949576779808,0.964074631101614
1,7,19,shift,,,0.02,3,PCA,0.977008419677029,0.951372238533273
1,7,19,shift,,,0.02,3,PCP,0.997052835215941,0.98417210758034
1,7,19,shift,,,0.02,3,PcaGrid,0.388339660060114,0.247633248566193
1,7,19,shift,,,0.02,3,PcaHubert,0.703044489823314,0.582791153330075
1,7,19,shift,,,0.02,3,Quad,0.994101506503523,0.971603228944655
1,7,19,shift,,,0.02,3,Shell,0.991493359942231,0.96943140934564
1,7,19,shift,,,0.02,3,Winsor,0.995208403095779,0.973888658769069
1,8,19,shift,,,0.02,3,Ball,0.993619271565487,0.964107016700391
1,8,19,shift,,,0.02,3,K's tau,0.834898411574743,0.891523808669693
1,8,19,shift,,,0.02,3,LR,0.942990576931012,0.947226558653276
1,8,19,shift,,,0.02,3,PCA,0.993356449608256,0.981814341547558
1,8,19,shift,,,0.02,3,PCP,0.993718729405567,0.953059891800308
1,8,19,shift,,,0.02,3,PcaGrid,0.285273538769204,0.38862115078711
1,8,19,shift,,,0.02,3,PcaHubert,0.68613162124417,0.518591182766454
1,8,19,shift,,,0.02,3,Quad,0.970148864630539,0.939419885844945
1,8,19,shift,,,0.02,3,Shell,0.980169050121592,0.88767534368334
1,8,19,shift,,,0.02,3,Winsor,0.954642482633402,0.924037615506449
1,9,19,shift,,,0.02,3,Ball,0.983173032135509,0.9399008674281
1,9,19,shift,,,0.02,3,K's tau,0.98068930041723,0.883456223801083
1,9,19,shift,,,0.02,3,LR,0.944438151765341,0.934756442918892
1,9,19,shift,,,0.02,3,PCA,0.98065483722995,0.949843987667176
1,9,19,shift,,,0.02,3,PCP,0.994173400002762,0.983465640872204
1,9,19,shift,,,0.02,3,PcaGrid,0.186390441677817,0.0938458702022219
1,9,19,shift,,,0.02,3,PcaHubert,0.830172614920737,0.647977252855118
1,9,19,shift,,,0.02,3,Quad,0.975729998645729,0.961126334232412
1,9,19,shift,,,0.02,3,Shell,0.986153229857325,0.958181807326446
1,9,19,shift,,,0.02,3,Winsor,0.977456316018268,0.967137222963452
1,10,19,shift,,,0.02,3,Ball,0.980672163174724,0.899870866511698
1,10,19,shift,,,0.02,3,K's tau,0.995075260396051,0.904537817663282
1,10,19,shift,,,0.02,3,LR,0.996054860078634,0.931592483967837
1,10,19,shift,,,0.02,3,PCA,0.994493070326873,0.859827979206121
1,10,19,shift,,,0.02,3,PCP,0.992193912915069,0.987673450230643
1,10,19,shift,,,0.02,3,PcaGrid,0.0900583803897544,0.14045566067195
1,10,19,shift,,,0.02,3,PcaHubert,0.76401131045751,0.611705335451903
1,10,19,shift,,,0.02,3,Quad,0.992831988409862,0.946071282353883
1,10,19,shift,,,0.02,3,Shell,0.990761714276493,0.960655950606599
1,10,19,shift,,,0.02,3,Winsor,0.992530961174013,0.957009594146145
1,1,20,shift,,,0.02,4,Ball,0.990098896782024,0.810363592384381
1,1,20,shift,,,0.02,4,K's tau,0.988929791004536,0.937704155727469
1,1,20,shift,,,0.02,4,LR,0.987761364017507,0.894713209685268
1,1,20,shift,,,0.02,4,PCA,0.962197729043879,0.916076147220713
1,1,20,shift,,,0.02,4,PCP,0.988465121456148,0.930277111499244
1,1,20,shift,,,0.02,4,PcaGrid,0.0953504528510033,0.109756072170201
1,1,20,shift,,,0.02,4,PcaHubert,0.892426800981943,0.68961820864248
1,1,20,shift,,,0.02,4,Quad,0.954520427259521,0.913736738686885
1,1,20,shift,,,0.02,4,Shell,0.975719266469411,0.926019622532399
1,1,20,shift,,,0.02,4,Winsor,0.932920802561598,0.90615042907247
1,2,20,shift,,,0.02,4,Ball,0.808811136335482,0.837119200473972
1,2,20,shift,,,0.02,4,K's tau,0.808291859799,0.831861365716926
1,2,20,shift,,,0.02,4,LR,0.98909154644267,0.870856614888145
1,2,20,shift,,,0.02,4,PCA,0.987578540091682,0.95129628874377
1,2,20,shift,,,0.02,4,PCP,0.996964158531191,0.979699934555869
1,2,20,shift,,,0.02,4,PcaGrid,0.000622116943285821,0.0990012116503661
1,2,20,shift,,,0.02,4,PcaHubert,0.621770903651032,0.614935313378137
1,2,20,shift,,,0.02,4,Quad,0.977617266096713,0.925323141781828
1,2,20,shift,,,0.02,4,Shell,0.986034090759707,0.910917637647352
1,2,20,shift,,,0.02,4,Winsor,0.967052590405049,0.906155595873382
1,3,20,shift,,,0.02,4,Ball,0.985679685723459,0.955265183140011
1,3,20,shift,,,0.02,4,K's tau,0.829401222641471,0.871805367537469
1,3,20,shift,,,0.02,4,LR,0.976386184278315,0.941346125791086
1,3,20,shift,,,0.02,4,PCA,0.94007426444244,0.913566636360042
1,3,20,shift,,,0.02,4,PCP,0.993762143950531,0.980777128618489
1,3,20,shift,,,0.02,4,PcaGrid,0.196558449024836,0.105769258862071
1,3,20,shift,,,0.02,4,PcaHubert,0.87822032456718,0.703596776138961
1,3,20,shift,,,0.02,4,Quad,0.967626384272282,0.897008004670149
1,3,20,shift,,,0.02,4,Shell,0.97795136381433,0.93716502359312
1,3,20,shift,,,0.02,4,Winsor,0.852101987138385,0.855965334774103
1,4,20,shift,,,0.02,4,Ball,0.931310877459188,0.843165115152998
1,4,20,shift,,,0.02,4,K's tau,0.989875493992027,0.926836606443126
1,4,20,shift,,,0.02,4,LR,0.988375241106433,0.906468379411871
1,4,20,shift,,,0.02,4,PCA,0.996061613442219,0.927314879274064
1,4,20,shift,,,0.02,4,PCP,0.994118505638641,0.977362275442396
1,4,20,shift,,,0.02,4,PcaGrid,0.191759783482528,0.0964704591775235
1,4,20,shift,,,0.02,4,PcaHubert,0.769362110252073,0.642326506352054
1,4,20,shift,,,0.02,4,Quad,0.993598740110478,0.851183689150773
1,4,20,shift,,,0.02,4,Shell,0.989126622613296,0.886935182385469
1,4,20,shift,,,0.02,4,Winsor,0.994724766164722,0.869643099508341
1,5,20,shift,,,0.02,4,Ball,0.962563769211841,0.941031982028177
1,5,20,shift,,,0.02,4,K's tau,0.924988484743628,0.899188954871311
1,5,20,shift,,,0.02,4,LR,0.963720141260317,0.850026370990042
1,5,20,shift,,,0.02,4,PCA,0.944914396213613,0.933375097486864
1,5,20,shift,,,0.02,4,PCP,0.993011129773345,0.942885490942882
1,5,20,shift,,,0.02,4,PcaGrid,0.100882787055852,0.117880850793422
1,5,20,shift,,,0.02,4,PcaHubert,0.830410667446429,0.718025616325427
1,5,20,shift,,,0.02,4,Quad,0.918538399486527,0.90350954745052
1,5,20,shift,,,0.02,4,Shell,0.967034488577064,0.843079253304579
1,5,20,shift,,,0.02,4,Winsor,0.87491655510697,0.903045070523038
1,6,20,shift,,,0.02,4,Ball,0.987169325710901,0.965271805455555
1,6,20,shift,,,0.02,4,K's tau,0.983198190294764,0.958149075734388
1,6,20,shift,,,0.02,4,LR,0.990290868126164,0.957110213476103
1,6,20,shift,,,0.02,4,PCA,0.989434025751423,0.940108845490522
1,6,20,shift,,,0.02,4,PCP,0.995582615925787,0.97117833808534
1,6,20,shift,,,0.02,4,PcaGrid,0.198806322429814,0.198829305965992
1,6,20,shift,,,0.02,4,PcaHubert,0.770930799374626,0.67729569139251
1,6,20,shift,,,0.02,4,Quad,0.98052584155776,0.940005194949415
1,6,20,shift,,,0.02,4,Shell,0.987320942784327,0.929897977012405
1,6,20,shift,,,0.02,4,Winsor,0.967487322820084,0.933811554389403
1,7,20,shift,,,0.02,4,Ball,0.971446306527964,0.917289835624146
1,7,20,shift,,,0.02,4,K's tau,0.989404715023979,0.90060600212154
1,7,20,shift,,,0.02,4,LR,0.898825797909664,0.911264278281548
1,7,20,shift,,,0.02,4,PCA,0.956350837822054,0.923544370862648
1,7,20,shift,,,0.02,4,PCP,0.994380259742938,0.94998182076437
1,7,20,shift,,,0.02,4,PcaGrid,0.0977338544865758,0.147955275294022
1,7,20,shift,,,0.02,4,PcaHubert,0.657835461577485,0.548037859714104
1,7,20,shift,,,0.02,4,Quad,0.985043746276601,0.956731845159775
1,7,20,shift,,,0.02,4,Shell,0.977989481266594,0.934000370128927
1,7,20,shift,,,0.02,4,Winsor,0.98981464560853,0.963742104015976
1,8,20,shift,,,0.02,4,Ball,0.98467049598934,0.943470443861612
1,8,20,shift,,,0.02,4,K's tau,0.82090823562479,0.874350489609612
1,8,20,shift,,,0.02,4,LR,0.929352539447471,0.921580482580335
1,8,20,shift,,,0.02,4,PCA,0.974563713402069,0.953764767454152
1,8,20,shift,,,0.02,4,PCP,0.990326281356751,0.945906238827436
1,8,20,shift,,,0.02,4,PcaGrid,0.094319089971448,0.146164797697786
1,8,20,shift,,,0.02,4,PcaHubert,0.74029274138759,0.599084625802478
1,8,20,shift,,,0.02,4,Quad,0.909660902586091,0.875550581680047
1,8,20,shift,,,0.02,4,Shell,0.969116299753731,0.879107281584649
1,8,20,shift,,,0.02,4,Winsor,0.906945146209472,0.879719099261568
1,9,20,shift,,,0.02,4,Ball,0.958307536617543,0.902979621898546
1,9,20,shift,,,0.02,4,K's tau,0.797419295055135,0.787431246925124
1,9,20,shift,,,0.02,4,LR,0.921967843372874,0.904462777191546
1,9,20,shift,,,0.02,4,PCA,0.968517059871928,0.930054315660244
1,9,20,shift,,,0.02,4,PCP,0.995177231983903,0.976122939577774
1,9,20,shift,,,0.02,4,PcaGrid,0.189355941023957,0.199378880049119
1,9,20,shift,,,0.02,4,PcaHubert,0.794830955512225,0.702216296001822
1,9,20,shift,,,0.02,4,Quad,0.964905666472742,0.945640364307902
1,9,20,shift,,,0.02,4,Shell,0.980774473209133,0.939184580693961
1,9,20,shift,,,0.02,4,Winsor,0.966653501037263,0.953756145448091
1,10,20,shift,,,0.02,4,Ball,0.974052286785227,0.87905785253104
1,10,20,shift,,,0.02,4,K's tau,0.99312844639209,0.902835648915187
1,10,20,shift,,,0.02,4,LR,0.993824812169964,0.919535532777087
1,10,20,shift,,,0.02,4,PCA,0.991687906730868,0.848954111338621
1,10,20,shift,,,0.02,4,PCP,0.985115612039529,0.977532317953372
1,10,20,shift,,,0.02,4,PcaGrid,0.100451523572688,0.0536842623989073
1,10,20,shift,,,0.02,4,PcaHubert,0.791248774712482,0.614746644754667
1,10,20,shift,,,0.02,4,Quad,0.989679489337666,0.921069109021939
1,10,20,shift,,,0.02,4,Shell,0.986367768670953,0.947551201200583
1,10,20,shift,,,0.02,4,Winsor,0.98904649601874,0.929786482703527
1,1,21,shift,,,0.02,5,Ball,0.985218740025774,0.776339913048106
1,1,21,shift,,,0.02,5,K's tau,0.985379254477692,0.920317414017565
1,1,21,shift,,,0.02,5,LR,0.981038477579213,0.843915199096142
1,1,21,shift,,,0.02,5,PCA,0.949558327931056,0.891389755598524
1,1,21,shift,,,0.02,5,PCP,0.960328497129516,0.817027357690201
1,1,21,shift,,,0.02,5,PcaGrid,0.380619452545623,0.191584620754388
1,1,21,shift,,,0.02,5,PcaHubert,0.75022679281745,0.588265979100165
1,1,21,shift,,,0.02,5,Quad,0.935960353615401,0.879803863789631
1,1,21,shift,,,0.02,5,Shell,0.965619041552961,0.901104616432416
1,1,21,shift,,,0.02,5,Winsor,0.902036373492025,0.849966170041063
1,2,21,shift,,,0.02,5,Ball,0.81520396972522,0.802199299818284
1,2,21,shift,,,0.02,5,K's tau,0.801682563100446,0.780311328149361
1,2,21,shift,,,0.02,5,LR,0.978382548655119,0.815567925038344
1,2,21,shift,,,0.02,5,PCA,0.969018259110012,0.845852597041039
1,2,21,shift,,,0.02,5,PCP,0.959345437113412,0.666513011526802
1,2,21,shift,,,0.02,5,PcaGrid,0.00106827333403912,0.00230153337393081
1,2,21,shift,,,0.02,5,PcaHubert,0.583235740182492,0.530723740320672
1,2,21,shift,,,0.02,5,Quad,0.948999095774921,0.823633164461433
1,2,21,shift,,,0.02,5,Shell,0.973685391062758,0.83715048793431
1,2,21,shift,,,0.02,5,Winsor,0.943867912870643,0.809865758531465
1,3,21,shift,,,0.02,5,Ball,0.978701204683551,0.938314436259966
1,3,21,shift,,,0.02,5,K's tau,0.806402254883279,0.844008667823729
1,3,21,shift,,,0.02,5,LR,0.966041254701906,0.914267596022909
1,3,21,shift,,,0.02,5,PCA,0.928739145652088,0.890273569617652
1,3,21,shift,,,0.02,5,PCP,0.991460218217129,0.973378220952242
1,3,21,shift,,,0.02,5,PcaGrid,0.0928864948003399,0.191954931574029
1,3,21,shift,,,0.02,5,PcaHubert,0.741705184904601,0.636398749510184
1,3,21,shift,,,0.02,5,Quad,0.952402458951434,0.877469434486697
1,3,21,shift,,,0.02,5,Shell,0.963102993649189,0.913369215478693
1,3,21,shift,,,0.02,5,Winsor,0.847531123245024,0.833449069667967
1,4,21,shift,,,0.02,5,Ball,0.920341322194869,0.825534633838104
1,4,21,shift,,,0.02,5,K's tau,0.986655318019687,0.904786777272261
1,4,21,shift,,,0.02,5,LR,0.981752883904116,0.878293917618565
1,4,21,shift,,,0.02,5,PCA,0.994164056028486,0.915062161309356
1,4,21,shift,,,0.02,5,PCP,0.974409627725141,0.866485924431609
1,4,21,shift,,,0.02,5,PcaGrid,0.281143504460977,0.190242519892567
1,4,21,shift,,,0.02,5,PcaHubert,0.747464044029595,0.594877241645136
1,4,21,shift,,,0.02,5,Quad,0.991241046724176,0.824231391415171
1,4,21,shift,,,0.02,5,Shell,0.985285220500128,0.8744805132858
1,4,21,shift,,,0.02,5,Winsor,0.992577348677415,0.849305265637393
1,5,21,shift,,,0.02,5,Ball,0.9522617204624,0.924402133200496
1,5,21,shift,,,0.02,5,K's tau,0.868679127253803,0.844197318532284
1,5,21,shift,,,0.02,5,LR,0.948720206980712,0.829438813296363
1,5,21,shift,,,0.02,5,PCA,0.910226968358362,0.907213896906044
1,5,21,shift,,,0.02,5,PCP,0.991022369916507,0.892414713482915
1,5,21,shift,,,0.02,5,PcaGrid,0.284632967271994,0.291336108289389
1,5,21,shift,,,0.02,5,PcaHubert,0.7399410339357,0.603314684604781
1,5,21,shift,,,0.02,5,Quad,0.895843452974636,0.880749655019582
1,5,21,shift,,,0.02,5,Shell,0.957837115170733,0.828092228967953
1,5,21,shift,,,0.02,5,Winsor,0.88814225159995,0.896043263605251
1,6,21,shift,,,0.02,5,Ball,0.979885580581755,0.955358648564705
1,6,21,shift,,,0.02,5,K's tau,0.969361526568504,0.942528436839352
1,6,21,shift,,,0.02,5,LR,0.984989618030864,0.946470217448029
1,6,21,shift,,,0.02,5,PCA,0.981873431642526,0.899595072182244
1,6,21,shift,,,0.02,5,PCP,0.993654548729316,0.858703177623849
1,6,21,shift,,,0.02,5,PcaGrid,0.188873896615471,0.239481995350941
1,6,21,shift,,,0.02,5,PcaHubert,0.873912754285248,0.722943285761089
1,6,21,shift,,,0.02,5,Quad,0.963906737508049,0.909868598460118
1,6,21,shift,,,0.02,5,Shell,0.979900011617447,0.917864410159731
1,6,21,shift,,,0.02,5,Winsor,0.935786575084395,0.86899563089196
1,7,21,shift,,,0.02,5,Ball,0.829785646893658,0.810944885035973
1,7,21,shift,,,0.02,5,K's tau,0.968389233727702,0.887168407616754
1,7,21,shift,,,0.02,5,LR,0.833198603714765,0.850254716028399
1,7,21,shift,,,0.02,5,PCA,0.888403817521712,0.840093928263326
1,7,21,shift,,,0.02,5,PCP,0.566168226578363,0.349964994639657
1,7,21,shift,,,0.02,5,PcaGrid,0.000638862489319619,0.0974966853006997
1,7,21,shift,,,0.02,5,PcaHubert,0.656802826943572,0.51135044600501
1,7,21,shift,,,0.02,5,Quad,0.965013725580347,0.92642020549051
1,7,21,shift,,,0.02,5,Shell,0.956274927597324,0.898807196152677
1,7,21,shift,,,0.02,5,Winsor,0.969402610522764,0.92511434288729
1,8,21,shift,,,0.02,5,Ball,0.976727914832677,0.924502897017958
1,8,21,shift,,,0.02,5,K's tau,0.837846421868152,0.875041452919688
1,8,21,shift,,,0.02,5,LR,0.930499961383208,0.906759778637143
1,8,21,shift,,,0.02,5,PCA,0.857568302435867,0.849567425009535
1,8,21,shift,,,0.02,5,PCP,0.990901323837586,0.931634746097951
1,8,21,shift,,,0.02,5,PcaGrid,0.0968935394301963,0.200058724544802
1,8,21,shift,,,0.02,5,PcaHubert,0.686742118504775,0.489071229773674
1,8,21,shift,,,0.02,5,Quad,0.852688064344485,0.829212169377073
1,8,21,shift,,,0.02,5,Shell,0.964731366926864,0.884439945928293
1,8,21,shift,,,0.02,5,Winsor,0.873908659911652,0.84282297007795
1,9,21,shift,,,0.02,5,Ball,0.909837202054113,0.857759555742042
1,9,21,shift,,,0.02,5,K's tau,0.804812000132526,0.790372327799433
1,9,21,shift,,,0.02,5,LR,0.908717769127525,0.874700345171015
1,9,21,shift,,,0.02,5,PCA,0.955948486828722,0.887265764243248
1,9,21,shift,,,0.02,5,PCP,0.993006236631118,0.913347999380376
1,9,21,shift,,,0.02,5,PcaGrid,0.000531874168336257,0.000830488717294121
1,9,21,shift,,,0.02,5,PcaHubert,0.725666224545607,0.625545469200527
1,9,21,shift,,,0.02,5,Quad,0.955407395378111,0.930005013022664
1,9,21,shift,,,0.02,5,Shell,0.978643855313736,0.916421757653167
1,9,21,shift,,,0.02,5,Winsor,0.957276131249291,0.939625567366958
1,10,21,shift,,,0.02,5,Ball,0.967776828388205,0.859986952111839
1,10,21,shift,,,0.02,5,K's tau,0.990942107700742,0.909965634162801
1,10,21,shift,,,0.02,5,LR,0.990913342399654,0.904204277046217
1,10,21,shift,,,0.02,5,PCA,0.985693925990788,0.811871624030838
1,10,21,shift,,,0.02,5,PCP,0.966608974542038,0.941000598471199
1,10,21,shift,,,0.02,5,PcaGrid,0.197680270000123,0.0991419966779474
1,10,21,shift,,,0.02,5,PcaHubert,0.691089784001836,0.513546176882812
1,10,21,shift,,,0.02,5,Quad,0.98554732018371,0.823711405934767
1,10,21,shift,,,0.02,5,Shell,0.981510990585575,0.929264888644759
1,10,21,shift,,,0.02,5,Winsor,0.984245825590693,0.909584364199782
