Dataset,Panel,Outcome,ParamID,Condition,Method,Alpha,Baseline,Value,Delta,Replicates,dropout_mid,doublet_frac,cell_frac,gene_frac,meanlog,sdlog
Simulation 1,a,GMM ARI,1,clean,Ball,0.1,0.789864458198153,0.951191054551426,0.161326596353273,10,,,,,,
Simulation 1,a,GMM ARI,2,dropout,Ball,0.1,0.673282460124886,0.698575307843144,0.025292847718258,10,-1,,,,,
Simulation 1,a,GMM ARI,3,dropout,Ball,0.1,0.789864458198153,0.951191054551426,0.161326596353273,10,0,,,,,
Simulation 1,a,GMM ARI,4,dropout,Ball,0.1,0.869020533135669,0.869681774093623,0.000661240957954057,10,1,,,,,
Simulation 1,a,GMM ARI,5,dropout,Ball,0.1,0.690755314287346,0.660469730267836,-0.0302855840195101,10,2,,,,,
Simulation 1,a,GMM ARI,6,dropout,Ball,0.1,0.150235762764077,0.21047921453119,0.060243451767113,10,3,,,,,
Simulation 1,a,GMM ARI,7,doublet,Ball,0.1,0.808851683281095,0.932725355295534,0.123873672014439,10,,0.02,,,,
Simulation 1,a,GMM ARI,8,doublet,Ball,0.1,0.905864611486234,0.953042654903591,0.047178043417357,10,,0.05,,,,
Simulation 1,a,GMM ARI,9,doublet,Ball,0.1,0.867364516101907,0.93206694644802,0.064702430346113,10,,0.08,,,,
Simulation 1,a,GMM ARI,10,doublet,Ball,0.1,0.817007522921328,0.942061379802656,0.125053856881328,10,,0.1,,,,
Simulation 1,a,GMM ARI,11,doublet,Ball,0.1,0.88237159329194,0.942544595432995,0.0601730021410549,10,,0.15,,,,
Simulation 1,a,GMM ARI,12,shift,Ball,0.1,0.783660826426453,0.921949788126561,0.138288961700108,10,,,0.02,0.1,2,0.3
Simulation 1,a,GMM ARI,13,shift,Ball,0.1,0.762404892592673,0.914872483148819,0.152467590556146,10,,,0.04,0.1,2,0.3
Simulation 1,a,GMM ARI,14,shift,Ball,0.1,0.755351090917123,0.960173818286525,0.204822727369402,10,,,0.06,0.1,2,0.3
Simulation 1,a,GMM ARI,15,shift,Ball,0.1,0.757289780631183,0.913697959569335,0.156408178938152,10,,,0.08,0.1,2,0.3
Simulation 1,a,GMM ARI,16,shift,Ball,0.1,0.797805969798035,0.96261645447597,0.164810484677935,10,,,0.1,0.1,2,0.3
Simulation 1,a,GMM ARI,17,shift,Ball,0.1,0.77213989572248,0.896355367447265,0.124215471724785,10,,,0.02,0.1,1.5,0.3
Simulation 1,a,GMM ARI,18,shift,Ball,0.1,0.783660826426453,0.921949788126561,0.138288961700108,10,,,0.02,0.1,2,0.3
Simulation 1,a,GMM ARI,19,shift,Ball,0.1,0.753241387951624,0.93697508026831,0.183733692316686,10,,,0.02,0.1,3,0.3
Simulation 1,a,GMM ARI,20,shift,Ball,0.1,0.73802621204436,0.926811468727559,0.188785256683199,10,,,0.02,0.1,4,0.3
Simulation 1,a,GMM ARI,21,shift,Ball,0.1,0.762903349980008,0.951932886366028,0.18902953638602,10,,,0.02,0.1,5,0.3
Simulation 1,a,GMM ARI,1,clean,Ball,0.2,0.789864458198153,0.976824388393396,0.186959930195243,10,,,,,,
Simulation 1,a,GMM ARI,2,dropout,Ball,0.2,0.673282460124886,0.995497398301507,0.322214938176621,10,-1,,,,,
Simulation 1,a,GMM ARI,3,dropout,Ball,0.2,0.789864458198153,0.976824388393396,0.186959930195243,10,0,,,,,
Simulation 1,a,GMM ARI,4,dropout,Ball,0.2,0.869020533135669,0.876152978958268,0.00713244582259909,10,1,,,,,
Simulation 1,a,GMM ARI,5,dropout,Ball,0.2,0.690755314287346,0.666900248810542,-0.0238550654768041,10,2,,,,,
Simulation 1,a,GMM ARI,6,dropout,Ball,0.2,0.150235762764077,0.171862419679933,0.021626656915856,10,3,,,,,
Simulation 1,a,GMM ARI,7,doublet,Ball,0.2,0.808851683281095,0.959211790894652,0.150360107613557,10,,0.02,,,,
Simulation 1,a,GMM ARI,8,doublet,Ball,0.2,0.905864611486234,0.953321523257547,0.0474569117713131,10,,0.05,,,,
Simulation 1,a,GMM ARI,9,doublet,Ball,0.2,0.867364516101907,0.972799098263251,0.105434582161344,10,,0.08,,,,
Simulation 1,a,GMM ARI,10,doublet,Ball,0.2,0.817007522921328,0.968405595626869,0.151398072705541,10,,0.1,,,,
Simulation 1,a,GMM ARI,11,doublet,Ball,0.2,0.88237159329194,0.956130549581666,0.073758956289726,10,,0.15,,,,
Simulation 1,a,GMM ARI,12,shift,Ball,0.2,0.783660826426453,0.976421394057366,0.192760567630913,10,,,0.02,0.1,2,0.3
Simulation 1,a,GMM ARI,13,shift,Ball,0.2,0.762404892592673,0.97632276937499,0.213917876782317,10,,,0.04,0.1,2,0.3
Simulation 1,a,GMM ARI,14,shift,Ball,0.2,0.755351090917123,0.976259336510378,0.220908245593255,10,,,0.06,0.1,2,0.3
Simulation 1,a,GMM ARI,15,shift,Ball,0.2,0.757289780631183,0.976179794425347,0.218890013794164,10,,,0.08,0.1,2,0.3
Simulation 1,a,GMM ARI,16,shift,Ball,0.2,0.797805969798035,0.975474336498998,0.177668366700963,10,,,0.1,0.1,2,0.3
Simulation 1,a,GMM ARI,17,shift,Ball,0.2,0.77213989572248,0.97624600128128,0.2041061055588,10,,,0.02,0.1,1.5,0.3
Simulation 1,a,GMM ARI,18,shift,Ball,0.2,0.783660826426453,0.976421394057366,0.192760567630913,10,,,0.02,0.1,2,0.3
Simulation 1,a,GMM ARI,19,shift,Ball,0.2,0.753241387951624,0.976516784348855,0.223275396397231,10,,,0.02,0.1,3,0.3
Simulation 1,a,GMM ARI,20,shift,Ball,0.2,0.73802621204436,0.976575927164849,0.238549715120489,10,,,0.02,0.1,4,0.3
Simulation 1,a,GMM ARI,21,shift,Ball,0.2,0.762903349980008,0.976202740711896,0.213299390731888,10,,,0.02,0.1,5,0.3
Simulation 1,a,GMM ARI,1,clean,LR,0.1,0.725892275684586,0.850521409345134,0.124629133660548,10,,,,,,
Simulation 1,a,GMM ARI,2,dropout,LR,0.1,0.660696849489442,0.688559139429022,0.0278622899395801,10,-1,,,,,
Simulation 1,a,GMM ARI,3,dropout,LR,0.1,0.725892275684586,0.850521409345134,0.124629133660548,10,0,,,,,
Simulation 1,a,GMM ARI,4,dropout,LR,0.1,0.862931159249026,0.884006011295516,0.0210748520464901,10,1,,,,,
Simulation 1,a,GMM ARI,5,dropout,LR,0.1,0.684395536425122,0.678012093683508,-0.00638344274161395,10,2,,,,,
Simulation 1,a,GMM ARI,6,dropout,LR,0.1,0.10585331269111,0.152917491449843,0.047064178758733,10,3,,,,,
Simulation 1,a,GMM ARI,7,doublet,LR,0.1,0.739708465863746,0.841426597012737,0.101718131148991,10,,0.02,,,,
Simulation 1,a,GMM ARI,8,doublet,LR,0.1,0.765652278012958,0.875317587160086,0.109665309147128,10,,0.05,,,,
Simulation 1,a,GMM ARI,9,doublet,LR,0.1,0.797365940605205,0.868377451468167,0.071011510862962,10,,0.08,,,,
Simulation 1,a,GMM ARI,10,doublet,LR,0.1,0.812093519227418,0.875116076787215,0.063022557559797,10,,0.1,,,,
Simulation 1,a,GMM ARI,11,doublet,LR,0.1,0.824989615852821,0.891598274696094,0.0666086588432729,10,,0.15,,,,
Simulation 1,a,GMM ARI,12,shift,LR,0.1,0.753003682681831,0.816915115033177,0.063911432351346,10,,,0.02,0.1,2,0.3
Simulation 1,a,GMM ARI,13,shift,LR,0.1,0.735711533678079,0.838581259683884,0.102869726005805,10,,,0.04,0.1,2,0.3
Simulation 1,a,GMM ARI,14,shift,LR,0.1,0.763775868919497,0.820424763863036,0.056648894943539,10,,,0.06,0.1,2,0.3
Simulation 1,a,GMM ARI,15,shift,LR,0.1,0.70156212444606,0.821913491789999,0.120351367343939,10,,,0.08,0.1,2,0.3
Simulation 1,a,GMM ARI,16,shift,LR,0.1,0.729724055782773,0.818724797303562,0.089000741520789,10,,,0.1,0.1,2,0.3
Simulation 1,a,GMM ARI,17,shift,LR,0.1,0.737574825868559,0.851090823507565,0.113515997639006,10,,,0.02,0.1,1.5,0.3
Simulation 1,a,GMM ARI,18,shift,LR,0.1,0.753003682681831,0.816915115033177,0.063911432351346,10,,,0.02,0.1,2,0.3
Simulation 1,a,GMM ARI,19,shift,LR,0.1,0.739380236226538,0.815800940641496,0.076420704414958,10,,,0.02,0.1,3,0.3
Simulation 1,a,GMM ARI,20,shift,LR,0.1,0.722494416952016,0.850320372449441,0.127825955497425,10,,,0.02,0.1,4,0.3
Simulation 1,a,GMM ARI,21,shift,LR,0.1,0.771541452656681,0.80439821158004,0.032856758923359,10,,,0.02,0.1,5,0.3
Simulation 1,a,GMM ARI,1,clean,LR,0.2,0.725892275684586,0.941391466870837,0.215499191186251,10,,,,,,
Simulation 1,a,GMM ARI,2,dropout,LR,0.2,0.660696849489442,0.885777779154628,0.225080929665186,10,-1,,,,,
Simulation 1,a,GMM ARI,3,dropout,LR,0.2,0.725892275684586,0.941391466870837,0.215499191186251,10,0,,,,,
Simulation 1,a,GMM ARI,4,dropout,LR,0.2,0.862931159249026,0.877339646753324,0.014408487504298,10,1,,,,,
Simulation 1,a,GMM ARI,5,dropout,LR,0.2,0.684395536425122,0.691196424329,0.00680088790387801,10,2,,,,,
Simulation 1,a,GMM ARI,6,dropout,LR,0.2,0.10585331269111,0.24519781910751,0.1393445064164,10,3,,,,,
Simulation 1,a,GMM ARI,7,doublet,LR,0.2,0.739708465863746,0.943261624388901,0.203553158525155,10,,0.02,,,,
Simulation 1,a,GMM ARI,8,doublet,LR,0.2,0.765652278012958,0.960853571124361,0.195201293111403,10,,0.05,,,,
Simulation 1,a,GMM ARI,9,doublet,LR,0.2,0.797365940605205,0.961969413129499,0.164603472524294,10,,0.08,,,,
Simulation 1,a,GMM ARI,10,doublet,LR,0.2,0.812093519227418,0.95576542817103,0.143671908943612,10,,0.1,,,,
Simulation 1,a,GMM ARI,11,doublet,LR,0.2,0.824989615852821,0.940499027867328,0.115509412014507,10,,0.15,,,,
Simulation 1,a,GMM ARI,12,shift,LR,0.2,0.753003682681831,0.977767191914159,0.224763509232328,10,,,0.02,0.1,2,0.3
Simulation 1,a,GMM ARI,13,shift,LR,0.2,0.735711533678079,0.97761067450139,0.241899140823311,10,,,0.04,0.1,2,0.3
Simulation 1,a,GMM ARI,14,shift,LR,0.2,0.763775868919497,0.952042047298266,0.188266178378769,10,,,0.06,0.1,2,0.3
Simulation 1,a,GMM ARI,15,shift,LR,0.2,0.70156212444606,0.961649783108217,0.260087658662157,10,,,0.08,0.1,2,0.3
Simulation 1,a,GMM ARI,16,shift,LR,0.2,0.729724055782773,0.951656779312947,0.221932723530174,10,,,0.1,0.1,2,0.3
Simulation 1,a,GMM ARI,17,shift,LR,0.2,0.737574825868559,0.962787900775743,0.225213074907184,10,,,0.02,0.1,1.5,0.3
Simulation 1,a,GMM ARI,18,shift,LR,0.2,0.753003682681831,0.977767191914159,0.224763509232328,10,,,0.02,0.1,2,0.3
Simulation 1,a,GMM ARI,19,shift,LR,0.2,0.739380236226538,0.952481290987799,0.213101054761261,10,,,0.02,0.1,3,0.3
Simulation 1,a,GMM ARI,20,shift,LR,0.2,0.722494416952016,0.936072668420677,0.213578251468661,10,,,0.02,0.1,4,0.3
Simulation 1,a,GMM ARI,21,shift,LR,0.2,0.771541452656681,0.963505469054943,0.191964016398262,10,,,0.02,0.1,5,0.3
Simulation 1,a,GMM ARI,1,clean,Quad,0.1,0.675697166510316,0.669683097721572,-0.006014068788744,10,,,,,,
Simulation 1,a,GMM ARI,2,dropout,Quad,0.1,0.620328186389532,0.654378048512031,0.0340498621224989,10,-1,,,,,
Simulation 1,a,GMM ARI,3,dropout,Quad,0.1,0.675697166510316,0.669683097721572,-0.006014068788744,10,0,,,,,
Simulation 1,a,GMM ARI,4,dropout,Quad,0.1,0.851623389200749,0.850387768644666,-0.00123562055608295,10,1,,,,,
Simulation 1,a,GMM ARI,5,dropout,Quad,0.1,0.683052847688429,0.690666992738994,0.00761414505056501,10,2,,,,,
Simulation 1,a,GMM ARI,6,dropout,Quad,0.1,0.12355437489305,0.109576882535512,-0.013977492357538,10,3,,,,,
Simulation 1,a,GMM ARI,7,doublet,Quad,0.1,0.653287160559473,0.707378346597601,0.054091186038128,10,,0.02,,,,
Simulation 1,a,GMM ARI,8,doublet,Quad,0.1,0.715847710988073,0.722832186601996,0.00698447561392301,10,,0.05,,,,
Simulation 1,a,GMM ARI,9,doublet,Quad,0.1,0.719472413952365,0.736942042376642,0.0174696284242769,10,,0.08,,,,
Simulation 1,a,GMM ARI,10,doublet,Quad,0.1,0.731118462159718,0.739315951515707,0.00819748935598896,10,,0.1,,,,
Simulation 1,a,GMM ARI,11,doublet,Quad,0.1,0.762653913945966,0.833196443067001,0.070542529121035,10,,0.15,,,,
Simulation 1,a,GMM ARI,12,shift,Quad,0.1,0.661348327407273,0.693178668481625,0.031830341074352,10,,,0.02,0.1,2,0.3
Simulation 1,a,GMM ARI,13,shift,Quad,0.1,0.677131866803223,0.692340697302056,0.015208830498833,10,,,0.04,0.1,2,0.3
Simulation 1,a,GMM ARI,14,shift,Quad,0.1,0.698972699376571,0.684134984688402,-0.0148377146881691,10,,,0.06,0.1,2,0.3
Simulation 1,a,GMM ARI,15,shift,Quad,0.1,0.687721891406405,0.695117637610585,0.00739574620417993,10,,,0.08,0.1,2,0.3
Simulation 1,a,GMM ARI,16,shift,Quad,0.1,0.664042186937881,0.686818890731967,0.022776703794086,10,,,0.1,0.1,2,0.3
Simulation 1,a,GMM ARI,17,shift,Quad,0.1,0.673703527440836,0.666611949292213,-0.00709157814862294,10,,,0.02,0.1,1.5,0.3
Simulation 1,a,GMM ARI,18,shift,Quad,0.1,0.661348327407273,0.693178668481625,0.031830341074352,10,,,0.02,0.1,2,0.3
Simulation 1,a,GMM ARI,19,shift,Quad,0.1,0.646217441753942,0.686705581902666,0.0404881401487239,10,,,0.02,0.1,3,0.3
Simulation 1,a,GMM ARI,20,shift,Quad,0.1,0.696802326940882,0.6605048054989,-0.036297521441982,10,,,0.02,0.1,4,0.3
Simulation 1,a,GMM ARI,21,shift,Quad,0.1,0.672432491852334,0.656265390469699,-0.016167101382635,10,,,0.02,0.1,5,0.3
Simulation 1,a,GMM ARI,1,clean,Quad,0.2,0.675697166510316,0.707382385279695,0.031685218769379,10,,,,,,
Simulation 1,a,GMM ARI,2,dropout,Quad,0.2,0.620328186389532,0.644976192824072,0.02464800643454,10,-1,,,,,
Simulation 1,a,GMM ARI,3,dropout,Quad,0.2,0.675697166510316,0.707382385279695,0.031685218769379,10,0,,,,,
Simulation 1,a,GMM ARI,4,dropout,Quad,0.2,0.851623389200749,0.867152005877685,0.0155286166769361,10,1,,,,,
Simulation 1,a,GMM ARI,5,dropout,Quad,0.2,0.683052847688429,0.689056172431149,0.00600332474272003,10,2,,,,,
Simulation 1,a,GMM ARI,6,dropout,Quad,0.2,0.12355437489305,0.0862712734174562,-0.0372831014755938,10,3,,,,,
Simulation 1,a,GMM ARI,7,doublet,Quad,0.2,0.653287160559473,0.749472335300327,0.096185174740854,10,,0.02,,,,
Simulation 1,a,GMM ARI,8,doublet,Quad,0.2,0.715847710988073,0.795956970928379,0.080109259940306,10,,0.05,,,,
Simulation 1,a,GMM ARI,9,doublet,Quad,0.2,0.719472413952365,0.769854093852107,0.050381679899742,10,,0.08,,,,
Simulation 1,a,GMM ARI,10,doublet,Quad,0.2,0.731118462159718,0.772025145506466,0.040906683346748,10,,0.1,,,,
Simulation 1,a,GMM ARI,11,doublet,Quad,0.2,0.762653913945966,0.855561133820892,0.092907219874926,10,,0.15,,,,
Simulation 1,a,GMM ARI,12,shift,Quad,0.2,0.661348327407273,0.663737966650784,0.00238963924351099,10,,,0.02,0.1,2,0.3
Simulation 1,a,GMM ARI,13,shift,Quad,0.2,0.677131866803223,0.666327152000922,-0.0108047148023011,10,,,0.04,0.1,2,0.3
Simulation 1,a,GMM ARI,14,shift,Quad,0.2,0.698972699376571,0.680089161996918,-0.018883537379653,10,,,0.06,0.1,2,0.3
Simulation 1,a,GMM ARI,15,shift,Quad,0.2,0.687721891406405,0.707902814340226,0.0201809229338209,10,,,0.08,0.1,2,0.3
Simulation 1,a,GMM ARI,16,shift,Quad,0.2,0.664042186937881,0.69467602789941,0.030633840961529,10,,,0.1,0.1,2,0.3
Simulation 1,a,GMM ARI,17,shift,Quad,0.2,0.673703527440836,0.688079784323622,0.0143762568827861,10,,,0.02,0.1,1.5,0.3
Simulation 1,a,GMM ARI,18,shift,Quad,0.2,0.661348327407273,0.663737966650784,0.00238963924351099,10,,,0.02,0.1,2,0.3
Simulation 1,a,GMM ARI,19,shift,Quad,0.2,0.646217441753942,0.705098499640009,0.058881057886067,10,,,0.02,0.1,3,0.3
Simulation 1,a,GMM ARI,20,shift,Quad,0.2,0.696802326940882,0.709426134022762,0.01262380708188,10,,,0.02,0.1,4,0.3
Simulation 1,a,GMM ARI,21,shift,Quad,0.2,0.672432491852334,0.674403466911829,0.00197097505949495,10,,,0.02,0.1,5,0.3
Simulation 1,a,GMM ARI,1,clean,Shell,0.1,0.673419265376196,0.701146191204023,0.027726925827827,10,,,,,,
Simulation 1,a,GMM ARI,2,dropout,Shell,0.1,0.641657376322102,0.643015603258327,0.001358226936225,10,-1,,,,,
Simulation 1,a,GMM ARI,3,dropout,Shell,0.1,0.673419265376196,0.701146191204023,0.027726925827827,10,0,,,,,
Simulation 1,a,GMM ARI,4,dropout,Shell,0.1,0.800509033111523,0.80435671827388,0.00384768516235701,10,1,,,,,
Simulation 1,a,GMM ARI,5,dropout,Shell,0.1,0.676816112614055,0.681683508732089,0.004867396118034,10,2,,,,,
Simulation 1,a,GMM ARI,6,dropout,Shell,0.1,0.0655968234428433,0.0568429441565255,-0.0087538792863178,10,3,,,,,
Simulation 1,a,GMM ARI,7,doublet,Shell,0.1,0.695025998526744,0.688427313222242,-0.00659868530450192,10,,0.02,,,,
Simulation 1,a,GMM ARI,8,doublet,Shell,0.1,0.703587833836809,0.703652755246203,6.49214093939587e-05,10,,0.05,,,,
Simulation 1,a,GMM ARI,9,doublet,Shell,0.1,0.717335310922782,0.764713031401172,0.04737772047839,10,,0.08,,,,
Simulation 1,a,GMM ARI,10,doublet,Shell,0.1,0.68783388560858,0.694161566920732,0.006327681312152,10,,0.1,,,,
Simulation 1,a,GMM ARI,11,doublet,Shell,0.1,0.81000642803644,0.878431893335016,0.0684254652985761,10,,0.15,,,,
Simulation 1,a,GMM ARI,12,shift,Shell,0.1,0.644394992749748,0.694921123975586,0.050526131225838,10,,,0.02,0.1,2,0.3
Simulation 1,a,GMM ARI,13,shift,Shell,0.1,0.663890094977566,0.689829342519158,0.0259392475415919,10,,,0.04,0.1,2,0.3
Simulation 1,a,GMM ARI,14,shift,Shell,0.1,0.654413185795686,0.666306569653469,0.011893383857783,10,,,0.06,0.1,2,0.3
Simulation 1,a,GMM ARI,15,shift,Shell,0.1,0.637826065131891,0.708052858785069,0.070226793653178,10,,,0.08,0.1,2,0.3
Simulation 1,a,GMM ARI,16,shift,Shell,0.1,0.658080872107872,0.663752638361529,0.00567176625365695,10,,,0.1,0.1,2,0.3
Simulation 1,a,GMM ARI,17,shift,Shell,0.1,0.656196786347675,0.684134717703695,0.0279379313560201,10,,,0.02,0.1,1.5,0.3
Simulation 1,a,GMM ARI,18,shift,Shell,0.1,0.644394992749748,0.694921123975586,0.050526131225838,10,,,0.02,0.1,2,0.3
Simulation 1,a,GMM ARI,19,shift,Shell,0.1,0.63410002128338,0.666934636667019,0.032834615383639,10,,,0.02,0.1,3,0.3
Simulation 1,a,GMM ARI,20,shift,Shell,0.1,0.6437473726296,0.658883500615463,0.0151361279858629,10,,,0.02,0.1,4,0.3
Simulation 1,a,GMM ARI,21,shift,Shell,0.1,0.687740386225511,0.651969095009956,-0.035771291215555,10,,,0.02,0.1,5,0.3
Simulation 1,a,GMM ARI,1,clean,Shell,0.2,0.673419265376196,0.674227307558083,0.000808042181887014,10,,,,,,
Simulation 1,a,GMM ARI,2,dropout,Shell,0.2,0.641657376322102,0.638104432869073,-0.00355294345302892,10,-1,,,,,
Simulation 1,a,GMM ARI,3,dropout,Shell,0.2,0.673419265376196,0.674227307558083,0.000808042181887014,10,0,,,,,
Simulation 1,a,GMM ARI,4,dropout,Shell,0.2,0.800509033111523,0.789487072714971,-0.011021960396552,10,1,,,,,
Simulation 1,a,GMM ARI,5,dropout,Shell,0.2,0.676816112614055,0.660653208402916,-0.0161629042111391,10,2,,,,,
Simulation 1,a,GMM ARI,6,dropout,Shell,0.2,0.0655968234428433,0.0426655825910097,-0.0229312408518336,10,3,,,,,
Simulation 1,a,GMM ARI,7,doublet,Shell,0.2,0.695025998526744,0.689580304794118,-0.00544569373262593,10,,0.02,,,,
Simulation 1,a,GMM ARI,8,doublet,Shell,0.2,0.703587833836809,0.765384137522929,0.06179630368612,10,,0.05,,,,
Simulation 1,a,GMM ARI,9,doublet,Shell,0.2,0.717335310922782,0.861011758481415,0.143676447558633,10,,0.08,,,,
Simulation 1,a,GMM ARI,10,doublet,Shell,0.2,0.68783388560858,0.848943572224747,0.161109686616167,10,,0.1,,,,
Simulation 1,a,GMM ARI,11,doublet,Shell,0.2,0.81000642803644,0.830937034550719,0.020930606514279,10,,0.15,,,,
Simulation 1,a,GMM ARI,12,shift,Shell,0.2,0.644394992749748,0.653930741778656,0.00953574902890797,10,,,0.02,0.1,2,0.3
Simulation 1,a,GMM ARI,13,shift,Shell,0.2,0.663890094977566,0.694652887724236,0.0307627927466699,10,,,0.04,0.1,2,0.3
Simulation 1,a,GMM ARI,14,shift,Shell,0.2,0.654413185795686,0.699124373366062,0.0447111875703761,10,,,0.06,0.1,2,0.3
Simulation 1,a,GMM ARI,15,shift,Shell,0.2,0.637826065131891,0.675694682752081,0.03786861762019,10,,,0.08,0.1,2,0.3
Simulation 1,a,GMM ARI,16,shift,Shell,0.2,0.658080872107872,0.669258750563008,0.011177878455136,10,,,0.1,0.1,2,0.3
Simulation 1,a,GMM ARI,17,shift,Shell,0.2,0.656196786347675,0.656442289498691,0.000245503151016013,10,,,0.02,0.1,1.5,0.3
Simulation 1,a,GMM ARI,18,shift,Shell,0.2,0.644394992749748,0.653930741778656,0.00953574902890797,10,,,0.02,0.1,2,0.3
Simulation 1,a,GMM ARI,19,shift,Shell,0.2,0.63410002128338,0.691516511574023,0.057416490290643,10,,,0.02,0.1,3,0.3
Simulation 1,a,GMM ARI,20,shift,Shell,0.2,0.6437473726296,0.692890335610454,0.049142962980854,10,,,0.02,0.1,4,0.3
Simulation 1,a,GMM ARI,21,shift,Shell,0.2,0.687740386225511,0.684568940023667,-0.00317144620184406,10,,,0.02,0.1,5,0.3
Simulation 1,a,GMM ARI,1,clean,Winsor,0.1,0.659261661935161,0.683798354668256,0.024536692733095,10,,,,,,
Simulation 1,a,GMM ARI,2,dropout,Winsor,0.1,0.656267228119515,0.650677203137909,-0.00559002498160599,10,-1,,,,,
Simulation 1,a,GMM ARI,3,dropout,Winsor,0.1,0.659261661935161,0.683798354668256,0.024536692733095,10,0,,,,,
Simulation 1,a,GMM ARI,4,dropout,Winsor,0.1,0.843500741665654,0.839722714991471,-0.00377802667418303,10,1,,,,,
Simulation 1,a,GMM ARI,5,dropout,Winsor,0.1,0.679143177900414,0.679934264059445,0.000791086159031007,10,2,,,,,
Simulation 1,a,GMM ARI,6,dropout,Winsor,0.1,0.126685912499147,0.10168814446091,-0.024997768038237,10,3,,,,,
Simulation 1,a,GMM ARI,7,doublet,Winsor,0.1,0.667802680981974,0.672819580498153,0.00501689951617901,10,,0.02,,,,
Simulation 1,a,GMM ARI,8,doublet,Winsor,0.1,0.724631584297207,0.711448877696325,-0.0131827066008819,10,,0.05,,,,
Simulation 1,a,GMM ARI,9,doublet,Winsor,0.1,0.739044860074389,0.724740836854295,-0.0143040232200939,10,,0.08,,,,
Simulation 1,a,GMM ARI,10,doublet,Winsor,0.1,0.726435369971527,0.747209055176235,0.020773685204708,10,,0.1,,,,
Simulation 1,a,GMM ARI,11,doublet,Winsor,0.1,0.758745193035449,0.812761935480464,0.0540167424450151,10,,0.15,,,,
Simulation 1,a,GMM ARI,12,shift,Winsor,0.1,0.665711306321638,0.660779714425744,-0.00493159189589398,10,,,0.02,0.1,2,0.3
Simulation 1,a,GMM ARI,13,shift,Winsor,0.1,0.66192225437121,0.630420411870662,-0.031501842500548,10,,,0.04,0.1,2,0.3
Simulation 1,a,GMM ARI,14,shift,Winsor,0.1,0.668117707823606,0.648759678164626,-0.01935802965898,10,,,0.06,0.1,2,0.3
Simulation 1,a,GMM ARI,15,shift,Winsor,0.1,0.659529723759397,0.685559835688749,0.026030111929352,10,,,0.08,0.1,2,0.3
Simulation 1,a,GMM ARI,16,shift,Winsor,0.1,0.667587411400934,0.653060566698981,-0.014526844701953,10,,,0.1,0.1,2,0.3
Simulation 1,a,GMM ARI,17,shift,Winsor,0.1,0.662795752764366,0.661922755885739,-0.000872996878626964,10,,,0.02,0.1,1.5,0.3
Simulation 1,a,GMM ARI,18,shift,Winsor,0.1,0.665711306321638,0.660779714425744,-0.00493159189589398,10,,,0.02,0.1,2,0.3
Simulation 1,a,GMM ARI,19,shift,Winsor,0.1,0.64706882351698,0.693697700389305,0.046628876872325,10,,,0.02,0.1,3,0.3
Simulation 1,a,GMM ARI,20,shift,Winsor,0.1,0.658392840764267,0.643345537941829,-0.0150473028224379,10,,,0.02,0.1,4,0.3
Simulation 1,a,GMM ARI,21,shift,Winsor,0.1,0.651390057471604,0.647778255771069,-0.00361180170053499,10,,,0.02,0.1,5,0.3
Simulation 1,a,GMM ARI,1,clean,Winsor,0.2,0.659261661935161,0.67266457842694,0.0134029164917791,10,,,,,,
Simulation 1,a,GMM ARI,2,dropout,Winsor,0.2,0.656267228119515,0.618520775197132,-0.037746452922383,10,-1,,,,,
Simulation 1,a,GMM ARI,3,dropout,Winsor,0.2,0.659261661935161,0.67266457842694,0.0134029164917791,10,0,,,,,
Simulation 1,a,GMM ARI,4,dropout,Winsor,0.2,0.843500741665654,0.843489843265237,-1.08984004170143e-05,10,1,,,,,
Simulation 1,a,GMM ARI,5,dropout,Winsor,0.2,0.679143177900414,0.685557055106359,0.006413877205945,10,2,,,,,
Simulation 1,a,GMM ARI,6,dropout,Winsor,0.2,0.126685912499147,0.0752170643844538,-0.0514688481146932,10,3,,,,,
Simulation 1,a,GMM ARI,7,doublet,Winsor,0.2,0.667802680981974,0.693737769997016,0.0259350890150419,10,,0.02,,,,
Simulation 1,a,GMM ARI,8,doublet,Winsor,0.2,0.724631584297207,0.732657849798624,0.00802626550141705,10,,0.05,,,,
Simulation 1,a,GMM ARI,9,doublet,Winsor,0.2,0.739044860074389,0.730372055496075,-0.00867280457831399,10,,0.08,,,,
Simulation 1,a,GMM ARI,10,doublet,Winsor,0.2,0.726435369971527,0.747188864169277,0.02075349419775,10,,0.1,,,,
Simulation 1,a,GMM ARI,11,doublet,Winsor,0.2,0.758745193035449,0.775299279010591,0.0165540859751421,10,,0.15,,,,
Simulation 1,a,GMM ARI,12,shift,Winsor,0.2,0.665711306321638,0.69754920857003,0.031837902248392,10,,,0.02,0.1,2,0.3
Simulation 1,a,GMM ARI,13,shift,Winsor,0.2,0.66192225437121,0.661365604846331,-0.000556649524878994,10,,,0.04,0.1,2,0.3
Simulation 1,a,GMM ARI,14,shift,Winsor,0.2,0.668117707823606,0.667803315341738,-0.000314392481868042,10,,,0.06,0.1,2,0.3
Simulation 1,a,GMM ARI,15,shift,Winsor,0.2,0.659529723759397,0.646718648451721,-0.012811075307676,10,,,0.08,0.1,2,0.3
Simulation 1,a,GMM ARI,16,shift,Winsor,0.2,0.667587411400934,0.678689909194881,0.011102497793947,10,,,0.1,0.1,2,0.3
Simulation 1,a,GMM ARI,17,shift,Winsor,0.2,0.662795752764366,0.719423791600669,0.0566280388363031,10,,,0.02,0.1,1.5,0.3
Simulation 1,a,GMM ARI,18,shift,Winsor,0.2,0.665711306321638,0.69754920857003,0.031837902248392,10,,,0.02,0.1,2,0.3
Simulation 1,a,GMM ARI,19,shift,Winsor,0.2,0.64706882351698,0.670980071916068,0.023911248399088,10,,,0.02,0.1,3,0.3
Simulation 1,a,GMM ARI,20,shift,Winsor,0.2,0.658392840764267,0.67288070054845,0.014487859784183,10,,,0.02,0.1,4,0.3
Simulation 1,a,GMM ARI,21,shift,Winsor,0.2,0.651390057471604,0.64622099945417,-0.00516905801743395,10,,,0.02,0.1,5,0.3
Simulation 1,b,GMM NMI,1,clean,Ball,0.1,0.808952004977522,0.935113575530627,0.126161570553105,10,,,,,,
Simulation 1,b,GMM NMI,2,dropout,Ball,0.1,0.736668957786071,0.759213340477954,0.022544382691883,10,-1,,,,,
Simulation 1,b,GMM NMI,3,dropout,Ball,0.1,0.808952004977522,0.935113575530627,0.126161570553105,10,0,,,,,
Simulation 1,b,GMM NMI,4,dropout,Ball,0.1,0.795748577678172,0.791816409918725,-0.00393216775944694,10,1,,,,,
Simulation 1,b,GMM NMI,5,dropout,Ball,0.1,0.574362918061721,0.558558465683746,-0.015804452377975,10,2,,,,,
Simulation 1,b,GMM NMI,6,dropout,Ball,0.1,0.129909966921621,0.171415651811858,0.041505684890237,10,3,,,,,
Simulation 1,b,GMM NMI,7,doublet,Ball,0.1,0.822224823673976,0.920321788590988,0.098096964917012,10,,0.02,,,,
Simulation 1,b,GMM NMI,8,doublet,Ball,0.1,0.890377961522837,0.931052416355631,0.040674454832794,10,,0.05,,,,
Simulation 1,b,GMM NMI,9,doublet,Ball,0.1,0.85980178575645,0.912056408295694,0.052254622539244,10,,0.08,,,,
Simulation 1,b,GMM NMI,10,doublet,Ball,0.1,0.812056442805248,0.915270195171773,0.103213752366525,10,,0.1,,,,
Simulation 1,b,GMM NMI,11,doublet,Ball,0.1,0.863415893261666,0.913147713054575,0.049731819792909,10,,0.15,,,,
Simulation 1,b,GMM NMI,12,shift,Ball,0.1,0.804215202552216,0.911130806940393,0.106915604388177,10,,,0.02,0.1,2,0.3
Simulation 1,b,GMM NMI,13,shift,Ball,0.1,0.786040324099928,0.904635910581594,0.118595586481666,10,,,0.04,0.1,2,0.3
Simulation 1,b,GMM NMI,14,shift,Ball,0.1,0.782998894917753,0.942349799143874,0.159350904226121,10,,,0.06,0.1,2,0.3
Simulation 1,b,GMM NMI,15,shift,Ball,0.1,0.78221098448862,0.904879152142314,0.122668167653694,10,,,0.08,0.1,2,0.3
Simulation 1,b,GMM NMI,16,shift,Ball,0.1,0.813055457660252,0.942693567183899,0.129638109523647,10,,,0.1,0.1,2,0.3
Simulation 1,b,GMM NMI,17,shift,Ball,0.1,0.795249097667878,0.892329832754529,0.0970807350866511,10,,,0.02,0.1,1.5,0.3
Simulation 1,b,GMM NMI,18,shift,Ball,0.1,0.804215202552216,0.911130806940393,0.106915604388177,10,,,0.02,0.1,2,0.3
Simulation 1,b,GMM NMI,19,shift,Ball,0.1,0.779276485177832,0.922834933703377,0.143558448525545,10,,,0.02,0.1,3,0.3
Simulation 1,b,GMM NMI,20,shift,Ball,0.1,0.769904681161042,0.915050409476229,0.145145728315187,10,,,0.02,0.1,4,0.3
Simulation 1,b,GMM NMI,21,shift,Ball,0.1,0.788402189090836,0.935461036608555,0.147058847517719,10,,,0.02,0.1,5,0.3
Simulation 1,b,GMM NMI,1,clean,Ball,0.2,0.808952004977522,0.954518697809933,0.145566692832411,10,,,,,,
Simulation 1,b,GMM NMI,2,dropout,Ball,0.2,0.736668957786071,0.990901899312468,0.254232941526397,10,-1,,,,,
Simulation 1,b,GMM NMI,3,dropout,Ball,0.2,0.808952004977522,0.954518697809933,0.145566692832411,10,0,,,,,
Simulation 1,b,GMM NMI,4,dropout,Ball,0.2,0.795748577678172,0.793569371080616,-0.00217920659755599,10,1,,,,,
Simulation 1,b,GMM NMI,5,dropout,Ball,0.2,0.574362918061721,0.558827951690547,-0.015534966371174,10,2,,,,,
Simulation 1,b,GMM NMI,6,dropout,Ball,0.2,0.129909966921621,0.136681348380388,0.00677138145876702,10,3,,,,,
Simulation 1,b,GMM NMI,7,doublet,Ball,0.2,0.822224823673976,0.939048171323162,0.116823347649186,10,,0.02,,,,
Simulation 1,b,GMM NMI,8,doublet,Ball,0.2,0.890377961522837,0.929592221109452,0.0392142595866151,10,,0.05,,,,
Simulation 1,b,GMM NMI,9,doublet,Ball,0.2,0.85980178575645,0.942108812345387,0.082307026588937,10,,0.08,,,,
Simulation 1,b,GMM NMI,10,doublet,Ball,0.2,0.812056442805248,0.930747959127585,0.118691516322337,10,,0.1,,,,
Simulation 1,b,GMM NMI,11,doublet,Ball,0.2,0.863415893261666,0.905782762146747,0.042366868885081,10,,0.15,,,,
Simulation 1,b,GMM NMI,12,shift,Ball,0.2,0.804215202552216,0.953705610494989,0.149490407942773,10,,,0.02,0.1,2,0.3
Simulation 1,b,GMM NMI,13,shift,Ball,0.2,0.786040324099928,0.953645618198621,0.167605294098693,10,,,0.04,0.1,2,0.3
Simulation 1,b,GMM NMI,14,shift,Ball,0.2,0.782998894917753,0.953428375690962,0.170429480773209,10,,,0.06,0.1,2,0.3
Simulation 1,b,GMM NMI,15,shift,Ball,0.2,0.78221098448862,0.953361843549871,0.171150859061251,10,,,0.08,0.1,2,0.3
Simulation 1,b,GMM NMI,16,shift,Ball,0.2,0.813055457660252,0.951832914083268,0.138777456423016,10,,,0.1,0.1,2,0.3
Simulation 1,b,GMM NMI,17,shift,Ball,0.2,0.795249097667878,0.953522667629447,0.158273569961569,10,,,0.02,0.1,1.5,0.3
Simulation 1,b,GMM NMI,18,shift,Ball,0.2,0.804215202552216,0.953705610494989,0.149490407942773,10,,,0.02,0.1,2,0.3
Simulation 1,b,GMM NMI,19,shift,Ball,0.2,0.779276485177832,0.95389467477213,0.174618189594298,10,,,0.02,0.1,3,0.3
Simulation 1,b,GMM NMI,20,shift,Ball,0.2,0.769904681161042,0.954045718589516,0.184141037428474,10,,,0.02,0.1,4,0.3
Simulation 1,b,GMM NMI,21,shift,Ball,0.2,0.788402189090836,0.953432480227297,0.165030291136461,10,,,0.02,0.1,5,0.3
Simulation 1,b,GMM NMI,1,clean,LR,0.1,0.757451453788175,0.854951494942465,0.09750004115429,10,,,,,,
Simulation 1,b,GMM NMI,2,dropout,LR,0.1,0.724858958852545,0.750333033393879,0.025474074541334,10,-1,,,,,
Simulation 1,b,GMM NMI,3,dropout,LR,0.1,0.757451453788175,0.854951494942465,0.09750004115429,10,0,,,,,
Simulation 1,b,GMM NMI,4,dropout,LR,0.1,0.793366749200841,0.805744337131447,0.012377587930606,10,1,,,,,
Simulation 1,b,GMM NMI,5,dropout,LR,0.1,0.568591254409441,0.566258651411982,-0.00233260299745908,10,2,,,,,
Simulation 1,b,GMM NMI,6,dropout,LR,0.1,0.0932369855641135,0.133096888862151,0.0398599032980375,10,3,,,,,
Simulation 1,b,GMM NMI,7,doublet,LR,0.1,0.767100939734311,0.849517629853151,0.08241669011884,10,,0.02,,,,
Simulation 1,b,GMM NMI,8,doublet,LR,0.1,0.786175340685352,0.866528355348332,0.0803530146629799,10,,0.05,,,,
Simulation 1,b,GMM NMI,9,doublet,LR,0.1,0.79798672056461,0.862324399450994,0.0643376788863841,10,,0.08,,,,
Simulation 1,b,GMM NMI,10,doublet,LR,0.1,0.807271517956824,0.859809881942045,0.0525383639852211,10,,0.1,,,,
Simulation 1,b,GMM NMI,11,doublet,LR,0.1,0.80523019138018,0.870115550167212,0.0648853587870319,10,,0.15,,,,
Simulation 1,b,GMM NMI,12,shift,LR,0.1,0.780069387205437,0.830327964300504,0.0502585770950671,10,,,0.02,0.1,2,0.3
Simulation 1,b,GMM NMI,13,shift,LR,0.1,0.761042375384993,0.846586967721224,0.085544592336231,10,,,0.04,0.1,2,0.3
Simulation 1,b,GMM NMI,14,shift,LR,0.1,0.786055661633804,0.831376280452443,0.045320618818639,10,,,0.06,0.1,2,0.3
Simulation 1,b,GMM NMI,15,shift,LR,0.1,0.739316889776243,0.829834312900392,0.090517423124149,10,,,0.08,0.1,2,0.3
Simulation 1,b,GMM NMI,16,shift,LR,0.1,0.763498048291354,0.830825963550251,0.0673279152588969,10,,,0.1,0.1,2,0.3
Simulation 1,b,GMM NMI,17,shift,LR,0.1,0.765577775013533,0.855663158398683,0.09008538338515,10,,,0.02,0.1,1.5,0.3
Simulation 1,b,GMM NMI,18,shift,LR,0.1,0.780069387205437,0.830327964300504,0.0502585770950671,10,,,0.02,0.1,2,0.3
Simulation 1,b,GMM NMI,19,shift,LR,0.1,0.767376304737958,0.829702992597597,0.062326687859639,10,,,0.02,0.1,3,0.3
Simulation 1,b,GMM NMI,20,shift,LR,0.1,0.754301707170677,0.855461358624662,0.101159651453985,10,,,0.02,0.1,4,0.3
Simulation 1,b,GMM NMI,21,shift,LR,0.1,0.789486167139582,0.821443003389432,0.03195683624985,10,,,0.02,0.1,5,0.3
Simulation 1,b,GMM NMI,1,clean,LR,0.2,0.757451453788175,0.926200005029578,0.168748551241403,10,,,,,,
Simulation 1,b,GMM NMI,2,dropout,LR,0.2,0.724858958852545,0.90304080648239,0.178181847629845,10,-1,,,,,
Simulation 1,b,GMM NMI,3,dropout,LR,0.2,0.757451453788175,0.926200005029578,0.168748551241403,10,0,,,,,
Simulation 1,b,GMM NMI,4,dropout,LR,0.2,0.793366749200841,0.794925802600784,0.001559053399943,10,1,,,,,
Simulation 1,b,GMM NMI,5,dropout,LR,0.2,0.568591254409441,0.571241794458662,0.00265054004922094,10,2,,,,,
Simulation 1,b,GMM NMI,6,dropout,LR,0.2,0.0932369855641135,0.204171715055933,0.11093472949182,10,3,,,,,
Simulation 1,b,GMM NMI,7,doublet,LR,0.2,0.767100939734311,0.923733486145363,0.156632546411052,10,,0.02,,,,
Simulation 1,b,GMM NMI,8,doublet,LR,0.2,0.786175340685352,0.936877858105225,0.150702517419873,10,,0.05,,,,
Simulation 1,b,GMM NMI,9,doublet,LR,0.2,0.79798672056461,0.935053124561454,0.137066403996844,10,,0.08,,,,
Simulation 1,b,GMM NMI,10,doublet,LR,0.2,0.807271517956824,0.927356942723202,0.120085424766378,10,,0.1,,,,
Simulation 1,b,GMM NMI,11,doublet,LR,0.2,0.80523019138018,0.901368999894539,0.096138808514359,10,,0.15,,,,
Simulation 1,b,GMM NMI,12,shift,LR,0.2,0.780069387205437,0.956383887324641,0.176314500119204,10,,,0.02,0.1,2,0.3
Simulation 1,b,GMM NMI,13,shift,LR,0.2,0.761042375384993,0.956019338823473,0.19497696343848,10,,,0.04,0.1,2,0.3
Simulation 1,b,GMM NMI,14,shift,LR,0.2,0.786055661633804,0.935160950330717,0.149105288696913,10,,,0.06,0.1,2,0.3
Simulation 1,b,GMM NMI,15,shift,LR,0.2,0.739316889776243,0.942954739013696,0.203637849237453,10,,,0.08,0.1,2,0.3
Simulation 1,b,GMM NMI,16,shift,LR,0.2,0.763498048291354,0.935093546980156,0.171595498688802,10,,,0.1,0.1,2,0.3
Simulation 1,b,GMM NMI,17,shift,LR,0.2,0.765577775013533,0.944244315041801,0.178666540028268,10,,,0.02,0.1,1.5,0.3
Simulation 1,b,GMM NMI,18,shift,LR,0.2,0.780069387205437,0.956383887324641,0.176314500119204,10,,,0.02,0.1,2,0.3
Simulation 1,b,GMM NMI,19,shift,LR,0.2,0.767376304737958,0.933358742582927,0.165982437844969,10,,,0.02,0.1,3,0.3
Simulation 1,b,GMM NMI,20,shift,LR,0.2,0.754301707170677,0.923031827760707,0.16873012059003,10,,,0.02,0.1,4,0.3
Simulation 1,b,GMM NMI,21,shift,LR,0.2,0.789486167139582,0.944467958684931,0.154981791545349,10,,,0.02,0.1,5,0.3
Simulation 1,b,GMM NMI,1,clean,Quad,0.1,0.71849668307799,0.717466046695222,-0.00103063638276801,10,,,,,,
Simulation 1,b,GMM NMI,2,dropout,Quad,0.1,0.691350330620777,0.715861531015748,0.024511200394971,10,-1,,,,,
Simulation 1,b,GMM NMI,3,dropout,Quad,0.1,0.71849668307799,0.717466046695222,-0.00103063638276801,10,0,,,,,
Simulation 1,b,GMM NMI,4,dropout,Quad,0.1,0.778497533951427,0.778478395414303,-1.91385371239861e-05,10,1,,,,,
Simulation 1,b,GMM NMI,5,dropout,Quad,0.1,0.562628668456809,0.573757929713936,0.011129261257127,10,2,,,,,
Simulation 1,b,GMM NMI,6,dropout,Quad,0.1,0.118177610134807,0.0992825239873266,-0.0188950861474804,10,3,,,,,
Simulation 1,b,GMM NMI,7,doublet,Quad,0.1,0.702887509842358,0.737715100947346,0.034827591104988,10,,0.02,,,,
Simulation 1,b,GMM NMI,8,doublet,Quad,0.1,0.736058922454057,0.744168686622127,0.00810976416806997,10,,0.05,,,,
Simulation 1,b,GMM NMI,9,doublet,Quad,0.1,0.73084953958204,0.752186072297473,0.021336532715433,10,,0.08,,,,
Simulation 1,b,GMM NMI,10,doublet,Quad,0.1,0.739814441053559,0.747749580874181,0.007935139820622,10,,0.1,,,,
Simulation 1,b,GMM NMI,11,doublet,Quad,0.1,0.746017491054592,0.798748436224777,0.052730945170185,10,,0.15,,,,
Simulation 1,b,GMM NMI,12,shift,Quad,0.1,0.705307940663544,0.730992510307322,0.0256845696437781,10,,,0.02,0.1,2,0.3
Simulation 1,b,GMM NMI,13,shift,Quad,0.1,0.718641244126545,0.730630036823329,0.0119887926967841,10,,,0.04,0.1,2,0.3
Simulation 1,b,GMM NMI,14,shift,Quad,0.1,0.733746412860737,0.725704651955285,-0.00804176090545206,10,,,0.06,0.1,2,0.3
Simulation 1,b,GMM NMI,15,shift,Quad,0.1,0.723805402282025,0.733597385503649,0.009791983221624,10,,,0.08,0.1,2,0.3
Simulation 1,b,GMM NMI,16,shift,Quad,0.1,0.709161920719092,0.728684820244823,0.0195228995257309,10,,,0.1,0.1,2,0.3
Simulation 1,b,GMM NMI,17,shift,Quad,0.1,0.716916422205665,0.711541231469083,-0.00537519073658199,10,,,0.02,0.1,1.5,0.3
Simulation 1,b,GMM NMI,18,shift,Quad,0.1,0.705307940663544,0.730992510307322,0.0256845696437781,10,,,0.02,0.1,2,0.3
Simulation 1,b,GMM NMI,19,shift,Quad,0.1,0.69707798127055,0.727999624027284,0.030921642756734,10,,,0.02,0.1,3,0.3
Simulation 1,b,GMM NMI,20,shift,Quad,0.1,0.730249460491822,0.707788894848784,-0.022460565643038,10,,,0.02,0.1,4,0.3
Simulation 1,b,GMM NMI,21,shift,Quad,0.1,0.711714387027308,0.704938400703806,-0.00677598632350207,10,,,0.02,0.1,5,0.3
Simulation 1,b,GMM NMI,1,clean,Quad,0.2,0.71849668307799,0.742812428116046,0.024315745038056,10,,,,,,
Simulation 1,b,GMM NMI,2,dropout,Quad,0.2,0.691350330620777,0.715648447825552,0.024298117204775,10,-1,,,,,
Simulation 1,b,GMM NMI,3,dropout,Quad,0.2,0.71849668307799,0.742812428116046,0.024315745038056,10,0,,,,,
Simulation 1,b,GMM NMI,4,dropout,Quad,0.2,0.778497533951427,0.792291182874673,0.0137936489232461,10,1,,,,,
Simulation 1,b,GMM NMI,5,dropout,Quad,0.2,0.562628668456809,0.574950539870415,0.012321871413606,10,2,,,,,
Simulation 1,b,GMM NMI,6,dropout,Quad,0.2,0.118177610134807,0.0764906888779856,-0.0416869212568214,10,3,,,,,
Simulation 1,b,GMM NMI,7,doublet,Quad,0.2,0.702887509842358,0.775287778808494,0.0724002689661359,10,,0.02,,,,
Simulation 1,b,GMM NMI,8,doublet,Quad,0.2,0.736058922454057,0.799784499883588,0.063725577429531,10,,0.05,,,,
Simulation 1,b,GMM NMI,9,doublet,Quad,0.2,0.73084953958204,0.778855828885872,0.048006289303832,10,,0.08,,,,
Simulation 1,b,GMM NMI,10,doublet,Quad,0.2,0.739814441053559,0.777175175164876,0.037360734111317,10,,0.1,,,,
Simulation 1,b,GMM NMI,11,doublet,Quad,0.2,0.746017491054592,0.817276201581698,0.071258710527106,10,,0.15,,,,
Simulation 1,b,GMM NMI,12,shift,Quad,0.2,0.705307940663544,0.712002149618272,0.00669420895472805,10,,,0.02,0.1,2,0.3
Simulation 1,b,GMM NMI,13,shift,Quad,0.2,0.718641244126545,0.716082042613002,-0.00255920151354294,10,,,0.04,0.1,2,0.3
Simulation 1,b,GMM NMI,14,shift,Quad,0.2,0.733746412860737,0.727131408537506,-0.00661500432323103,10,,,0.06,0.1,2,0.3
Simulation 1,b,GMM NMI,15,shift,Quad,0.2,0.723805402282025,0.745962866152231,0.022157463870206,10,,,0.08,0.1,2,0.3
Simulation 1,b,GMM NMI,16,shift,Quad,0.2,0.709161920719092,0.736897031873541,0.027735111154449,10,,,0.1,0.1,2,0.3
Simulation 1,b,GMM NMI,17,shift,Quad,0.2,0.716916422205665,0.729005028417241,0.012088606211576,10,,,0.02,0.1,1.5,0.3
Simulation 1,b,GMM NMI,18,shift,Quad,0.2,0.705307940663544,0.712002149618272,0.00669420895472805,10,,,0.02,0.1,2,0.3
Simulation 1,b,GMM NMI,19,shift,Quad,0.2,0.69707798127055,0.742336529800441,0.045258548529891,10,,,0.02,0.1,3,0.3
Simulation 1,b,GMM NMI,20,shift,Quad,0.2,0.730249460491822,0.743910982547612,0.01366152205579,10,,,0.02,0.1,4,0.3
Simulation 1,b,GMM NMI,21,shift,Quad,0.2,0.711714387027308,0.719871393433647,0.00815700640633899,10,,,0.02,0.1,5,0.3
Simulation 1,b,GMM NMI,1,clean,Shell,0.1,0.721438819157148,0.742134117988286,0.020695298831138,10,,,,,,
Simulation 1,b,GMM NMI,2,dropout,Shell,0.1,0.713155775441914,0.717923498245023,0.004767722803109,10,-1,,,,,
Simulation 1,b,GMM NMI,3,dropout,Shell,0.1,0.721438819157148,0.742134117988286,0.020695298831138,10,0,,,,,
Simulation 1,b,GMM NMI,4,dropout,Shell,0.1,0.748704669761096,0.748819627547595,0.000114957786499059,10,1,,,,,
Simulation 1,b,GMM NMI,5,dropout,Shell,0.1,0.564768323642233,0.563293359928607,-0.00147496371362599,10,2,,,,,
Simulation 1,b,GMM NMI,6,dropout,Shell,0.1,0.0667352074132082,0.0534582059389495,-0.0132770014742587,10,3,,,,,
Simulation 1,b,GMM NMI,7,doublet,Shell,0.1,0.731966803360013,0.728266147251708,-0.00370065610830495,10,,0.02,,,,
Simulation 1,b,GMM NMI,8,doublet,Shell,0.1,0.735377149328547,0.738509567962307,0.00313241863376001,10,,0.05,,,,
Simulation 1,b,GMM NMI,9,doublet,Shell,0.1,0.745261247187498,0.78165373824266,0.0363924910551621,10,,0.08,,,,
Simulation 1,b,GMM NMI,10,doublet,Shell,0.1,0.720206899728241,0.730239416859128,0.0100325171308869,10,,0.1,,,,
Simulation 1,b,GMM NMI,11,doublet,Shell,0.1,0.789287877535075,0.861056350133343,0.071768472598268,10,,0.15,,,,
Simulation 1,b,GMM NMI,12,shift,Shell,0.1,0.697998371587807,0.73565327318734,0.037654901599533,10,,,0.02,0.1,2,0.3
Simulation 1,b,GMM NMI,13,shift,Shell,0.1,0.713541983046174,0.732831671366407,0.019289688320233,10,,,0.04,0.1,2,0.3
Simulation 1,b,GMM NMI,14,shift,Shell,0.1,0.707492997772464,0.714941217320772,0.00744821954830799,10,,,0.06,0.1,2,0.3
Simulation 1,b,GMM NMI,15,shift,Shell,0.1,0.697932231763736,0.748274291011724,0.0503420592479881,10,,,0.08,0.1,2,0.3
Simulation 1,b,GMM NMI,16,shift,Shell,0.1,0.712573604959778,0.71757663454173,0.00500302958195209,10,,,0.1,0.1,2,0.3
Simulation 1,b,GMM NMI,17,shift,Shell,0.1,0.70958125610001,0.731948131745882,0.022366875645872,10,,,0.02,0.1,1.5,0.3
Simulation 1,b,GMM NMI,18,shift,Shell,0.1,0.697998371587807,0.73565327318734,0.037654901599533,10,,,0.02,0.1,2,0.3
Simulation 1,b,GMM NMI,19,shift,Shell,0.1,0.691941819566874,0.716274986858057,0.0243331672911831,10,,,0.02,0.1,3,0.3
Simulation 1,b,GMM NMI,20,shift,Shell,0.1,0.699469073102458,0.709069570051762,0.00960049694930398,10,,,0.02,0.1,4,0.3
Simulation 1,b,GMM NMI,21,shift,Shell,0.1,0.729829828976418,0.708151266101021,-0.021678562875397,10,,,0.02,0.1,5,0.3
Simulation 1,b,GMM NMI,1,clean,Shell,0.2,0.721438819157148,0.719019371174482,-0.00241944798266602,10,,,,,,
Simulation 1,b,GMM NMI,2,dropout,Shell,0.2,0.713155775441914,0.712680772447,-0.000475002994913987,10,-1,,,,,
Simulation 1,b,GMM NMI,3,dropout,Shell,0.2,0.721438819157148,0.719019371174482,-0.00241944798266602,10,0,,,,,
Simulation 1,b,GMM NMI,4,dropout,Shell,0.2,0.748704669761096,0.732781672325945,-0.0159229974351509,10,1,,,,,
Simulation 1,b,GMM NMI,5,dropout,Shell,0.2,0.564768323642233,0.554757592285686,-0.010010731356547,10,2,,,,,
Simulation 1,b,GMM NMI,6,dropout,Shell,0.2,0.0667352074132082,0.0529011689873833,-0.0138340384258249,10,3,,,,,
Simulation 1,b,GMM NMI,7,doublet,Shell,0.2,0.731966803360013,0.728423829092562,-0.00354297426745098,10,,0.02,,,,
Simulation 1,b,GMM NMI,8,doublet,Shell,0.2,0.735377149328547,0.782571061581263,0.047193912252716,10,,0.05,,,,
Simulation 1,b,GMM NMI,9,doublet,Shell,0.2,0.745261247187498,0.854035455058921,0.108774207871423,10,,0.08,,,,
Simulation 1,b,GMM NMI,10,doublet,Shell,0.2,0.720206899728241,0.842818018862021,0.12261111913378,10,,0.1,,,,
Simulation 1,b,GMM NMI,11,doublet,Shell,0.2,0.789287877535075,0.822262190234234,0.032974312699159,10,,0.15,,,,
Simulation 1,b,GMM NMI,12,shift,Shell,0.2,0.697998371587807,0.707552562038625,0.00955419045081807,10,,,0.02,0.1,2,0.3
Simulation 1,b,GMM NMI,13,shift,Shell,0.2,0.713541983046174,0.735473936482569,0.021931953436395,10,,,0.04,0.1,2,0.3
Simulation 1,b,GMM NMI,14,shift,Shell,0.2,0.707492997772464,0.734812844360026,0.027319846587562,10,,,0.06,0.1,2,0.3
Simulation 1,b,GMM NMI,15,shift,Shell,0.2,0.697932231763736,0.72082415879008,0.022891927026344,10,,,0.08,0.1,2,0.3
Simulation 1,b,GMM NMI,16,shift,Shell,0.2,0.712573604959778,0.715730768126116,0.00315716316633807,10,,,0.1,0.1,2,0.3
Simulation 1,b,GMM NMI,17,shift,Shell,0.2,0.70958125610001,0.707886839348924,-0.00169441675108595,10,,,0.02,0.1,1.5,0.3
Simulation 1,b,GMM NMI,18,shift,Shell,0.2,0.697998371587807,0.707552562038625,0.00955419045081807,10,,,0.02,0.1,2,0.3
Simulation 1,b,GMM NMI,19,shift,Shell,0.2,0.691941819566874,0.728151738445859,0.0362099188789851,10,,,0.02,0.1,3,0.3
Simulation 1,b,GMM NMI,20,shift,Shell,0.2,0.699469073102458,0.733433264777576,0.033964191675118,10,,,0.02,0.1,4,0.3
Simulation 1,b,GMM NMI,21,shift,Shell,0.2,0.729829828976418,0.726154350170902,-0.003675478805516,10,,,0.02,0.1,5,0.3
Simulation 1,b,GMM NMI,1,clean,Winsor,0.1,0.7014444688367,0.724061325145876,0.022616856309176,10,,,,,,
Simulation 1,b,GMM NMI,2,dropout,Winsor,0.1,0.70900830589814,0.708582880915415,-0.00042542498272502,10,-1,,,,,
Simulation 1,b,GMM NMI,3,dropout,Winsor,0.1,0.7014444688367,0.724061325145876,0.022616856309176,10,0,,,,,
Simulation 1,b,GMM NMI,4,dropout,Winsor,0.1,0.771470943442592,0.771306411863689,-0.00016453157890306,10,1,,,,,
Simulation 1,b,GMM NMI,5,dropout,Winsor,0.1,0.567480554438647,0.567161214881386,-0.000319339557260934,10,2,,,,,
Simulation 1,b,GMM NMI,6,dropout,Winsor,0.1,0.108346124912701,0.0951653522981531,-0.0131807726145479,10,3,,,,,
Simulation 1,b,GMM NMI,7,doublet,Winsor,0.1,0.707129198995071,0.714059676860689,0.00693047786561807,10,,0.02,,,,
Simulation 1,b,GMM NMI,8,doublet,Winsor,0.1,0.736897846253117,0.731259369500794,-0.0056384767523231,10,,0.05,,,,
Simulation 1,b,GMM NMI,9,doublet,Winsor,0.1,0.741060840899564,0.736037223881861,-0.00502361701770304,10,,0.08,,,,
Simulation 1,b,GMM NMI,10,doublet,Winsor,0.1,0.730424803021899,0.745804809157018,0.0153800061351189,10,,0.1,,,,
Simulation 1,b,GMM NMI,11,doublet,Winsor,0.1,0.741648932808943,0.78088493320426,0.0392360003953171,10,,0.15,,,,
Simulation 1,b,GMM NMI,12,shift,Winsor,0.1,0.706176621870056,0.702862319760575,-0.00331430210948103,10,,,0.02,0.1,2,0.3
Simulation 1,b,GMM NMI,13,shift,Winsor,0.1,0.703267010213773,0.687656840311854,-0.015610169901919,10,,,0.04,0.1,2,0.3
Simulation 1,b,GMM NMI,14,shift,Winsor,0.1,0.70737228352518,0.700199741111093,-0.00717254241408705,10,,,0.06,0.1,2,0.3
Simulation 1,b,GMM NMI,15,shift,Winsor,0.1,0.701072676667071,0.721237008096751,0.02016433142968,10,,,0.08,0.1,2,0.3
Simulation 1,b,GMM NMI,16,shift,Winsor,0.1,0.706275242702243,0.70094771922233,-0.00532752347991294,10,,,0.1,0.1,2,0.3
Simulation 1,b,GMM NMI,17,shift,Winsor,0.1,0.705867161300055,0.706431381083959,0.000564219783903974,10,,,0.02,0.1,1.5,0.3
Simulation 1,b,GMM NMI,18,shift,Winsor,0.1,0.706176621870056,0.702862319760575,-0.00331430210948103,10,,,0.02,0.1,2,0.3
Simulation 1,b,GMM NMI,19,shift,Winsor,0.1,0.693223684963983,0.728449857958157,0.035226172994174,10,,,0.02,0.1,3,0.3
Simulation 1,b,GMM NMI,20,shift,Winsor,0.1,0.700563936419255,0.695843406730454,-0.00472052968880099,10,,,0.02,0.1,4,0.3
Simulation 1,b,GMM NMI,21,shift,Winsor,0.1,0.697460963229592,0.692797855253202,-0.00466310797638991,10,,,0.02,0.1,5,0.3
Simulation 1,b,GMM NMI,1,clean,Winsor,0.2,0.7014444688367,0.716990171314883,0.015545702478183,10,,,,,,
Simulation 1,b,GMM NMI,2,dropout,Winsor,0.2,0.70900830589814,0.690444642319601,-0.018563663578539,10,-1,,,,,
Simulation 1,b,GMM NMI,3,dropout,Winsor,0.2,0.7014444688367,0.716990171314883,0.015545702478183,10,0,,,,,
Simulation 1,b,GMM NMI,4,dropout,Winsor,0.2,0.771470943442592,0.774393507984718,0.00292256454212592,10,1,,,,,
Simulation 1,b,GMM NMI,5,dropout,Winsor,0.2,0.567480554438647,0.569041454629435,0.00156090019078803,10,2,,,,,
Simulation 1,b,GMM NMI,6,dropout,Winsor,0.2,0.108346124912701,0.0715269088976897,-0.0368192160150113,10,3,,,,,
Simulation 1,b,GMM NMI,7,doublet,Winsor,0.2,0.707129198995071,0.730039697814547,0.022910498819476,10,,0.02,,,,
Simulation 1,b,GMM NMI,8,doublet,Winsor,0.2,0.736897846253117,0.746201528692807,0.00930368243968993,10,,0.05,,,,
Simulation 1,b,GMM NMI,9,doublet,Winsor,0.2,0.741060840899564,0.74432368296741,0.00326284206784599,10,,0.08,,,,
Simulation 1,b,GMM NMI,10,doublet,Winsor,0.2,0.730424803021899,0.754591365364083,0.024166562342184,10,,0.1,,,,
Simulation 1,b,GMM NMI,11,doublet,Winsor,0.2,0.741648932808943,0.760264792456158,0.018615859647215,10,,0.15,,,,
Simulation 1,b,GMM NMI,12,shift,Winsor,0.2,0.706176621870056,0.732584477237893,0.026407855367837,10,,,0.02,0.1,2,0.3
Simulation 1,b,GMM NMI,13,shift,Winsor,0.2,0.703267010213773,0.708733180280118,0.00546617006634498,10,,,0.04,0.1,2,0.3
Simulation 1,b,GMM NMI,14,shift,Winsor,0.2,0.70737228352518,0.714793530438087,0.00742124691290702,10,,,0.06,0.1,2,0.3
Simulation 1,b,GMM NMI,15,shift,Winsor,0.2,0.701072676667071,0.700686469489409,-0.000386207177661913,10,,,0.08,0.1,2,0.3
Simulation 1,b,GMM NMI,16,shift,Winsor,0.2,0.706275242702243,0.722608631672027,0.0163333889697841,10,,,0.1,0.1,2,0.3
Simulation 1,b,GMM NMI,17,shift,Winsor,0.2,0.705867161300055,0.751228280972754,0.045361119672699,10,,,0.02,0.1,1.5,0.3
Simulation 1,b,GMM NMI,18,shift,Winsor,0.2,0.706176621870056,0.732584477237893,0.026407855367837,10,,,0.02,0.1,2,0.3
Simulation 1,b,GMM NMI,19,shift,Winsor,0.2,0.693223684963983,0.717107666678671,0.023883981714688,10,,,0.02,0.1,3,0.3
Simulation 1,b,GMM NMI,20,shift,Winsor,0.2,0.700563936419255,0.712592708452119,0.012028772032864,10,,,0.02,0.1,4,0.3
Simulation 1,b,GMM NMI,21,shift,Winsor,0.2,0.697460963229592,0.696820526366116,-0.000640436863475924,10,,,0.02,0.1,5,0.3
Simulation 1,c,Louvain ARI,1,clean,Ball,0.1,0.965907467344949,0.965317043557762,-0.000590423787186989,10,,,,,,
Simulation 1,c,Louvain ARI,2,dropout,Ball,0.1,0.991941997935369,0.992753273337238,0.000811275401868983,10,-1,,,,,
Simulation 1,c,Louvain ARI,3,dropout,Ball,0.1,0.965907467344949,0.965317043557762,-0.000590423787186989,10,0,,,,,
Simulation 1,c,Louvain ARI,4,dropout,Ball,0.1,0.81230981455837,0.819993269874834,0.00768345531646397,10,1,,,,,
Simulation 1,c,Louvain ARI,5,dropout,Ball,0.1,0.537762045015349,0.49838857437884,-0.039373470636509,10,2,,,,,
Simulation 1,c,Louvain ARI,6,dropout,Ball,0.1,0.180039918355689,0.181513541682138,0.00147362332644901,10,3,,,,,
Simulation 1,c,Louvain ARI,7,doublet,Ball,0.1,0.96556647223404,0.963492333548844,-0.00207413868519601,10,,0.02,,,,
Simulation 1,c,Louvain ARI,8,doublet,Ball,0.1,0.962171876202027,0.960480297796746,-0.001691578405281,10,,0.05,,,,
Simulation 1,c,Louvain ARI,9,doublet,Ball,0.1,0.957146389003153,0.957000180750016,-0.000146208253136937,10,,0.08,,,,
Simulation 1,c,Louvain ARI,10,doublet,Ball,0.1,0.957116225878372,0.957722919038122,0.000606693159750038,10,,0.1,,,,
Simulation 1,c,Louvain ARI,11,doublet,Ball,0.1,0.955374953399638,0.957502415997971,0.00212746259833307,10,,0.15,,,,
Simulation 1,c,Louvain ARI,12,shift,Ball,0.1,0.967249964303784,0.963575967967346,-0.00367399633643795,10,,,0.02,0.1,2,0.3
Simulation 1,c,Louvain ARI,13,shift,Ball,0.1,0.963550646234861,0.964576937493066,0.00102629125820497,10,,,0.04,0.1,2,0.3
Simulation 1,c,Louvain ARI,14,shift,Ball,0.1,0.962076798653917,0.9646325211092,0.00255572245528291,10,,,0.06,0.1,2,0.3
Simulation 1,c,Louvain ARI,15,shift,Ball,0.1,0.964153882383802,0.963078319248674,-0.00107556313512791,10,,,0.08,0.1,2,0.3
Simulation 1,c,Louvain ARI,16,shift,Ball,0.1,0.962734973003318,0.96425135266141,0.00151637965809204,10,,,0.1,0.1,2,0.3
Simulation 1,c,Louvain ARI,17,shift,Ball,0.1,0.963196357329602,0.96393400909136,0.000737651761757996,10,,,0.02,0.1,1.5,0.3
Simulation 1,c,Louvain ARI,18,shift,Ball,0.1,0.967249964303784,0.963575967967346,-0.00367399633643795,10,,,0.02,0.1,2,0.3
Simulation 1,c,Louvain ARI,19,shift,Ball,0.1,0.96498633612089,0.963353682636431,-0.00163265348445907,10,,,0.02,0.1,3,0.3
Simulation 1,c,Louvain ARI,20,shift,Ball,0.1,0.963880215425284,0.963510697501545,-0.00036951792373896,10,,,0.02,0.1,4,0.3
Simulation 1,c,Louvain ARI,21,shift,Ball,0.1,0.965333910439161,0.96344691086658,-0.00188699957258098,10,,,0.02,0.1,5,0.3
Simulation 1,c,Louvain ARI,1,clean,Ball,0.2,0.965907467344949,0.962078422222628,-0.00382904512232107,10,,,,,,
Simulation 1,c,Louvain ARI,2,dropout,Ball,0.2,0.991941997935369,0.993235155117254,0.00129315718188505,10,-1,,,,,
Simulation 1,c,Louvain ARI,3,dropout,Ball,0.2,0.965907467344949,0.962078422222628,-0.00382904512232107,10,0,,,,,
Simulation 1,c,Louvain ARI,4,dropout,Ball,0.2,0.81230981455837,0.788612823701765,-0.023696990856605,10,1,,,,,
Simulation 1,c,Louvain ARI,5,dropout,Ball,0.2,0.537762045015349,0.529925433393477,-0.00783661162187199,10,2,,,,,
Simulation 1,c,Louvain ARI,6,dropout,Ball,0.2,0.180039918355689,0.158495123064261,-0.021544795291428,10,3,,,,,
Simulation 1,c,Louvain ARI,7,doublet,Ball,0.2,0.96556647223404,0.964530598937242,-0.001035873296798,10,,0.02,,,,
Simulation 1,c,Louvain ARI,8,doublet,Ball,0.2,0.962171876202027,0.960967195281685,-0.00120468092034209,10,,0.05,,,,
Simulation 1,c,Louvain ARI,9,doublet,Ball,0.2,0.957146389003153,0.955616012449272,-0.001530376553881,10,,0.08,,,,
Simulation 1,c,Louvain ARI,10,doublet,Ball,0.2,0.957116225878372,0.953946341076872,-0.00316988480149993,10,,0.1,,,,
Simulation 1,c,Louvain ARI,11,doublet,Ball,0.2,0.955374953399638,0.948926681863455,-0.00644827153618299,10,,0.15,,,,
Simulation 1,c,Louvain ARI,12,shift,Ball,0.2,0.967249964303784,0.96238524217118,-0.00486472213260392,10,,,0.02,0.1,2,0.3
Simulation 1,c,Louvain ARI,13,shift,Ball,0.2,0.963550646234861,0.960225024396717,-0.003325621838144,10,,,0.04,0.1,2,0.3
Simulation 1,c,Louvain ARI,14,shift,Ball,0.2,0.962076798653917,0.961945476075982,-0.000131322577935022,10,,,0.06,0.1,2,0.3
Simulation 1,c,Louvain ARI,15,shift,Ball,0.2,0.964153882383802,0.961763516310768,-0.002390366073034,10,,,0.08,0.1,2,0.3
Simulation 1,c,Louvain ARI,16,shift,Ball,0.2,0.962734973003318,0.96289504156855,0.000160068565231986,10,,,0.1,0.1,2,0.3
Simulation 1,c,Louvain ARI,17,shift,Ball,0.2,0.963196357329602,0.962623241389046,-0.000573115940555979,10,,,0.02,0.1,1.5,0.3
Simulation 1,c,Louvain ARI,18,shift,Ball,0.2,0.967249964303784,0.96238524217118,-0.00486472213260392,10,,,0.02,0.1,2,0.3
Simulation 1,c,Louvain ARI,19,shift,Ball,0.2,0.96498633612089,0.963574142524725,-0.00141219359616507,10,,,0.02,0.1,3,0.3
Simulation 1,c,Louvain ARI,20,shift,Ball,0.2,0.963880215425284,0.962387016568696,-0.00149319885658805,10,,,0.02,0.1,4,0.3
Simulation 1,c,Louvain ARI,21,shift,Ball,0.2,0.965333910439161,0.962823117926962,-0.00251079251219899,10,,,0.02,0.1,5,0.3
Simulation 1,c,Louvain ARI,1,clean,LR,0.1,0.96380582657139,0.964042273740467,0.000236447169077003,10,,,,,,
Simulation 1,c,Louvain ARI,2,dropout,LR,0.1,0.992283713226353,0.992571887449083,0.000288174222729976,10,-1,,,,,
Simulation 1,c,Louvain ARI,3,dropout,LR,0.1,0.96380582657139,0.964042273740467,0.000236447169077003,10,0,,,,,
Simulation 1,c,Louvain ARI,4,dropout,LR,0.1,0.820573746068238,0.81821506122069,-0.00235868484754798,10,1,,,,,
Simulation 1,c,Louvain ARI,5,dropout,LR,0.1,0.528128500829383,0.509994698394146,-0.018133802435237,10,2,,,,,
Simulation 1,c,Louvain ARI,6,dropout,LR,0.1,0.17244563494807,0.181243554821909,0.00879791987383899,10,3,,,,,
Simulation 1,c,Louvain ARI,7,doublet,LR,0.1,0.965109797542911,0.965730949828056,0.000621152285144921,10,,0.02,,,,
Simulation 1,c,Louvain ARI,8,doublet,LR,0.1,0.962976045477971,0.960877124299433,-0.00209892117853805,10,,0.05,,,,
Simulation 1,c,Louvain ARI,9,doublet,LR,0.1,0.95994474070724,0.956856462768226,-0.00308827793901401,10,,0.08,,,,
Simulation 1,c,Louvain ARI,10,doublet,LR,0.1,0.959334284886355,0.956143737894496,-0.00319054699185894,10,,0.1,,,,
Simulation 1,c,Louvain ARI,11,doublet,LR,0.1,0.952223907336048,0.953492012266315,0.00126810493026697,10,,0.15,,,,
Simulation 1,c,Louvain ARI,12,shift,LR,0.1,0.964094104236016,0.963917233018702,-0.000176871217314023,10,,,0.02,0.1,2,0.3
Simulation 1,c,Louvain ARI,13,shift,LR,0.1,0.964111371576304,0.964147056091582,3.56845152780227e-05,10,,,0.04,0.1,2,0.3
Simulation 1,c,Louvain ARI,14,shift,LR,0.1,0.963450761266693,0.962093902768086,-0.00135685849860701,10,,,0.06,0.1,2,0.3
Simulation 1,c,Louvain ARI,15,shift,LR,0.1,0.963770829253456,0.96393883939897,0.00016801014551393,10,,,0.08,0.1,2,0.3
Simulation 1,c,Louvain ARI,16,shift,LR,0.1,0.964466028271195,0.96195952748752,-0.00250650078367498,10,,,0.1,0.1,2,0.3
Simulation 1,c,Louvain ARI,17,shift,LR,0.1,0.964562626045803,0.963116015887305,-0.00144661015849801,10,,,0.02,0.1,1.5,0.3
Simulation 1,c,Louvain ARI,18,shift,LR,0.1,0.964094104236016,0.963917233018702,-0.000176871217314023,10,,,0.02,0.1,2,0.3
Simulation 1,c,Louvain ARI,19,shift,LR,0.1,0.963784079487252,0.963081309200247,-0.000702770287004939,10,,,0.02,0.1,3,0.3
Simulation 1,c,Louvain ARI,20,shift,LR,0.1,0.964173403608649,0.963742921514265,-0.00043048209438401,10,,,0.02,0.1,4,0.3
Simulation 1,c,Louvain ARI,21,shift,LR,0.1,0.96336475722,0.964218161534281,0.000853404314280937,10,,,0.02,0.1,5,0.3
Simulation 1,c,Louvain ARI,1,clean,LR,0.2,0.96380582657139,0.963415774096016,-0.000390052475374048,10,,,,,,
Simulation 1,c,Louvain ARI,2,dropout,LR,0.2,0.992283713226353,0.992953089418185,0.00066937619183205,10,-1,,,,,
Simulation 1,c,Louvain ARI,3,dropout,LR,0.2,0.96380582657139,0.963415774096016,-0.000390052475374048,10,0,,,,,
Simulation 1,c,Louvain ARI,4,dropout,LR,0.2,0.820573746068238,0.823404614263281,0.00283086819504308,10,1,,,,,
Simulation 1,c,Louvain ARI,5,dropout,LR,0.2,0.528128500829383,0.526120037912074,-0.00200846291730905,10,2,,,,,
Simulation 1,c,Louvain ARI,6,dropout,LR,0.2,0.17244563494807,0.163018432165873,-0.009427202782197,10,3,,,,,
Simulation 1,c,Louvain ARI,7,doublet,LR,0.2,0.965109797542911,0.963119431145065,-0.001990366397846,10,,0.02,,,,
Simulation 1,c,Louvain ARI,8,doublet,LR,0.2,0.962976045477971,0.961697963882652,-0.00127808159531895,10,,0.05,,,,
Simulation 1,c,Louvain ARI,9,doublet,LR,0.2,0.95994474070724,0.956324950835558,-0.00361978987168199,10,,0.08,,,,
Simulation 1,c,Louvain ARI,10,doublet,LR,0.2,0.959334284886355,0.953724406040637,-0.00560987884571795,10,,0.1,,,,
Simulation 1,c,Louvain ARI,11,doublet,LR,0.2,0.952223907336048,0.95592701406776,0.00370310673171204,10,,0.15,,,,
Simulation 1,c,Louvain ARI,12,shift,LR,0.2,0.964094104236016,0.965862024293335,0.00176792005731896,10,,,0.02,0.1,2,0.3
Simulation 1,c,Louvain ARI,13,shift,LR,0.2,0.964111371576304,0.962907572033529,-0.00120379954277505,10,,,0.04,0.1,2,0.3
Simulation 1,c,Louvain ARI,14,shift,LR,0.2,0.963450761266693,0.963500465100085,4.97038333919786e-05,10,,,0.06,0.1,2,0.3
Simulation 1,c,Louvain ARI,15,shift,LR,0.2,0.963770829253456,0.962565178239384,-0.001205651014072,10,,,0.08,0.1,2,0.3
Simulation 1,c,Louvain ARI,16,shift,LR,0.2,0.964466028271195,0.962310419447375,-0.00215560882381993,10,,,0.1,0.1,2,0.3
Simulation 1,c,Louvain ARI,17,shift,LR,0.2,0.964562626045803,0.96394440375007,-0.000618222295733051,10,,,0.02,0.1,1.5,0.3
Simulation 1,c,Louvain ARI,18,shift,LR,0.2,0.964094104236016,0.965862024293335,0.00176792005731896,10,,,0.02,0.1,2,0.3
Simulation 1,c,Louvain ARI,19,shift,LR,0.2,0.963784079487252,0.963562005042496,-0.000222074444755971,10,,,0.02,0.1,3,0.3
Simulation 1,c,Louvain ARI,20,shift,LR,0.2,0.964173403608649,0.966407844667976,0.00223444105932702,10,,,0.02,0.1,4,0.3
Simulation 1,c,Louvain ARI,21,shift,LR,0.2,0.96336475722,0.964633821578578,0.00126906435857799,10,,,0.02,0.1,5,0.3
Simulation 1,c,Louvain ARI,1,clean,Quad,0.1,0.965565723744542,0.96535199148841,-0.000213732256131971,10,,,,,,
Simulation 1,c,Louvain ARI,2,dropout,Quad,0.1,0.992424136845512,0.992007832958289,-0.000416303887223024,10,-1,,,,,
Simulation 1,c,Louvain ARI,3,dropout,Quad,0.1,0.965565723744542,0.96535199148841,-0.000213732256131971,10,0,,,,,
Simulation 1,c,Louvain ARI,4,dropout,Quad,0.1,0.830434795141011,0.822779045606352,-0.00765574953465908,10,1,,,,,
Simulation 1,c,Louvain ARI,5,dropout,Quad,0.1,0.526874776477033,0.514231206509758,-0.012643569967275,10,2,,,,,
Simulation 1,c,Louvain ARI,6,dropout,Quad,0.1,0.178852415651686,0.166773342537979,-0.012079073113707,10,3,,,,,
Simulation 1,c,Louvain ARI,7,doublet,Quad,0.1,0.964475141226446,0.964516193100507,4.10518740610044e-05,10,,0.02,,,,
Simulation 1,c,Louvain ARI,8,doublet,Quad,0.1,0.961895740064761,0.959758009267923,-0.00213773079683799,10,,0.05,,,,
Simulation 1,c,Louvain ARI,9,doublet,Quad,0.1,0.960113415012955,0.960582585655528,0.000469170642573014,10,,0.08,,,,
Simulation 1,c,Louvain ARI,10,doublet,Quad,0.1,0.957215713623649,0.955501553930432,-0.00171415969321698,10,,0.1,,,,
Simulation 1,c,Louvain ARI,11,doublet,Quad,0.1,0.951337069159756,0.95251705051996,0.00117998136020403,10,,0.15,,,,
Simulation 1,c,Louvain ARI,12,shift,Quad,0.1,0.963522223124956,0.964827190262072,0.00130496713711603,10,,,0.02,0.1,2,0.3
Simulation 1,c,Louvain ARI,13,shift,Quad,0.1,0.964001294705006,0.964255158365861,0.000253863660855003,10,,,0.04,0.1,2,0.3
Simulation 1,c,Louvain ARI,14,shift,Quad,0.1,0.964027139832166,0.963064898407186,-0.000962241424980026,10,,,0.06,0.1,2,0.3
Simulation 1,c,Louvain ARI,15,shift,Quad,0.1,0.96409312097291,0.962767646793123,-0.00132547417978701,10,,,0.08,0.1,2,0.3
Simulation 1,c,Louvain ARI,16,shift,Quad,0.1,0.962352079882773,0.962211467540692,-0.00014061234208107,10,,,0.1,0.1,2,0.3
Simulation 1,c,Louvain ARI,17,shift,Quad,0.1,0.965320848272482,0.9654700892016,0.000149240929118055,10,,,0.02,0.1,1.5,0.3
Simulation 1,c,Louvain ARI,18,shift,Quad,0.1,0.963522223124956,0.964827190262072,0.00130496713711603,10,,,0.02,0.1,2,0.3
Simulation 1,c,Louvain ARI,19,shift,Quad,0.1,0.964874700490028,0.963384451431685,-0.00149024905834294,10,,,0.02,0.1,3,0.3
Simulation 1,c,Louvain ARI,20,shift,Quad,0.1,0.964269453954032,0.964346384915851,7.69309618190439e-05,10,,,0.02,0.1,4,0.3
Simulation 1,c,Louvain ARI,21,shift,Quad,0.1,0.96456350994858,0.963423707224865,-0.00113980272371494,10,,,0.02,0.1,5,0.3
Simulation 1,c,Louvain ARI,1,clean,Quad,0.2,0.965565723744542,0.963825464123683,-0.001740259620859,10,,,,,,
Simulation 1,c,Louvain ARI,2,dropout,Quad,0.2,0.992424136845512,0.992105105040274,-0.000319031805237957,10,-1,,,,,
Simulation 1,c,Louvain ARI,3,dropout,Quad,0.2,0.965565723744542,0.963825464123683,-0.001740259620859,10,0,,,,,
Simulation 1,c,Louvain ARI,4,dropout,Quad,0.2,0.830434795141011,0.820263640518658,-0.0101711546223531,10,1,,,,,
Simulation 1,c,Louvain ARI,5,dropout,Quad,0.2,0.526874776477033,0.521763703992408,-0.00511107248462495,10,2,,,,,
Simulation 1,c,Louvain ARI,6,dropout,Quad,0.2,0.178852415651686,0.185471634333504,0.006619218681818,10,3,,,,,
Simulation 1,c,Louvain ARI,7,doublet,Quad,0.2,0.964475141226446,0.964272886057734,-0.000202255168711973,10,,0.02,,,,
Simulation 1,c,Louvain ARI,8,doublet,Quad,0.2,0.961895740064761,0.957820846434076,-0.00407489363068503,10,,0.05,,,,
Simulation 1,c,Louvain ARI,9,doublet,Quad,0.2,0.960113415012955,0.958399435427669,-0.00171397958528596,10,,0.08,,,,
Simulation 1,c,Louvain ARI,10,doublet,Quad,0.2,0.957215713623649,0.956720188168017,-0.000495525455632029,10,,0.1,,,,
Simulation 1,c,Louvain ARI,11,doublet,Quad,0.2,0.951337069159756,0.952315874277531,0.000978805117774928,10,,0.15,,,,
Simulation 1,c,Louvain ARI,12,shift,Quad,0.2,0.963522223124956,0.964341180443094,0.000818957318138081,10,,,0.02,0.1,2,0.3
Simulation 1,c,Louvain ARI,13,shift,Quad,0.2,0.964001294705006,0.963411934395904,-0.00058936030910195,10,,,0.04,0.1,2,0.3
Simulation 1,c,Louvain ARI,14,shift,Quad,0.2,0.964027139832166,0.962669481784293,-0.00135765804787302,10,,,0.06,0.1,2,0.3
Simulation 1,c,Louvain ARI,15,shift,Quad,0.2,0.96409312097291,0.963139851759102,-0.000953269213808006,10,,,0.08,0.1,2,0.3
Simulation 1,c,Louvain ARI,16,shift,Quad,0.2,0.962352079882773,0.964518334478821,0.00216625459604791,10,,,0.1,0.1,2,0.3
Simulation 1,c,Louvain ARI,17,shift,Quad,0.2,0.965320848272482,0.965180850517312,-0.00013999775517004,10,,,0.02,0.1,1.5,0.3
Simulation 1,c,Louvain ARI,18,shift,Quad,0.2,0.963522223124956,0.964341180443094,0.000818957318138081,10,,,0.02,0.1,2,0.3
Simulation 1,c,Louvain ARI,19,shift,Quad,0.2,0.964874700490028,0.965235253761345,0.00036055327131701,10,,,0.02,0.1,3,0.3
Simulation 1,c,Louvain ARI,20,shift,Quad,0.2,0.964269453954032,0.964661178354612,0.000391724400579996,10,,,0.02,0.1,4,0.3
Simulation 1,c,Louvain ARI,21,shift,Quad,0.2,0.96456350994858,0.964358855163126,-0.00020465478545395,10,,,0.02,0.1,5,0.3
Simulation 1,c,Louvain ARI,1,clean,Shell,0.1,0.965148023755569,0.963771372871465,-0.00137665088410399,10,,,,,,
Simulation 1,c,Louvain ARI,2,dropout,Shell,0.1,0.992756483710574,0.992489316101044,-0.00026716760953005,10,-1,,,,,
Simulation 1,c,Louvain ARI,3,dropout,Shell,0.1,0.965148023755569,0.963771372871465,-0.00137665088410399,10,0,,,,,
Simulation 1,c,Louvain ARI,4,dropout,Shell,0.1,0.820883781005559,0.817986795595498,-0.002896985410061,10,1,,,,,
Simulation 1,c,Louvain ARI,5,dropout,Shell,0.1,0.530232220535669,0.541583916245173,0.011351695709504,10,2,,,,,
Simulation 1,c,Louvain ARI,6,dropout,Shell,0.1,0.16578839323532,0.173718900784282,0.00793050754896202,10,3,,,,,
Simulation 1,c,Louvain ARI,7,doublet,Shell,0.1,0.963984003798037,0.963047402974883,-0.000936600823153944,10,,0.02,,,,
Simulation 1,c,Louvain ARI,8,doublet,Shell,0.1,0.960501218697883,0.959920156242154,-0.000581062455728976,10,,0.05,,,,
Simulation 1,c,Louvain ARI,9,doublet,Shell,0.1,0.956545181443392,0.95909358743239,0.00254840598899808,10,,0.08,,,,
Simulation 1,c,Louvain ARI,10,doublet,Shell,0.1,0.956430962756539,0.955066069362733,-0.00136489339380608,10,,0.1,,,,
Simulation 1,c,Louvain ARI,11,doublet,Shell,0.1,0.950888819705687,0.951898304765083,0.00100948505939602,10,,0.15,,,,
Simulation 1,c,Louvain ARI,12,shift,Shell,0.1,0.9654958797639,0.965051388583369,-0.000444491180530915,10,,,0.02,0.1,2,0.3
Simulation 1,c,Louvain ARI,13,shift,Shell,0.1,0.964496970115444,0.964249304848202,-0.000247665267241959,10,,,0.04,0.1,2,0.3
Simulation 1,c,Louvain ARI,14,shift,Shell,0.1,0.963020401155116,0.965570160707285,0.00254975955216896,10,,,0.06,0.1,2,0.3
Simulation 1,c,Louvain ARI,15,shift,Shell,0.1,0.964668208344427,0.964545139793378,-0.000123068551049044,10,,,0.08,0.1,2,0.3
Simulation 1,c,Louvain ARI,16,shift,Shell,0.1,0.960974513162441,0.961870582695657,0.000896069533215971,10,,,0.1,0.1,2,0.3
Simulation 1,c,Louvain ARI,17,shift,Shell,0.1,0.965037581731322,0.963534831086143,-0.00150275064517902,10,,,0.02,0.1,1.5,0.3
Simulation 1,c,Louvain ARI,18,shift,Shell,0.1,0.9654958797639,0.965051388583369,-0.000444491180530915,10,,,0.02,0.1,2,0.3
Simulation 1,c,Louvain ARI,19,shift,Shell,0.1,0.96343526325744,0.964068272443763,0.00063300918632303,10,,,0.02,0.1,3,0.3
Simulation 1,c,Louvain ARI,20,shift,Shell,0.1,0.962194504340575,0.962259595570077,6.50912295020456e-05,10,,,0.02,0.1,4,0.3
Simulation 1,c,Louvain ARI,21,shift,Shell,0.1,0.962726479999572,0.962632747825963,-9.37321736089736e-05,10,,,0.02,0.1,5,0.3
Simulation 1,c,Louvain ARI,1,clean,Shell,0.2,0.965148023755569,0.963172316993224,-0.00197570676234493,10,,,,,,
Simulation 1,c,Louvain ARI,2,dropout,Shell,0.2,0.992756483710574,0.99270908632247,-4.7397388103998e-05,10,-1,,,,,
Simulation 1,c,Louvain ARI,3,dropout,Shell,0.2,0.965148023755569,0.963172316993224,-0.00197570676234493,10,0,,,,,
Simulation 1,c,Louvain ARI,4,dropout,Shell,0.2,0.820883781005559,0.806071006750397,-0.014812774255162,10,1,,,,,
Simulation 1,c,Louvain ARI,5,dropout,Shell,0.2,0.530232220535669,0.510984722068043,-0.019247498467626,10,2,,,,,
Simulation 1,c,Louvain ARI,6,dropout,Shell,0.2,0.16578839323532,0.185845897344998,0.020057504109678,10,3,,,,,
Simulation 1,c,Louvain ARI,7,doublet,Shell,0.2,0.963984003798037,0.962851992661912,-0.00113201113612493,10,,0.02,,,,
Simulation 1,c,Louvain ARI,8,doublet,Shell,0.2,0.960501218697883,0.958666817419124,-0.001834401278759,10,,0.05,,,,
Simulation 1,c,Louvain ARI,9,doublet,Shell,0.2,0.956545181443392,0.955805565395578,-0.000739616047813918,10,,0.08,,,,
Simulation 1,c,Louvain ARI,10,doublet,Shell,0.2,0.956430962756539,0.957035354001161,0.000604391244621971,10,,0.1,,,,
Simulation 1,c,Louvain ARI,11,doublet,Shell,0.2,0.950888819705687,0.955065281122475,0.00417646141678807,10,,0.15,,,,
Simulation 1,c,Louvain ARI,12,shift,Shell,0.2,0.9654958797639,0.961848371971023,-0.00364750779287693,10,,,0.02,0.1,2,0.3
Simulation 1,c,Louvain ARI,13,shift,Shell,0.2,0.964496970115444,0.959777468285926,-0.00471950182951797,10,,,0.04,0.1,2,0.3
Simulation 1,c,Louvain ARI,14,shift,Shell,0.2,0.963020401155116,0.960540227543572,-0.00248017361154396,10,,,0.06,0.1,2,0.3
Simulation 1,c,Louvain ARI,15,shift,Shell,0.2,0.964668208344427,0.961139230450931,-0.00352897789349604,10,,,0.08,0.1,2,0.3
Simulation 1,c,Louvain ARI,16,shift,Shell,0.2,0.960974513162441,0.961632927247827,0.000658414085386028,10,,,0.1,0.1,2,0.3
Simulation 1,c,Louvain ARI,17,shift,Shell,0.2,0.965037581731322,0.963008740299397,-0.00202884143192505,10,,,0.02,0.1,1.5,0.3
Simulation 1,c,Louvain ARI,18,shift,Shell,0.2,0.9654958797639,0.961848371971023,-0.00364750779287693,10,,,0.02,0.1,2,0.3
Simulation 1,c,Louvain ARI,19,shift,Shell,0.2,0.96343526325744,0.961847733734019,-0.00158752952342101,10,,,0.02,0.1,3,0.3
Simulation 1,c,Louvain ARI,20,shift,Shell,0.2,0.962194504340575,0.961742719420324,-0.000451784920250997,10,,,0.02,0.1,4,0.3
Simulation 1,c,Louvain ARI,21,shift,Shell,0.2,0.962726479999572,0.95947013580418,-0.003256344195392,10,,,0.02,0.1,5,0.3
Simulation 1,c,Louvain ARI,1,clean,Winsor,0.1,0.963097020221695,0.965910201900659,0.00281318167896405,10,,,,,,
Simulation 1,c,Louvain ARI,2,dropout,Winsor,0.1,0.990480958591342,0.991126514291139,0.000645555699796963,10,-1,,,,,
Simulation 1,c,Louvain ARI,3,dropout,Winsor,0.1,0.963097020221695,0.965910201900659,0.00281318167896405,10,0,,,,,
Simulation 1,c,Louvain ARI,4,dropout,Winsor,0.1,0.831418548840817,0.825471350051711,-0.00594719878910599,10,1,,,,,
Simulation 1,c,Louvain ARI,5,dropout,Winsor,0.1,0.541230801519249,0.531795138038849,-0.00943566348039992,10,2,,,,,
Simulation 1,c,Louvain ARI,6,dropout,Winsor,0.1,0.190457893825756,0.190394255607563,-6.36382181929962e-05,10,3,,,,,
Simulation 1,c,Louvain ARI,7,doublet,Winsor,0.1,0.965707213620501,0.964847263984285,-0.000859949636216051,10,,0.02,,,,
Simulation 1,c,Louvain ARI,8,doublet,Winsor,0.1,0.959900088396082,0.959429856823911,-0.000470231572170965,10,,0.05,,,,
Simulation 1,c,Louvain ARI,9,doublet,Winsor,0.1,0.95874158413934,0.961764831266837,0.00302324712749702,10,,0.08,,,,
Simulation 1,c,Louvain ARI,10,doublet,Winsor,0.1,0.955973179042172,0.95577308783193,-0.000200091210242004,10,,0.1,,,,
Simulation 1,c,Louvain ARI,11,doublet,Winsor,0.1,0.952004503468919,0.950230672110341,-0.001773831358578,10,,0.15,,,,
Simulation 1,c,Louvain ARI,12,shift,Winsor,0.1,0.965405037996813,0.965670213751547,0.000265175754734059,10,,,0.02,0.1,2,0.3
Simulation 1,c,Louvain ARI,13,shift,Winsor,0.1,0.96227880376406,0.963320636295846,0.00104183253178591,10,,,0.04,0.1,2,0.3
Simulation 1,c,Louvain ARI,14,shift,Winsor,0.1,0.964011940016581,0.963163442357165,-0.00084849765941597,10,,,0.06,0.1,2,0.3
Simulation 1,c,Louvain ARI,15,shift,Winsor,0.1,0.961948852339687,0.96462593366715,0.00267708132746303,10,,,0.08,0.1,2,0.3
Simulation 1,c,Louvain ARI,16,shift,Winsor,0.1,0.963530948265855,0.964111000765949,0.000580052500094075,10,,,0.1,0.1,2,0.3
Simulation 1,c,Louvain ARI,17,shift,Winsor,0.1,0.964141284715183,0.965288165380513,0.00114688066532997,10,,,0.02,0.1,1.5,0.3
Simulation 1,c,Louvain ARI,18,shift,Winsor,0.1,0.965405037996813,0.965670213751547,0.000265175754734059,10,,,0.02,0.1,2,0.3
Simulation 1,c,Louvain ARI,19,shift,Winsor,0.1,0.963383803330297,0.965573353780789,0.00218955045049196,10,,,0.02,0.1,3,0.3
Simulation 1,c,Louvain ARI,20,shift,Winsor,0.1,0.965268665415976,0.965305721980075,3.7056564099025e-05,10,,,0.02,0.1,4,0.3
Simulation 1,c,Louvain ARI,21,shift,Winsor,0.1,0.963936807573198,0.965131939537267,0.00119513196406895,10,,,0.02,0.1,5,0.3
Simulation 1,c,Louvain ARI,1,clean,Winsor,0.2,0.963097020221695,0.963470739188267,0.000373718966572012,10,,,,,,
Simulation 1,c,Louvain ARI,2,dropout,Winsor,0.2,0.990480958591342,0.991853000294696,0.00137204170335403,10,-1,,,,,
Simulation 1,c,Louvain ARI,3,dropout,Winsor,0.2,0.963097020221695,0.963470739188267,0.000373718966572012,10,0,,,,,
Simulation 1,c,Louvain ARI,4,dropout,Winsor,0.2,0.831418548840817,0.826345300517792,-0.00507324832302503,10,1,,,,,
Simulation 1,c,Louvain ARI,5,dropout,Winsor,0.2,0.541230801519249,0.531734161202772,-0.00949664031647701,10,2,,,,,
Simulation 1,c,Louvain ARI,6,dropout,Winsor,0.2,0.190457893825756,0.178147888368638,-0.012310005457118,10,3,,,,,
Simulation 1,c,Louvain ARI,7,doublet,Winsor,0.2,0.965707213620501,0.965680685920603,-2.65276998980823e-05,10,,0.02,,,,
Simulation 1,c,Louvain ARI,8,doublet,Winsor,0.2,0.959900088396082,0.957934817008554,-0.001965271387528,10,,0.05,,,,
Simulation 1,c,Louvain ARI,9,doublet,Winsor,0.2,0.95874158413934,0.960745354134502,0.00200376999516205,10,,0.08,,,,
Simulation 1,c,Louvain ARI,10,doublet,Winsor,0.2,0.955973179042172,0.955628335286633,-0.000344843755539004,10,,0.1,,,,
Simulation 1,c,Louvain ARI,11,doublet,Winsor,0.2,0.952004503468919,0.952588225584453,0.000583722115534036,10,,0.15,,,,
Simulation 1,c,Louvain ARI,12,shift,Winsor,0.2,0.965405037996813,0.964238031242533,-0.00116700675427994,10,,,0.02,0.1,2,0.3
Simulation 1,c,Louvain ARI,13,shift,Winsor,0.2,0.96227880376406,0.96470953795083,0.00243073418676998,10,,,0.04,0.1,2,0.3
Simulation 1,c,Louvain ARI,14,shift,Winsor,0.2,0.964011940016581,0.964152558275322,0.00014061825874101,10,,,0.06,0.1,2,0.3
Simulation 1,c,Louvain ARI,15,shift,Winsor,0.2,0.961948852339687,0.961773707653281,-0.000175144686406004,10,,,0.08,0.1,2,0.3
Simulation 1,c,Louvain ARI,16,shift,Winsor,0.2,0.963530948265855,0.962882705642367,-0.000648242623487949,10,,,0.1,0.1,2,0.3
Simulation 1,c,Louvain ARI,17,shift,Winsor,0.2,0.964141284715183,0.963175569513778,-0.000965715201404982,10,,,0.02,0.1,1.5,0.3
Simulation 1,c,Louvain ARI,18,shift,Winsor,0.2,0.965405037996813,0.964238031242533,-0.00116700675427994,10,,,0.02,0.1,2,0.3
Simulation 1,c,Louvain ARI,19,shift,Winsor,0.2,0.963383803330297,0.964944357650016,0.00156055431971891,10,,,0.02,0.1,3,0.3
Simulation 1,c,Louvain ARI,20,shift,Winsor,0.2,0.965268665415976,0.965010270807113,-0.000258394608863011,10,,,0.02,0.1,4,0.3
Simulation 1,c,Louvain ARI,21,shift,Winsor,0.2,0.963936807573198,0.964602772306673,0.000665964733475022,10,,,0.02,0.1,5,0.3
Simulation 1,c,k-means ARI,1,clean,Ball,0.1,0.684186599764152,0.676125188395342,-0.00806141136881,10,,,,,,
Simulation 1,c,k-means ARI,2,dropout,Ball,0.1,0.978616670956847,0.980143130481648,0.00152645952480102,10,-1,,,,,
Simulation 1,c,k-means ARI,3,dropout,Ball,0.1,0.684186599764152,0.676125188395342,-0.00806141136881,10,0,,,,,
Simulation 1,c,k-means ARI,4,dropout,Ball,0.1,0.424280239661961,0.426146808572177,0.00186656891021603,10,1,,,,,
Simulation 1,c,k-means ARI,5,dropout,Ball,0.1,0.282866660853607,0.282387446887607,-0.000479213966000036,10,2,,,,,
Simulation 1,c,k-means ARI,6,dropout,Ball,0.1,0.177458054357976,0.175479042522822,-0.00197901183515398,10,3,,,,,
Simulation 1,c,k-means ARI,7,doublet,Ball,0.1,0.65144129958703,0.652504392786168,0.001063093199138,10,,0.02,,,,
Simulation 1,c,k-means ARI,8,doublet,Ball,0.1,0.720393544848951,0.721184619945799,0.000791075096847949,10,,0.05,,,,
Simulation 1,c,k-means ARI,9,doublet,Ball,0.1,0.743468716339527,0.749195723544199,0.00572700720467201,10,,0.08,,,,
Simulation 1,c,k-means ARI,10,doublet,Ball,0.1,0.753451882794982,0.752296760416266,-0.00115512237871596,10,,0.1,,,,
Simulation 1,c,k-means ARI,11,doublet,Ball,0.1,0.759184094524652,0.757338677642456,-0.00184541688219597,10,,0.15,,,,
Simulation 1,c,k-means ARI,12,shift,Ball,0.1,0.685009545114378,0.675746236490812,-0.00926330862356595,10,,,0.02,0.1,2,0.3
Simulation 1,c,k-means ARI,13,shift,Ball,0.1,0.681664077436266,0.67595765995092,-0.00570641748534595,10,,,0.04,0.1,2,0.3
Simulation 1,c,k-means ARI,14,shift,Ball,0.1,0.685119521942058,0.673628320725121,-0.011491201216937,10,,,0.06,0.1,2,0.3
Simulation 1,c,k-means ARI,15,shift,Ball,0.1,0.684889929416381,0.67461496882174,-0.0102749605946411,10,,,0.08,0.1,2,0.3
Simulation 1,c,k-means ARI,16,shift,Ball,0.1,0.683978690876211,0.675521278492952,-0.00845741238325903,10,,,0.1,0.1,2,0.3
Simulation 1,c,k-means ARI,17,shift,Ball,0.1,0.684269337949284,0.675315126329726,-0.00895421161955801,10,,,0.02,0.1,1.5,0.3
Simulation 1,c,k-means ARI,18,shift,Ball,0.1,0.685009545114378,0.675746236490812,-0.00926330862356595,10,,,0.02,0.1,2,0.3
Simulation 1,c,k-means ARI,19,shift,Ball,0.1,0.681910022268762,0.674791788176372,-0.00711823409238999,10,,,0.02,0.1,3,0.3
Simulation 1,c,k-means ARI,20,shift,Ball,0.1,0.680947637910261,0.673671524090839,-0.00727611381942206,10,,,0.02,0.1,4,0.3
Simulation 1,c,k-means ARI,21,shift,Ball,0.1,0.679912415542988,0.674159167071637,-0.00575324847135095,10,,,0.02,0.1,5,0.3
Simulation 1,c,k-means ARI,1,clean,Ball,0.2,0.684186599764152,0.662550058230602,-0.02163654153355,10,,,,,,
Simulation 1,c,k-means ARI,2,dropout,Ball,0.2,0.978616670956847,0.983323024115622,0.00470635315877499,10,-1,,,,,
Simulation 1,c,k-means ARI,3,dropout,Ball,0.2,0.684186599764152,0.662550058230602,-0.02163654153355,10,0,,,,,
Simulation 1,c,k-means ARI,4,dropout,Ball,0.2,0.424280239661961,0.420960416005397,-0.00331982365656397,10,1,,,,,
Simulation 1,c,k-means ARI,5,dropout,Ball,0.2,0.282866660853607,0.278549217117363,-0.00431744373624399,10,2,,,,,
Simulation 1,c,k-means ARI,6,dropout,Ball,0.2,0.177458054357976,0.172804603542745,-0.004653450815231,10,3,,,,,
Simulation 1,c,k-means ARI,7,doublet,Ball,0.2,0.65144129958703,0.645047220259634,-0.006394079327396,10,,0.02,,,,
Simulation 1,c,k-means ARI,8,doublet,Ball,0.2,0.720393544848951,0.716755108645296,-0.003638436203655,10,,0.05,,,,
Simulation 1,c,k-means ARI,9,doublet,Ball,0.2,0.743468716339527,0.720386794961211,-0.023081921378316,10,,0.08,,,,
Simulation 1,c,k-means ARI,10,doublet,Ball,0.2,0.753451882794982,0.705804259788393,-0.047647623006589,10,,0.1,,,,
Simulation 1,c,k-means ARI,11,doublet,Ball,0.2,0.759184094524652,0.714005471004791,-0.045178623519861,10,,0.15,,,,
Simulation 1,c,k-means ARI,12,shift,Ball,0.2,0.685009545114378,0.661207244104346,-0.023802301010032,10,,,0.02,0.1,2,0.3
Simulation 1,c,k-means ARI,13,shift,Ball,0.2,0.681664077436266,0.661420004379735,-0.020244073056531,10,,,0.04,0.1,2,0.3
Simulation 1,c,k-means ARI,14,shift,Ball,0.2,0.685119521942058,0.660998493846882,-0.024121028095176,10,,,0.06,0.1,2,0.3
Simulation 1,c,k-means ARI,15,shift,Ball,0.2,0.684889929416381,0.65976995259051,-0.0251199768258711,10,,,0.08,0.1,2,0.3
Simulation 1,c,k-means ARI,16,shift,Ball,0.2,0.683978690876211,0.661202581198845,-0.022776109677366,10,,,0.1,0.1,2,0.3
Simulation 1,c,k-means ARI,17,shift,Ball,0.2,0.684269337949284,0.660807753152147,-0.023461584797137,10,,,0.02,0.1,1.5,0.3
Simulation 1,c,k-means ARI,18,shift,Ball,0.2,0.685009545114378,0.661207244104346,-0.023802301010032,10,,,0.02,0.1,2,0.3
Simulation 1,c,k-means ARI,19,shift,Ball,0.2,0.681910022268762,0.661219389914303,-0.020690632354459,10,,,0.02,0.1,3,0.3
Simulation 1,c,k-means ARI,20,shift,Ball,0.2,0.680947637910261,0.658630666110772,-0.022316971799489,10,,,0.02,0.1,4,0.3
Simulation 1,c,k-means ARI,21,shift,Ball,0.2,0.679912415542988,0.657140219045777,-0.022772196497211,10,,,0.02,0.1,5,0.3
Simulation 1,c,k-means ARI,1,clean,LR,0.1,0.688139397958939,0.679719655925762,-0.00841974203317697,10,,,,,,
Simulation 1,c,k-means ARI,2,dropout,LR,0.1,0.979930483634955,0.978889576826182,-0.001040906808773,10,-1,,,,,
Simulation 1,c,k-means ARI,3,dropout,LR,0.1,0.688139397958939,0.679719655925762,-0.00841974203317697,10,0,,,,,
Simulation 1,c,k-means ARI,4,dropout,LR,0.1,0.426093445217243,0.428321878007117,0.002228432789874,10,1,,,,,
Simulation 1,c,k-means ARI,5,dropout,LR,0.1,0.284287270819861,0.284764735412874,0.000477464593013011,10,2,,,,,
Simulation 1,c,k-means ARI,6,dropout,LR,0.1,0.176348413481474,0.178944245480678,0.00259583199920399,10,3,,,,,
Simulation 1,c,k-means ARI,7,doublet,LR,0.1,0.651058051439499,0.650625354320438,-0.000432697119061021,10,,0.02,,,,
Simulation 1,c,k-means ARI,8,doublet,LR,0.1,0.719606893389953,0.721112967586191,0.00150607419623805,10,,0.05,,,,
Simulation 1,c,k-means ARI,9,doublet,LR,0.1,0.750183242872246,0.745726460852917,-0.00445678201932898,10,,0.08,,,,
Simulation 1,c,k-means ARI,10,doublet,LR,0.1,0.752073850912392,0.752960785506704,0.000886934594311994,10,,0.1,,,,
Simulation 1,c,k-means ARI,11,doublet,LR,0.1,0.765768119993422,0.760069650866166,-0.00569846912725602,10,,0.15,,,,
Simulation 1,c,k-means ARI,12,shift,LR,0.1,0.688506263849854,0.680135750050465,-0.00837051379938902,10,,,0.02,0.1,2,0.3
Simulation 1,c,k-means ARI,13,shift,LR,0.1,0.686871299893583,0.678285250440672,-0.00858604945291097,10,,,0.04,0.1,2,0.3
Simulation 1,c,k-means ARI,14,shift,LR,0.1,0.687422701569042,0.680717031350308,-0.00670567021873392,10,,,0.06,0.1,2,0.3
Simulation 1,c,k-means ARI,15,shift,LR,0.1,0.688153311831495,0.678202552874026,-0.009950758957469,10,,,0.08,0.1,2,0.3
Simulation 1,c,k-means ARI,16,shift,LR,0.1,0.688070419320378,0.682235597039654,-0.00583482228072407,10,,,0.1,0.1,2,0.3
Simulation 1,c,k-means ARI,17,shift,LR,0.1,0.687727773199799,0.680150696218098,-0.00757707698170107,10,,,0.02,0.1,1.5,0.3
Simulation 1,c,k-means ARI,18,shift,LR,0.1,0.688506263849854,0.680135750050465,-0.00837051379938902,10,,,0.02,0.1,2,0.3
Simulation 1,c,k-means ARI,19,shift,LR,0.1,0.685368804304585,0.678725581510167,-0.00664322279441798,10,,,0.02,0.1,3,0.3
Simulation 1,c,k-means ARI,20,shift,LR,0.1,0.685448939269516,0.678224524954381,-0.00722441431513499,10,,,0.02,0.1,4,0.3
Simulation 1,c,k-means ARI,21,shift,LR,0.1,0.685135534102853,0.677519085235091,-0.00761644886776203,10,,,0.02,0.1,5,0.3
Simulation 1,c,k-means ARI,1,clean,LR,0.2,0.688139397958939,0.671458600847154,-0.0166807971117849,10,,,,,,
Simulation 1,c,k-means ARI,2,dropout,LR,0.2,0.979930483634955,0.982316025896377,0.00238554226142196,10,-1,,,,,
Simulation 1,c,k-means ARI,3,dropout,LR,0.2,0.688139397958939,0.671458600847154,-0.0166807971117849,10,0,,,,,
Simulation 1,c,k-means ARI,4,dropout,LR,0.2,0.426093445217243,0.426328061349405,0.000234616132161969,10,1,,,,,
Simulation 1,c,k-means ARI,5,dropout,LR,0.2,0.284287270819861,0.281288351518594,-0.002998919301267,10,2,,,,,
Simulation 1,c,k-means ARI,6,dropout,LR,0.2,0.176348413481474,0.174010184062973,-0.00233822941850101,10,3,,,,,
Simulation 1,c,k-means ARI,7,doublet,LR,0.2,0.651058051439499,0.652828201313291,0.00177014987379198,10,,0.02,,,,
Simulation 1,c,k-means ARI,8,doublet,LR,0.2,0.719606893389953,0.716129590679528,-0.00347730271042501,10,,0.05,,,,
Simulation 1,c,k-means ARI,9,doublet,LR,0.2,0.750183242872246,0.743482320697405,-0.00670092217484097,10,,0.08,,,,
Simulation 1,c,k-means ARI,10,doublet,LR,0.2,0.752073850912392,0.749885095620579,-0.00218875529181295,10,,0.1,,,,
Simulation 1,c,k-means ARI,11,doublet,LR,0.2,0.765768119993422,0.755469567725744,-0.010298552267678,10,,0.15,,,,
Simulation 1,c,k-means ARI,12,shift,LR,0.2,0.688506263849854,0.670402274421834,-0.0181039894280201,10,,,0.02,0.1,2,0.3
Simulation 1,c,k-means ARI,13,shift,LR,0.2,0.686871299893583,0.669404426486102,-0.017466873407481,10,,,0.04,0.1,2,0.3
Simulation 1,c,k-means ARI,14,shift,LR,0.2,0.687422701569042,0.670385029130978,-0.017037672438064,10,,,0.06,0.1,2,0.3
Simulation 1,c,k-means ARI,15,shift,LR,0.2,0.688153311831495,0.66999779368613,-0.018155518145365,10,,,0.08,0.1,2,0.3
Simulation 1,c,k-means ARI,16,shift,LR,0.2,0.688070419320378,0.670363684518787,-0.017706734801591,10,,,0.1,0.1,2,0.3
Simulation 1,c,k-means ARI,17,shift,LR,0.2,0.687727773199799,0.669130980467443,-0.018596792732356,10,,,0.02,0.1,1.5,0.3
Simulation 1,c,k-means ARI,18,shift,LR,0.2,0.688506263849854,0.670402274421834,-0.0181039894280201,10,,,0.02,0.1,2,0.3
Simulation 1,c,k-means ARI,19,shift,LR,0.2,0.685368804304585,0.670231075536893,-0.015137728767692,10,,,0.02,0.1,3,0.3
Simulation 1,c,k-means ARI,20,shift,LR,0.2,0.685448939269516,0.668206082609286,-0.01724285666023,10,,,0.02,0.1,4,0.3
Simulation 1,c,k-means ARI,21,shift,LR,0.2,0.685135534102853,0.669531281866108,-0.015604252236745,10,,,0.02,0.1,5,0.3
Simulation 1,c,k-means ARI,1,clean,Quad,0.1,0.692476972236892,0.692067243522305,-0.000409728714586999,10,,,,,,
Simulation 1,c,k-means ARI,2,dropout,Quad,0.1,0.986748679433859,0.982025743256752,-0.00472293617710706,10,-1,,,,,
Simulation 1,c,k-means ARI,3,dropout,Quad,0.1,0.692476972236892,0.692067243522305,-0.000409728714586999,10,0,,,,,
Simulation 1,c,k-means ARI,4,dropout,Quad,0.1,0.426743016557109,0.427182502608903,0.000439486051794002,10,1,,,,,
Simulation 1,c,k-means ARI,5,dropout,Quad,0.1,0.284683999256909,0.284932793445496,0.000248794188586976,10,2,,,,,
Simulation 1,c,k-means ARI,6,dropout,Quad,0.1,0.178586917845773,0.17894756979905,0.000360651953277003,10,3,,,,,
Simulation 1,c,k-means ARI,7,doublet,Quad,0.1,0.649033421394429,0.64920135356882,0.000167932174391039,10,,0.02,,,,
Simulation 1,c,k-means ARI,8,doublet,Quad,0.1,0.719224094446362,0.719150844776838,-7.32496695240448e-05,10,,0.05,,,,
Simulation 1,c,k-means ARI,9,doublet,Quad,0.1,0.750525022813481,0.751256540269603,0.000731517456121988,10,,0.08,,,,
Simulation 1,c,k-means ARI,10,doublet,Quad,0.1,0.758246144323091,0.757767535605904,-0.000478608717186968,10,,0.1,,,,
Simulation 1,c,k-means ARI,11,doublet,Quad,0.1,0.772488460024094,0.768483459900102,-0.00400500012399196,10,,0.15,,,,
Simulation 1,c,k-means ARI,12,shift,Quad,0.1,0.69351611210838,0.692239439963998,-0.0012766721443821,10,,,0.02,0.1,2,0.3
Simulation 1,c,k-means ARI,13,shift,Quad,0.1,0.691650349184438,0.69117674454322,-0.00047360464121804,10,,,0.04,0.1,2,0.3
Simulation 1,c,k-means ARI,14,shift,Quad,0.1,0.684407077406274,0.684219082814887,-0.000187994591387075,10,,,0.06,0.1,2,0.3
Simulation 1,c,k-means ARI,15,shift,Quad,0.1,0.694583034275156,0.693689534706651,-0.000893499568505041,10,,,0.08,0.1,2,0.3
Simulation 1,c,k-means ARI,16,shift,Quad,0.1,0.68452881808191,0.68425986830754,-0.000268949774369975,10,,,0.1,0.1,2,0.3
Simulation 1,c,k-means ARI,17,shift,Quad,0.1,0.693048515967876,0.691322832180078,-0.00172568378779803,10,,,0.02,0.1,1.5,0.3
Simulation 1,c,k-means ARI,18,shift,Quad,0.1,0.69351611210838,0.692239439963998,-0.0012766721443821,10,,,0.02,0.1,2,0.3
Simulation 1,c,k-means ARI,19,shift,Quad,0.1,0.692046256500671,0.691141937009168,-0.000904319491502936,10,,,0.02,0.1,3,0.3
Simulation 1,c,k-means ARI,20,shift,Quad,0.1,0.691310384703956,0.690893439278285,-0.000416945425671056,10,,,0.02,0.1,4,0.3
Simulation 1,c,k-means ARI,21,shift,Quad,0.1,0.689982534879322,0.689226309412609,-0.000756225466713056,10,,,0.02,0.1,5,0.3
Simulation 1,c,k-means ARI,1,clean,Quad,0.2,0.692476972236892,0.689826904713144,-0.00265006752374797,10,,,,,,
Simulation 1,c,k-means ARI,2,dropout,Quad,0.2,0.986748679433859,0.980885111889992,-0.00586356754386708,10,-1,,,,,
Simulation 1,c,k-means ARI,3,dropout,Quad,0.2,0.692476972236892,0.689826904713144,-0.00265006752374797,10,0,,,,,
Simulation 1,c,k-means ARI,4,dropout,Quad,0.2,0.426743016557109,0.427697736641717,0.000954720084608007,10,1,,,,,
Simulation 1,c,k-means ARI,5,dropout,Quad,0.2,0.284683999256909,0.284787329463423,0.000103330206513985,10,2,,,,,
Simulation 1,c,k-means ARI,6,dropout,Quad,0.2,0.178586917845773,0.179260769240787,0.000673851395013997,10,3,,,,,
Simulation 1,c,k-means ARI,7,doublet,Quad,0.2,0.649033421394429,0.650813506711912,0.00178008531748297,10,,0.02,,,,
Simulation 1,c,k-means ARI,8,doublet,Quad,0.2,0.719224094446362,0.721388945721715,0.00216485127535293,10,,0.05,,,,
Simulation 1,c,k-means ARI,9,doublet,Quad,0.2,0.750525022813481,0.749462680926105,-0.00106234188737597,10,,0.08,,,,
Simulation 1,c,k-means ARI,10,doublet,Quad,0.2,0.758246144323091,0.756979147062656,-0.001266997260435,10,,0.1,,,,
Simulation 1,c,k-means ARI,11,doublet,Quad,0.2,0.772488460024094,0.768728809633185,-0.00375965039090898,10,,0.15,,,,
Simulation 1,c,k-means ARI,12,shift,Quad,0.2,0.69351611210838,0.691224902341956,-0.00229120976642405,10,,,0.02,0.1,2,0.3
Simulation 1,c,k-means ARI,13,shift,Quad,0.2,0.691650349184438,0.688655598389025,-0.002994750795413,10,,,0.04,0.1,2,0.3
Simulation 1,c,k-means ARI,14,shift,Quad,0.2,0.684407077406274,0.690723777558378,0.00631670015210395,10,,,0.06,0.1,2,0.3
Simulation 1,c,k-means ARI,15,shift,Quad,0.2,0.694583034275156,0.69080877644367,-0.00377425783148599,10,,,0.08,0.1,2,0.3
Simulation 1,c,k-means ARI,16,shift,Quad,0.2,0.68452881808191,0.689510081524466,0.00498126344255601,10,,,0.1,0.1,2,0.3
Simulation 1,c,k-means ARI,17,shift,Quad,0.2,0.693048515967876,0.691535468034843,-0.00151304793303297,10,,,0.02,0.1,1.5,0.3
Simulation 1,c,k-means ARI,18,shift,Quad,0.2,0.69351611210838,0.691224902341956,-0.00229120976642405,10,,,0.02,0.1,2,0.3
Simulation 1,c,k-means ARI,19,shift,Quad,0.2,0.692046256500671,0.689497466584522,-0.00254878991614893,10,,,0.02,0.1,3,0.3
Simulation 1,c,k-means ARI,20,shift,Quad,0.2,0.691310384703956,0.688347689868559,-0.00296269483539702,10,,,0.02,0.1,4,0.3
Simulation 1,c,k-means ARI,21,shift,Quad,0.2,0.689982534879322,0.687582601342818,-0.00239993353650403,10,,,0.02,0.1,5,0.3
Simulation 1,c,k-means ARI,1,clean,Shell,0.1,0.682513455323649,0.678597548685876,-0.00391590663777308,10,,,,,,
Simulation 1,c,k-means ARI,2,dropout,Shell,0.1,0.982364274022379,0.977512730224375,-0.00485154379800401,10,-1,,,,,
Simulation 1,c,k-means ARI,3,dropout,Shell,0.1,0.682513455323649,0.678597548685876,-0.00391590663777308,10,0,,,,,
Simulation 1,c,k-means ARI,4,dropout,Shell,0.1,0.420532660395964,0.419145442818643,-0.00138721757732097,10,1,,,,,
Simulation 1,c,k-means ARI,5,dropout,Shell,0.1,0.282045170013921,0.280371022567488,-0.00167414744643296,10,2,,,,,
Simulation 1,c,k-means ARI,6,dropout,Shell,0.1,0.173226285994816,0.170642056731746,-0.00258422926306998,10,3,,,,,
Simulation 1,c,k-means ARI,7,doublet,Shell,0.1,0.645227181007946,0.640579390210446,-0.0046477907975,10,,0.02,,,,
Simulation 1,c,k-means ARI,8,doublet,Shell,0.1,0.718508628779923,0.714647309982968,-0.00386131879695506,10,,0.05,,,,
Simulation 1,c,k-means ARI,9,doublet,Shell,0.1,0.747503706611087,0.743562488931348,-0.00394121767973898,10,,0.08,,,,
Simulation 1,c,k-means ARI,10,doublet,Shell,0.1,0.752290128402949,0.754724750778905,0.00243462237595604,10,,0.1,,,,
Simulation 1,c,k-means ARI,11,doublet,Shell,0.1,0.766644253002874,0.762684292978077,-0.00395996002479693,10,,0.15,,,,
Simulation 1,c,k-means ARI,12,shift,Shell,0.1,0.681761994433814,0.678871366821258,-0.00289062761255599,10,,,0.02,0.1,2,0.3
Simulation 1,c,k-means ARI,13,shift,Shell,0.1,0.682985558086753,0.680145094437795,-0.00284046364895796,10,,,0.04,0.1,2,0.3
Simulation 1,c,k-means ARI,14,shift,Shell,0.1,0.681770654015173,0.680027629340275,-0.00174302467489795,10,,,0.06,0.1,2,0.3
Simulation 1,c,k-means ARI,15,shift,Shell,0.1,0.681990932633016,0.67779330450503,-0.00419762812798608,10,,,0.08,0.1,2,0.3
Simulation 1,c,k-means ARI,16,shift,Shell,0.1,0.681676033362821,0.678987030455359,-0.00268900290746199,10,,,0.1,0.1,2,0.3
Simulation 1,c,k-means ARI,17,shift,Shell,0.1,0.681416993232494,0.679626814159708,-0.001790179072786,10,,,0.02,0.1,1.5,0.3
Simulation 1,c,k-means ARI,18,shift,Shell,0.1,0.681761994433814,0.678871366821258,-0.00289062761255599,10,,,0.02,0.1,2,0.3
Simulation 1,c,k-means ARI,19,shift,Shell,0.1,0.680727570107494,0.676670659923516,-0.00405691018397791,10,,,0.02,0.1,3,0.3
Simulation 1,c,k-means ARI,20,shift,Shell,0.1,0.679121177339499,0.674434402043012,-0.00468677529648698,10,,,0.02,0.1,4,0.3
Simulation 1,c,k-means ARI,21,shift,Shell,0.1,0.686948339484275,0.676621698618092,-0.0103266408661831,10,,,0.02,0.1,5,0.3
Simulation 1,c,k-means ARI,1,clean,Shell,0.2,0.682513455323649,0.672690166036899,-0.00982328928675003,10,,,,,,
Simulation 1,c,k-means ARI,2,dropout,Shell,0.2,0.982364274022379,0.976806580931135,-0.00555769309124399,10,-1,,,,,
Simulation 1,c,k-means ARI,3,dropout,Shell,0.2,0.682513455323649,0.672690166036899,-0.00982328928675003,10,0,,,,,
Simulation 1,c,k-means ARI,4,dropout,Shell,0.2,0.420532660395964,0.412397603688741,-0.00813505670722298,10,1,,,,,
Simulation 1,c,k-means ARI,5,dropout,Shell,0.2,0.282045170013921,0.279531957042737,-0.00251321297118401,10,2,,,,,
Simulation 1,c,k-means ARI,6,dropout,Shell,0.2,0.173226285994816,0.16687298778825,-0.00635329820656599,10,3,,,,,
Simulation 1,c,k-means ARI,7,doublet,Shell,0.2,0.645227181007946,0.635400210697045,-0.00982697031090096,10,,0.02,,,,
Simulation 1,c,k-means ARI,8,doublet,Shell,0.2,0.718508628779923,0.706521853555006,-0.0119867752249171,10,,0.05,,,,
Simulation 1,c,k-means ARI,9,doublet,Shell,0.2,0.747503706611087,0.740197003822202,-0.00730670278888501,10,,0.08,,,,
Simulation 1,c,k-means ARI,10,doublet,Shell,0.2,0.752290128402949,0.749324007123008,-0.002966121279941,10,,0.1,,,,
Simulation 1,c,k-means ARI,11,doublet,Shell,0.2,0.766644253002874,0.750344718933263,-0.0162995340696109,10,,0.15,,,,
Simulation 1,c,k-means ARI,12,shift,Shell,0.2,0.681761994433814,0.671977042221554,-0.00978495221226006,10,,,0.02,0.1,2,0.3
Simulation 1,c,k-means ARI,13,shift,Shell,0.2,0.682985558086753,0.672365985204571,-0.010619572882182,10,,,0.04,0.1,2,0.3
Simulation 1,c,k-means ARI,14,shift,Shell,0.2,0.681770654015173,0.671793981833351,-0.00997667218182197,10,,,0.06,0.1,2,0.3
Simulation 1,c,k-means ARI,15,shift,Shell,0.2,0.681990932633016,0.67179391882001,-0.010197013813006,10,,,0.08,0.1,2,0.3
Simulation 1,c,k-means ARI,16,shift,Shell,0.2,0.681676033362821,0.672494278072734,-0.00918175529008702,10,,,0.1,0.1,2,0.3
Simulation 1,c,k-means ARI,17,shift,Shell,0.2,0.681416993232494,0.6719442906734,-0.00947270255909405,10,,,0.02,0.1,1.5,0.3
Simulation 1,c,k-means ARI,18,shift,Shell,0.2,0.681761994433814,0.671977042221554,-0.00978495221226006,10,,,0.02,0.1,2,0.3
Simulation 1,c,k-means ARI,19,shift,Shell,0.2,0.680727570107494,0.672293234632027,-0.00843433547546701,10,,,0.02,0.1,3,0.3
Simulation 1,c,k-means ARI,20,shift,Shell,0.2,0.679121177339499,0.669975589438703,-0.009145587900796,10,,,0.02,0.1,4,0.3
Simulation 1,c,k-means ARI,21,shift,Shell,0.2,0.686948339484275,0.673327115754353,-0.013621223729922,10,,,0.02,0.1,5,0.3
Simulation 1,c,k-means ARI,1,clean,Winsor,0.1,0.693480123692505,0.692876840969939,-0.000603282722566045,10,,,,,,
Simulation 1,c,k-means ARI,2,dropout,Winsor,0.1,0.987622217839287,0.986555790027146,-0.00106642781214106,10,-1,,,,,
Simulation 1,c,k-means ARI,3,dropout,Winsor,0.1,0.693480123692505,0.692876840969939,-0.000603282722566045,10,0,,,,,
Simulation 1,c,k-means ARI,4,dropout,Winsor,0.1,0.426706653709213,0.426838638329073,0.000131984619859971,10,1,,,,,
Simulation 1,c,k-means ARI,5,dropout,Winsor,0.1,0.284934828264378,0.28564830183894,0.000713473574562029,10,2,,,,,
Simulation 1,c,k-means ARI,6,dropout,Winsor,0.1,0.178078685227675,0.177970486594589,-0.000108198633086004,10,3,,,,,
Simulation 1,c,k-means ARI,7,doublet,Winsor,0.1,0.647732151719145,0.648845186485603,0.00111303476645797,10,,0.02,,,,
Simulation 1,c,k-means ARI,8,doublet,Winsor,0.1,0.719343762675826,0.718408379442263,-0.000935383233563014,10,,0.05,,,,
Simulation 1,c,k-means ARI,9,doublet,Winsor,0.1,0.749302987288337,0.749056957533362,-0.000246029754975008,10,,0.08,,,,
Simulation 1,c,k-means ARI,10,doublet,Winsor,0.1,0.75839061128655,0.754696957924687,-0.003693653361863,10,,0.1,,,,
Simulation 1,c,k-means ARI,11,doublet,Winsor,0.1,0.766157084137364,0.769090744863694,0.00293366072632995,10,,0.15,,,,
Simulation 1,c,k-means ARI,12,shift,Winsor,0.1,0.692899626587171,0.693044906640329,0.000145280053158059,10,,,0.02,0.1,2,0.3
Simulation 1,c,k-means ARI,13,shift,Winsor,0.1,0.692671890419911,0.69253110364612,-0.000140786773790924,10,,,0.04,0.1,2,0.3
Simulation 1,c,k-means ARI,14,shift,Winsor,0.1,0.684446231501608,0.683861044465682,-0.000585187035926027,10,,,0.06,0.1,2,0.3
Simulation 1,c,k-means ARI,15,shift,Winsor,0.1,0.694119448938311,0.693793961440852,-0.000325487497458976,10,,,0.08,0.1,2,0.3
Simulation 1,c,k-means ARI,16,shift,Winsor,0.1,0.684647232589493,0.684727785594083,8.05530045899783e-05,10,,,0.1,0.1,2,0.3
Simulation 1,c,k-means ARI,17,shift,Winsor,0.1,0.692557164203165,0.692090467067593,-0.000466697135572014,10,,,0.02,0.1,1.5,0.3
Simulation 1,c,k-means ARI,18,shift,Winsor,0.1,0.692899626587171,0.693044906640329,0.000145280053158059,10,,,0.02,0.1,2,0.3
Simulation 1,c,k-means ARI,19,shift,Winsor,0.1,0.692831098190912,0.692229534213938,-0.000601563976974084,10,,,0.02,0.1,3,0.3
Simulation 1,c,k-means ARI,20,shift,Winsor,0.1,0.69101730005767,0.690721457511298,-0.000295842546372049,10,,,0.02,0.1,4,0.3
Simulation 1,c,k-means ARI,21,shift,Winsor,0.1,0.689528322994611,0.689777553075509,0.000249230080898055,10,,,0.02,0.1,5,0.3
Simulation 1,c,k-means ARI,1,clean,Winsor,0.2,0.693480123692505,0.691431057723245,-0.00204906596926002,10,,,,,,
Simulation 1,c,k-means ARI,2,dropout,Winsor,0.2,0.987622217839287,0.983129362681471,-0.00449285515781606,10,-1,,,,,
Simulation 1,c,k-means ARI,3,dropout,Winsor,0.2,0.693480123692505,0.691431057723245,-0.00204906596926002,10,0,,,,,
Simulation 1,c,k-means ARI,4,dropout,Winsor,0.2,0.426706653709213,0.427942305729426,0.00123565202021297,10,1,,,,,
Simulation 1,c,k-means ARI,5,dropout,Winsor,0.2,0.284934828264378,0.285570302216339,0.000635473951961008,10,2,,,,,
Simulation 1,c,k-means ARI,6,dropout,Winsor,0.2,0.178078685227675,0.178451564671379,0.000372879443703983,10,3,,,,,
Simulation 1,c,k-means ARI,7,doublet,Winsor,0.2,0.647732151719145,0.64993515458578,0.002203002866635,10,,0.02,,,,
Simulation 1,c,k-means ARI,8,doublet,Winsor,0.2,0.719343762675826,0.72047969639737,0.00113593372154397,10,,0.05,,,,
Simulation 1,c,k-means ARI,9,doublet,Winsor,0.2,0.749302987288337,0.749593195525167,0.000290208236830014,10,,0.08,,,,
Simulation 1,c,k-means ARI,10,doublet,Winsor,0.2,0.75839061128655,0.759214411909438,0.000823800622887894,10,,0.1,,,,
Simulation 1,c,k-means ARI,11,doublet,Winsor,0.2,0.766157084137364,0.768074688587536,0.00191760445017197,10,,0.15,,,,
Simulation 1,c,k-means ARI,12,shift,Winsor,0.2,0.692899626587171,0.691844474953732,-0.00105515163343894,10,,,0.02,0.1,2,0.3
Simulation 1,c,k-means ARI,13,shift,Winsor,0.2,0.692671890419911,0.691402725647001,-0.00126916477290995,10,,,0.04,0.1,2,0.3
Simulation 1,c,k-means ARI,14,shift,Winsor,0.2,0.684446231501608,0.684551979594469,0.000105748092861013,10,,,0.06,0.1,2,0.3
Simulation 1,c,k-means ARI,15,shift,Winsor,0.2,0.694119448938311,0.692243050632105,-0.00187639830620601,10,,,0.08,0.1,2,0.3
Simulation 1,c,k-means ARI,16,shift,Winsor,0.2,0.684647232589493,0.683979730281872,-0.000667502307621026,10,,,0.1,0.1,2,0.3
Simulation 1,c,k-means ARI,17,shift,Winsor,0.2,0.692557164203165,0.690927821488323,-0.00162934271484205,10,,,0.02,0.1,1.5,0.3
Simulation 1,c,k-means ARI,18,shift,Winsor,0.2,0.692899626587171,0.691844474953732,-0.00105515163343894,10,,,0.02,0.1,2,0.3
Simulation 1,c,k-means ARI,19,shift,Winsor,0.2,0.692831098190912,0.690932412767172,-0.00189868542374005,10,,,0.02,0.1,3,0.3
Simulation 1,c,k-means ARI,20,shift,Winsor,0.2,0.69101730005767,0.690292926942168,-0.000724373115501997,10,,,0.02,0.1,4,0.3
Simulation 1,c,k-means ARI,21,shift,Winsor,0.2,0.689528322994611,0.688576733299396,-0.000951589695215027,10,,,0.02,0.1,5,0.3
Simulation 2,d,Subspace PC10,2,dropout,Ball,0.1,0.453261315913189,0.453654808460688,0.000393492547498986,10,,,,,,
Simulation 2,d,Subspace PC10,3,dropout,Ball,0.1,1,1,0,10,,,,,,
Simulation 2,d,Subspace PC10,4,dropout,Ball,0.1,0.384866827969833,0.384354105547148,-0.000512722422685019,10,,,,,,
Simulation 2,d,Subspace PC10,5,dropout,Ball,0.1,0.334388771218871,0.33385429461439,-0.000534476604481027,10,,,,,,
Simulation 2,d,Subspace PC10,6,dropout,Ball,0.1,0.274239050322141,0.274953076758264,0.000714026436123005,10,,,,,,
Simulation 2,d,Subspace PC10,7,doublet,Ball,0.1,0.937208054137148,0.936066467162379,-0.00114158697476907,10,,,,,,
Simulation 2,d,Subspace PC10,8,doublet,Ball,0.1,0.88420725571603,0.872735550355756,-0.011471705360274,10,,,,,,
Simulation 2,d,Subspace PC10,9,doublet,Ball,0.1,0.842402963986307,0.818149247455989,-0.0242537165303179,10,,,,,,
Simulation 2,d,Subspace PC10,10,doublet,Ball,0.1,0.808764561832424,0.797865141028385,-0.0108994208040389,10,,,,,,
Simulation 2,d,Subspace PC10,11,doublet,Ball,0.1,0.762822422330222,0.752090273373958,-0.0107321489562641,10,,,,,,
Simulation 2,d,Subspace PC10,12,shift,Ball,0.1,0.998357907744149,0.997763447339508,-0.000594460404641062,10,,,,,,
Simulation 2,d,Subspace PC10,13,shift,Ball,0.1,0.987158244167997,0.996523174690892,0.009364930522895,10,,,,,,
Simulation 2,d,Subspace PC10,14,shift,Ball,0.1,0.985333452619817,0.996092982714445,0.010759530094628,10,,,,,,
Simulation 2,d,Subspace PC10,15,shift,Ball,0.1,0.994189331724886,0.995139829263343,0.000950497538456996,10,,,,,,
Simulation 2,d,Subspace PC10,16,shift,Ball,0.1,0.99314213196539,0.990954669592164,-0.00218746237322598,10,,,,,,
Simulation 2,d,Subspace PC10,17,shift,Ball,0.1,0.999425222711239,0.999093619291708,-0.000331603419530979,10,,,,,,
Simulation 2,d,Subspace PC10,18,shift,Ball,0.1,0.998357907744149,0.997763447339508,-0.000594460404641062,10,,,,,,
Simulation 2,d,Subspace PC10,19,shift,Ball,0.1,0.992642002040006,0.994662042817575,0.00202004077756901,10,,,,,,
Simulation 2,d,Subspace PC10,20,shift,Ball,0.1,0.987293295202694,0.991743005379775,0.00444971017708096,10,,,,,,
Simulation 2,d,Subspace PC10,21,shift,Ball,0.1,0.983512860272272,0.988283852822942,0.00477099255066993,10,,,,,,
Simulation 2,d,Subspace PC10,2,dropout,Ball,0.2,0.453261315913189,0.451563888947007,-0.00169742696618203,10,,,,,,
Simulation 2,d,Subspace PC10,3,dropout,Ball,0.2,1,1,0,10,,,,,,
Simulation 2,d,Subspace PC10,4,dropout,Ball,0.2,0.384866827969833,0.379568811822673,-0.00529801614716002,10,,,,,,
Simulation 2,d,Subspace PC10,5,dropout,Ball,0.2,0.334388771218871,0.33031662995098,-0.00407214126789102,10,,,,,,
Simulation 2,d,Subspace PC10,6,dropout,Ball,0.2,0.274239050322141,0.272379935602638,-0.00185911471950301,10,,,,,,
Simulation 2,d,Subspace PC10,7,doublet,Ball,0.2,0.937208054137148,0.929250371833118,-0.00795768230403005,10,,,,,,
Simulation 2,d,Subspace PC10,8,doublet,Ball,0.2,0.88420725571603,0.869290264651582,-0.014916991064448,10,,,,,,
Simulation 2,d,Subspace PC10,9,doublet,Ball,0.2,0.842402963986307,0.804523325195117,-0.0378796387911899,10,,,,,,
Simulation 2,d,Subspace PC10,10,doublet,Ball,0.2,0.808764561832424,0.785205432538067,-0.023559129294357,10,,,,,,
Simulation 2,d,Subspace PC10,11,doublet,Ball,0.2,0.762822422330222,0.731052563681382,-0.03176985864884,10,,,,,,
Simulation 2,d,Subspace PC10,12,shift,Ball,0.2,0.998357907744149,0.998981324629235,0.000623416885085937,10,,,,,,
Simulation 2,d,Subspace PC10,13,shift,Ball,0.2,0.987158244167997,0.997829354300536,0.010671110132539,10,,,,,,
Simulation 2,d,Subspace PC10,14,shift,Ball,0.2,0.985333452619817,0.997149301189045,0.011815848569228,10,,,,,,
Simulation 2,d,Subspace PC10,15,shift,Ball,0.2,0.994189331724886,0.99591646428983,0.00172713256494406,10,,,,,,
Simulation 2,d,Subspace PC10,16,shift,Ball,0.2,0.99314213196539,0.9942676790205,0.00112554705510992,10,,,,,,
Simulation 2,d,Subspace PC10,17,shift,Ball,0.2,0.999425222711239,0.999575870916496,0.000150648205257009,10,,,,,,
Simulation 2,d,Subspace PC10,18,shift,Ball,0.2,0.998357907744149,0.998981324629235,0.000623416885085937,10,,,,,,
Simulation 2,d,Subspace PC10,19,shift,Ball,0.2,0.992642002040006,0.997441317638737,0.00479931559873104,10,,,,,,
Simulation 2,d,Subspace PC10,20,shift,Ball,0.2,0.987293295202694,0.995736038395461,0.00844274319276694,10,,,,,,
Simulation 2,d,Subspace PC10,21,shift,Ball,0.2,0.983512860272272,0.993966733539716,0.010453873267444,10,,,,,,
Simulation 2,d,Subspace PC10,2,dropout,LR,0.1,0.454098396005959,0.453497031468794,-0.000601364537165028,10,,,,,,
Simulation 2,d,Subspace PC10,3,dropout,LR,0.1,1,1,0,10,,,,,,
Simulation 2,d,Subspace PC10,4,dropout,LR,0.1,0.384736125623344,0.384990023879024,0.000253898255679952,10,,,,,,
Simulation 2,d,Subspace PC10,5,dropout,LR,0.1,0.335089199703576,0.334518239251037,-0.00057096045253896,10,,,,,,
Simulation 2,d,Subspace PC10,6,dropout,LR,0.1,0.273548753333141,0.27500674814784,0.00145799481469899,10,,,,,,
Simulation 2,d,Subspace PC10,7,doublet,LR,0.1,0.928151975028888,0.943796095961815,0.015644120932927,10,,,,,,
Simulation 2,d,Subspace PC10,8,doublet,LR,0.1,0.876774451109076,0.884082365785596,0.00730791467651992,10,,,,,,
Simulation 2,d,Subspace PC10,9,doublet,LR,0.1,0.839425719563464,0.835588020187159,-0.00383769937630496,10,,,,,,
Simulation 2,d,Subspace PC10,10,doublet,LR,0.1,0.806021098250562,0.807288762745914,0.00126766449535198,10,,,,,,
Simulation 2,d,Subspace PC10,11,doublet,LR,0.1,0.765157750028063,0.76144240665441,-0.00371534337365298,10,,,,,,
Simulation 2,d,Subspace PC10,12,shift,LR,0.1,0.998307276911267,0.998325660460235,1.83835489679929e-05,10,,,,,,
Simulation 2,d,Subspace PC10,13,shift,LR,0.1,0.994576137283932,0.996196360799198,0.00162022351526603,10,,,,,,
Simulation 2,d,Subspace PC10,14,shift,LR,0.1,0.991954597557432,0.995171047005673,0.00321644944824107,10,,,,,,
Simulation 2,d,Subspace PC10,15,shift,LR,0.1,0.994134319705376,0.993309574235716,-0.000824745469660049,10,,,,,,
Simulation 2,d,Subspace PC10,16,shift,LR,0.1,0.991819882389217,0.993447474757697,0.00162759236847998,10,,,,,,
Simulation 2,d,Subspace PC10,17,shift,LR,0.1,0.999409961082719,0.999331904879914,-7.8056202804988e-05,10,,,,,,
Simulation 2,d,Subspace PC10,18,shift,LR,0.1,0.998307276911267,0.998325660460235,1.83835489679929e-05,10,,,,,,
Simulation 2,d,Subspace PC10,19,shift,LR,0.1,0.995335827766794,0.995662003472858,0.00032617570606408,10,,,,,,
Simulation 2,d,Subspace PC10,20,shift,LR,0.1,0.992312346262665,0.992649515576274,0.000337169313609054,10,,,,,,
Simulation 2,d,Subspace PC10,21,shift,LR,0.1,0.988391459406998,0.989294133297029,0.000902673890030958,10,,,,,,
Simulation 2,d,Subspace PC10,2,dropout,LR,0.2,0.454098396005959,0.453307253403211,-0.000791142602748041,10,,,,,,
Simulation 2,d,Subspace PC10,3,dropout,LR,0.2,1,1,0,10,,,,,,
Simulation 2,d,Subspace PC10,4,dropout,LR,0.2,0.384736125623344,0.383284129032501,-0.00145199659084305,10,,,,,,
Simulation 2,d,Subspace PC10,5,dropout,LR,0.2,0.335089199703576,0.333115267061574,-0.00197393264200196,10,,,,,,
Simulation 2,d,Subspace PC10,6,dropout,LR,0.2,0.273548753333141,0.275510817653784,0.001962064320643,10,,,,,,
Simulation 2,d,Subspace PC10,7,doublet,LR,0.2,0.928151975028888,0.939006123462372,0.010854148433484,10,,,,,,
Simulation 2,d,Subspace PC10,8,doublet,LR,0.2,0.876774451109076,0.871270788919105,-0.005503662189971,10,,,,,,
Simulation 2,d,Subspace PC10,9,doublet,LR,0.2,0.839425719563464,0.809448955620366,-0.029976763943098,10,,,,,,
Simulation 2,d,Subspace PC10,10,doublet,LR,0.2,0.806021098250562,0.794766579313385,-0.011254518937177,10,,,,,,
Simulation 2,d,Subspace PC10,11,doublet,LR,0.2,0.765157750028063,0.74459558169657,-0.0205621683314929,10,,,,,,
Simulation 2,d,Subspace PC10,12,shift,LR,0.2,0.998307276911267,0.998613313519185,0.000306036607918059,10,,,,,,
Simulation 2,d,Subspace PC10,13,shift,LR,0.2,0.994576137283932,0.997476092600257,0.00289995531632503,10,,,,,,
Simulation 2,d,Subspace PC10,14,shift,LR,0.2,0.991954597557432,0.996068553466087,0.00411395590865504,10,,,,,,
Simulation 2,d,Subspace PC10,15,shift,LR,0.2,0.994134319705376,0.994673035322704,0.000538715617327989,10,,,,,,
Simulation 2,d,Subspace PC10,16,shift,LR,0.2,0.991819882389217,0.993718643363382,0.00189876097416497,10,,,,,,
Simulation 2,d,Subspace PC10,17,shift,LR,0.2,0.999409961082719,0.999400637023338,-9.32405938092185e-06,10,,,,,,
Simulation 2,d,Subspace PC10,18,shift,LR,0.2,0.998307276911267,0.998613313519185,0.000306036607918059,10,,,,,,
Simulation 2,d,Subspace PC10,19,shift,LR,0.2,0.995335827766794,0.996723635270871,0.00138780750407708,10,,,,,,
Simulation 2,d,Subspace PC10,20,shift,LR,0.2,0.992312346262665,0.994661561817514,0.00234921555484902,10,,,,,,
Simulation 2,d,Subspace PC10,21,shift,LR,0.2,0.988391459406998,0.992290164652518,0.00389870524551994,10,,,,,,
Simulation 2,d,Subspace PC10,2,dropout,Quad,0.1,0.455092302283418,0.455283690331749,0.000191388048330965,10,,,,,,
Simulation 2,d,Subspace PC10,3,dropout,Quad,0.1,1,1,0,10,,,,,,
Simulation 2,d,Subspace PC10,4,dropout,Quad,0.1,0.385853933500257,0.386199836913812,0.000345903413555004,10,,,,,,
Simulation 2,d,Subspace PC10,5,dropout,Quad,0.1,0.334216427352139,0.334942902403268,0.000726475051128994,10,,,,,,
Simulation 2,d,Subspace PC10,6,dropout,Quad,0.1,0.274334122120451,0.275035611208875,0.00070148908842399,10,,,,,,
Simulation 2,d,Subspace PC10,7,doublet,Quad,0.1,0.941974235044921,0.940003993056205,-0.00197024198871598,10,,,,,,
Simulation 2,d,Subspace PC10,8,doublet,Quad,0.1,0.874762672569119,0.872254353888044,-0.00250831868107504,10,,,,,,
Simulation 2,d,Subspace PC10,9,doublet,Quad,0.1,0.845011653194083,0.844395615652308,-0.000616037541774972,10,,,,,,
Simulation 2,d,Subspace PC10,10,doublet,Quad,0.1,0.828238703592177,0.825677976870958,-0.00256072672121899,10,,,,,,
Simulation 2,d,Subspace PC10,11,doublet,Quad,0.1,0.782908169101256,0.77960215140972,-0.00330601769153605,10,,,,,,
Simulation 2,d,Subspace PC10,12,shift,Quad,0.1,0.998072139956856,0.997373521914892,-0.000698618041963917,10,,,,,,
Simulation 2,d,Subspace PC10,13,shift,Quad,0.1,0.996078209613077,0.99565986396442,-0.000418345648657059,10,,,,,,
Simulation 2,d,Subspace PC10,14,shift,Quad,0.1,0.99286973565171,0.993201008157277,0.000331272505566971,10,,,,,,
Simulation 2,d,Subspace PC10,15,shift,Quad,0.1,0.992830814887035,0.99385021481687,0.00101939992983502,10,,,,,,
Simulation 2,d,Subspace PC10,16,shift,Quad,0.1,0.988975895196647,0.991055102802809,0.00207920760616198,10,,,,,,
Simulation 2,d,Subspace PC10,17,shift,Quad,0.1,0.999208006026457,0.998968330059521,-0.000239675966935971,10,,,,,,
Simulation 2,d,Subspace PC10,18,shift,Quad,0.1,0.998072139956856,0.997373521914892,-0.000698618041963917,10,,,,,,
Simulation 2,d,Subspace PC10,19,shift,Quad,0.1,0.995082058007396,0.993972784441171,-0.00110927356622503,10,,,,,,
Simulation 2,d,Subspace PC10,20,shift,Quad,0.1,0.991413478455029,0.99080729478221,-0.000606183672819061,10,,,,,,
Simulation 2,d,Subspace PC10,21,shift,Quad,0.1,0.98577716243247,0.986410710686259,0.000633548253788918,10,,,,,,
Simulation 2,d,Subspace PC10,2,dropout,Quad,0.2,0.455092302283418,0.455227644470598,0.000135342187179976,10,,,,,,
Simulation 2,d,Subspace PC10,3,dropout,Quad,0.2,1,1,0,10,,,,,,
Simulation 2,d,Subspace PC10,4,dropout,Quad,0.2,0.385853933500257,0.386665750048468,0.000811816548210997,10,,,,,,
Simulation 2,d,Subspace PC10,5,dropout,Quad,0.2,0.334216427352139,0.335908966946964,0.00169253959482496,10,,,,,,
Simulation 2,d,Subspace PC10,6,dropout,Quad,0.2,0.274334122120451,0.276319224636802,0.00198510251635098,10,,,,,,
Simulation 2,d,Subspace PC10,7,doublet,Quad,0.2,0.941974235044921,0.932190341449647,-0.00978389359527398,10,,,,,,
Simulation 2,d,Subspace PC10,8,doublet,Quad,0.2,0.874762672569119,0.868800827104228,-0.00596184546489098,10,,,,,,
Simulation 2,d,Subspace PC10,9,doublet,Quad,0.2,0.845011653194083,0.840489980631144,-0.00452167256293901,10,,,,,,
Simulation 2,d,Subspace PC10,10,doublet,Quad,0.2,0.828238703592177,0.815208452072946,-0.013030251519231,10,,,,,,
Simulation 2,d,Subspace PC10,11,doublet,Quad,0.2,0.782908169101256,0.77365767146796,-0.009250497633296,10,,,,,,
Simulation 2,d,Subspace PC10,12,shift,Quad,0.2,0.998072139956856,0.99777792365295,-0.000294216303905914,10,,,,,,
Simulation 2,d,Subspace PC10,13,shift,Quad,0.2,0.996078209613077,0.994478868491379,-0.00159934112169802,10,,,,,,
Simulation 2,d,Subspace PC10,14,shift,Quad,0.2,0.99286973565171,0.991905275408218,-0.000964460243491949,10,,,,,,
Simulation 2,d,Subspace PC10,15,shift,Quad,0.2,0.992830814887035,0.99416656649685,0.00133575160981503,10,,,,,,
Simulation 2,d,Subspace PC10,16,shift,Quad,0.2,0.988975895196647,0.991375703087121,0.002399807890474,10,,,,,,
Simulation 2,d,Subspace PC10,17,shift,Quad,0.2,0.999208006026457,0.99937193318026,0.000163927153802979,10,,,,,,
Simulation 2,d,Subspace PC10,18,shift,Quad,0.2,0.998072139956856,0.99777792365295,-0.000294216303905914,10,,,,,,
Simulation 2,d,Subspace PC10,19,shift,Quad,0.2,0.995082058007396,0.993085122400743,-0.00199693560665304,10,,,,,,
Simulation 2,d,Subspace PC10,20,shift,Quad,0.2,0.991413478455029,0.988789053437852,-0.00262442501717708,10,,,,,,
Simulation 2,d,Subspace PC10,21,shift,Quad,0.2,0.98577716243247,0.984020743076377,-0.00175641935609305,10,,,,,,
Simulation 2,d,Subspace PC10,2,dropout,Shell,0.1,0.453236863184027,0.451844491581391,-0.001392371602636,10,,,,,,
Simulation 2,d,Subspace PC10,3,dropout,Shell,0.1,1,1,0,10,,,,,,
Simulation 2,d,Subspace PC10,4,dropout,Shell,0.1,0.38259964207692,0.381708834046005,-0.000890808030915014,10,,,,,,
Simulation 2,d,Subspace PC10,5,dropout,Shell,0.1,0.333565714322331,0.331904972722427,-0.00166074159990398,10,,,,,,
Simulation 2,d,Subspace PC10,6,dropout,Shell,0.1,0.271202564462625,0.269785991147528,-0.00141657331509698,10,,,,,,
Simulation 2,d,Subspace PC10,7,doublet,Shell,0.1,0.94419015454736,0.954418384254966,0.010228229707606,10,,,,,,
Simulation 2,d,Subspace PC10,8,doublet,Shell,0.1,0.888425608495327,0.904996894544592,0.0165712860492649,10,,,,,,
Simulation 2,d,Subspace PC10,9,doublet,Shell,0.1,0.855324743500295,0.865315731593278,0.00999098809298305,10,,,,,,
Simulation 2,d,Subspace PC10,10,doublet,Shell,0.1,0.824905509927477,0.836719059332593,0.011813549405116,10,,,,,,
Simulation 2,d,Subspace PC10,11,doublet,Shell,0.1,0.787137343710455,0.795522394863549,0.00838505115309407,10,,,,,,
Simulation 2,d,Subspace PC10,12,shift,Shell,0.1,0.998446068017753,0.998502924413199,5.68563954459478e-05,10,,,,,,
Simulation 2,d,Subspace PC10,13,shift,Shell,0.1,0.995971933030559,0.995536877949798,-0.000435055080761027,10,,,,,,
Simulation 2,d,Subspace PC10,14,shift,Shell,0.1,0.992353461936324,0.99172550708695,-0.000627954849374057,10,,,,,,
Simulation 2,d,Subspace PC10,15,shift,Shell,0.1,0.992648028818313,0.991608602722006,-0.00103942609630703,10,,,,,,
Simulation 2,d,Subspace PC10,16,shift,Shell,0.1,0.992268257291513,0.992884820034912,0.000616562743398941,10,,,,,,
Simulation 2,d,Subspace PC10,17,shift,Shell,0.1,0.99938974838263,0.999387328617881,-2.41976474890659e-06,10,,,,,,
Simulation 2,d,Subspace PC10,18,shift,Shell,0.1,0.998446068017753,0.998502924413199,5.68563954459478e-05,10,,,,,,
Simulation 2,d,Subspace PC10,19,shift,Shell,0.1,0.996128930931828,0.996281451063007,0.000152520131179057,10,,,,,,
Simulation 2,d,Subspace PC10,20,shift,Shell,0.1,0.993475874668195,0.993508302958394,3.24282901990047e-05,10,,,,,,
Simulation 2,d,Subspace PC10,21,shift,Shell,0.1,0.989797315117453,0.989959785855708,0.000162470738255038,10,,,,,,
Simulation 2,d,Subspace PC10,2,dropout,Shell,0.2,0.453236863184027,0.448719689582352,-0.00451717360167503,10,,,,,,
Simulation 2,d,Subspace PC10,3,dropout,Shell,0.2,1,1,0,10,,,,,,
Simulation 2,d,Subspace PC10,4,dropout,Shell,0.2,0.38259964207692,0.377281069210267,-0.00531857286665299,10,,,,,,
Simulation 2,d,Subspace PC10,5,dropout,Shell,0.2,0.333565714322331,0.328449254947569,-0.00511645937476202,10,,,,,,
Simulation 2,d,Subspace PC10,6,dropout,Shell,0.2,0.271202564462625,0.268082885124899,-0.003119679337726,10,,,,,,
Simulation 2,d,Subspace PC10,7,doublet,Shell,0.2,0.94419015454736,0.945119383684266,0.000929229136905962,10,,,,,,
Simulation 2,d,Subspace PC10,8,doublet,Shell,0.2,0.888425608495327,0.908110962633653,0.019685354138326,10,,,,,,
Simulation 2,d,Subspace PC10,9,doublet,Shell,0.2,0.855324743500295,0.868545621598402,0.013220878098107,10,,,,,,
Simulation 2,d,Subspace PC10,10,doublet,Shell,0.2,0.824905509927477,0.853925845584734,0.0290203356572569,10,,,,,,
Simulation 2,d,Subspace PC10,11,doublet,Shell,0.2,0.787137343710455,0.810187866644968,0.023050522934513,10,,,,,,
Simulation 2,d,Subspace PC10,12,shift,Shell,0.2,0.998446068017753,0.998313354450897,-0.000132713566856069,10,,,,,,
Simulation 2,d,Subspace PC10,13,shift,Shell,0.2,0.995971933030559,0.996772801704546,0.000800868673986988,10,,,,,,
Simulation 2,d,Subspace PC10,14,shift,Shell,0.2,0.992353461936324,0.994655998429027,0.00230253649270296,10,,,,,,
Simulation 2,d,Subspace PC10,15,shift,Shell,0.2,0.992648028818313,0.993884714909674,0.00123668609136096,10,,,,,,
Simulation 2,d,Subspace PC10,16,shift,Shell,0.2,0.992268257291513,0.990514353065599,-0.00175390422591404,10,,,,,,
Simulation 2,d,Subspace PC10,17,shift,Shell,0.2,0.99938974838263,0.999328130736308,-6.16176463219542e-05,10,,,,,,
Simulation 2,d,Subspace PC10,18,shift,Shell,0.2,0.998446068017753,0.998313354450897,-0.000132713566856069,10,,,,,,
Simulation 2,d,Subspace PC10,19,shift,Shell,0.2,0.996128930931828,0.995368801168154,-0.000760129763674011,10,,,,,,
Simulation 2,d,Subspace PC10,20,shift,Shell,0.2,0.993475874668195,0.991846281385237,-0.00162959328295798,10,,,,,,
Simulation 2,d,Subspace PC10,21,shift,Shell,0.2,0.989797315117453,0.98789250849309,-0.00190480662436299,10,,,,,,
Simulation 2,d,Subspace PC10,2,dropout,Winsor,0.1,0.454810999075519,0.455269828267956,0.000458829192437005,10,,,,,,
Simulation 2,d,Subspace PC10,3,dropout,Winsor,0.1,1,1,0,10,,,,,,
Simulation 2,d,Subspace PC10,4,dropout,Winsor,0.1,0.38584687231771,0.386152505511123,0.000305633193413035,10,,,,,,
Simulation 2,d,Subspace PC10,5,dropout,Winsor,0.1,0.333918210667728,0.334379206409677,0.000460995741949022,10,,,,,,
Simulation 2,d,Subspace PC10,6,dropout,Winsor,0.1,0.274166376524626,0.274846203520128,0.000679826995502009,10,,,,,,
Simulation 2,d,Subspace PC10,7,doublet,Winsor,0.1,0.948462090880775,0.94956782259015,0.001105731709375,10,,,,,,
Simulation 2,d,Subspace PC10,8,doublet,Winsor,0.1,0.879139754869804,0.8751820343711,-0.00395772049870402,10,,,,,,
Simulation 2,d,Subspace PC10,9,doublet,Winsor,0.1,0.851561779352797,0.846937287625356,-0.00462449172744095,10,,,,,,
Simulation 2,d,Subspace PC10,10,doublet,Winsor,0.1,0.83283256362441,0.827817909772552,-0.00501465385185806,10,,,,,,
Simulation 2,d,Subspace PC10,11,doublet,Winsor,0.1,0.783242822189069,0.782597410040173,-0.000645412148896019,10,,,,,,
Simulation 2,d,Subspace PC10,12,shift,Winsor,0.1,0.998266901940487,0.998013079635119,-0.000253822305367968,10,,,,,,
Simulation 2,d,Subspace PC10,13,shift,Winsor,0.1,0.995904495071121,0.995963221031434,5.87259603129775e-05,10,,,,,,
Simulation 2,d,Subspace PC10,14,shift,Winsor,0.1,0.990557747251736,0.992282189348814,0.001724442097078,10,,,,,,
Simulation 2,d,Subspace PC10,15,shift,Winsor,0.1,0.990187651743776,0.992429691358661,0.00224203961488501,10,,,,,,
Simulation 2,d,Subspace PC10,16,shift,Winsor,0.1,0.987697717892424,0.98849637510306,0.000798657210635989,10,,,,,,
Simulation 2,d,Subspace PC10,17,shift,Winsor,0.1,0.999329377512706,0.99917881899657,-0.00015055851613599,10,,,,,,
Simulation 2,d,Subspace PC10,18,shift,Winsor,0.1,0.998266901940487,0.998013079635119,-0.000253822305367968,10,,,,,,
Simulation 2,d,Subspace PC10,19,shift,Winsor,0.1,0.994942669221177,0.994860999587133,-8.16696340439904e-05,10,,,,,,
Simulation 2,d,Subspace PC10,20,shift,Winsor,0.1,0.990513770843516,0.990954354205285,0.000440583361768998,10,,,,,,
Simulation 2,d,Subspace PC10,21,shift,Winsor,0.1,0.984995756583104,0.985490941471018,0.000495184887914002,10,,,,,,
Simulation 2,d,Subspace PC10,2,dropout,Winsor,0.2,0.454810999075519,0.455469267468254,0.000658268392735029,10,,,,,,
Simulation 2,d,Subspace PC10,3,dropout,Winsor,0.2,1,1,0,10,,,,,,
Simulation 2,d,Subspace PC10,4,dropout,Winsor,0.2,0.38584687231771,0.386630671240319,0.000783798922609047,10,,,,,,
Simulation 2,d,Subspace PC10,5,dropout,Winsor,0.2,0.333918210667728,0.33493525636511,0.00101704569738204,10,,,,,,
Simulation 2,d,Subspace PC10,6,dropout,Winsor,0.2,0.274166376524626,0.275404892440093,0.00123851591546698,10,,,,,,
Simulation 2,d,Subspace PC10,7,doublet,Winsor,0.2,0.948462090880775,0.947406885854466,-0.00105520502630907,10,,,,,,
Simulation 2,d,Subspace PC10,8,doublet,Winsor,0.2,0.879139754869804,0.870391115754964,-0.00874863911484003,10,,,,,,
Simulation 2,d,Subspace PC10,9,doublet,Winsor,0.2,0.851561779352797,0.845251053038481,-0.00631072631431595,10,,,,,,
Simulation 2,d,Subspace PC10,10,doublet,Winsor,0.2,0.83283256362441,0.827048831507794,-0.00578373211661609,10,,,,,,
Simulation 2,d,Subspace PC10,11,doublet,Winsor,0.2,0.783242822189069,0.780011532039504,-0.00323129014956503,10,,,,,,
Simulation 2,d,Subspace PC10,12,shift,Winsor,0.2,0.998266901940487,0.996430863840327,-0.00183603810015998,10,,,,,,
Simulation 2,d,Subspace PC10,13,shift,Winsor,0.2,0.995904495071121,0.994837595879916,-0.00106689919120495,10,,,,,,
Simulation 2,d,Subspace PC10,14,shift,Winsor,0.2,0.990557747251736,0.992204698883436,0.00164695163170003,10,,,,,,
Simulation 2,d,Subspace PC10,15,shift,Winsor,0.2,0.990187651743776,0.993215574109635,0.00302792236585903,10,,,,,,
Simulation 2,d,Subspace PC10,16,shift,Winsor,0.2,0.987697717892424,0.990030421150653,0.00233270325822899,10,,,,,,
Simulation 2,d,Subspace PC10,17,shift,Winsor,0.2,0.999329377512706,0.998528285012674,-0.000801092500032019,10,,,,,,
Simulation 2,d,Subspace PC10,18,shift,Winsor,0.2,0.998266901940487,0.996430863840327,-0.00183603810015998,10,,,,,,
Simulation 2,d,Subspace PC10,19,shift,Winsor,0.2,0.994942669221177,0.992371977469286,-0.00257069175189106,10,,,,,,
Simulation 2,d,Subspace PC10,20,shift,Winsor,0.2,0.990513770843516,0.988600396049582,-0.00191337479393394,10,,,,,,
Simulation 2,d,Subspace PC10,21,shift,Winsor,0.2,0.984995756583104,0.983490289845105,-0.00150546673799901,10,,,,,,
Simulation 2,d,Subspace PC20,2,dropout,Ball,0.1,0.302124038059548,0.302235335173276,0.000111297113727982,10,,,,,,
Simulation 2,d,Subspace PC20,3,dropout,Ball,0.1,1,1,0,10,,,,,,
Simulation 2,d,Subspace PC20,4,dropout,Ball,0.1,0.251379008852797,0.251005090276836,-0.00037391857596103,10,,,,,,
Simulation 2,d,Subspace PC20,5,dropout,Ball,0.1,0.221670291002703,0.22153222390321,-0.000138067099492989,10,,,,,,
Simulation 2,d,Subspace PC20,6,dropout,Ball,0.1,0.191173995173124,0.191762841125875,0.000588845952750994,10,,,,,,
Simulation 2,d,Subspace PC20,7,doublet,Ball,0.1,0.936374033770015,0.933369341018357,-0.00300469275165804,10,,,,,,
Simulation 2,d,Subspace PC20,8,doublet,Ball,0.1,0.882620470782115,0.874909889927844,-0.00771058085427101,10,,,,,,
Simulation 2,d,Subspace PC20,9,doublet,Ball,0.1,0.837925140222452,0.818822370947873,-0.019102769274579,10,,,,,,
Simulation 2,d,Subspace PC20,10,doublet,Ball,0.1,0.810200415400931,0.796492813828907,-0.013707601572024,10,,,,,,
Simulation 2,d,Subspace PC20,11,doublet,Ball,0.1,0.756327716938471,0.745700619234949,-0.010627097703522,10,,,,,,
Simulation 2,d,Subspace PC20,12,shift,Ball,0.1,0.996123098599309,0.997822944424012,0.00169984582470295,10,,,,,,
Simulation 2,d,Subspace PC20,13,shift,Ball,0.1,0.994289037452449,0.996576297534748,0.00228726008229896,10,,,,,,
Simulation 2,d,Subspace PC20,14,shift,Ball,0.1,0.993876401889819,0.9940213265217,0.000144924631881094,10,,,,,,
Simulation 2,d,Subspace PC20,15,shift,Ball,0.1,0.99046074184757,0.990237213936357,-0.000223527911213051,10,,,,,,
Simulation 2,d,Subspace PC20,16,shift,Ball,0.1,0.986308202890573,0.98621109033509,-9.71125554829477e-05,10,,,,,,
Simulation 2,d,Subspace PC20,17,shift,Ball,0.1,0.998657886874315,0.998925374528716,0.000267487654400989,10,,,,,,
Simulation 2,d,Subspace PC20,18,shift,Ball,0.1,0.996123098599309,0.997822944424012,0.00169984582470295,10,,,,,,
Simulation 2,d,Subspace PC20,19,shift,Ball,0.1,0.986169280824546,0.995557126239198,0.00938784541465198,10,,,,,,
Simulation 2,d,Subspace PC20,20,shift,Ball,0.1,0.982873984266667,0.993400817348377,0.0105268330817101,10,,,,,,
Simulation 2,d,Subspace PC20,21,shift,Ball,0.1,0.980123234155136,0.991055052381619,0.0109318182264829,10,,,,,,
Simulation 2,d,Subspace PC20,2,dropout,Ball,0.2,0.302124038059548,0.302741397107481,0.000617359047932975,10,,,,,,
Simulation 2,d,Subspace PC20,3,dropout,Ball,0.2,1,1,0,10,,,,,,
Simulation 2,d,Subspace PC20,4,dropout,Ball,0.2,0.251379008852797,0.249994977786454,-0.00138403106634302,10,,,,,,
Simulation 2,d,Subspace PC20,5,dropout,Ball,0.2,0.221670291002703,0.219270270221907,-0.00240002078079599,10,,,,,,
Simulation 2,d,Subspace PC20,6,dropout,Ball,0.2,0.191173995173124,0.191887095876755,0.000713100703631009,10,,,,,,
Simulation 2,d,Subspace PC20,7,doublet,Ball,0.2,0.936374033770015,0.926548024648575,-0.00982600912144005,10,,,,,,
Simulation 2,d,Subspace PC20,8,doublet,Ball,0.2,0.882620470782115,0.850653880205017,-0.0319665905770981,10,,,,,,
Simulation 2,d,Subspace PC20,9,doublet,Ball,0.2,0.837925140222452,0.800618441518806,-0.037306698703646,10,,,,,,
Simulation 2,d,Subspace PC20,10,doublet,Ball,0.2,0.810200415400931,0.776586762706816,-0.033613652694115,10,,,,,,
Simulation 2,d,Subspace PC20,11,doublet,Ball,0.2,0.756327716938471,0.714881180930025,-0.0414465360084461,10,,,,,,
Simulation 2,d,Subspace PC20,12,shift,Ball,0.2,0.996123098599309,0.996476780959176,0.000353682359866991,10,,,,,,
Simulation 2,d,Subspace PC20,13,shift,Ball,0.2,0.994289037452449,0.996131161805419,0.00184212435297004,10,,,,,,
Simulation 2,d,Subspace PC20,14,shift,Ball,0.2,0.993876401889819,0.994962280054987,0.00108587816516803,10,,,,,,
Simulation 2,d,Subspace PC20,15,shift,Ball,0.2,0.99046074184757,0.991526610249535,0.00106586840196499,10,,,,,,
Simulation 2,d,Subspace PC20,16,shift,Ball,0.2,0.986308202890573,0.99178251136575,0.00547430847517705,10,,,,,,
Simulation 2,d,Subspace PC20,17,shift,Ball,0.2,0.998657886874315,0.999175621310544,0.000517734436229045,10,,,,,,
Simulation 2,d,Subspace PC20,18,shift,Ball,0.2,0.996123098599309,0.996476780959176,0.000353682359866991,10,,,,,,
Simulation 2,d,Subspace PC20,19,shift,Ball,0.2,0.986169280824546,0.992320875423666,0.00615159459911996,10,,,,,,
Simulation 2,d,Subspace PC20,20,shift,Ball,0.2,0.982873984266667,0.98681208140526,0.00393809713859306,10,,,,,,
Simulation 2,d,Subspace PC20,21,shift,Ball,0.2,0.980123234155136,0.984110234536353,0.00398700038121702,10,,,,,,
Simulation 2,d,Subspace PC20,2,dropout,LR,0.1,0.301337506283082,0.30215780244938,0.000820296166298029,10,,,,,,
Simulation 2,d,Subspace PC20,3,dropout,LR,0.1,1,1,0,10,,,,,,
Simulation 2,d,Subspace PC20,4,dropout,LR,0.1,0.25081969890083,0.251577458774474,0.000757759873644015,10,,,,,,
Simulation 2,d,Subspace PC20,5,dropout,LR,0.1,0.220945306559009,0.222102289416891,0.00115698285788199,10,,,,,,
Simulation 2,d,Subspace PC20,6,dropout,LR,0.1,0.191173162814551,0.19137418380876,0.000201020994209017,10,,,,,,
Simulation 2,d,Subspace PC20,7,doublet,LR,0.1,0.93693187186002,0.936069956487203,-0.00086191537281699,10,,,,,,
Simulation 2,d,Subspace PC20,8,doublet,LR,0.1,0.886846254648522,0.877577227582347,-0.00926902706617494,10,,,,,,
Simulation 2,d,Subspace PC20,9,doublet,LR,0.1,0.842203042742816,0.83247289321424,-0.00973014952857598,10,,,,,,
Simulation 2,d,Subspace PC20,10,doublet,LR,0.1,0.81254219597438,0.805954254195781,-0.00658794177859901,10,,,,,,
Simulation 2,d,Subspace PC20,11,doublet,LR,0.1,0.760834217870151,0.752839910978671,-0.00799430689148006,10,,,,,,
Simulation 2,d,Subspace PC20,12,shift,LR,0.1,0.994764479207837,0.998129444956756,0.00336496574891909,10,,,,,,
Simulation 2,d,Subspace PC20,13,shift,LR,0.1,0.995227271723733,0.996304268255108,0.00107699653137494,10,,,,,,
Simulation 2,d,Subspace PC20,14,shift,LR,0.1,0.993730230794607,0.99485164597666,0.001121415182053,10,,,,,,
Simulation 2,d,Subspace PC20,15,shift,LR,0.1,0.991213701202945,0.992078214785019,0.000864513582073956,10,,,,,,
Simulation 2,d,Subspace PC20,16,shift,LR,0.1,0.982252411473925,0.988373271836095,0.00612086036217008,10,,,,,,
Simulation 2,d,Subspace PC20,17,shift,LR,0.1,0.99674269174897,0.999167536184301,0.00242484443533098,10,,,,,,
Simulation 2,d,Subspace PC20,18,shift,LR,0.1,0.994764479207837,0.998129444956756,0.00336496574891909,10,,,,,,
Simulation 2,d,Subspace PC20,19,shift,LR,0.1,0.991604819369055,0.995566200026778,0.003961380657723,10,,,,,,
Simulation 2,d,Subspace PC20,20,shift,LR,0.1,0.988291445063106,0.992299345121004,0.00400790005789808,10,,,,,,
Simulation 2,d,Subspace PC20,21,shift,LR,0.1,0.983774059858131,0.989140405148172,0.00536634529004099,10,,,,,,
Simulation 2,d,Subspace PC20,2,dropout,LR,0.2,0.301337506283082,0.303023558274391,0.001686051991309,10,,,,,,
Simulation 2,d,Subspace PC20,3,dropout,LR,0.2,1,1,0,10,,,,,,
Simulation 2,d,Subspace PC20,4,dropout,LR,0.2,0.25081969890083,0.250709132150842,-0.000110566749987995,10,,,,,,
Simulation 2,d,Subspace PC20,5,dropout,LR,0.2,0.220945306559009,0.221154275043616,0.000208968484606997,10,,,,,,
Simulation 2,d,Subspace PC20,6,dropout,LR,0.2,0.191173162814551,0.192632824850947,0.001459662036396,10,,,,,,
Simulation 2,d,Subspace PC20,7,doublet,LR,0.2,0.93693187186002,0.93145114581711,-0.00548072604291006,10,,,,,,
Simulation 2,d,Subspace PC20,8,doublet,LR,0.2,0.886846254648522,0.867711635044381,-0.019134619604141,10,,,,,,
Simulation 2,d,Subspace PC20,9,doublet,LR,0.2,0.842203042742816,0.810105277475464,-0.032097765267352,10,,,,,,
Simulation 2,d,Subspace PC20,10,doublet,LR,0.2,0.81254219597438,0.791389413319462,-0.021152782654918,10,,,,,,
Simulation 2,d,Subspace PC20,11,doublet,LR,0.2,0.760834217870151,0.7360831435328,-0.024751074337351,10,,,,,,
Simulation 2,d,Subspace PC20,12,shift,LR,0.2,0.994764479207837,0.998053797641632,0.0032893184337951,10,,,,,,
Simulation 2,d,Subspace PC20,13,shift,LR,0.2,0.995227271723733,0.997087582999137,0.00186031127540398,10,,,,,,
Simulation 2,d,Subspace PC20,14,shift,LR,0.2,0.993730230794607,0.994156809464759,0.000426578670152056,10,,,,,,
Simulation 2,d,Subspace PC20,15,shift,LR,0.2,0.991213701202945,0.992214107243309,0.001000406040364,10,,,,,,
Simulation 2,d,Subspace PC20,16,shift,LR,0.2,0.982252411473925,0.98800504227521,0.00575263080128508,10,,,,,,
Simulation 2,d,Subspace PC20,17,shift,LR,0.2,0.99674269174897,0.999104289347395,0.00236159759842503,10,,,,,,
Simulation 2,d,Subspace PC20,18,shift,LR,0.2,0.994764479207837,0.998053797641632,0.0032893184337951,10,,,,,,
Simulation 2,d,Subspace PC20,19,shift,LR,0.2,0.991604819369055,0.995562614659945,0.00395779529089002,10,,,,,,
Simulation 2,d,Subspace PC20,20,shift,LR,0.2,0.988291445063106,0.992814944130475,0.00452349906736904,10,,,,,,
Simulation 2,d,Subspace PC20,21,shift,LR,0.2,0.983774059858131,0.989739448293203,0.00596538843507199,10,,,,,,
Simulation 2,d,Subspace PC20,2,dropout,Quad,0.1,0.298481820064739,0.299352498018288,0.000870677953549004,10,,,,,,
Simulation 2,d,Subspace PC20,3,dropout,Quad,0.1,1,1,0,10,,,,,,
Simulation 2,d,Subspace PC20,4,dropout,Quad,0.1,0.249849352621303,0.250290549977444,0.000441197356140982,10,,,,,,
Simulation 2,d,Subspace PC20,5,dropout,Quad,0.1,0.22013310069611,0.220484111538457,0.00035101084234701,10,,,,,,
Simulation 2,d,Subspace PC20,6,dropout,Quad,0.1,0.190914290187334,0.191216125596567,0.000301835409233009,10,,,,,,
Simulation 2,d,Subspace PC20,7,doublet,Quad,0.1,0.946906199188077,0.948390808735248,0.001484609547171,10,,,,,,
Simulation 2,d,Subspace PC20,8,doublet,Quad,0.1,0.886675684671838,0.887167277319505,0.000491592647666961,10,,,,,,
Simulation 2,d,Subspace PC20,9,doublet,Quad,0.1,0.845276555953211,0.844370045394348,-0.000906510558863038,10,,,,,,
Simulation 2,d,Subspace PC20,10,doublet,Quad,0.1,0.819133610041636,0.816488745186003,-0.00264486485563298,10,,,,,,
Simulation 2,d,Subspace PC20,11,doublet,Quad,0.1,0.772757204296033,0.771112581801312,-0.00164462249472097,10,,,,,,
Simulation 2,d,Subspace PC20,12,shift,Quad,0.1,0.997793303293218,0.997156919866322,-0.000636383426895981,10,,,,,,
Simulation 2,d,Subspace PC20,13,shift,Quad,0.1,0.995703573282858,0.995592308816817,-0.000111264466040928,10,,,,,,
Simulation 2,d,Subspace PC20,14,shift,Quad,0.1,0.993211503995732,0.993155088803221,-5.64151925109835e-05,10,,,,,,
Simulation 2,d,Subspace PC20,15,shift,Quad,0.1,0.992196459567328,0.991741731662172,-0.000454727905155994,10,,,,,,
Simulation 2,d,Subspace PC20,16,shift,Quad,0.1,0.982179337470299,0.981044484359974,-0.00113485311032491,10,,,,,,
Simulation 2,d,Subspace PC20,17,shift,Quad,0.1,0.998994615535827,0.99857966995642,-0.000414945579407022,10,,,,,,
Simulation 2,d,Subspace PC20,18,shift,Quad,0.1,0.997793303293218,0.997156919866322,-0.000636383426895981,10,,,,,,
Simulation 2,d,Subspace PC20,19,shift,Quad,0.1,0.995116600130456,0.994395923578624,-0.000720676551831945,10,,,,,,
Simulation 2,d,Subspace PC20,20,shift,Quad,0.1,0.991671655541919,0.990874489559892,-0.000797165982027059,10,,,,,,
Simulation 2,d,Subspace PC20,21,shift,Quad,0.1,0.985824638320274,0.985475524506138,-0.000349113814136048,10,,,,,,
Simulation 2,d,Subspace PC20,2,dropout,Quad,0.2,0.298481820064739,0.300737586428684,0.00225576636394498,10,,,,,,
Simulation 2,d,Subspace PC20,3,dropout,Quad,0.2,1,1,0,10,,,,,,
Simulation 2,d,Subspace PC20,4,dropout,Quad,0.2,0.249849352621303,0.251028729395697,0.00117937677439398,10,,,,,,
Simulation 2,d,Subspace PC20,5,dropout,Quad,0.2,0.22013310069611,0.22087204718074,0.000738946484629993,10,,,,,,
Simulation 2,d,Subspace PC20,6,dropout,Quad,0.2,0.190914290187334,0.191713741562872,0.000799451375537996,10,,,,,,
Simulation 2,d,Subspace PC20,7,doublet,Quad,0.2,0.946906199188077,0.945767602748822,-0.00113859643925496,10,,,,,,
Simulation 2,d,Subspace PC20,8,doublet,Quad,0.2,0.886675684671838,0.888250472106657,0.00157478743481898,10,,,,,,
Simulation 2,d,Subspace PC20,9,doublet,Quad,0.2,0.845276555953211,0.843520407150616,-0.001756148802595,10,,,,,,
Simulation 2,d,Subspace PC20,10,doublet,Quad,0.2,0.819133610041636,0.812431117432467,-0.006702492609169,10,,,,,,
Simulation 2,d,Subspace PC20,11,doublet,Quad,0.2,0.772757204296033,0.765954125157302,-0.00680307913873102,10,,,,,,
Simulation 2,d,Subspace PC20,12,shift,Quad,0.2,0.997793303293218,0.996308013577989,-0.00148528971522899,10,,,,,,
Simulation 2,d,Subspace PC20,13,shift,Quad,0.2,0.995703573282858,0.994233201025378,-0.00147037225747992,10,,,,,,
Simulation 2,d,Subspace PC20,14,shift,Quad,0.2,0.993211503995732,0.994805692298627,0.00159418830289504,10,,,,,,
Simulation 2,d,Subspace PC20,15,shift,Quad,0.2,0.992196459567328,0.992060218871358,-0.000136240695970069,10,,,,,,
Simulation 2,d,Subspace PC20,16,shift,Quad,0.2,0.982179337470299,0.988745943688295,0.0065666062179961,10,,,,,,
Simulation 2,d,Subspace PC20,17,shift,Quad,0.2,0.998994615535827,0.998504867395531,-0.000489748140296009,10,,,,,,
Simulation 2,d,Subspace PC20,18,shift,Quad,0.2,0.997793303293218,0.996308013577989,-0.00148528971522899,10,,,,,,
Simulation 2,d,Subspace PC20,19,shift,Quad,0.2,0.995116600130456,0.991270010543127,-0.00384658958732897,10,,,,,,
Simulation 2,d,Subspace PC20,20,shift,Quad,0.2,0.991671655541919,0.98665105933526,-0.00502059620665907,10,,,,,,
Simulation 2,d,Subspace PC20,21,shift,Quad,0.2,0.985824638320274,0.984515261252066,-0.001309377068208,10,,,,,,
Simulation 2,d,Subspace PC20,2,dropout,Shell,0.1,0.300351195345088,0.3005110899908,0.000159894645712033,10,,,,,,
Simulation 2,d,Subspace PC20,3,dropout,Shell,0.1,1,1,0,10,,,,,,
Simulation 2,d,Subspace PC20,4,dropout,Shell,0.1,0.249582278015639,0.249867418343296,0.000285140327657002,10,,,,,,
Simulation 2,d,Subspace PC20,5,dropout,Shell,0.1,0.219857774448044,0.220277303141989,0.000419528693945015,10,,,,,,
Simulation 2,d,Subspace PC20,6,dropout,Shell,0.1,0.19020203132623,0.189530356743439,-0.000671674582791021,10,,,,,,
Simulation 2,d,Subspace PC20,7,doublet,Shell,0.1,0.952846556675958,0.957662642021712,0.00481608534575406,10,,,,,,
Simulation 2,d,Subspace PC20,8,doublet,Shell,0.1,0.905305264608399,0.91041724574813,0.00511198113973099,10,,,,,,
Simulation 2,d,Subspace PC20,9,doublet,Shell,0.1,0.859093305898588,0.865245533495064,0.00615222759647593,10,,,,,,
Simulation 2,d,Subspace PC20,10,doublet,Shell,0.1,0.832684647060325,0.838105855755072,0.00542120869474705,10,,,,,,
Simulation 2,d,Subspace PC20,11,doublet,Shell,0.1,0.77996351363416,0.782027473134033,0.00206395949987293,10,,,,,,
Simulation 2,d,Subspace PC20,12,shift,Shell,0.1,0.997843143397413,0.997653599110931,-0.000189544286481991,10,,,,,,
Simulation 2,d,Subspace PC20,13,shift,Shell,0.1,0.994280791084176,0.991975817308356,-0.00230497377581995,10,,,,,,
Simulation 2,d,Subspace PC20,14,shift,Shell,0.1,0.994358951292799,0.994655593328915,0.000296642036115902,10,,,,,,
Simulation 2,d,Subspace PC20,15,shift,Shell,0.1,0.991954563710377,0.991770023886569,-0.000184539823808061,10,,,,,,
Simulation 2,d,Subspace PC20,16,shift,Shell,0.1,0.985610965669086,0.986398412778457,0.000787447109370953,10,,,,,,
Simulation 2,d,Subspace PC20,17,shift,Shell,0.1,0.999003588064678,0.998906036585543,-9.75514791350385e-05,10,,,,,,
Simulation 2,d,Subspace PC20,18,shift,Shell,0.1,0.997843143397413,0.997653599110931,-0.000189544286481991,10,,,,,,
Simulation 2,d,Subspace PC20,19,shift,Shell,0.1,0.994408600600159,0.994486402340554,7.7801740394956e-05,10,,,,,,
Simulation 2,d,Subspace PC20,20,shift,Shell,0.1,0.989679126401733,0.990557616983717,0.000878490581984082,10,,,,,,
Simulation 2,d,Subspace PC20,21,shift,Shell,0.1,0.985902118802184,0.987009361727475,0.00110724292529096,10,,,,,,
Simulation 2,d,Subspace PC20,2,dropout,Shell,0.2,0.300351195345088,0.299891559988479,-0.000459635356608978,10,,,,,,
Simulation 2,d,Subspace PC20,3,dropout,Shell,0.2,1,1,0,10,,,,,,
Simulation 2,d,Subspace PC20,4,dropout,Shell,0.2,0.249582278015639,0.24781812026399,-0.00176415775164901,10,,,,,,
Simulation 2,d,Subspace PC20,5,dropout,Shell,0.2,0.219857774448044,0.219454808363523,-0.000402966084521006,10,,,,,,
Simulation 2,d,Subspace PC20,6,dropout,Shell,0.2,0.19020203132623,0.18885599509026,-0.00134603623597002,10,,,,,,
Simulation 2,d,Subspace PC20,7,doublet,Shell,0.2,0.952846556675958,0.963827721381331,0.010981164705373,10,,,,,,
Simulation 2,d,Subspace PC20,8,doublet,Shell,0.2,0.905305264608399,0.904915812193767,-0.000389452414631952,10,,,,,,
Simulation 2,d,Subspace PC20,9,doublet,Shell,0.2,0.859093305898588,0.865440167951739,0.00634686205315094,10,,,,,,
Simulation 2,d,Subspace PC20,10,doublet,Shell,0.2,0.832684647060325,0.845483255364218,0.012798608303893,10,,,,,,
Simulation 2,d,Subspace PC20,11,doublet,Shell,0.2,0.77996351363416,0.790788159355329,0.0108246457211689,10,,,,,,
Simulation 2,d,Subspace PC20,12,shift,Shell,0.2,0.997843143397413,0.99533481506222,-0.00250832833519299,10,,,,,,
Simulation 2,d,Subspace PC20,13,shift,Shell,0.2,0.994280791084176,0.994768707057479,0.000487915973302999,10,,,,,,
Simulation 2,d,Subspace PC20,14,shift,Shell,0.2,0.994358951292799,0.991690450897377,-0.0026685003954221,10,,,,,,
Simulation 2,d,Subspace PC20,15,shift,Shell,0.2,0.991954563710377,0.990893091405508,-0.00106147230486908,10,,,,,,
Simulation 2,d,Subspace PC20,16,shift,Shell,0.2,0.985610965669086,0.988245565648688,0.00263459997960203,10,,,,,,
Simulation 2,d,Subspace PC20,17,shift,Shell,0.2,0.999003588064678,0.998450978750225,-0.000552609314453001,10,,,,,,
Simulation 2,d,Subspace PC20,18,shift,Shell,0.2,0.997843143397413,0.99533481506222,-0.00250832833519299,10,,,,,,
Simulation 2,d,Subspace PC20,19,shift,Shell,0.2,0.994408600600159,0.990574352297692,-0.00383424830246704,10,,,,,,
Simulation 2,d,Subspace PC20,20,shift,Shell,0.2,0.989679126401733,0.987207693575402,-0.002471432826331,10,,,,,,
Simulation 2,d,Subspace PC20,21,shift,Shell,0.2,0.985902118802184,0.983155013733077,-0.00274710506910703,10,,,,,,
Simulation 2,d,Subspace PC20,2,dropout,Winsor,0.1,0.298059774791259,0.298578617111982,0.000518842320723023,10,,,,,,
Simulation 2,d,Subspace PC20,3,dropout,Winsor,0.1,1,1,0,10,,,,,,
Simulation 2,d,Subspace PC20,4,dropout,Winsor,0.1,0.249938092094062,0.25020266097683,0.000264568882768018,10,,,,,,
Simulation 2,d,Subspace PC20,5,dropout,Winsor,0.1,0.2201536466842,0.220375748459649,0.000222101775448985,10,,,,,,
Simulation 2,d,Subspace PC20,6,dropout,Winsor,0.1,0.191056173501026,0.191097799728689,4.16262276630164e-05,10,,,,,,
Simulation 2,d,Subspace PC20,7,doublet,Winsor,0.1,0.946048286745999,0.947395143134128,0.00134685638812904,10,,,,,,
Simulation 2,d,Subspace PC20,8,doublet,Winsor,0.1,0.888990364418236,0.887501489131608,-0.001488875286628,10,,,,,,
Simulation 2,d,Subspace PC20,9,doublet,Winsor,0.1,0.845994822661763,0.84526115649598,-0.000733666165782965,10,,,,,,
Simulation 2,d,Subspace PC20,10,doublet,Winsor,0.1,0.822851211804494,0.820702199691215,-0.002149012113279,10,,,,,,
Simulation 2,d,Subspace PC20,11,doublet,Winsor,0.1,0.773867213754291,0.773077814010804,-0.000789399743487018,10,,,,,,
Simulation 2,d,Subspace PC20,12,shift,Winsor,0.1,0.99823750277235,0.998116806864327,-0.000120695908022994,10,,,,,,
Simulation 2,d,Subspace PC20,13,shift,Winsor,0.1,0.996185303550601,0.995926540752837,-0.000258762797763934,10,,,,,,
Simulation 2,d,Subspace PC20,14,shift,Winsor,0.1,0.993584355044918,0.993515175039301,-6.91800056170644e-05,10,,,,,,
Simulation 2,d,Subspace PC20,15,shift,Winsor,0.1,0.990972406259491,0.991391112641409,0.000418706381917988,10,,,,,,
Simulation 2,d,Subspace PC20,16,shift,Winsor,0.1,0.985774172685948,0.986212297962888,0.000438125276939982,10,,,,,,
Simulation 2,d,Subspace PC20,17,shift,Winsor,0.1,0.999194991918701,0.999144971607912,-5.00203107889341e-05,10,,,,,,
Simulation 2,d,Subspace PC20,18,shift,Winsor,0.1,0.99823750277235,0.998116806864327,-0.000120695908022994,10,,,,,,
Simulation 2,d,Subspace PC20,19,shift,Winsor,0.1,0.995774468576076,0.995697788828223,-7.66797478529702e-05,10,,,,,,
Simulation 2,d,Subspace PC20,20,shift,Winsor,0.1,0.992058282207493,0.992511833234139,0.000453551026646015,10,,,,,,
Simulation 2,d,Subspace PC20,21,shift,Winsor,0.1,0.984323551995421,0.986966186515719,0.002642634520298,10,,,,,,
Simulation 2,d,Subspace PC20,2,dropout,Winsor,0.2,0.298059774791259,0.29923335953019,0.00117358473893098,10,,,,,,
Simulation 2,d,Subspace PC20,3,dropout,Winsor,0.2,1,1,0,10,,,,,,
Simulation 2,d,Subspace PC20,4,dropout,Winsor,0.2,0.249938092094062,0.250580145396178,0.000642053302116002,10,,,,,,
Simulation 2,d,Subspace PC20,5,dropout,Winsor,0.2,0.2201536466842,0.220734909889213,0.000581263205012977,10,,,,,,
Simulation 2,d,Subspace PC20,6,dropout,Winsor,0.2,0.191056173501026,0.191441661718574,0.000385488217547997,10,,,,,,
Simulation 2,d,Subspace PC20,7,doublet,Winsor,0.2,0.946048286745999,0.948457327796567,0.00240904105056805,10,,,,,,
Simulation 2,d,Subspace PC20,8,doublet,Winsor,0.2,0.888990364418236,0.886980408183033,-0.00200995623520295,10,,,,,,
Simulation 2,d,Subspace PC20,9,doublet,Winsor,0.2,0.845994822661763,0.843874130202498,-0.00212069245926494,10,,,,,,
Simulation 2,d,Subspace PC20,10,doublet,Winsor,0.2,0.822851211804494,0.817522602857288,-0.0053286089472061,10,,,,,,
Simulation 2,d,Subspace PC20,11,doublet,Winsor,0.2,0.773867213754291,0.770640585141038,-0.00322662861325307,10,,,,,,
Simulation 2,d,Subspace PC20,12,shift,Winsor,0.2,0.99823750277235,0.997970321002344,-0.000267181770006064,10,,,,,,
Simulation 2,d,Subspace PC20,13,shift,Winsor,0.2,0.996185303550601,0.995454503847596,-0.000730799703004936,10,,,,,,
Simulation 2,d,Subspace PC20,14,shift,Winsor,0.2,0.993584355044918,0.993459844732611,-0.000124510312307091,10,,,,,,
Simulation 2,d,Subspace PC20,15,shift,Winsor,0.2,0.990972406259491,0.991230225435932,0.000257819176440965,10,,,,,,
Simulation 2,d,Subspace PC20,16,shift,Winsor,0.2,0.985774172685948,0.98353498182869,-0.00223919085725799,10,,,,,,
Simulation 2,d,Subspace PC20,17,shift,Winsor,0.2,0.999194991918701,0.999032898046556,-0.000162093872144942,10,,,,,,
Simulation 2,d,Subspace PC20,18,shift,Winsor,0.2,0.99823750277235,0.997970321002344,-0.000267181770006064,10,,,,,,
Simulation 2,d,Subspace PC20,19,shift,Winsor,0.2,0.995774468576076,0.99559360207755,-0.000180866498526,10,,,,,,
Simulation 2,d,Subspace PC20,20,shift,Winsor,0.2,0.992058282207493,0.992492056947045,0.000433774739551973,10,,,,,,
Simulation 2,d,Subspace PC20,21,shift,Winsor,0.2,0.984323551995421,0.987394361226096,0.00307080923067504,10,,,,,,
