TaskID,SettingID,Panel,Replicate,Cell,Gene,AnalysisGenes,CellType,de_prob,DeFacLoc,BackgroundDropoutMid,InputDesign,MasterCell,MasterGene,MasterSeed,CellSubsetSeed,GeneSubsetSeed,CellSubsetSignature,GeneSubsetSignature,Method,MethodLabel,Calibration,Alpha,PC,TimerScope,RuntimeSec,FitSec,GeometrySec,WeightSec,ScatterSec,EigenSec,ScoreSec,Success,FailureMessage,BaseSeed,MethodSeed,Threads,EigenBackend,ComputedPCs,LoadingOrthogonalityError,InputSumSquares,ScoreSum,ScoreSumSquares,Q1,Q2,Q3,Q3star,CodeVersion,MethodFileMD5,SimulationFileMD5,RVersion,SplatterVersion,RrcovVersion,RpcaVersion,RSpectraVersion,TimestampUTC
1,1,gene_scaling,1,2000,500,497,5,0.08,0.1,0,nested_subsets_from_common_3000x3000_splatter_background_mid0,3000,3000,112345,113346,114346,2000:3009668:6033630768,500:786116:1626106764,PCA,PCA,none,,20,fit_plus_score_excludes_data_generation_preprocessing; generalized_components_profiled,0.176000000000002,0.173000000000002,,,,,0.00300000000000011,TRUE,,12345,113345,1,stats::prcomp,20,1.99840144432528e-15,993503,-1.30291957778361e-12,89647.5912346712,,,,,20260712_matched_nested_runtime_v2,a1ac36dc851bac1d124778c1264e783e,a8b31e5a5873e9e0e76423f60140c30b,R version 4.4.1 (2024-06-14),1.30.0,1.7.7,0.2.3,0.16.2,2026-07-12 07:25:43 UTC
36,1,gene_scaling,1,2000,500,497,5,0.08,0.1,0,nested_subsets_from_common_3000x3000_splatter_background_mid0,3000,3000,112345,113346,114346,2000:3009668:6033630768,500:786116:1626106764,Grid,PcaGrid,none,,20,fit_plus_score_excludes_data_generation_preprocessing; generalized_components_profiled,131.373,131.367,,,,,0.00600000000000023,TRUE,,12345,114345,1,rrcov::PcaGrid,20,1.55431223447522e-15,993503,-1.73669759129247e-12,42368.1222958404,,,,,20260712_matched_nested_runtime_v2,a1ac36dc851bac1d124778c1264e783e,a8b31e5a5873e9e0e76423f60140c30b,R version 4.4.1 (2024-06-14),1.30.0,1.7.7,0.2.3,0.16.2,2026-07-12 07:00:04 UTC
71,1,gene_scaling,1,2000,500,497,5,0.08,0.1,0,nested_subsets_from_common_3000x3000_splatter_background_mid0,3000,3000,112345,113346,114346,2000:3009668:6033630768,500:786116:1626106764,Hubert,PcaHubert,none,,20,fit_plus_score_excludes_data_generation_preprocessing; generalized_components_profiled,1.713,1.711,,,,,0.00199999999999889,TRUE,,12345,115345,1,rrcov::PcaHubert,20,1.31006316905768e-14,993503,-2.082618799637e-12,85941.4529667474,,,,,20260712_matched_nested_runtime_v2,a1ac36dc851bac1d124778c1264e783e,a8b31e5a5873e9e0e76423f60140c30b,R version 4.4.1 (2024-06-14),1.30.0,1.7.7,0.2.3,0.16.2,2026-07-12 08:02:10 UTC
106,1,gene_scaling,1,2000,500,497,5,0.08,0.1,0,nested_subsets_from_common_3000x3000_splatter_background_mid0,3000,3000,112345,113346,114346,2000:3009668:6033630768,500:786116:1626106764,PCP,PCP,none,,20,fit_plus_score_excludes_data_generation_preprocessing; generalized_components_profiled,72.725,72.722,,,,,0.00300000000000011,TRUE,,12345,116345,1,rpca::rpca+stats::prcomp,20,1.77635683940025e-15,993503,-1.36485094059946e-12,55988.2415711243,,,,,20260712_matched_nested_runtime_v2,a1ac36dc851bac1d124778c1264e783e,a8b31e5a5873e9e0e76423f60140c30b,R version 4.4.1 (2024-06-14),1.30.0,1.7.7,0.2.3,0.16.2,2026-07-12 06:56:39 UTC
141,1,gene_scaling,1,2000,500,497,5,0.08,0.1,0,nested_subsets_from_common_3000x3000_splatter_background_mid0,3000,3000,112345,113346,114346,2000:3009668:6033630768,500:786116:1626106764,Tau,K's tau,none,,20,fit_plus_score_excludes_data_generation_preprocessing; generalized_components_profiled,1.032,1.03,0.202,0.635,0.122,0.0709999999999997,0.00200000000000067,TRUE,,12345,117345,1,RSpectra::eigs_sym,20,1.22124532708767e-14,993503,-9.09584907393679e-14,88657.8562168164,,,,,20260712_matched_nested_runtime_v2,a1ac36dc851bac1d124778c1264e783e,a8b31e5a5873e9e0e76423f60140c30b,R version 4.4.1 (2024-06-14),1.30.0,1.7.7,0.2.3,0.16.2,2026-07-12 08:01:03 UTC
176,1,gene_scaling,1,2000,500,497,5,0.08,0.1,0,nested_subsets_from_common_3000x3000_splatter_background_mid0,3000,3000,112345,113346,114346,2000:3009668:6033630768,500:786116:1626106764,Winsor,Winsor,pairwise_empirical_quantile,0.05,20,fit_plus_score_excludes_data_generation_preprocessing; generalized_components_profiled,1.181,1.179,0.202,0.784000000000001,0.121,0.0719999999999992,0.00200000000000067,TRUE,,12345,118345,1,RSpectra::eigs_sym,20,1.15463194561016e-14,993503,1.0332290578674e-12,89536.2669444947,26.9883841565019,36.5141866139263,37.8475040359486,39.0775965510175,20260712_matched_nested_runtime_v2,a1ac36dc851bac1d124778c1264e783e,a8b31e5a5873e9e0e76423f60140c30b,R version 4.4.1 (2024-06-14),1.30.0,1.7.7,0.2.3,0.16.2,2026-07-12 08:40:29 UTC
211,1,gene_scaling,1,2000,500,497,5,0.08,0.1,0,nested_subsets_from_common_3000x3000_splatter_background_mid0,3000,3000,112345,113346,114346,2000:3009668:6033630768,500:786116:1626106764,Quad,Quad,pairwise_empirical_quantile,0.05,20,fit_plus_score_excludes_data_generation_preprocessing; generalized_components_profiled,1.245,1.243,0.202,0.847,0.122,0.0719999999999992,0.00200000000000067,TRUE,,12345,119345,1,RSpectra::eigs_sym,20,1.90958360235527e-14,993503,-7.01969732341823e-13,89421.5450029398,26.9883841565019,36.5141866139263,37.8475040359486,39.0775965510175,20260712_matched_nested_runtime_v2,a1ac36dc851bac1d124778c1264e783e,a8b31e5a5873e9e0e76423f60140c30b,R version 4.4.1 (2024-06-14),1.30.0,1.7.7,0.2.3,0.16.2,2026-07-12 08:05:58 UTC
246,1,gene_scaling,1,2000,500,497,5,0.08,0.1,0,nested_subsets_from_common_3000x3000_splatter_background_mid0,3000,3000,112345,113346,114346,2000:3009668:6033630768,500:786116:1626106764,Ball,Ball,pairwise_empirical_quantile,0.05,20,fit_plus_score_excludes_data_generation_preprocessing; generalized_components_profiled,1.233,1.23,0.202,0.836,0.121,0.0709999999999997,0.00300000000000011,TRUE,,12345,120345,1,RSpectra::eigs_sym,20,1.50990331349021e-14,993503,-2.22362753210525e-12,88345.0575741129,26.9883841565019,36.5141866139263,37.8475040359486,39.0775965510175,20260712_matched_nested_runtime_v2,a1ac36dc851bac1d124778c1264e783e,a8b31e5a5873e9e0e76423f60140c30b,R version 4.4.1 (2024-06-14),1.30.0,1.7.7,0.2.3,0.16.2,2026-07-12 08:40:00 UTC
281,1,gene_scaling,1,2000,500,497,5,0.08,0.1,0,nested_subsets_from_common_3000x3000_splatter_background_mid0,3000,3000,112345,113346,114346,2000:3009668:6033630768,500:786116:1626106764,Shell,Shell,pairwise_empirical_quantile,0.05,20,fit_plus_score_excludes_data_generation_preprocessing; generalized_components_profiled,1.266,1.264,0.202,0.869999999999999,0.120000000000001,0.0719999999999992,0.00200000000000067,TRUE,,12345,121345,1,RSpectra::eigs_sym,20,1.24344978758018e-14,993503,4.0318443028653e-13,88921.073027479,26.9883841565019,36.5141866139263,37.8475040359486,39.0775965510175,20260712_matched_nested_runtime_v2,a1ac36dc851bac1d124778c1264e783e,a8b31e5a5873e9e0e76423f60140c30b,R version 4.4.1 (2024-06-14),1.30.0,1.7.7,0.2.3,0.16.2,2026-07-12 08:00:49 UTC
316,1,gene_scaling,1,2000,500,497,5,0.08,0.1,0,nested_subsets_from_common_3000x3000_splatter_background_mid0,3000,3000,112345,113346,114346,2000:3009668:6033630768,500:786116:1626106764,LR,LR,pairwise_empirical_quantile,0.05,20,fit_plus_score_excludes_data_generation_preprocessing; generalized_components_profiled,1.343,1.34,0.201000000000001,0.946,0.122,0.0709999999999997,0.00300000000000011,TRUE,,12345,122345,1,RSpectra::eigs_sym,20,1.15463194561016e-14,993503,1.88712587223527e-12,88714.8237409616,26.9883841565019,36.5141866139263,37.8475040359486,39.0775965510175,20260712_matched_nested_runtime_v2,a1ac36dc851bac1d124778c1264e783e,a8b31e5a5873e9e0e76423f60140c30b,R version 4.4.1 (2024-06-14),1.30.0,1.7.7,0.2.3,0.16.2,2026-07-12 08:39:46 UTC
8,1,gene_scaling,2,2000,500,498,5,0.08,0.1,0,nested_subsets_from_common_3000x3000_splatter_background_mid0,3000,3000,212345,213346,214346,2000:3001440:6013171852,500:748729:1496537707,PCA,PCA,none,,20,fit_plus_score_excludes_data_generation_preprocessing; generalized_components_profiled,0.17,0.167999999999999,,,,,0.00200000000000067,TRUE,,12345,213345,1,stats::prcomp,20,1.33226762955019e-15,995502,1.09912079437891e-14,88808.7553903134,,,,,20260712_matched_nested_runtime_v2,a1ac36dc851bac1d124778c1264e783e,a8b31e5a5873e9e0e76423f60140c30b,R version 4.4.1 (2024-06-14),1.30.0,1.7.7,0.2.3,0.16.2,2026-07-12 06:57:08 UTC
43,1,gene_scaling,2,2000,500,498,5,0.08,0.1,0,nested_subsets_from_common_3000x3000_splatter_background_mid0,3000,3000,212345,213346,214346,2000:3001440:6013171852,500:748729:1496537707,Grid,PcaGrid,none,,20,fit_plus_score_excludes_data_generation_preprocessing; generalized_components_profiled,128.649,128.645,,,,,0.00399999999999068,TRUE,,12345,214345,1,rrcov::PcaGrid,20,3.66373598126302e-15,995502,-1.86180584837992e-12,42042.6609755551,,,,,20260712_matched_nested_runtime_v2,a1ac36dc851bac1d124778c1264e783e,a8b31e5a5873e9e0e76423f60140c30b,R version 4.4.1 (2024-06-14),1.30.0,1.7.7,0.2.3,0.16.2,2026-07-12 07:14:25 UTC
78,1,gene_scaling,2,2000,500,498,5,0.08,0.1,0,nested_subsets_from_common_3000x3000_splatter_background_mid0,3000,3000,212345,213346,214346,2000:3001440:6013171852,500:748729:1496537707,Hubert,PcaHubert,none,,20,fit_plus_score_excludes_data_generation_preprocessing; generalized_components_profiled,1.689,1.686,,,,,0.00300000000000011,TRUE,,12345,215345,1,rrcov::PcaHubert,20,8.43769498715119e-15,995502,1.21201659819548e-13,86030.8915279914,,,,,20260712_matched_nested_runtime_v2,a1ac36dc851bac1d124778c1264e783e,a8b31e5a5873e9e0e76423f60140c30b,R version 4.4.1 (2024-06-14),1.30.0,1.7.7,0.2.3,0.16.2,2026-07-12 09:31:36 UTC
113,1,gene_scaling,2,2000,500,498,5,0.08,0.1,0,nested_subsets_from_common_3000x3000_splatter_background_mid0,3000,3000,212345,213346,214346,2000:3001440:6013171852,500:748729:1496537707,PCP,PCP,none,,20,fit_plus_score_excludes_data_generation_preprocessing; generalized_components_profiled,70.102,70.1,,,,,0.00200000000000955,TRUE,,12345,216345,1,rpca::rpca+stats::prcomp,20,1.55431223447522e-15,995502,-1.42941214420489e-14,53517.9391362685,,,,,20260712_matched_nested_runtime_v2,a1ac36dc851bac1d124778c1264e783e,a8b31e5a5873e9e0e76423f60140c30b,R version 4.4.1 (2024-06-14),1.30.0,1.7.7,0.2.3,0.16.2,2026-07-12 07:53:32 UTC
148,1,gene_scaling,2,2000,500,498,5,0.08,0.1,0,nested_subsets_from_common_3000x3000_splatter_background_mid0,3000,3000,212345,213346,214346,2000:3001440:6013171852,500:748729:1496537707,Tau,K's tau,none,,20,fit_plus_score_excludes_data_generation_preprocessing; generalized_components_profiled,1.054,1.052,0.203999999999999,0.651,0.124000000000001,0.0730000000000004,0.00200000000000067,TRUE,,12345,217345,1,RSpectra::eigs_sym,20,1.24344978758018e-14,995502,2.82481329993978e-12,88069.3109798041,,,,,20260712_matched_nested_runtime_v2,a1ac36dc851bac1d124778c1264e783e,a8b31e5a5873e9e0e76423f60140c30b,R version 4.4.1 (2024-06-14),1.30.0,1.7.7,0.2.3,0.16.2,2026-07-12 07:11:46 UTC
183,1,gene_scaling,2,2000,500,498,5,0.08,0.1,0,nested_subsets_from_common_3000x3000_splatter_background_mid0,3000,3000,212345,213346,214346,2000:3001440:6013171852,500:748729:1496537707,Winsor,Winsor,pairwise_empirical_quantile,0.05,20,fit_plus_score_excludes_data_generation_preprocessing; generalized_components_profiled,1.338,1.336,0.211,0.926,0.125,0.0739999999999998,0.00200000000000067,TRUE,,12345,218345,1,RSpectra::eigs_sym,20,1.28785870856518e-14,995502,8.13859396542327e-13,88619.480362859,27.340580696353,35.6953306253232,37.2271855135801,39.4167309620286,20260712_matched_nested_runtime_v2,a1ac36dc851bac1d124778c1264e783e,a8b31e5a5873e9e0e76423f60140c30b,R version 4.4.1 (2024-06-14),1.30.0,1.7.7,0.2.3,0.16.2,2026-07-12 07:55:35 UTC
218,1,gene_scaling,2,2000,500,498,5,0.08,0.1,0,nested_subsets_from_common_3000x3000_splatter_background_mid0,3000,3000,212345,213346,214346,2000:3001440:6013171852,500:748729:1496537707,Quad,Quad,pairwise_empirical_quantile,0.05,20,fit_plus_score_excludes_data_generation_preprocessing; generalized_components_profiled,1.319,1.316,0.205,0.912999999999998,0.124000000000001,0.0739999999999998,0.00300000000000011,TRUE,,12345,219345,1,RSpectra::eigs_sym,20,1.02140518265514e-14,995502,8.11222616858842e-13,88492.5470130768,27.340580696353,35.6953306253232,37.2271855135801,39.4167309620286,20260712_matched_nested_runtime_v2,a1ac36dc851bac1d124778c1264e783e,a8b31e5a5873e9e0e76423f60140c30b,R version 4.4.1 (2024-06-14),1.30.0,1.7.7,0.2.3,0.16.2,2026-07-12 06:54:40 UTC
253,1,gene_scaling,2,2000,500,498,5,0.08,0.1,0,nested_subsets_from_common_3000x3000_splatter_background_mid0,3000,3000,212345,213346,214346,2000:3001440:6013171852,500:748729:1496537707,Ball,Ball,pairwise_empirical_quantile,0.05,20,fit_plus_score_excludes_data_generation_preprocessing; generalized_components_profiled,1.271,1.269,0.209,0.861000000000001,0.125,0.0739999999999998,0.00200000000000067,TRUE,,12345,220345,1,RSpectra::eigs_sym,20,1.73194791841524e-14,995502,8.46888531524925e-13,87583.0418190616,27.340580696353,35.6953306253232,37.2271855135801,39.4167309620286,20260712_matched_nested_runtime_v2,a1ac36dc851bac1d124778c1264e783e,a8b31e5a5873e9e0e76423f60140c30b,R version 4.4.1 (2024-06-14),1.30.0,1.7.7,0.2.3,0.16.2,2026-07-12 07:59:10 UTC
288,1,gene_scaling,2,2000,500,498,5,0.08,0.1,0,nested_subsets_from_common_3000x3000_splatter_background_mid0,3000,3000,212345,213346,214346,2000:3001440:6013171852,500:748729:1496537707,Shell,Shell,pairwise_empirical_quantile,0.05,20,fit_plus_score_excludes_data_generation_preprocessing; generalized_components_profiled,1.362,1.36,0.208,0.951000000000001,0.124000000000001,0.077,0.00199999999999889,TRUE,,12345,221345,1,RSpectra::eigs_sym,20,1.37667655053519e-14,995502,-1.20585832985576e-12,88108.6802801518,27.340580696353,35.6953306253232,37.2271855135801,39.4167309620286,20260712_matched_nested_runtime_v2,a1ac36dc851bac1d124778c1264e783e,a8b31e5a5873e9e0e76423f60140c30b,R version 4.4.1 (2024-06-14),1.30.0,1.7.7,0.2.3,0.16.2,2026-07-12 07:58:55 UTC
323,1,gene_scaling,2,2000,500,498,5,0.08,0.1,0,nested_subsets_from_common_3000x3000_splatter_background_mid0,3000,3000,212345,213346,214346,2000:3001440:6013171852,500:748729:1496537707,LR,LR,pairwise_empirical_quantile,0.05,20,fit_plus_score_excludes_data_generation_preprocessing; generalized_components_profiled,1.339,1.336,0.206,0.935,0.122999999999999,0.0719999999999992,0.00300000000000011,TRUE,,12345,222345,1,RSpectra::eigs_sym,20,1.4432899320127e-14,995502,-7.02344432612634e-13,88023.2778756782,27.340580696353,35.6953306253232,37.2271855135801,39.4167309620286,20260712_matched_nested_runtime_v2,a1ac36dc851bac1d124778c1264e783e,a8b31e5a5873e9e0e76423f60140c30b,R version 4.4.1 (2024-06-14),1.30.0,1.7.7,0.2.3,0.16.2,2026-07-12 09:32:10 UTC
15,1,gene_scaling,3,2000,500,500,5,0.08,0.1,0,nested_subsets_from_common_3000x3000_splatter_background_mid0,3000,3000,312345,313346,314346,2000:3031237:6056766919,500:755014:1509160898,PCA,PCA,none,,20,fit_plus_score_excludes_data_generation_preprocessing; generalized_components_profiled,0.173,0.17,,,,,0.00300000000000011,TRUE,,12345,313345,1,stats::prcomp,20,1.33226762955019e-15,999500,-9.98397545193264e-13,90229.0282346549,,,,,20260712_matched_nested_runtime_v2,a1ac36dc851bac1d124778c1264e783e,a8b31e5a5873e9e0e76423f60140c30b,R version 4.4.1 (2024-06-14),1.30.0,1.7.7,0.2.3,0.16.2,2026-07-12 09:25:56 UTC
50,1,gene_scaling,3,2000,500,500,5,0.08,0.1,0,nested_subsets_from_common_3000x3000_splatter_background_mid0,3000,3000,312345,313346,314346,2000:3031237:6056766919,500:755014:1509160898,Grid,PcaGrid,none,,20,fit_plus_score_excludes_data_generation_preprocessing; generalized_components_profiled,130.32,130.317,,,,,0.00300000000001432,TRUE,,12345,314345,1,rrcov::PcaGrid,20,1.77635683940025e-15,999500,2.79815233483749e-12,42156.4886086298,,,,,20260712_matched_nested_runtime_v2,a1ac36dc851bac1d124778c1264e783e,a8b31e5a5873e9e0e76423f60140c30b,R version 4.4.1 (2024-06-14),1.30.0,1.7.7,0.2.3,0.16.2,2026-07-12 09:16:48 UTC
85,1,gene_scaling,3,2000,500,500,5,0.08,0.1,0,nested_subsets_from_common_3000x3000_splatter_background_mid0,3000,3000,312345,313346,314346,2000:3031237:6056766919,500:755014:1509160898,Hubert,PcaHubert,none,,20,fit_plus_score_excludes_data_generation_preprocessing; generalized_components_profiled,1.782,1.78,,,,,0.00199999999999889,TRUE,,12345,315345,1,rrcov::PcaHubert,20,1.08680425769947e-14,999500,4.55144255617768e-12,86566.1211825092,,,,,20260712_matched_nested_runtime_v2,a1ac36dc851bac1d124778c1264e783e,a8b31e5a5873e9e0e76423f60140c30b,R version 4.4.1 (2024-06-14),1.30.0,1.7.7,0.2.3,0.16.2,2026-07-12 06:55:31 UTC
120,1,gene_scaling,3,2000,500,500,5,0.08,0.1,0,nested_subsets_from_common_3000x3000_splatter_background_mid0,3000,3000,312345,313346,314346,2000:3031237:6056766919,500:755014:1509160898,PCP,PCP,none,,20,fit_plus_score_excludes_data_generation_preprocessing; generalized_components_profiled,69.513,69.51,,,,,0.00300000000000011,TRUE,,12345,316345,1,rpca::rpca+stats::prcomp,20,1.13450915328883e-15,999500,-1.03809148777056e-12,55565.733368214,,,,,20260712_matched_nested_runtime_v2,a1ac36dc851bac1d124778c1264e783e,a8b31e5a5873e9e0e76423f60140c30b,R version 4.4.1 (2024-06-14),1.30.0,1.7.7,0.2.3,0.16.2,2026-07-12 09:27:59 UTC
155,1,gene_scaling,3,2000,500,500,5,0.08,0.1,0,nested_subsets_from_common_3000x3000_splatter_background_mid0,3000,3000,312345,313346,314346,2000:3031237:6056766919,500:755014:1509160898,Tau,K's tau,none,,20,fit_plus_score_excludes_data_generation_preprocessing; generalized_components_profiled,1.005,1.002,0.206,0.602,0.123000000000001,0.0709999999999997,0.00300000000000011,TRUE,,12345,317345,1,RSpectra::eigs_sym,20,1.73194791841524e-14,999500,1.13153583725101e-12,89228.9539076638,,,,,20260712_matched_nested_runtime_v2,a1ac36dc851bac1d124778c1264e783e,a8b31e5a5873e9e0e76423f60140c30b,R version 4.4.1 (2024-06-14),1.30.0,1.7.7,0.2.3,0.16.2,2026-07-12 07:52:27 UTC
190,1,gene_scaling,3,2000,500,500,5,0.08,0.1,0,nested_subsets_from_common_3000x3000_splatter_background_mid0,3000,3000,312345,313346,314346,2000:3031237:6056766919,500:755014:1509160898,Winsor,Winsor,pairwise_empirical_quantile,0.05,20,fit_plus_score_excludes_data_generation_preprocessing; generalized_components_profiled,1.288,1.285,0.212,0.872999999999999,0.125,0.0750000000000011,0.00300000000000011,TRUE,,12345,318345,1,RSpectra::eigs_sym,20,1.64313007644523e-14,999500,7.417087777295e-13,90029.805746969,27.1207716641536,36.4523383628169,38.121618925509,39.936796099712,20260712_matched_nested_runtime_v2,a1ac36dc851bac1d124778c1264e783e,a8b31e5a5873e9e0e76423f60140c30b,R version 4.4.1 (2024-06-14),1.30.0,1.7.7,0.2.3,0.16.2,2026-07-12 09:00:05 UTC
225,1,gene_scaling,3,2000,500,500,5,0.08,0.1,0,nested_subsets_from_common_3000x3000_splatter_background_mid0,3000,3000,312345,313346,314346,2000:3031237:6056766919,500:755014:1509160898,Quad,Quad,pairwise_empirical_quantile,0.05,20,fit_plus_score_excludes_data_generation_preprocessing; generalized_components_profiled,1.241,1.239,0.203999999999999,0.839,0.122999999999999,0.0730000000000004,0.00200000000000067,TRUE,,12345,319345,1,RSpectra::eigs_sym,20,2.1094237467878e-14,999500,8.72236310955898e-13,89870.4587867689,27.1207716641536,36.4523383628169,38.121618925509,39.936796099712,20260712_matched_nested_runtime_v2,a1ac36dc851bac1d124778c1264e783e,a8b31e5a5873e9e0e76423f60140c30b,R version 4.4.1 (2024-06-14),1.30.0,1.7.7,0.2.3,0.16.2,2026-07-12 09:22:18 UTC
260,1,gene_scaling,3,2000,500,500,5,0.08,0.1,0,nested_subsets_from_common_3000x3000_splatter_background_mid0,3000,3000,312345,313346,314346,2000:3031237:6056766919,500:755014:1509160898,Ball,Ball,pairwise_empirical_quantile,0.05,20,fit_plus_score_excludes_data_generation_preprocessing; generalized_components_profiled,1.264,1.262,0.214,0.847,0.125,0.0760000000000005,0.00199999999999889,TRUE,,12345,320345,1,RSpectra::eigs_sym,20,2.1316282072803e-14,999500,-4.29833252324485e-13,88804.3781242267,27.1207716641536,36.4523383628169,38.121618925509,39.936796099712,20260712_matched_nested_runtime_v2,a1ac36dc851bac1d124778c1264e783e,a8b31e5a5873e9e0e76423f60140c30b,R version 4.4.1 (2024-06-14),1.30.0,1.7.7,0.2.3,0.16.2,2026-07-12 09:03:36 UTC
295,1,gene_scaling,3,2000,500,500,5,0.08,0.1,0,nested_subsets_from_common_3000x3000_splatter_background_mid0,3000,3000,312345,313346,314346,2000:3031237:6056766919,500:755014:1509160898,Shell,Shell,pairwise_empirical_quantile,0.05,20,fit_plus_score_excludes_data_generation_preprocessing; generalized_components_profiled,1.234,1.232,0.209,0.826000000000001,0.123999999999999,0.0730000000000004,0.00200000000000067,TRUE,,12345,321345,1,RSpectra::eigs_sym,20,1.68753899743024e-14,999500,-2.48433218441591e-13,89316.7781451001,27.1207716641536,36.4523383628169,38.121618925509,39.936796099712,20260712_matched_nested_runtime_v2,a1ac36dc851bac1d124778c1264e783e,a8b31e5a5873e9e0e76423f60140c30b,R version 4.4.1 (2024-06-14),1.30.0,1.7.7,0.2.3,0.16.2,2026-07-12 09:00:20 UTC
330,1,gene_scaling,3,2000,500,500,5,0.08,0.1,0,nested_subsets_from_common_3000x3000_splatter_background_mid0,3000,3000,312345,313346,314346,2000:3031237:6056766919,500:755014:1509160898,LR,LR,pairwise_empirical_quantile,0.05,20,fit_plus_score_excludes_data_generation_preprocessing; generalized_components_profiled,1.344,1.341,0.203000000000001,0.941999999999998,0.123000000000001,0.0730000000000004,0.00300000000000011,TRUE,,12345,322345,1,RSpectra::eigs_sym,20,1.24344978758018e-14,999500,7.87089143861053e-13,89174.3558176898,27.1207716641536,36.4523383628169,38.121618925509,39.936796099712,20260712_matched_nested_runtime_v2,a1ac36dc851bac1d124778c1264e783e,a8b31e5a5873e9e0e76423f60140c30b,R version 4.4.1 (2024-06-14),1.30.0,1.7.7,0.2.3,0.16.2,2026-07-12 09:23:13 UTC
22,1,gene_scaling,4,2000,500,497,5,0.08,0.1,0,nested_subsets_from_common_3000x3000_splatter_background_mid0,3000,3000,412345,413346,414346,2000:2984285:5933584569,500:738671:1467646963,PCA,PCA,none,,20,fit_plus_score_excludes_data_generation_preprocessing; generalized_components_profiled,0.174999999999999,0.173,,,,,0.00199999999999889,TRUE,,12345,413345,1,stats::prcomp,20,1.77635683940025e-15,993503,2.54581772329843e-12,89634.0437626058,,,,,20260712_matched_nested_runtime_v2,a1ac36dc851bac1d124778c1264e783e,a8b31e5a5873e9e0e76423f60140c30b,R version 4.4.1 (2024-06-14),1.30.0,1.7.7,0.2.3,0.16.2,2026-07-12 09:11:31 UTC
57,1,gene_scaling,4,2000,500,497,5,0.08,0.1,0,nested_subsets_from_common_3000x3000_splatter_background_mid0,3000,3000,412345,413346,414346,2000:2984285:5933584569,500:738671:1467646963,Grid,PcaGrid,none,,20,fit_plus_score_excludes_data_generation_preprocessing; generalized_components_profiled,130.426,130.423,,,,,0.00300000000001432,TRUE,,12345,414345,1,rrcov::PcaGrid,20,3.33066907387547e-15,993503,-3.5271438547646e-13,41932.1530807614,,,,,20260712_matched_nested_runtime_v2,a1ac36dc851bac1d124778c1264e783e,a8b31e5a5873e9e0e76423f60140c30b,R version 4.4.1 (2024-06-14),1.30.0,1.7.7,0.2.3,0.16.2,2026-07-12 08:33:18 UTC
92,1,gene_scaling,4,2000,500,497,5,0.08,0.1,0,nested_subsets_from_common_3000x3000_splatter_background_mid0,3000,3000,412345,413346,414346,2000:2984285:5933584569,500:738671:1467646963,Hubert,PcaHubert,none,,20,fit_plus_score_excludes_data_generation_preprocessing; generalized_components_profiled,1.849,1.847,,,,,0.00200000000000067,TRUE,,12345,415345,1,rrcov::PcaHubert,20,1.75415237890775e-14,993503,-2.18389889505843e-12,85412.6593592638,,,,,20260712_matched_nested_runtime_v2,a1ac36dc851bac1d124778c1264e783e,a8b31e5a5873e9e0e76423f60140c30b,R version 4.4.1 (2024-06-14),1.30.0,1.7.7,0.2.3,0.16.2,2026-07-12 08:35:44 UTC
127,1,gene_scaling,4,2000,500,497,5,0.08,0.1,0,nested_subsets_from_common_3000x3000_splatter_background_mid0,3000,3000,412345,413346,414346,2000:2984285:5933584569,500:738671:1467646963,PCP,PCP,none,,20,fit_plus_score_excludes_data_generation_preprocessing; generalized_components_profiled,67.364,67.362,,,,,0.00199999999999534,TRUE,,12345,416345,1,rpca::rpca+stats::prcomp,20,1.4432899320127e-15,993503,8.17870077218785e-13,55634.3570001561,,,,,20260712_matched_nested_runtime_v2,a1ac36dc851bac1d124778c1264e783e,a8b31e5a5873e9e0e76423f60140c30b,R version 4.4.1 (2024-06-14),1.30.0,1.7.7,0.2.3,0.16.2,2026-07-12 07:05:53 UTC
162,1,gene_scaling,4,2000,500,497,5,0.08,0.1,0,nested_subsets_from_common_3000x3000_splatter_background_mid0,3000,3000,412345,413346,414346,2000:2984285:5933584569,500:738671:1467646963,Tau,K's tau,none,,20,fit_plus_score_excludes_data_generation_preprocessing; generalized_components_profiled,1.057,1.055,0.204000000000001,0.654999999999999,0.124000000000001,0.072000000000001,0.00199999999999889,TRUE,,12345,417345,1,RSpectra::eigs_sym,20,1.31006316905768e-14,993503,1.50049764280347e-12,88733.2844842495,,,,,20260712_matched_nested_runtime_v2,a1ac36dc851bac1d124778c1264e783e,a8b31e5a5873e9e0e76423f60140c30b,R version 4.4.1 (2024-06-14),1.30.0,1.7.7,0.2.3,0.16.2,2026-07-12 08:35:29 UTC
197,1,gene_scaling,4,2000,500,497,5,0.08,0.1,0,nested_subsets_from_common_3000x3000_splatter_background_mid0,3000,3000,412345,413346,414346,2000:2984285:5933584569,500:738671:1467646963,Winsor,Winsor,pairwise_empirical_quantile,0.05,20,fit_plus_score_excludes_data_generation_preprocessing; generalized_components_profiled,1.301,1.299,0.206000000000001,0.895,0.125,0.0730000000000004,0.00199999999999889,TRUE,,12345,418345,1,RSpectra::eigs_sym,20,1.3988810110277e-14,993503,1.45572442988851e-12,89523.1055963182,27.1008282566934,36.4395055008716,38.0296685558761,39.7495453187339,20260712_matched_nested_runtime_v2,a1ac36dc851bac1d124778c1264e783e,a8b31e5a5873e9e0e76423f60140c30b,R version 4.4.1 (2024-06-14),1.30.0,1.7.7,0.2.3,0.16.2,2026-07-12 07:41:49 UTC
232,1,gene_scaling,4,2000,500,497,5,0.08,0.1,0,nested_subsets_from_common_3000x3000_splatter_background_mid0,3000,3000,412345,413346,414346,2000:2984285:5933584569,500:738671:1467646963,Quad,Quad,pairwise_empirical_quantile,0.05,20,fit_plus_score_excludes_data_generation_preprocessing; generalized_components_profiled,1.365,1.362,0.226000000000001,0.92,0.126999999999999,0.0890000000000022,0.00300000000000011,TRUE,,12345,419345,1,RSpectra::eigs_sym,20,7.54951656745106e-15,993503,1.87458382150396e-12,89415.4438193971,27.1008282566934,36.4395055008716,38.0296685558761,39.7495453187339,20260712_matched_nested_runtime_v2,a1ac36dc851bac1d124778c1264e783e,a8b31e5a5873e9e0e76423f60140c30b,R version 4.4.1 (2024-06-14),1.30.0,1.7.7,0.2.3,0.16.2,2026-07-12 07:19:27 UTC
267,1,gene_scaling,4,2000,500,497,5,0.08,0.1,0,nested_subsets_from_common_3000x3000_splatter_background_mid0,3000,3000,412345,413346,414346,2000:2984285:5933584569,500:738671:1467646963,Ball,Ball,pairwise_empirical_quantile,0.05,20,fit_plus_score_excludes_data_generation_preprocessing; generalized_components_profiled,1.258,1.256,0.204999999999998,0.855,0.124000000000001,0.0719999999999992,0.00200000000000067,TRUE,,12345,420345,1,RSpectra::eigs_sym,20,1.22124532708767e-14,993503,-2.09929816585852e-12,88405.533371688,27.1008282566934,36.4395055008716,38.0296685558761,39.7495453187339,20260712_matched_nested_runtime_v2,a1ac36dc851bac1d124778c1264e783e,a8b31e5a5873e9e0e76423f60140c30b,R version 4.4.1 (2024-06-14),1.30.0,1.7.7,0.2.3,0.16.2,2026-07-12 09:35:22 UTC
302,1,gene_scaling,4,2000,500,497,5,0.08,0.1,0,nested_subsets_from_common_3000x3000_splatter_background_mid0,3000,3000,412345,413346,414346,2000:2984285:5933584569,500:738671:1467646963,Shell,Shell,pairwise_empirical_quantile,0.05,20,fit_plus_score_excludes_data_generation_preprocessing; generalized_components_profiled,1.259,1.256,0.207000000000001,0.852,0.123999999999999,0.0730000000000004,0.00300000000000011,TRUE,,12345,421345,1,RSpectra::eigs_sym,20,1.4432899320127e-14,993503,7.00276642229269e-13,88971.7830730032,27.1008282566934,36.4395055008716,38.0296685558761,39.7495453187339,20260712_matched_nested_runtime_v2,a1ac36dc851bac1d124778c1264e783e,a8b31e5a5873e9e0e76423f60140c30b,R version 4.4.1 (2024-06-14),1.30.0,1.7.7,0.2.3,0.16.2,2026-07-12 07:15:49 UTC
337,1,gene_scaling,4,2000,500,497,5,0.08,0.1,0,nested_subsets_from_common_3000x3000_splatter_background_mid0,3000,3000,412345,413346,414346,2000:2984285:5933584569,500:738671:1467646963,LR,LR,pairwise_empirical_quantile,0.05,20,fit_plus_score_excludes_data_generation_preprocessing; generalized_components_profiled,1.378,1.376,0.210000000000001,0.968,0.123999999999999,0.0740000000000016,0.00199999999999889,TRUE,,12345,422345,1,RSpectra::eigs_sym,20,1.82076576038526e-14,993503,8.95835489123087e-13,88807.5590001304,27.1008282566934,36.4395055008716,38.0296685558761,39.7495453187339,20260712_matched_nested_runtime_v2,a1ac36dc851bac1d124778c1264e783e,a8b31e5a5873e9e0e76423f60140c30b,R version 4.4.1 (2024-06-14),1.30.0,1.7.7,0.2.3,0.16.2,2026-07-12 06:54:26 UTC
29,1,gene_scaling,5,2000,500,497,5,0.08,0.1,0,nested_subsets_from_common_3000x3000_splatter_background_mid0,3000,3000,512345,513346,514346,2000:3020212:6100557648,500:727789:1430859315,PCA,PCA,none,,20,fit_plus_score_excludes_data_generation_preprocessing; generalized_components_profiled,0.174,0.171999999999999,,,,,0.00200000000000067,TRUE,,12345,513345,1,stats::prcomp,20,1.11022302462516e-15,993503,1.46616746521389e-12,89153.1733588947,,,,,20260712_matched_nested_runtime_v2,a1ac36dc851bac1d124778c1264e783e,a8b31e5a5873e9e0e76423f60140c30b,R version 4.4.1 (2024-06-14),1.30.0,1.7.7,0.2.3,0.16.2,2026-07-12 09:08:53 UTC
64,1,gene_scaling,5,2000,500,497,5,0.08,0.1,0,nested_subsets_from_common_3000x3000_splatter_background_mid0,3000,3000,512345,513346,514346,2000:3020212:6100557648,500:727789:1430859315,Grid,PcaGrid,none,,20,fit_plus_score_excludes_data_generation_preprocessing; generalized_components_profiled,131.868,131.865,,,,,0.00300000000001432,TRUE,,12345,514345,1,rrcov::PcaGrid,20,2.44249065417534e-15,993503,-1.25639082471096e-13,41936.9877620788,,,,,20260712_matched_nested_runtime_v2,a1ac36dc851bac1d124778c1264e783e,a8b31e5a5873e9e0e76423f60140c30b,R version 4.4.1 (2024-06-14),1.30.0,1.7.7,0.2.3,0.16.2,2026-07-12 09:37:14 UTC
99,1,gene_scaling,5,2000,500,497,5,0.08,0.1,0,nested_subsets_from_common_3000x3000_splatter_background_mid0,3000,3000,512345,513346,514346,2000:3020212:6100557648,500:727789:1430859315,Hubert,PcaHubert,none,,20,fit_plus_score_excludes_data_generation_preprocessing; generalized_components_profiled,1.967,1.965,,,,,0.00200000000000067,TRUE,,12345,515345,1,rrcov::PcaHubert,20,1.72604985859692e-14,993503,6.956241138667e-13,84563.012720725,,,,,20260712_matched_nested_runtime_v2,a1ac36dc851bac1d124778c1264e783e,a8b31e5a5873e9e0e76423f60140c30b,R version 4.4.1 (2024-06-14),1.30.0,1.7.7,0.2.3,0.16.2,2026-07-12 09:34:19 UTC
134,1,gene_scaling,5,2000,500,497,5,0.08,0.1,0,nested_subsets_from_common_3000x3000_splatter_background_mid0,3000,3000,512345,513346,514346,2000:3020212:6100557648,500:727789:1430859315,PCP,PCP,none,,20,fit_plus_score_excludes_data_generation_preprocessing; generalized_components_profiled,70.095,70.093,,,,,0.00200000000000955,TRUE,,12345,516345,1,rpca::rpca+stats::prcomp,20,2.88657986402541e-15,993503,1.65315330868943e-12,55432.2379879601,,,,,20260712_matched_nested_runtime_v2,a1ac36dc851bac1d124778c1264e783e,a8b31e5a5873e9e0e76423f60140c30b,R version 4.4.1 (2024-06-14),1.30.0,1.7.7,0.2.3,0.16.2,2026-07-12 07:10:58 UTC
169,1,gene_scaling,5,2000,500,497,5,0.08,0.1,0,nested_subsets_from_common_3000x3000_splatter_background_mid0,3000,3000,512345,513346,514346,2000:3020212:6100557648,500:727789:1430859315,Tau,K's tau,none,,20,fit_plus_score_excludes_data_generation_preprocessing; generalized_components_profiled,1.059,1.057,0.205,0.654999999999999,0.124000000000001,0.0730000000000004,0.00200000000000067,TRUE,,12345,517345,1,RSpectra::eigs_sym,20,1.50990331349021e-14,993503,4.27182594853193e-13,87838.8647336249,,,,,20260712_matched_nested_runtime_v2,a1ac36dc851bac1d124778c1264e783e,a8b31e5a5873e9e0e76423f60140c30b,R version 4.4.1 (2024-06-14),1.30.0,1.7.7,0.2.3,0.16.2,2026-07-12 06:59:41 UTC
204,1,gene_scaling,5,2000,500,497,5,0.08,0.1,0,nested_subsets_from_common_3000x3000_splatter_background_mid0,3000,3000,512345,513346,514346,2000:3020212:6100557648,500:727789:1430859315,Winsor,Winsor,pairwise_empirical_quantile,0.05,20,fit_plus_score_excludes_data_generation_preprocessing; generalized_components_profiled,1.281,1.279,0.206,0.875999999999999,0.124000000000001,0.0730000000000004,0.00199999999999889,TRUE,,12345,518345,1,RSpectra::eigs_sym,20,1.53210777398272e-14,993503,6.4399874322163e-13,88794.7514431137,27.0162421062581,36.7513798866462,38.6958665020657,41.4386665092253,20260712_matched_nested_runtime_v2,a1ac36dc851bac1d124778c1264e783e,a8b31e5a5873e9e0e76423f60140c30b,R version 4.4.1 (2024-06-14),1.30.0,1.7.7,0.2.3,0.16.2,2026-07-12 07:52:30 UTC
239,1,gene_scaling,5,2000,500,497,5,0.08,0.1,0,nested_subsets_from_common_3000x3000_splatter_background_mid0,3000,3000,512345,513346,514346,2000:3020212:6100557648,500:727789:1430859315,Quad,Quad,pairwise_empirical_quantile,0.05,20,fit_plus_score_excludes_data_generation_preprocessing; generalized_components_profiled,1.27,1.268,0.203000000000001,0.869,0.123999999999999,0.072000000000001,0.00200000000000067,TRUE,,12345,519345,1,RSpectra::eigs_sym,20,1.53210777398272e-14,993503,1.75724365614194e-12,88566.1268353217,27.0162421062581,36.7513798866462,38.6958665020657,41.4386665092253,20260712_matched_nested_runtime_v2,a1ac36dc851bac1d124778c1264e783e,a8b31e5a5873e9e0e76423f60140c30b,R version 4.4.1 (2024-06-14),1.30.0,1.7.7,0.2.3,0.16.2,2026-07-12 09:34:33 UTC
274,1,gene_scaling,5,2000,500,497,5,0.08,0.1,0,nested_subsets_from_common_3000x3000_splatter_background_mid0,3000,3000,512345,513346,514346,2000:3020212:6100557648,500:727789:1430859315,Ball,Ball,pairwise_empirical_quantile,0.05,20,fit_plus_score_excludes_data_generation_preprocessing; generalized_components_profiled,1.205,1.202,0.206,0.801,0.122999999999999,0.072000000000001,0.00300000000000011,TRUE,,12345,520345,1,RSpectra::eigs_sym,20,1.46549439250521e-14,993503,2.22217383383239e-12,87417.3242697824,27.0162421062581,36.7513798866462,38.6958665020657,41.4386665092253,20260712_matched_nested_runtime_v2,a1ac36dc851bac1d124778c1264e783e,a8b31e5a5873e9e0e76423f60140c30b,R version 4.4.1 (2024-06-14),1.30.0,1.7.7,0.2.3,0.16.2,2026-07-12 06:59:27 UTC
309,1,gene_scaling,5,2000,500,497,5,0.08,0.1,0,nested_subsets_from_common_3000x3000_splatter_background_mid0,3000,3000,512345,513346,514346,2000:3020212:6100557648,500:727789:1430859315,Shell,Shell,pairwise_empirical_quantile,0.05,20,fit_plus_score_excludes_data_generation_preprocessing; generalized_components_profiled,1.297,1.295,0.205,0.894,0.122999999999999,0.0730000000000004,0.00200000000000067,TRUE,,12345,521345,1,RSpectra::eigs_sym,20,1.50990331349021e-14,993503,1.2106357583086e-12,88051.6396563516,27.0162421062581,36.7513798866462,38.6958665020657,41.4386665092253,20260712_matched_nested_runtime_v2,a1ac36dc851bac1d124778c1264e783e,a8b31e5a5873e9e0e76423f60140c30b,R version 4.4.1 (2024-06-14),1.30.0,1.7.7,0.2.3,0.16.2,2026-07-12 09:34:48 UTC
344,1,gene_scaling,5,2000,500,497,5,0.08,0.1,0,nested_subsets_from_common_3000x3000_splatter_background_mid0,3000,3000,512345,513346,514346,2000:3020212:6100557648,500:727789:1430859315,LR,LR,pairwise_empirical_quantile,0.05,20,fit_plus_score_excludes_data_generation_preprocessing; generalized_components_profiled,1.373,1.371,0.204000000000001,0.971,0.123999999999999,0.072000000000001,0.00200000000000067,TRUE,,12345,522345,1,RSpectra::eigs_sym,20,1.37667655053519e-14,993503,-1.58668911343085e-12,87918.7493454473,27.0162421062581,36.7513798866462,38.6958665020657,41.4386665092253,20260712_matched_nested_runtime_v2,a1ac36dc851bac1d124778c1264e783e,a8b31e5a5873e9e0e76423f60140c30b,R version 4.4.1 (2024-06-14),1.30.0,1.7.7,0.2.3,0.16.2,2026-07-12 09:18:12 UTC
2,2,gene_scaling,1,2000,1000,994,5,0.08,0.1,0,nested_subsets_from_common_3000x3000_splatter_background_mid0,3000,3000,112345,113346,114346,2000:3009668:6033630768,1000:1526350:3098078572,PCA,PCA,none,,20,fit_plus_score_excludes_data_generation_preprocessing; generalized_components_profiled,0.801,0.795999999999999,,,,,0.00500000000000078,TRUE,,12345,113345,1,stats::prcomp,20,1.33226762955019e-15,1987006,4.31961758029509e-13,124327.128168898,,,,,20260712_matched_nested_runtime_v2,a1ac36dc851bac1d124778c1264e783e,a8b31e5a5873e9e0e76423f60140c30b,R version 4.4.1 (2024-06-14),1.30.0,1.7.7,0.2.3,0.16.2,2026-07-12 08:41:13 UTC
37,2,gene_scaling,1,2000,1000,994,5,0.08,0.1,0,nested_subsets_from_common_3000x3000_splatter_background_mid0,3000,3000,112345,113346,114346,2000:3009668:6033630768,1000:1526350:3098078572,Grid,PcaGrid,none,,20,fit_plus_score_excludes_data_generation_preprocessing; generalized_components_profiled,265.752,265.745,,,,,0.007000000000005,TRUE,,12345,114345,1,rrcov::PcaGrid,20,2.88657986402541e-15,1987006,1.22557519688371e-12,42451.0075650896,,,,,20260712_matched_nested_runtime_v2,a1ac36dc851bac1d124778c1264e783e,a8b31e5a5873e9e0e76423f60140c30b,R version 4.4.1 (2024-06-14),1.30.0,1.7.7,0.2.3,0.16.2,2026-07-12 07:15:38 UTC
72,2,gene_scaling,1,2000,1000,994,5,0.08,0.1,0,nested_subsets_from_common_3000x3000_splatter_background_mid0,3000,3000,112345,113346,114346,2000:3009668:6033630768,1000:1526350:3098078572,Hubert,PcaHubert,none,,20,fit_plus_score_excludes_data_generation_preprocessing; generalized_components_profiled,4.857,4.853,,,,,0.00399999999999778,TRUE,,12345,115345,1,rrcov::PcaHubert,20,1.26565424807268e-14,1987006,-1.27097637969698e-12,120200.822506557,,,,,20260712_matched_nested_runtime_v2,a1ac36dc851bac1d124778c1264e783e,a8b31e5a5873e9e0e76423f60140c30b,R version 4.4.1 (2024-06-14),1.30.0,1.7.7,0.2.3,0.16.2,2026-07-12 07:09:22 UTC
107,2,gene_scaling,1,2000,1000,994,5,0.08,0.1,0,nested_subsets_from_common_3000x3000_splatter_background_mid0,3000,3000,112345,113346,114346,2000:3009668:6033630768,1000:1526350:3098078572,PCP,PCP,none,,20,fit_plus_score_excludes_data_generation_preprocessing; generalized_components_profiled,304.239,304.233,,,,,0.00600000000002865,TRUE,,12345,116345,1,rpca::rpca+stats::prcomp,20,1.33226762955019e-15,1987006,-2.26103857858817e-14,71556.9539606071,,,,,20260712_matched_nested_runtime_v2,a1ac36dc851bac1d124778c1264e783e,a8b31e5a5873e9e0e76423f60140c30b,R version 4.4.1 (2024-06-14),1.30.0,1.7.7,0.2.3,0.16.2,2026-07-12 07:05:45 UTC
142,2,gene_scaling,1,2000,1000,994,5,0.08,0.1,0,nested_subsets_from_common_3000x3000_splatter_background_mid0,3000,3000,112345,113346,114346,2000:3009668:6033630768,1000:1526350:3098078572,Tau,K's tau,none,,20,fit_plus_score_excludes_data_generation_preprocessing; generalized_components_profiled,0.777000000000001,0.772,0.247,0.137,0.278,0.109999999999999,0.00500000000000078,TRUE,,12345,117345,1,RSpectra::eigs_sym,20,1.48769885299771e-14,1987006,4.44838610391685e-13,123466.550478166,,,,,20260712_matched_nested_runtime_v2,a1ac36dc851bac1d124778c1264e783e,a8b31e5a5873e9e0e76423f60140c30b,R version 4.4.1 (2024-06-14),1.30.0,1.7.7,0.2.3,0.16.2,2026-07-12 08:40:42 UTC
177,2,gene_scaling,1,2000,1000,994,5,0.08,0.1,0,nested_subsets_from_common_3000x3000_splatter_background_mid0,3000,3000,112345,113346,114346,2000:3009668:6033630768,1000:1526350:3098078572,Winsor,Winsor,pairwise_empirical_quantile,0.05,20,fit_plus_score_excludes_data_generation_preprocessing; generalized_components_profiled,0.988999999999999,0.984,0.247999999999999,0.343,0.282999999999999,0.110000000000001,0.00499999999999901,TRUE,,12345,118345,1,RSpectra::eigs_sym,20,1.90958360235527e-14,1987006,-1.65501640170262e-12,124200.945805918,39.4956206490343,49.7019147396938,51.1345257538874,52.7271367000796,20260712_matched_nested_runtime_v2,a1ac36dc851bac1d124778c1264e783e,a8b31e5a5873e9e0e76423f60140c30b,R version 4.4.1 (2024-06-14),1.30.0,1.7.7,0.2.3,0.16.2,2026-07-12 09:24:41 UTC
212,2,gene_scaling,1,2000,1000,994,5,0.08,0.1,0,nested_subsets_from_common_3000x3000_splatter_background_mid0,3000,3000,112345,113346,114346,2000:3009668:6033630768,1000:1526350:3098078572,Quad,Quad,pairwise_empirical_quantile,0.05,20,fit_plus_score_excludes_data_generation_preprocessing; generalized_components_profiled,1.175,1.17,0.328999999999999,0.415000000000001,0.305,0.120999999999999,0.00500000000000256,TRUE,,12345,119345,1,RSpectra::eigs_sym,20,2.62012633811537e-14,1987006,-9.13887021614102e-14,124084.350297109,39.4956206490343,49.7019147396938,51.1345257538874,52.7271367000796,20260712_matched_nested_runtime_v2,a1ac36dc851bac1d124778c1264e783e,a8b31e5a5873e9e0e76423f60140c30b,R version 4.4.1 (2024-06-14),1.30.0,1.7.7,0.2.3,0.16.2,2026-07-12 07:06:18 UTC
247,2,gene_scaling,1,2000,1000,994,5,0.08,0.1,0,nested_subsets_from_common_3000x3000_splatter_background_mid0,3000,3000,112345,113346,114346,2000:3009668:6033630768,1000:1526350:3098078572,Ball,Ball,pairwise_empirical_quantile,0.05,20,fit_plus_score_excludes_data_generation_preprocessing; generalized_components_profiled,0.974,0.969000000000001,0.245000000000001,0.329000000000001,0.283999999999999,0.111000000000001,0.00499999999999901,TRUE,,12345,120345,1,RSpectra::eigs_sym,20,8.65973959207622e-15,1987006,3.32165198124734e-12,122868.758065459,39.4956206490343,49.7019147396938,51.1345257538874,52.7271367000796,20260712_matched_nested_runtime_v2,a1ac36dc851bac1d124778c1264e783e,a8b31e5a5873e9e0e76423f60140c30b,R version 4.4.1 (2024-06-14),1.30.0,1.7.7,0.2.3,0.16.2,2026-07-12 08:40:14 UTC
282,2,gene_scaling,1,2000,1000,994,5,0.08,0.1,0,nested_subsets_from_common_3000x3000_splatter_background_mid0,3000,3000,112345,113346,114346,2000:3009668:6033630768,1000:1526350:3098078572,Shell,Shell,pairwise_empirical_quantile,0.05,20,fit_plus_score_excludes_data_generation_preprocessing; generalized_components_profiled,1.055,1.05,0.27,0.369,0.294000000000001,0.117000000000001,0.00499999999999901,TRUE,,12345,121345,1,RSpectra::eigs_sym,20,1.02140518265514e-14,1987006,-2.22555307516359e-12,123509.018592609,39.4956206490343,49.7019147396938,51.1345257538874,52.7271367000796,20260712_matched_nested_runtime_v2,a1ac36dc851bac1d124778c1264e783e,a8b31e5a5873e9e0e76423f60140c30b,R version 4.4.1 (2024-06-14),1.30.0,1.7.7,0.2.3,0.16.2,2026-07-12 07:09:59 UTC
317,2,gene_scaling,1,2000,1000,994,5,0.08,0.1,0,nested_subsets_from_common_3000x3000_splatter_background_mid0,3000,3000,112345,113346,114346,2000:3009668:6033630768,1000:1526350:3098078572,LR,LR,pairwise_empirical_quantile,0.05,20,fit_plus_score_excludes_data_generation_preprocessing; generalized_components_profiled,2.015,2.01,0.246,1.369,0.282,0.113000000000001,0.00499999999999901,TRUE,,12345,122345,1,RSpectra::eigs_sym,20,1.46549439250521e-14,1987006,1.2048591291336e-12,123356.892621646,39.4956206490343,49.7019147396938,51.1345257538874,52.7271367000796,20260712_matched_nested_runtime_v2,a1ac36dc851bac1d124778c1264e783e,a8b31e5a5873e9e0e76423f60140c30b,R version 4.4.1 (2024-06-14),1.30.0,1.7.7,0.2.3,0.16.2,2026-07-12 08:41:28 UTC
9,2,gene_scaling,2,2000,1000,995,5,0.08,0.1,0,nested_subsets_from_common_3000x3000_splatter_background_mid0,3000,3000,212345,213346,214346,2000:3001440:6013171852,1000:1483699:2961448817,PCA,PCA,none,,20,fit_plus_score_excludes_data_generation_preprocessing; generalized_components_profiled,0.843,0.838000000000001,,,,,0.00499999999999901,TRUE,,12345,213345,1,stats::prcomp,20,1.77635683940025e-15,1989005,-8.5728646403993e-13,125085.559036299,,,,,20260712_matched_nested_runtime_v2,a1ac36dc851bac1d124778c1264e783e,a8b31e5a5873e9e0e76423f60140c30b,R version 4.4.1 (2024-06-14),1.30.0,1.7.7,0.2.3,0.16.2,2026-07-12 07:16:06 UTC
44,2,gene_scaling,2,2000,1000,995,5,0.08,0.1,0,nested_subsets_from_common_3000x3000_splatter_background_mid0,3000,3000,212345,213346,214346,2000:3001440:6013171852,1000:1483699:2961448817,Grid,PcaGrid,none,,20,fit_plus_score_excludes_data_generation_preprocessing; generalized_components_profiled,260.765,260.757,,,,,0.0080000000000382,TRUE,,12345,214345,1,rrcov::PcaGrid,20,2.22044604925031e-15,1989005,1.26152040202943e-12,42235.3056669652,,,,,20260712_matched_nested_runtime_v2,a1ac36dc851bac1d124778c1264e783e,a8b31e5a5873e9e0e76423f60140c30b,R version 4.4.1 (2024-06-14),1.30.0,1.7.7,0.2.3,0.16.2,2026-07-12 07:01:57 UTC
79,2,gene_scaling,2,2000,1000,995,5,0.08,0.1,0,nested_subsets_from_common_3000x3000_splatter_background_mid0,3000,3000,212345,213346,214346,2000:3001440:6013171852,1000:1483699:2961448817,Hubert,PcaHubert,none,,20,fit_plus_score_excludes_data_generation_preprocessing; generalized_components_profiled,4.502,4.497,,,,,0.00499999999999901,TRUE,,12345,215345,1,rrcov::PcaHubert,20,5.80698683583236e-15,1989005,-4.40616293451157e-12,120585.960239553,,,,,20260712_matched_nested_runtime_v2,a1ac36dc851bac1d124778c1264e783e,a8b31e5a5873e9e0e76423f60140c30b,R version 4.4.1 (2024-06-14),1.30.0,1.7.7,0.2.3,0.16.2,2026-07-12 09:32:28 UTC
114,2,gene_scaling,2,2000,1000,995,5,0.08,0.1,0,nested_subsets_from_common_3000x3000_splatter_background_mid0,3000,3000,212345,213346,214346,2000:3001440:6013171852,1000:1483699:2961448817,PCP,PCP,none,,20,fit_plus_score_excludes_data_generation_preprocessing; generalized_components_profiled,276.557,276.552,,,,,0.00499999999999545,TRUE,,12345,216345,1,rpca::rpca+stats::prcomp,20,1.55431223447522e-15,1989005,1.00775637834616e-12,72256.1512135282,,,,,20260712_matched_nested_runtime_v2,a1ac36dc851bac1d124778c1264e783e,a8b31e5a5873e9e0e76423f60140c30b,R version 4.4.1 (2024-06-14),1.30.0,1.7.7,0.2.3,0.16.2,2026-07-12 07:52:08 UTC
149,2,gene_scaling,2,2000,1000,995,5,0.08,0.1,0,nested_subsets_from_common_3000x3000_splatter_background_mid0,3000,3000,212345,213346,214346,2000:3001440:6013171852,1000:1483699:2961448817,Tau,K's tau,none,,20,fit_plus_score_excludes_data_generation_preprocessing; generalized_components_profiled,0.777000000000001,0.772,0.246,0.135,0.284000000000001,0.106999999999999,0.00500000000000078,TRUE,,12345,217345,1,RSpectra::eigs_sym,20,2.30926389122033e-14,1989005,1.23598874191e-12,124133.422001471,,,,,20260712_matched_nested_runtime_v2,a1ac36dc851bac1d124778c1264e783e,a8b31e5a5873e9e0e76423f60140c30b,R version 4.4.1 (2024-06-14),1.30.0,1.7.7,0.2.3,0.16.2,2026-07-12 09:31:07 UTC
184,2,gene_scaling,2,2000,1000,995,5,0.08,0.1,0,nested_subsets_from_common_3000x3000_splatter_background_mid0,3000,3000,212345,213346,214346,2000:3001440:6013171852,1000:1483699:2961448817,Winsor,Winsor,pairwise_empirical_quantile,0.05,20,fit_plus_score_excludes_data_generation_preprocessing; generalized_components_profiled,1.019,1.014,0.25,0.357000000000001,0.292999999999999,0.114000000000001,0.00499999999999901,TRUE,,12345,218345,1,RSpectra::eigs_sym,20,2.1316282072803e-14,1989005,-2.69100713934378e-13,124902.031059705,39.5609891597051,49.8496127081904,51.9407653048316,54.0571466879937,20260712_matched_nested_runtime_v2,a1ac36dc851bac1d124778c1264e783e,a8b31e5a5873e9e0e76423f60140c30b,R version 4.4.1 (2024-06-14),1.30.0,1.7.7,0.2.3,0.16.2,2026-07-12 07:58:09 UTC
219,2,gene_scaling,2,2000,1000,995,5,0.08,0.1,0,nested_subsets_from_common_3000x3000_splatter_background_mid0,3000,3000,212345,213346,214346,2000:3001440:6013171852,1000:1483699:2961448817,Quad,Quad,pairwise_empirical_quantile,0.05,20,fit_plus_score_excludes_data_generation_preprocessing; generalized_components_profiled,1.007,1.002,0.25,0.350999999999999,0.289000000000002,0.111999999999998,0.00500000000000078,TRUE,,12345,219345,1,RSpectra::eigs_sym,20,2.1316282072803e-14,1989005,-2.25721524804712e-12,124703.336461342,39.5609891597051,49.8496127081904,51.9407653048316,54.0571466879937,20260712_matched_nested_runtime_v2,a1ac36dc851bac1d124778c1264e783e,a8b31e5a5873e9e0e76423f60140c30b,R version 4.4.1 (2024-06-14),1.30.0,1.7.7,0.2.3,0.16.2,2026-07-12 07:54:02 UTC
254,2,gene_scaling,2,2000,1000,995,5,0.08,0.1,0,nested_subsets_from_common_3000x3000_splatter_background_mid0,3000,3000,212345,213346,214346,2000:3001440:6013171852,1000:1483699:2961448817,Ball,Ball,pairwise_empirical_quantile,0.05,20,fit_plus_score_excludes_data_generation_preprocessing; generalized_components_profiled,0.991,0.985999999999999,0.248999999999999,0.333,0.289000000000002,0.114999999999998,0.00500000000000078,TRUE,,12345,220345,1,RSpectra::eigs_sym,20,1.57651669496772e-14,1989005,-1.8805096368979e-13,123237.629663305,39.5609891597051,49.8496127081904,51.9407653048316,54.0571466879937,20260712_matched_nested_runtime_v2,a1ac36dc851bac1d124778c1264e783e,a8b31e5a5873e9e0e76423f60140c30b,R version 4.4.1 (2024-06-14),1.30.0,1.7.7,0.2.3,0.16.2,2026-07-12 06:56:54 UTC
289,2,gene_scaling,2,2000,1000,995,5,0.08,0.1,0,nested_subsets_from_common_3000x3000_splatter_background_mid0,3000,3000,212345,213346,214346,2000:3001440:6013171852,1000:1483699:2961448817,Shell,Shell,pairwise_empirical_quantile,0.05,20,fit_plus_score_excludes_data_generation_preprocessing; generalized_components_profiled,1,0.995000000000001,0.247,0.35,0.289000000000002,0.109,0.00499999999999901,TRUE,,12345,221345,1,RSpectra::eigs_sym,20,1.37667655053519e-14,1989005,2.00344255074647e-12,123946.298689486,39.5609891597051,49.8496127081904,51.9407653048316,54.0571466879937,20260712_matched_nested_runtime_v2,a1ac36dc851bac1d124778c1264e783e,a8b31e5a5873e9e0e76423f60140c30b,R version 4.4.1 (2024-06-14),1.30.0,1.7.7,0.2.3,0.16.2,2026-07-12 09:11:32 UTC
324,2,gene_scaling,2,2000,1000,995,5,0.08,0.1,0,nested_subsets_from_common_3000x3000_splatter_background_mid0,3000,3000,212345,213346,214346,2000:3001440:6013171852,1000:1483699:2961448817,LR,LR,pairwise_empirical_quantile,0.05,20,fit_plus_score_excludes_data_generation_preprocessing; generalized_components_profiled,2.171,2.166,0.253,1.501,0.295,0.117000000000001,0.00499999999999901,TRUE,,12345,222345,1,RSpectra::eigs_sym,20,1.73194791841524e-14,1989005,1.66269602253077e-12,123768.584445056,39.5609891597051,49.8496127081904,51.9407653048316,54.0571466879937,20260712_matched_nested_runtime_v2,a1ac36dc851bac1d124778c1264e783e,a8b31e5a5873e9e0e76423f60140c30b,R version 4.4.1 (2024-06-14),1.30.0,1.7.7,0.2.3,0.16.2,2026-07-12 08:00:19 UTC
16,2,gene_scaling,3,2000,1000,998,5,0.08,0.1,0,nested_subsets_from_common_3000x3000_splatter_background_mid0,3000,3000,312345,313346,314346,2000:3031237:6056766919,1000:1510611:3046268007,PCA,PCA,none,,20,fit_plus_score_excludes_data_generation_preprocessing; generalized_components_profiled,0.814,0.810000000000001,,,,,0.00399999999999956,TRUE,,12345,313345,1,stats::prcomp,20,1.33226762955019e-15,1995002,-1.79451245529982e-12,125473.069824469,,,,,20260712_matched_nested_runtime_v2,a1ac36dc851bac1d124778c1264e783e,a8b31e5a5873e9e0e76423f60140c30b,R version 4.4.1 (2024-06-14),1.30.0,1.7.7,0.2.3,0.16.2,2026-07-12 09:28:13 UTC
51,2,gene_scaling,3,2000,1000,998,5,0.08,0.1,0,nested_subsets_from_common_3000x3000_splatter_background_mid0,3000,3000,312345,313346,314346,2000:3031237:6056766919,1000:1510611:3046268007,Grid,PcaGrid,none,,20,fit_plus_score_excludes_data_generation_preprocessing; generalized_components_profiled,267.936,267.928,,,,,0.00799999999998136,TRUE,,12345,314345,1,rrcov::PcaGrid,20,2.88657986402541e-15,1995002,-1.17777315677969e-12,42438.9762783228,,,,,20260712_matched_nested_runtime_v2,a1ac36dc851bac1d124778c1264e783e,a8b31e5a5873e9e0e76423f60140c30b,R version 4.4.1 (2024-06-14),1.30.0,1.7.7,0.2.3,0.16.2,2026-07-12 09:21:49 UTC
86,2,gene_scaling,3,2000,1000,998,5,0.08,0.1,0,nested_subsets_from_common_3000x3000_splatter_background_mid0,3000,3000,312345,313346,314346,2000:3031237:6056766919,1000:1510611:3046268007,Hubert,PcaHubert,none,,20,fit_plus_score_excludes_data_generation_preprocessing; generalized_components_profiled,4.281,4.276,,,,,0.00499999999999901,TRUE,,12345,315345,1,rrcov::PcaHubert,20,9.23133097741058e-15,1995002,-2.83199505513032e-12,120920.710176279,,,,,20260712_matched_nested_runtime_v2,a1ac36dc851bac1d124778c1264e783e,a8b31e5a5873e9e0e76423f60140c30b,R version 4.4.1 (2024-06-14),1.30.0,1.7.7,0.2.3,0.16.2,2026-07-12 06:56:04 UTC
121,2,gene_scaling,3,2000,1000,998,5,0.08,0.1,0,nested_subsets_from_common_3000x3000_splatter_background_mid0,3000,3000,312345,313346,314346,2000:3031237:6056766919,1000:1510611:3046268007,PCP,PCP,none,,20,fit_plus_score_excludes_data_generation_preprocessing; generalized_components_profiled,277.516,277.511,,,,,0.00499999999999545,TRUE,,12345,316345,1,rpca::rpca+stats::prcomp,20,1.33226762955019e-15,1995002,-8.32823393581705e-13,72806.2402661809,,,,,20260712_matched_nested_runtime_v2,a1ac36dc851bac1d124778c1264e783e,a8b31e5a5873e9e0e76423f60140c30b,R version 4.4.1 (2024-06-14),1.30.0,1.7.7,0.2.3,0.16.2,2026-07-12 07:15:34 UTC
156,2,gene_scaling,3,2000,1000,998,5,0.08,0.1,0,nested_subsets_from_common_3000x3000_splatter_background_mid0,3000,3000,312345,313346,314346,2000:3031237:6056766919,1000:1510611:3046268007,Tau,K's tau,none,,20,fit_plus_score_excludes_data_generation_preprocessing; generalized_components_profiled,0.782,0.778000000000001,0.243,0.135999999999999,0.287000000000001,0.112,0.00399999999999956,TRUE,,12345,317345,1,RSpectra::eigs_sym,20,1.15463194561016e-14,1995002,-2.08963402137385e-12,124509.211619852,,,,,20260712_matched_nested_runtime_v2,a1ac36dc851bac1d124778c1264e783e,a8b31e5a5873e9e0e76423f60140c30b,R version 4.4.1 (2024-06-14),1.30.0,1.7.7,0.2.3,0.16.2,2026-07-12 09:26:10 UTC
191,2,gene_scaling,3,2000,1000,998,5,0.08,0.1,0,nested_subsets_from_common_3000x3000_splatter_background_mid0,3000,3000,312345,313346,314346,2000:3031237:6056766919,1000:1510611:3046268007,Winsor,Winsor,pairwise_empirical_quantile,0.05,20,fit_plus_score_excludes_data_generation_preprocessing; generalized_components_profiled,1.016,1.011,0.249000000000001,0.356999999999999,0.289,0.116,0.00500000000000078,TRUE,,12345,318345,1,RSpectra::eigs_sym,20,1.24344978758018e-14,1995002,-2.58828375399034e-12,125342.341632981,39.4978590937161,50.021893693723,51.8390788668148,53.7191034052107,20260712_matched_nested_runtime_v2,a1ac36dc851bac1d124778c1264e783e,a8b31e5a5873e9e0e76423f60140c30b,R version 4.4.1 (2024-06-14),1.30.0,1.7.7,0.2.3,0.16.2,2026-07-12 07:51:58 UTC
226,2,gene_scaling,3,2000,1000,998,5,0.08,0.1,0,nested_subsets_from_common_3000x3000_splatter_background_mid0,3000,3000,312345,313346,314346,2000:3031237:6056766919,1000:1510611:3046268007,Quad,Quad,pairwise_empirical_quantile,0.05,20,fit_plus_score_excludes_data_generation_preprocessing; generalized_components_profiled,1.014,1.009,0.246,0.356999999999999,0.295,0.111000000000001,0.00499999999999901,TRUE,,12345,319345,1,RSpectra::eigs_sym,20,1.11022302462516e-14,1995002,1.04111511078919e-12,125181.720085605,39.4978590937161,50.021893693723,51.8390788668148,53.7191034052107,20260712_matched_nested_runtime_v2,a1ac36dc851bac1d124778c1264e783e,a8b31e5a5873e9e0e76423f60140c30b,R version 4.4.1 (2024-06-14),1.30.0,1.7.7,0.2.3,0.16.2,2026-07-12 08:59:29 UTC
261,2,gene_scaling,3,2000,1000,998,5,0.08,0.1,0,nested_subsets_from_common_3000x3000_splatter_background_mid0,3000,3000,312345,313346,314346,2000:3031237:6056766919,1000:1510611:3046268007,Ball,Ball,pairwise_empirical_quantile,0.05,20,fit_plus_score_excludes_data_generation_preprocessing; generalized_components_profiled,1.002,0.997,0.25,0.338000000000001,0.292,0.116999999999999,0.00500000000000078,TRUE,,12345,320345,1,RSpectra::eigs_sym,20,1.02140518265514e-14,1995002,-1.14803999640145e-12,123738.276088242,39.4978590937161,50.021893693723,51.8390788668148,53.7191034052107,20260712_matched_nested_runtime_v2,a1ac36dc851bac1d124778c1264e783e,a8b31e5a5873e9e0e76423f60140c30b,R version 4.4.1 (2024-06-14),1.30.0,1.7.7,0.2.3,0.16.2,2026-07-12 09:02:28 UTC
296,2,gene_scaling,3,2000,1000,998,5,0.08,0.1,0,nested_subsets_from_common_3000x3000_splatter_background_mid0,3000,3000,312345,313346,314346,2000:3031237:6056766919,1000:1510611:3046268007,Shell,Shell,pairwise_empirical_quantile,0.05,20,fit_plus_score_excludes_data_generation_preprocessing; generalized_components_profiled,1,0.995000000000001,0.241999999999999,0.361000000000001,0.284000000000001,0.108000000000001,0.00499999999999901,TRUE,,12345,321345,1,RSpectra::eigs_sym,20,1.26565424807268e-14,1995002,-1.12124198814456e-12,124416.855446542,39.4978590937161,50.021893693723,51.8390788668148,53.7191034052107,20260712_matched_nested_runtime_v2,a1ac36dc851bac1d124778c1264e783e,a8b31e5a5873e9e0e76423f60140c30b,R version 4.4.1 (2024-06-14),1.30.0,1.7.7,0.2.3,0.16.2,2026-07-12 09:23:28 UTC
331,2,gene_scaling,3,2000,1000,998,5,0.08,0.1,0,nested_subsets_from_common_3000x3000_splatter_background_mid0,3000,3000,312345,313346,314346,2000:3031237:6056766919,1000:1510611:3046268007,LR,LR,pairwise_empirical_quantile,0.05,20,fit_plus_score_excludes_data_generation_preprocessing; generalized_components_profiled,2.102,2.097,0.241999999999999,1.423,0.315000000000001,0.116999999999999,0.00500000000000078,TRUE,,12345,322345,1,RSpectra::eigs_sym,20,1.26565424807268e-14,1995002,-4.39721176137553e-13,124230.018683512,39.4978590937161,50.021893693723,51.8390788668148,53.7191034052107,20260712_matched_nested_runtime_v2,a1ac36dc851bac1d124778c1264e783e,a8b31e5a5873e9e0e76423f60140c30b,R version 4.4.1 (2024-06-14),1.30.0,1.7.7,0.2.3,0.16.2,2026-07-12 09:13:01 UTC
23,2,gene_scaling,4,2000,1000,996,5,0.08,0.1,0,nested_subsets_from_common_3000x3000_splatter_background_mid0,3000,3000,412345,413346,414346,2000:2984285:5933584569,1000:1463433:2893778167,PCA,PCA,none,,20,fit_plus_score_excludes_data_generation_preprocessing; generalized_components_profiled,0.805,0.800000000000001,,,,,0.00499999999999901,TRUE,,12345,413345,1,stats::prcomp,20,1.66533453693773e-15,1991004,-2.34072830562759e-12,124528.140235863,,,,,20260712_matched_nested_runtime_v2,a1ac36dc851bac1d124778c1264e783e,a8b31e5a5873e9e0e76423f60140c30b,R version 4.4.1 (2024-06-14),1.30.0,1.7.7,0.2.3,0.16.2,2026-07-12 06:59:07 UTC
58,2,gene_scaling,4,2000,1000,996,5,0.08,0.1,0,nested_subsets_from_common_3000x3000_splatter_background_mid0,3000,3000,412345,413346,414346,2000:2984285:5933584569,1000:1463433:2893778167,Grid,PcaGrid,none,,20,fit_plus_score_excludes_data_generation_preprocessing; generalized_components_profiled,268.607,268.598,,,,,0.00900000000001455,TRUE,,12345,414345,1,rrcov::PcaGrid,20,4.77395900588817e-15,1991004,-5.61814483823753e-13,42128.7132190034,,,,,20260712_matched_nested_runtime_v2,a1ac36dc851bac1d124778c1264e783e,a8b31e5a5873e9e0e76423f60140c30b,R version 4.4.1 (2024-06-14),1.30.0,1.7.7,0.2.3,0.16.2,2026-07-12 07:15:18 UTC
93,2,gene_scaling,4,2000,1000,996,5,0.08,0.1,0,nested_subsets_from_common_3000x3000_splatter_background_mid0,3000,3000,412345,413346,414346,2000:2984285:5933584569,1000:1463433:2893778167,Hubert,PcaHubert,none,,20,fit_plus_score_excludes_data_generation_preprocessing; generalized_components_profiled,4.596,4.591,,,,,0.00499999999999901,TRUE,,12345,415345,1,rrcov::PcaHubert,20,9.43689570931383e-15,1991004,4.99142394083663e-12,120191.251657493,,,,,20260712_matched_nested_runtime_v2,a1ac36dc851bac1d124778c1264e783e,a8b31e5a5873e9e0e76423f60140c30b,R version 4.4.1 (2024-06-14),1.30.0,1.7.7,0.2.3,0.16.2,2026-07-12 07:42:59 UTC
128,2,gene_scaling,4,2000,1000,996,5,0.08,0.1,0,nested_subsets_from_common_3000x3000_splatter_background_mid0,3000,3000,412345,413346,414346,2000:2984285:5933584569,1000:1463433:2893778167,PCP,PCP,none,,20,fit_plus_score_excludes_data_generation_preprocessing; generalized_components_profiled,269.585,269.58,,,,,0.00499999999999545,TRUE,,12345,416345,1,rpca::rpca+stats::prcomp,20,1.33226762955019e-15,1991004,1.8641754806481e-12,72319.7394676711,,,,,20260712_matched_nested_runtime_v2,a1ac36dc851bac1d124778c1264e783e,a8b31e5a5873e9e0e76423f60140c30b,R version 4.4.1 (2024-06-14),1.30.0,1.7.7,0.2.3,0.16.2,2026-07-12 07:10:36 UTC
163,2,gene_scaling,4,2000,1000,996,5,0.08,0.1,0,nested_subsets_from_common_3000x3000_splatter_background_mid0,3000,3000,412345,413346,414346,2000:2984285:5933584569,1000:1463433:2893778167,Tau,K's tau,none,,20,fit_plus_score_excludes_data_generation_preprocessing; generalized_components_profiled,0.782,0.777000000000001,0.248000000000001,0.138,0.282999999999999,0.108000000000001,0.00499999999999901,TRUE,,12345,417345,1,RSpectra::eigs_sym,20,1.33226762955019e-14,1991004,-1.56562263153859e-12,123770.416232344,,,,,20260712_matched_nested_runtime_v2,a1ac36dc851bac1d124778c1264e783e,a8b31e5a5873e9e0e76423f60140c30b,R version 4.4.1 (2024-06-14),1.30.0,1.7.7,0.2.3,0.16.2,2026-07-12 07:41:34 UTC
198,2,gene_scaling,4,2000,1000,996,5,0.08,0.1,0,nested_subsets_from_common_3000x3000_splatter_background_mid0,3000,3000,412345,413346,414346,2000:2984285:5933584569,1000:1463433:2893778167,Winsor,Winsor,pairwise_empirical_quantile,0.05,20,fit_plus_score_excludes_data_generation_preprocessing; generalized_components_profiled,0.994,0.988999999999999,0.247,0.347999999999999,0.286000000000001,0.107999999999999,0.00500000000000078,TRUE,,12345,418345,1,RSpectra::eigs_sym,20,1.19904086659517e-14,1991004,-1.92478671889873e-12,124471.370103935,39.6759223885343,49.889509047891,51.4250960146232,52.9901014849806,20260712_matched_nested_runtime_v2,a1ac36dc851bac1d124778c1264e783e,a8b31e5a5873e9e0e76423f60140c30b,R version 4.4.1 (2024-06-14),1.30.0,1.7.7,0.2.3,0.16.2,2026-07-12 08:35:59 UTC
233,2,gene_scaling,4,2000,1000,996,5,0.08,0.1,0,nested_subsets_from_common_3000x3000_splatter_background_mid0,3000,3000,412345,413346,414346,2000:2984285:5933584569,1000:1463433:2893778167,Quad,Quad,pairwise_empirical_quantile,0.05,20,fit_plus_score_excludes_data_generation_preprocessing; generalized_components_profiled,1.003,0.997999999999999,0.25,0.350999999999999,0.286,0.111000000000001,0.00500000000000078,TRUE,,12345,419345,1,RSpectra::eigs_sym,20,1.50990331349021e-14,1991004,-1.29935645576396e-12,124388.689217444,39.6759223885343,49.889509047891,51.4250960146232,52.9901014849806,20260712_matched_nested_runtime_v2,a1ac36dc851bac1d124778c1264e783e,a8b31e5a5873e9e0e76423f60140c30b,R version 4.4.1 (2024-06-14),1.30.0,1.7.7,0.2.3,0.16.2,2026-07-12 09:11:01 UTC
268,2,gene_scaling,4,2000,1000,996,5,0.08,0.1,0,nested_subsets_from_common_3000x3000_splatter_background_mid0,3000,3000,412345,413346,414346,2000:2984285:5933584569,1000:1463433:2893778167,Ball,Ball,pairwise_empirical_quantile,0.05,20,fit_plus_score_excludes_data_generation_preprocessing; generalized_components_profiled,0.984,0.979000000000001,0.245000000000001,0.337999999999999,0.288,0.108000000000001,0.00499999999999901,TRUE,,12345,420345,1,RSpectra::eigs_sym,20,1.53210777398272e-14,1991004,-4.38602973384938e-12,123129.910420641,39.6759223885343,49.889509047891,51.4250960146232,52.9901014849806,20260712_matched_nested_runtime_v2,a1ac36dc851bac1d124778c1264e783e,a8b31e5a5873e9e0e76423f60140c30b,R version 4.4.1 (2024-06-14),1.30.0,1.7.7,0.2.3,0.16.2,2026-07-12 08:35:14 UTC
303,2,gene_scaling,4,2000,1000,996,5,0.08,0.1,0,nested_subsets_from_common_3000x3000_splatter_background_mid0,3000,3000,412345,413346,414346,2000:2984285:5933584569,1000:1463433:2893778167,Shell,Shell,pairwise_empirical_quantile,0.05,20,fit_plus_score_excludes_data_generation_preprocessing; generalized_components_profiled,1.002,0.998000000000001,0.252000000000001,0.350999999999999,0.287000000000001,0.108000000000001,0.00399999999999956,TRUE,,12345,421345,1,RSpectra::eigs_sym,20,1.75415237890775e-14,1991004,-3.86462736812199e-12,123788.833963683,39.6759223885343,49.889509047891,51.4250960146232,52.9901014849806,20260712_matched_nested_runtime_v2,a1ac36dc851bac1d124778c1264e783e,a8b31e5a5873e9e0e76423f60140c30b,R version 4.4.1 (2024-06-14),1.30.0,1.7.7,0.2.3,0.16.2,2026-07-12 09:35:57 UTC
338,2,gene_scaling,4,2000,1000,996,5,0.08,0.1,0,nested_subsets_from_common_3000x3000_splatter_background_mid0,3000,3000,412345,413346,414346,2000:2984285:5933584569,1000:1463433:2893778167,LR,LR,pairwise_empirical_quantile,0.05,20,fit_plus_score_excludes_data_generation_preprocessing; generalized_components_profiled,2.042,2.037,0.253,1.397,0.280999999999999,0.106,0.00500000000000078,TRUE,,12345,422345,1,RSpectra::eigs_sym,20,1.33226762955019e-14,1991004,-3.7020594922943e-12,123606.793345811,39.6759223885343,49.889509047891,51.4250960146232,52.9901014849806,20260712_matched_nested_runtime_v2,a1ac36dc851bac1d124778c1264e783e,a8b31e5a5873e9e0e76423f60140c30b,R version 4.4.1 (2024-06-14),1.30.0,1.7.7,0.2.3,0.16.2,2026-07-12 06:57:46 UTC
30,2,gene_scaling,5,2000,1000,992,5,0.08,0.1,0,nested_subsets_from_common_3000x3000_splatter_background_mid0,3000,3000,512345,513346,514346,2000:3020212:6100557648,1000:1455642:2868412942,PCA,PCA,none,,20,fit_plus_score_excludes_data_generation_preprocessing; generalized_components_profiled,0.817,0.812999999999999,,,,,0.00400000000000134,TRUE,,12345,513345,1,stats::prcomp,20,1.44675937896466e-15,1983008,7.7083478489115e-13,123500.998515641,,,,,20260712_matched_nested_runtime_v2,a1ac36dc851bac1d124778c1264e783e,a8b31e5a5873e9e0e76423f60140c30b,R version 4.4.1 (2024-06-14),1.30.0,1.7.7,0.2.3,0.16.2,2026-07-12 09:37:28 UTC
65,2,gene_scaling,5,2000,1000,992,5,0.08,0.1,0,nested_subsets_from_common_3000x3000_splatter_background_mid0,3000,3000,512345,513346,514346,2000:3020212:6100557648,1000:1455642:2868412942,Grid,PcaGrid,none,,20,fit_plus_score_excludes_data_generation_preprocessing; generalized_components_profiled,258.014,258.006,,,,,0.00799999999998136,TRUE,,12345,514345,1,rrcov::PcaGrid,20,4.44089209850063e-15,1983008,7.87645990096841e-13,42182.0994004399,,,,,20260712_matched_nested_runtime_v2,a1ac36dc851bac1d124778c1264e783e,a8b31e5a5873e9e0e76423f60140c30b,R version 4.4.1 (2024-06-14),1.30.0,1.7.7,0.2.3,0.16.2,2026-07-12 06:59:12 UTC
100,2,gene_scaling,5,2000,1000,992,5,0.08,0.1,0,nested_subsets_from_common_3000x3000_splatter_background_mid0,3000,3000,512345,513346,514346,2000:3020212:6100557648,1000:1455642:2868412942,Hubert,PcaHubert,none,,20,fit_plus_score_excludes_data_generation_preprocessing; generalized_components_profiled,4.866,4.861,,,,,0.00500000000000256,TRUE,,12345,515345,1,rrcov::PcaHubert,20,9.54791801177635e-15,1983008,1.64045166339832e-12,118133.293815583,,,,,20260712_matched_nested_runtime_v2,a1ac36dc851bac1d124778c1264e783e,a8b31e5a5873e9e0e76423f60140c30b,R version 4.4.1 (2024-06-14),1.30.0,1.7.7,0.2.3,0.16.2,2026-07-12 09:34:03 UTC
135,2,gene_scaling,5,2000,1000,992,5,0.08,0.1,0,nested_subsets_from_common_3000x3000_splatter_background_mid0,3000,3000,512345,513346,514346,2000:3020212:6100557648,1000:1455642:2868412942,PCP,PCP,none,,20,fit_plus_score_excludes_data_generation_preprocessing; generalized_components_profiled,278.382,278.378,,,,,0.0040000000000191,TRUE,,12345,516345,1,rpca::rpca+stats::prcomp,20,1.77635683940025e-15,1983008,-3.74579187112367e-12,72015.9811455437,,,,,20260712_matched_nested_runtime_v2,a1ac36dc851bac1d124778c1264e783e,a8b31e5a5873e9e0e76423f60140c30b,R version 4.4.1 (2024-06-14),1.30.0,1.7.7,0.2.3,0.16.2,2026-07-12 09:08:25 UTC
170,2,gene_scaling,5,2000,1000,992,5,0.08,0.1,0,nested_subsets_from_common_3000x3000_splatter_background_mid0,3000,3000,512345,513346,514346,2000:3020212:6100557648,1000:1455642:2868412942,Tau,K's tau,none,,20,fit_plus_score_excludes_data_generation_preprocessing; generalized_components_profiled,0.785,0.779999999999999,0.247999999999999,0.137,0.284000000000001,0.110999999999999,0.00500000000000078,TRUE,,12345,517345,1,RSpectra::eigs_sym,20,1.37667655053519e-14,1983008,8.96862445420865e-13,122487.546339531,,,,,20260712_matched_nested_runtime_v2,a1ac36dc851bac1d124778c1264e783e,a8b31e5a5873e9e0e76423f60140c30b,R version 4.4.1 (2024-06-14),1.30.0,1.7.7,0.2.3,0.16.2,2026-07-12 09:18:59 UTC
205,2,gene_scaling,5,2000,1000,992,5,0.08,0.1,0,nested_subsets_from_common_3000x3000_splatter_background_mid0,3000,3000,512345,513346,514346,2000:3020212:6100557648,1000:1455642:2868412942,Winsor,Winsor,pairwise_empirical_quantile,0.05,20,fit_plus_score_excludes_data_generation_preprocessing; generalized_components_profiled,1.049,1.044,0.265000000000001,0.372999999999999,0.288,0.118,0.00499999999999901,TRUE,,12345,518345,1,RSpectra::eigs_sym,20,1.28785870856518e-14,1983008,1.37869576866123e-12,123321.037728956,39.5902413638245,49.7565834898995,51.4442401225521,53.3228418502481,20260712_matched_nested_runtime_v2,a1ac36dc851bac1d124778c1264e783e,a8b31e5a5873e9e0e76423f60140c30b,R version 4.4.1 (2024-06-14),1.30.0,1.7.7,0.2.3,0.16.2,2026-07-12 06:54:40 UTC
240,2,gene_scaling,5,2000,1000,992,5,0.08,0.1,0,nested_subsets_from_common_3000x3000_splatter_background_mid0,3000,3000,512345,513346,514346,2000:3020212:6100557648,1000:1455642:2868412942,Quad,Quad,pairwise_empirical_quantile,0.05,20,fit_plus_score_excludes_data_generation_preprocessing; generalized_components_profiled,1.014,1.01,0.249000000000001,0.366999999999999,0.285,0.109,0.00399999999999956,TRUE,,12345,519345,1,RSpectra::eigs_sym,20,1.37667655053519e-14,1983008,1.836381741116e-12,123157.51618903,39.5902413638245,49.7565834898995,51.4442401225521,53.3228418502481,20260712_matched_nested_runtime_v2,a1ac36dc851bac1d124778c1264e783e,a8b31e5a5873e9e0e76423f60140c30b,R version 4.4.1 (2024-06-14),1.30.0,1.7.7,0.2.3,0.16.2,2026-07-12 09:18:45 UTC
275,2,gene_scaling,5,2000,1000,992,5,0.08,0.1,0,nested_subsets_from_common_3000x3000_splatter_background_mid0,3000,3000,512345,513346,514346,2000:3020212:6100557648,1000:1455642:2868412942,Ball,Ball,pairwise_empirical_quantile,0.05,20,fit_plus_score_excludes_data_generation_preprocessing; generalized_components_profiled,1.005,1,0.253,0.35,0.289000000000002,0.107999999999999,0.00500000000000078,TRUE,,12345,520345,1,RSpectra::eigs_sym,20,1.57651669496772e-14,1983008,2.74947772882506e-12,121689.849229198,39.5902413638245,49.7565834898995,51.4442401225521,53.3228418502481,20260712_matched_nested_runtime_v2,a1ac36dc851bac1d124778c1264e783e,a8b31e5a5873e9e0e76423f60140c30b,R version 4.4.1 (2024-06-14),1.30.0,1.7.7,0.2.3,0.16.2,2026-07-12 07:50:12 UTC
310,2,gene_scaling,5,2000,1000,992,5,0.08,0.1,0,nested_subsets_from_common_3000x3000_splatter_background_mid0,3000,3000,512345,513346,514346,2000:3020212:6100557648,1000:1455642:2868412942,Shell,Shell,pairwise_empirical_quantile,0.05,20,fit_plus_score_excludes_data_generation_preprocessing; generalized_components_profiled,1.031,1.026,0.248000000000001,0.379999999999999,0.286000000000001,0.112,0.00499999999999901,TRUE,,12345,521345,1,RSpectra::eigs_sym,20,1.24344978758018e-14,1983008,1.19507181928213e-12,122444.785801028,39.5902413638245,49.7565834898995,51.4442401225521,53.3228418502481,20260712_matched_nested_runtime_v2,a1ac36dc851bac1d124778c1264e783e,a8b31e5a5873e9e0e76423f60140c30b,R version 4.4.1 (2024-06-14),1.30.0,1.7.7,0.2.3,0.16.2,2026-07-12 09:17:57 UTC
345,2,gene_scaling,5,2000,1000,992,5,0.08,0.1,0,nested_subsets_from_common_3000x3000_splatter_background_mid0,3000,3000,512345,513346,514346,2000:3020212:6100557648,1000:1455642:2868412942,LR,LR,pairwise_empirical_quantile,0.05,20,fit_plus_score_excludes_data_generation_preprocessing; generalized_components_profiled,2.102,2.098,0.254,1.433,0.299999999999999,0.111000000000001,0.00400000000000134,TRUE,,12345,522345,1,RSpectra::eigs_sym,20,1.64313007644523e-14,1983008,1.51079149190991e-12,122248.211901403,39.5902413638245,49.7565834898995,51.4442401225521,53.3228418502481,20260712_matched_nested_runtime_v2,a1ac36dc851bac1d124778c1264e783e,a8b31e5a5873e9e0e76423f60140c30b,R version 4.4.1 (2024-06-14),1.30.0,1.7.7,0.2.3,0.16.2,2026-07-12 08:29:06 UTC
3,3,shared_anchor,1,2000,2000,1989,5,0.08,0.1,0,nested_subsets_from_common_3000x3000_splatter_background_mid0,3000,3000,112345,113346,114346,2000:3009668:6033630768,2000:3051931:6176315335,PCA,PCA,none,,20,fit_plus_score_excludes_data_generation_preprocessing; generalized_components_profiled,4.654,4.644,,,,,0.0100000000000016,TRUE,,12345,113345,1,stats::prcomp,20,1.77635683940025e-15,3976011,4.95493229779598e-12,188840.249470315,,,,,20260712_matched_nested_runtime_v2,a1ac36dc851bac1d124778c1264e783e,a8b31e5a5873e9e0e76423f60140c30b,R version 4.4.1 (2024-06-14),1.30.0,1.7.7,0.2.3,0.16.2,2026-07-12 07:26:03 UTC
38,3,shared_anchor,1,2000,2000,1989,5,0.08,0.1,0,nested_subsets_from_common_3000x3000_splatter_background_mid0,3000,3000,112345,113346,114346,2000:3009668:6033630768,2000:3051931:6176315335,Grid,PcaGrid,none,,20,fit_plus_score_excludes_data_generation_preprocessing; generalized_components_profiled,537.23,537.214,,,,,0.0160000000000764,TRUE,,12345,114345,1,rrcov::PcaGrid,20,3.99680288865056e-15,3976011,-1.78848082177385e-12,41785.2796977244,,,,,20260712_matched_nested_runtime_v2,a1ac36dc851bac1d124778c1264e783e,a8b31e5a5873e9e0e76423f60140c30b,R version 4.4.1 (2024-06-14),1.30.0,1.7.7,0.2.3,0.16.2,2026-07-12 09:24:27 UTC
73,3,shared_anchor,1,2000,2000,1989,5,0.08,0.1,0,nested_subsets_from_common_3000x3000_splatter_background_mid0,3000,3000,112345,113346,114346,2000:3009668:6033630768,2000:3051931:6176315335,Hubert,PcaHubert,none,,20,fit_plus_score_excludes_data_generation_preprocessing; generalized_components_profiled,10.457,10.447,,,,,0.0100000000000016,TRUE,,12345,115345,1,rrcov::PcaHubert,20,1.50990331349021e-14,3976011,4.23956009187876e-12,183888.917916028,,,,,20260712_matched_nested_runtime_v2,a1ac36dc851bac1d124778c1264e783e,a8b31e5a5873e9e0e76423f60140c30b,R version 4.4.1 (2024-06-14),1.30.0,1.7.7,0.2.3,0.16.2,2026-07-12 09:25:05 UTC
108,3,shared_anchor,1,2000,2000,1989,5,0.08,0.1,0,nested_subsets_from_common_3000x3000_splatter_background_mid0,3000,3000,112345,113346,114346,2000:3009668:6033630768,2000:3051931:6176315335,PCP,PCP,none,,20,fit_plus_score_excludes_data_generation_preprocessing; generalized_components_profiled,1095.734,1095.724,,,,,0.00999999999999091,TRUE,,12345,116345,1,rpca::rpca+stats::prcomp,20,1.58900670399476e-15,3976011,-5.54702117572248e-13,113621.347266076,,,,,20260712_matched_nested_runtime_v2,a1ac36dc851bac1d124778c1264e783e,a8b31e5a5873e9e0e76423f60140c30b,R version 4.4.1 (2024-06-14),1.30.0,1.7.7,0.2.3,0.16.2,2026-07-12 08:24:57 UTC
143,3,shared_anchor,1,2000,2000,1989,5,0.08,0.1,0,nested_subsets_from_common_3000x3000_splatter_background_mid0,3000,3000,112345,113346,114346,2000:3009668:6033630768,2000:3051931:6176315335,Tau,K's tau,none,,20,fit_plus_score_excludes_data_generation_preprocessing; generalized_components_profiled,2.75,2.741,0.946000000000002,0.677,0.835999999999999,0.282,0.00900000000000034,TRUE,,12345,117345,1,RSpectra::eigs_sym,20,1.22124532708767e-14,3976011,3.13934989115694e-12,187914.798591554,,,,,20260712_matched_nested_runtime_v2,a1ac36dc851bac1d124778c1264e783e,a8b31e5a5873e9e0e76423f60140c30b,R version 4.4.1 (2024-06-14),1.30.0,1.7.7,0.2.3,0.16.2,2026-07-12 07:07:33 UTC
178,3,shared_anchor,1,2000,2000,1989,5,0.08,0.1,0,nested_subsets_from_common_3000x3000_splatter_background_mid0,3000,3000,112345,113346,114346,2000:3009668:6033630768,2000:3051931:6176315335,Winsor,Winsor,pairwise_empirical_quantile,0.05,20,fit_plus_score_excludes_data_generation_preprocessing; generalized_components_profiled,3.089,3.08,0.816999999999998,1.235,0.773999999999999,0.254000000000001,0.00900000000000034,TRUE,,12345,118345,1,RSpectra::eigs_sym,20,9.54791801177635e-15,3976011,2.0312918014298e-12,188762.845315032,57.0423232876917,68.8736193762055,70.4582690510468,72.2444240760273,20260712_matched_nested_runtime_v2,a1ac36dc851bac1d124778c1264e783e,a8b31e5a5873e9e0e76423f60140c30b,R version 4.4.1 (2024-06-14),1.30.0,1.7.7,0.2.3,0.16.2,2026-07-12 09:30:40 UTC
213,3,shared_anchor,1,2000,2000,1989,5,0.08,0.1,0,nested_subsets_from_common_3000x3000_splatter_background_mid0,3000,3000,112345,113346,114346,2000:3009668:6033630768,2000:3051931:6176315335,Quad,Quad,pairwise_empirical_quantile,0.05,20,fit_plus_score_excludes_data_generation_preprocessing; generalized_components_profiled,3.168,3.152,0.823,1.299,0.775000000000002,0.254999999999999,0.0159999999999982,TRUE,,12345,119345,1,RSpectra::eigs_sym,20,8.43769498715119e-15,3976011,-2.08254941069796e-12,188650.369337629,57.0423232876917,68.8736193762055,70.4582690510468,72.2444240760273,20260712_matched_nested_runtime_v2,a1ac36dc851bac1d124778c1264e783e,a8b31e5a5873e9e0e76423f60140c30b,R version 4.4.1 (2024-06-14),1.30.0,1.7.7,0.2.3,0.16.2,2026-07-12 08:06:14 UTC
248,3,shared_anchor,1,2000,2000,1989,5,0.08,0.1,0,nested_subsets_from_common_3000x3000_splatter_background_mid0,3000,3000,112345,113346,114346,2000:3009668:6033630768,2000:3051931:6176315335,Ball,Ball,pairwise_empirical_quantile,0.05,20,fit_plus_score_excludes_data_generation_preprocessing; generalized_components_profiled,2.999,2.989,0.929999999999998,0.949000000000002,0.832999999999998,0.277000000000001,0.0100000000000016,TRUE,,12345,120345,1,RSpectra::eigs_sym,20,1.70974345792274e-14,3976011,-1.82511644686301e-12,186621.037567162,57.0423232876917,68.8736193762055,70.4582690510468,72.2444240760273,20260712_matched_nested_runtime_v2,a1ac36dc851bac1d124778c1264e783e,a8b31e5a5873e9e0e76423f60140c30b,R version 4.4.1 (2024-06-14),1.30.0,1.7.7,0.2.3,0.16.2,2026-07-12 07:06:59 UTC
283,3,shared_anchor,1,2000,2000,1989,5,0.08,0.1,0,nested_subsets_from_common_3000x3000_splatter_background_mid0,3000,3000,112345,113346,114346,2000:3009668:6033630768,2000:3051931:6176315335,Shell,Shell,pairwise_empirical_quantile,0.05,20,fit_plus_score_excludes_data_generation_preprocessing; generalized_components_profiled,3.19,3.174,0.824999999999999,1.312,0.773999999999999,0.263000000000002,0.0159999999999982,TRUE,,12345,121345,1,RSpectra::eigs_sym,20,1.55431223447522e-14,3976011,-5.06442110470573e-13,187685.039411684,57.0423232876917,68.8736193762055,70.4582690510468,72.2444240760273,20260712_matched_nested_runtime_v2,a1ac36dc851bac1d124778c1264e783e,a8b31e5a5873e9e0e76423f60140c30b,R version 4.4.1 (2024-06-14),1.30.0,1.7.7,0.2.3,0.16.2,2026-07-12 08:40:59 UTC
318,3,shared_anchor,1,2000,2000,1989,5,0.08,0.1,0,nested_subsets_from_common_3000x3000_splatter_background_mid0,3000,3000,112345,113346,114346,2000:3009668:6033630768,2000:3051931:6176315335,LR,LR,pairwise_empirical_quantile,0.05,20,fit_plus_score_excludes_data_generation_preprocessing; generalized_components_profiled,2.903,2.893,0.854999999999999,0.943000000000001,0.820999999999998,0.274000000000001,0.0100000000000016,TRUE,,12345,122345,1,RSpectra::eigs_sym,20,1.88737914186277e-14,3976011,-3.88456974920182e-12,187440.440214017,57.0423232876917,68.8736193762055,70.4582690510468,72.2444240760273,20260712_matched_nested_runtime_v2,a1ac36dc851bac1d124778c1264e783e,a8b31e5a5873e9e0e76423f60140c30b,R version 4.4.1 (2024-06-14),1.30.0,1.7.7,0.2.3,0.16.2,2026-07-12 06:54:29 UTC
10,3,shared_anchor,2,2000,2000,1990,5,0.08,0.1,0,nested_subsets_from_common_3000x3000_splatter_background_mid0,3000,3000,212345,213346,214346,2000:3001440:6013171852,2000:3015342:6052784978,PCA,PCA,none,,20,fit_plus_score_excludes_data_generation_preprocessing; generalized_components_profiled,4.403,4.394,,,,,0.00899999999999679,TRUE,,12345,213345,1,stats::prcomp,20,1.33226762955019e-15,3978010,7.94156407302182e-14,188363.144376463,,,,,20260712_matched_nested_runtime_v2,a1ac36dc851bac1d124778c1264e783e,a8b31e5a5873e9e0e76423f60140c30b,R version 4.4.1 (2024-06-14),1.30.0,1.7.7,0.2.3,0.16.2,2026-07-12 07:54:53 UTC
45,3,shared_anchor,2,2000,2000,1990,5,0.08,0.1,0,nested_subsets_from_common_3000x3000_splatter_background_mid0,3000,3000,212345,213346,214346,2000:3001440:6013171852,2000:3015342:6052784978,Grid,PcaGrid,none,,20,fit_plus_score_excludes_data_generation_preprocessing; generalized_components_profiled,528.229,528.212,,,,,0.0169999999999391,TRUE,,12345,214345,1,rrcov::PcaGrid,20,3.5527136788005e-15,3978010,1.55014889813287e-13,41947.7689237366,,,,,20260712_matched_nested_runtime_v2,a1ac36dc851bac1d124778c1264e783e,a8b31e5a5873e9e0e76423f60140c30b,R version 4.4.1 (2024-06-14),1.30.0,1.7.7,0.2.3,0.16.2,2026-07-12 07:10:59 UTC
80,3,shared_anchor,2,2000,2000,1990,5,0.08,0.1,0,nested_subsets_from_common_3000x3000_splatter_background_mid0,3000,3000,212345,213346,214346,2000:3001440:6013171852,2000:3015342:6052784978,Hubert,PcaHubert,none,,20,fit_plus_score_excludes_data_generation_preprocessing; generalized_components_profiled,10.618,10.608,,,,,0.00999999999999801,TRUE,,12345,215345,1,rrcov::PcaHubert,20,3.08347097854877e-14,3978010,1.38186684317532e-12,183263.421367785,,,,,20260712_matched_nested_runtime_v2,a1ac36dc851bac1d124778c1264e783e,a8b31e5a5873e9e0e76423f60140c30b,R version 4.4.1 (2024-06-14),1.30.0,1.7.7,0.2.3,0.16.2,2026-07-12 08:35:47 UTC
115,3,shared_anchor,2,2000,2000,1990,5,0.08,0.1,0,nested_subsets_from_common_3000x3000_splatter_background_mid0,3000,3000,212345,213346,214346,2000:3001440:6013171852,2000:3015342:6052784978,PCP,PCP,none,,20,fit_plus_score_excludes_data_generation_preprocessing; generalized_components_profiled,1171.467,1171.458,,,,,0.00900000000001455,TRUE,,12345,216345,1,rpca::rpca+stats::prcomp,20,1.11022302462516e-15,3978010,3.27841226388514e-12,110807.509383192,,,,,20260712_matched_nested_runtime_v2,a1ac36dc851bac1d124778c1264e783e,a8b31e5a5873e9e0e76423f60140c30b,R version 4.4.1 (2024-06-14),1.30.0,1.7.7,0.2.3,0.16.2,2026-07-12 07:45:09 UTC
150,3,shared_anchor,2,2000,2000,1990,5,0.08,0.1,0,nested_subsets_from_common_3000x3000_splatter_background_mid0,3000,3000,212345,213346,214346,2000:3001440:6013171852,2000:3015342:6052784978,Tau,K's tau,none,,20,fit_plus_score_excludes_data_generation_preprocessing; generalized_components_profiled,2.443,2.434,0.786999999999999,0.605,0.788,0.254000000000001,0.00900000000000034,TRUE,,12345,217345,1,RSpectra::eigs_sym,20,1.31006316905768e-14,3978010,-2.53364343394402e-12,187254.110876404,,,,,20260712_matched_nested_runtime_v2,a1ac36dc851bac1d124778c1264e783e,a8b31e5a5873e9e0e76423f60140c30b,R version 4.4.1 (2024-06-14),1.30.0,1.7.7,0.2.3,0.16.2,2026-07-12 08:36:36 UTC
185,3,shared_anchor,2,2000,2000,1990,5,0.08,0.1,0,nested_subsets_from_common_3000x3000_splatter_background_mid0,3000,3000,212345,213346,214346,2000:3001440:6013171852,2000:3015342:6052784978,Winsor,Winsor,pairwise_empirical_quantile,0.05,20,fit_plus_score_excludes_data_generation_preprocessing; generalized_components_profiled,3.195,3.185,0.807,1.322,0.804000000000002,0.251999999999999,0.0100000000000016,TRUE,,12345,218345,1,RSpectra::eigs_sym,20,1.28785870856518e-14,3978010,-1.71112429780962e-12,188138.869360432,57.1721916420826,68.8983586525192,70.5906025103824,72.5801929177175,20260712_matched_nested_runtime_v2,a1ac36dc851bac1d124778c1264e783e,a8b31e5a5873e9e0e76423f60140c30b,R version 4.4.1 (2024-06-14),1.30.0,1.7.7,0.2.3,0.16.2,2026-07-12 07:11:17 UTC
220,3,shared_anchor,2,2000,2000,1990,5,0.08,0.1,0,nested_subsets_from_common_3000x3000_splatter_background_mid0,3000,3000,212345,213346,214346,2000:3001440:6013171852,2000:3015342:6052784978,Quad,Quad,pairwise_empirical_quantile,0.05,20,fit_plus_score_excludes_data_generation_preprocessing; generalized_components_profiled,3.21,3.2,0.802999999999999,1.34,0.799,0.258000000000003,0.00999999999999801,TRUE,,12345,219345,1,RSpectra::eigs_sym,20,1.90958360235527e-14,3978010,-1.83421680621798e-12,187942.714943519,57.1721916420826,68.8983586525192,70.5906025103824,72.5801929177175,20260712_matched_nested_runtime_v2,a1ac36dc851bac1d124778c1264e783e,a8b31e5a5873e9e0e76423f60140c30b,R version 4.4.1 (2024-06-14),1.30.0,1.7.7,0.2.3,0.16.2,2026-07-12 07:47:03 UTC
255,3,shared_anchor,2,2000,2000,1990,5,0.08,0.1,0,nested_subsets_from_common_3000x3000_splatter_background_mid0,3000,3000,212345,213346,214346,2000:3001440:6013171852,2000:3015342:6052784978,Ball,Ball,pairwise_empirical_quantile,0.05,20,fit_plus_score_excludes_data_generation_preprocessing; generalized_components_profiled,2.739,2.729,0.806000000000001,0.872,0.801,0.25,0.00999999999999801,TRUE,,12345,220345,1,RSpectra::eigs_sym,20,1.73194791841524e-14,3978010,-3.91062182636404e-13,185989.441227803,57.1721916420826,68.8983586525192,70.5906025103824,72.5801929177175,20260712_matched_nested_runtime_v2,a1ac36dc851bac1d124778c1264e783e,a8b31e5a5873e9e0e76423f60140c30b,R version 4.4.1 (2024-06-14),1.30.0,1.7.7,0.2.3,0.16.2,2026-07-12 07:46:06 UTC
290,3,shared_anchor,2,2000,2000,1990,5,0.08,0.1,0,nested_subsets_from_common_3000x3000_splatter_background_mid0,3000,3000,212345,213346,214346,2000:3001440:6013171852,2000:3015342:6052784978,Shell,Shell,pairwise_empirical_quantile,0.05,20,fit_plus_score_excludes_data_generation_preprocessing; generalized_components_profiled,3.166,3.157,0.791,1.312,0.795999999999999,0.257999999999999,0.00900000000000034,TRUE,,12345,221345,1,RSpectra::eigs_sym,20,1.46549439250521e-14,3978010,-9.24607612695638e-13,186894.570701054,57.1721916420826,68.8983586525192,70.5906025103824,72.5801929177175,20260712_matched_nested_runtime_v2,a1ac36dc851bac1d124778c1264e783e,a8b31e5a5873e9e0e76423f60140c30b,R version 4.4.1 (2024-06-14),1.30.0,1.7.7,0.2.3,0.16.2,2026-07-12 07:12:03 UTC
325,3,shared_anchor,2,2000,2000,1990,5,0.08,0.1,0,nested_subsets_from_common_3000x3000_splatter_background_mid0,3000,3000,212345,213346,214346,2000:3001440:6013171852,2000:3015342:6052784978,LR,LR,pairwise_empirical_quantile,0.05,20,fit_plus_score_excludes_data_generation_preprocessing; generalized_components_profiled,2.932,2.922,0.885,0.961,0.809999999999999,0.266000000000002,0.00999999999999801,TRUE,,12345,222345,1,RSpectra::eigs_sym,20,1.04360964314765e-14,3978010,4.33163921398361e-13,186714.335435728,57.1721916420826,68.8983586525192,70.5906025103824,72.5801929177175,20260712_matched_nested_runtime_v2,a1ac36dc851bac1d124778c1264e783e,a8b31e5a5873e9e0e76423f60140c30b,R version 4.4.1 (2024-06-14),1.30.0,1.7.7,0.2.3,0.16.2,2026-07-12 07:54:20 UTC
17,3,shared_anchor,3,2000,2000,1992,5,0.08,0.1,0,nested_subsets_from_common_3000x3000_splatter_background_mid0,3000,3000,312345,313346,314346,2000:3031237:6056766919,2000:3030735:6089175301,PCA,PCA,none,,20,fit_plus_score_excludes_data_generation_preprocessing; generalized_components_profiled,4.242,4.232,,,,,0.00999999999999801,TRUE,,12345,313345,1,stats::prcomp,20,1.4432899320127e-15,3982008,3.06536740435348e-12,188679.582513516,,,,,20260712_matched_nested_runtime_v2,a1ac36dc851bac1d124778c1264e783e,a8b31e5a5873e9e0e76423f60140c30b,R version 4.4.1 (2024-06-14),1.30.0,1.7.7,0.2.3,0.16.2,2026-07-12 06:54:43 UTC
52,3,shared_anchor,3,2000,2000,1992,5,0.08,0.1,0,nested_subsets_from_common_3000x3000_splatter_background_mid0,3000,3000,312345,313346,314346,2000:3031237:6056766919,2000:3030735:6089175301,Grid,PcaGrid,none,,20,fit_plus_score_excludes_data_generation_preprocessing; generalized_components_profiled,534.693,534.676,,,,,0.0169999999999391,TRUE,,12345,314345,1,rrcov::PcaGrid,20,2.66453525910038e-15,3982008,-7.39831806928493e-13,41607.8523192024,,,,,20260712_matched_nested_runtime_v2,a1ac36dc851bac1d124778c1264e783e,a8b31e5a5873e9e0e76423f60140c30b,R version 4.4.1 (2024-06-14),1.30.0,1.7.7,0.2.3,0.16.2,2026-07-12 09:12:45 UTC
87,3,shared_anchor,3,2000,2000,1992,5,0.08,0.1,0,nested_subsets_from_common_3000x3000_splatter_background_mid0,3000,3000,312345,313346,314346,2000:3031237:6056766919,2000:3030735:6089175301,Hubert,PcaHubert,none,,20,fit_plus_score_excludes_data_generation_preprocessing; generalized_components_profiled,10.003,9.993,,,,,0.00999999999999801,TRUE,,12345,315345,1,rrcov::PcaHubert,20,1.80090317658532e-14,3982008,-2.28957824921494e-12,182878.76893815,,,,,20260712_matched_nested_runtime_v2,a1ac36dc851bac1d124778c1264e783e,a8b31e5a5873e9e0e76423f60140c30b,R version 4.4.1 (2024-06-14),1.30.0,1.7.7,0.2.3,0.16.2,2026-07-12 09:01:36 UTC
122,3,shared_anchor,3,2000,2000,1992,5,0.08,0.1,0,nested_subsets_from_common_3000x3000_splatter_background_mid0,3000,3000,312345,313346,314346,2000:3031237:6056766919,2000:3030735:6089175301,PCP,PCP,none,,20,fit_plus_score_excludes_data_generation_preprocessing; generalized_components_profiled,1151.594,1151.584,,,,,0.00999999999999091,TRUE,,12345,316345,1,rpca::rpca+stats::prcomp,20,1.33226762955019e-15,3982008,-3.09358094696677e-12,111366.110392489,,,,,20260712_matched_nested_runtime_v2,a1ac36dc851bac1d124778c1264e783e,a8b31e5a5873e9e0e76423f60140c30b,R version 4.4.1 (2024-06-14),1.30.0,1.7.7,0.2.3,0.16.2,2026-07-12 08:58:55 UTC
157,3,shared_anchor,3,2000,2000,1992,5,0.08,0.1,0,nested_subsets_from_common_3000x3000_splatter_background_mid0,3000,3000,312345,313346,314346,2000:3031237:6056766919,2000:3030735:6089175301,Tau,K's tau,none,,20,fit_plus_score_excludes_data_generation_preprocessing; generalized_components_profiled,2.476,2.466,0.818999999999999,0.612,0.788000000000002,0.247,0.00999999999999801,TRUE,,12345,317345,1,RSpectra::eigs_sym,20,1.28785870856518e-14,3982008,-2.67337540993395e-12,187684.337799081,,,,,20260712_matched_nested_runtime_v2,a1ac36dc851bac1d124778c1264e783e,a8b31e5a5873e9e0e76423f60140c30b,R version 4.4.1 (2024-06-14),1.30.0,1.7.7,0.2.3,0.16.2,2026-07-12 09:13:17 UTC
192,3,shared_anchor,3,2000,2000,1992,5,0.08,0.1,0,nested_subsets_from_common_3000x3000_splatter_background_mid0,3000,3000,312345,313346,314346,2000:3031237:6056766919,2000:3030735:6089175301,Winsor,Winsor,pairwise_empirical_quantile,0.05,20,fit_plus_score_excludes_data_generation_preprocessing; generalized_components_profiled,3.137,3.127,0.812999999999999,1.279,0.792000000000002,0.242999999999999,0.0100000000000016,TRUE,,12345,318345,1,RSpectra::eigs_sym,20,1.50990331349021e-14,3982008,-2.60668917007045e-12,188547.148322584,57.2604979792462,69.018353627649,70.6921160606441,72.5911899362795,20260712_matched_nested_runtime_v2,a1ac36dc851bac1d124778c1264e783e,a8b31e5a5873e9e0e76423f60140c30b,R version 4.4.1 (2024-06-14),1.30.0,1.7.7,0.2.3,0.16.2,2026-07-12 09:02:13 UTC
227,3,shared_anchor,3,2000,2000,1992,5,0.08,0.1,0,nested_subsets_from_common_3000x3000_splatter_background_mid0,3000,3000,312345,313346,314346,2000:3031237:6056766919,2000:3030735:6089175301,Quad,Quad,pairwise_empirical_quantile,0.05,20,fit_plus_score_excludes_data_generation_preprocessing; generalized_components_profiled,3.154,3.145,0.843999999999999,1.271,0.789999999999999,0.240000000000002,0.00900000000000034,TRUE,,12345,319345,1,RSpectra::eigs_sym,20,1.4210854715202e-14,3982008,-4.2600645233648e-13,188412.564196277,57.2604979792462,69.018353627649,70.6921160606441,72.5911899362795,20260712_matched_nested_runtime_v2,a1ac36dc851bac1d124778c1264e783e,a8b31e5a5873e9e0e76423f60140c30b,R version 4.4.1 (2024-06-14),1.30.0,1.7.7,0.2.3,0.16.2,2026-07-12 09:36:27 UTC
262,3,shared_anchor,3,2000,2000,1992,5,0.08,0.1,0,nested_subsets_from_common_3000x3000_splatter_background_mid0,3000,3000,312345,313346,314346,2000:3031237:6056766919,2000:3030735:6089175301,Ball,Ball,pairwise_empirical_quantile,0.05,20,fit_plus_score_excludes_data_generation_preprocessing; generalized_components_profiled,2.663,2.653,0.792,0.808,0.800000000000003,0.253,0.00999999999999801,TRUE,,12345,320345,1,RSpectra::eigs_sym,20,1.64313007644523e-14,3982008,-3.31597249658699e-12,186460.633423504,57.2604979792462,69.018353627649,70.6921160606441,72.5911899362795,20260712_matched_nested_runtime_v2,a1ac36dc851bac1d124778c1264e783e,a8b31e5a5873e9e0e76423f60140c30b,R version 4.4.1 (2024-06-14),1.30.0,1.7.7,0.2.3,0.16.2,2026-07-12 09:01:11 UTC
297,3,shared_anchor,3,2000,2000,1992,5,0.08,0.1,0,nested_subsets_from_common_3000x3000_splatter_background_mid0,3000,3000,312345,313346,314346,2000:3031237:6056766919,2000:3030735:6089175301,Shell,Shell,pairwise_empirical_quantile,0.05,20,fit_plus_score_excludes_data_generation_preprocessing; generalized_components_profiled,3.174,3.164,0.792,1.327,0.795000000000002,0.25,0.00999999999999801,TRUE,,12345,321345,1,RSpectra::eigs_sym,20,1.33226762955019e-14,3982008,-4.2061527871784e-12,187436.20963769,57.2604979792462,69.018353627649,70.6921160606441,72.5911899362795,20260712_matched_nested_runtime_v2,a1ac36dc851bac1d124778c1264e783e,a8b31e5a5873e9e0e76423f60140c30b,R version 4.4.1 (2024-06-14),1.30.0,1.7.7,0.2.3,0.16.2,2026-07-12 09:02:46 UTC
332,3,shared_anchor,3,2000,2000,1992,5,0.08,0.1,0,nested_subsets_from_common_3000x3000_splatter_background_mid0,3000,3000,312345,313346,314346,2000:3031237:6056766919,2000:3030735:6089175301,LR,LR,pairwise_empirical_quantile,0.05,20,fit_plus_score_excludes_data_generation_preprocessing; generalized_components_profiled,2.729,2.713,0.774000000000001,0.904,0.787000000000001,0.247999999999998,0.0160000000000018,TRUE,,12345,322345,1,RSpectra::eigs_sym,20,1.62092561595273e-14,3982008,-1.66219468744622e-12,187227.93249659,57.2604979792462,69.018353627649,70.6921160606441,72.5911899362795,20260712_matched_nested_runtime_v2,a1ac36dc851bac1d124778c1264e783e,a8b31e5a5873e9e0e76423f60140c30b,R version 4.4.1 (2024-06-14),1.30.0,1.7.7,0.2.3,0.16.2,2026-07-12 09:28:30 UTC
24,3,shared_anchor,4,2000,2000,1989,5,0.08,0.1,0,nested_subsets_from_common_3000x3000_splatter_background_mid0,3000,3000,412345,413346,414346,2000:2984285:5933584569,2000:3010169:6043647749,PCA,PCA,none,,20,fit_plus_score_excludes_data_generation_preprocessing; generalized_components_profiled,4.22,4.21,,,,,0.00999999999999801,TRUE,,12345,413345,1,stats::prcomp,20,1.99840144432528e-15,3976011,-1.07173298014018e-12,186765.864648791,,,,,20260712_matched_nested_runtime_v2,a1ac36dc851bac1d124778c1264e783e,a8b31e5a5873e9e0e76423f60140c30b,R version 4.4.1 (2024-06-14),1.30.0,1.7.7,0.2.3,0.16.2,2026-07-12 09:11:49 UTC
59,3,shared_anchor,4,2000,2000,1989,5,0.08,0.1,0,nested_subsets_from_common_3000x3000_splatter_background_mid0,3000,3000,412345,413346,414346,2000:2984285:5933584569,2000:3010169:6043647749,Grid,PcaGrid,none,,20,fit_plus_score_excludes_data_generation_preprocessing; generalized_components_profiled,536.069,536.052,,,,,0.0169999999999391,TRUE,,12345,414345,1,rrcov::PcaGrid,20,2.66453525910038e-15,3976011,-3.10101944123176e-12,41259.8033810165,,,,,20260712_matched_nested_runtime_v2,a1ac36dc851bac1d124778c1264e783e,a8b31e5a5873e9e0e76423f60140c30b,R version 4.4.1 (2024-06-14),1.30.0,1.7.7,0.2.3,0.16.2,2026-07-12 07:53:04 UTC
94,3,shared_anchor,4,2000,2000,1989,5,0.08,0.1,0,nested_subsets_from_common_3000x3000_splatter_background_mid0,3000,3000,412345,413346,414346,2000:2984285:5933584569,2000:3010169:6043647749,Hubert,PcaHubert,none,,20,fit_plus_score_excludes_data_generation_preprocessing; generalized_components_profiled,10.962,10.953,,,,,0.00899999999999679,TRUE,,12345,415345,1,rrcov::PcaHubert,20,2.78076173199082e-14,3976011,-7.69016794688326e-13,181844.277335715,,,,,20260712_matched_nested_runtime_v2,a1ac36dc851bac1d124778c1264e783e,a8b31e5a5873e9e0e76423f60140c30b,R version 4.4.1 (2024-06-14),1.30.0,1.7.7,0.2.3,0.16.2,2026-07-12 07:17:42 UTC
129,3,shared_anchor,4,2000,2000,1989,5,0.08,0.1,0,nested_subsets_from_common_3000x3000_splatter_background_mid0,3000,3000,412345,413346,414346,2000:2984285:5933584569,2000:3010169:6043647749,PCP,PCP,none,,20,fit_plus_score_excludes_data_generation_preprocessing; generalized_components_profiled,1238.64,1238.63,,,,,0.00999999999999091,TRUE,,12345,416345,1,rpca::rpca+stats::prcomp,20,1.33226762955019e-15,3976011,-1.8888571262643e-12,111643.127449351,,,,,20260712_matched_nested_runtime_v2,a1ac36dc851bac1d124778c1264e783e,a8b31e5a5873e9e0e76423f60140c30b,R version 4.4.1 (2024-06-14),1.30.0,1.7.7,0.2.3,0.16.2,2026-07-12 07:40:22 UTC
164,3,shared_anchor,4,2000,2000,1989,5,0.08,0.1,0,nested_subsets_from_common_3000x3000_splatter_background_mid0,3000,3000,412345,413346,414346,2000:2984285:5933584569,2000:3010169:6043647749,Tau,K's tau,none,,20,fit_plus_score_excludes_data_generation_preprocessing; generalized_components_profiled,2.508,2.498,0.843,0.610000000000001,0.788,0.256999999999998,0.0100000000000016,TRUE,,12345,417345,1,RSpectra::eigs_sym,20,1.13242748511766e-14,3976011,-4.19257337180845e-12,185986.398160005,,,,,20260712_matched_nested_runtime_v2,a1ac36dc851bac1d124778c1264e783e,a8b31e5a5873e9e0e76423f60140c30b,R version 4.4.1 (2024-06-14),1.30.0,1.7.7,0.2.3,0.16.2,2026-07-12 09:11:18 UTC
199,3,shared_anchor,4,2000,2000,1989,5,0.08,0.1,0,nested_subsets_from_common_3000x3000_splatter_background_mid0,3000,3000,412345,413346,414346,2000:2984285:5933584569,2000:3010169:6043647749,Winsor,Winsor,pairwise_empirical_quantile,0.05,20,fit_plus_score_excludes_data_generation_preprocessing; generalized_components_profiled,3.19,3.181,0.837,1.311,0.792,0.241,0.00900000000000034,TRUE,,12345,418345,1,RSpectra::eigs_sym,20,1.06581410364015e-14,3976011,-1.04696806779714e-12,186707.422540813,57.2785898415237,68.6573265847012,70.0897880098443,71.6788681551824,20260712_matched_nested_runtime_v2,a1ac36dc851bac1d124778c1264e783e,a8b31e5a5873e9e0e76423f60140c30b,R version 4.4.1 (2024-06-14),1.30.0,1.7.7,0.2.3,0.16.2,2026-07-12 06:58:03 UTC
234,3,shared_anchor,4,2000,2000,1989,5,0.08,0.1,0,nested_subsets_from_common_3000x3000_splatter_background_mid0,3000,3000,412345,413346,414346,2000:2984285:5933584569,2000:3010169:6043647749,Quad,Quad,pairwise_empirical_quantile,0.05,20,fit_plus_score_excludes_data_generation_preprocessing; generalized_components_profiled,3.196,3.187,0.831999999999999,1.313,0.800999999999998,0.241,0.00900000000000034,TRUE,,12345,419345,1,RSpectra::eigs_sym,20,1.08801856413265e-14,3976011,-3.54991036566332e-12,186620.794040686,57.2785898415237,68.6573265847012,70.0897880098443,71.6788681551824,20260712_matched_nested_runtime_v2,a1ac36dc851bac1d124778c1264e783e,a8b31e5a5873e9e0e76423f60140c30b,R version 4.4.1 (2024-06-14),1.30.0,1.7.7,0.2.3,0.16.2,2026-07-12 08:30:54 UTC
269,3,shared_anchor,4,2000,2000,1989,5,0.08,0.1,0,nested_subsets_from_common_3000x3000_splatter_background_mid0,3000,3000,412345,413346,414346,2000:2984285:5933584569,2000:3010169:6043647749,Ball,Ball,pairwise_empirical_quantile,0.05,20,fit_plus_score_excludes_data_generation_preprocessing; generalized_components_profiled,2.737,2.727,0.808,0.85,0.804,0.265000000000001,0.0100000000000016,TRUE,,12345,420345,1,RSpectra::eigs_sym,20,1.04360964314765e-14,3976011,-3.45071193841306e-13,184885.53038187,57.2785898415237,68.6573265847012,70.0897880098443,71.6788681551824,20260712_matched_nested_runtime_v2,a1ac36dc851bac1d124778c1264e783e,a8b31e5a5873e9e0e76423f60140c30b,R version 4.4.1 (2024-06-14),1.30.0,1.7.7,0.2.3,0.16.2,2026-07-12 07:41:19 UTC
304,3,shared_anchor,4,2000,2000,1989,5,0.08,0.1,0,nested_subsets_from_common_3000x3000_splatter_background_mid0,3000,3000,412345,413346,414346,2000:2984285:5933584569,2000:3010169:6043647749,Shell,Shell,pairwise_empirical_quantile,0.05,20,fit_plus_score_excludes_data_generation_preprocessing; generalized_components_profiled,3.385,3.374,0.876999999999999,1.427,0.808,0.262,0.0109999999999992,TRUE,,12345,421345,1,RSpectra::eigs_sym,20,9.54791801177635e-15,3976011,5.29035149021695e-13,185763.254321954,57.2785898415237,68.6573265847012,70.0897880098443,71.6788681551824,20260712_matched_nested_runtime_v2,a1ac36dc851bac1d124778c1264e783e,a8b31e5a5873e9e0e76423f60140c30b,R version 4.4.1 (2024-06-14),1.30.0,1.7.7,0.2.3,0.16.2,2026-07-12 07:16:22 UTC
339,3,shared_anchor,4,2000,2000,1989,5,0.08,0.1,0,nested_subsets_from_common_3000x3000_splatter_background_mid0,3000,3000,412345,413346,414346,2000:2984285:5933584569,2000:3010169:6043647749,LR,LR,pairwise_empirical_quantile,0.05,20,fit_plus_score_excludes_data_generation_preprocessing; generalized_components_profiled,2.825,2.815,0.801,0.940000000000001,0.818999999999999,0.254999999999999,0.0100000000000016,TRUE,,12345,422345,1,RSpectra::eigs_sym,20,1.26565424807268e-14,3976011,5.92415005939984e-13,185553.984600007,57.2785898415237,68.6573265847012,70.0897880098443,71.6788681551824,20260712_matched_nested_runtime_v2,a1ac36dc851bac1d124778c1264e783e,a8b31e5a5873e9e0e76423f60140c30b,R version 4.4.1 (2024-06-14),1.30.0,1.7.7,0.2.3,0.16.2,2026-07-12 07:43:53 UTC
31,3,shared_anchor,5,2000,2000,1988,5,0.08,0.1,0,nested_subsets_from_common_3000x3000_splatter_background_mid0,3000,3000,512345,513346,514346,2000:3020212:6100557648,2000:2977880:5937310710,PCA,PCA,none,,20,fit_plus_score_excludes_data_generation_preprocessing; generalized_components_profiled,4.323,4.313,,,,,0.00999999999999801,TRUE,,12345,513345,1,stats::prcomp,20,1.11022302462516e-15,3974012,9.00224339517308e-13,184796.253017179,,,,,20260712_matched_nested_runtime_v2,a1ac36dc851bac1d124778c1264e783e,a8b31e5a5873e9e0e76423f60140c30b,R version 4.4.1 (2024-06-14),1.30.0,1.7.7,0.2.3,0.16.2,2026-07-12 09:19:18 UTC
66,3,shared_anchor,5,2000,2000,1988,5,0.08,0.1,0,nested_subsets_from_common_3000x3000_splatter_background_mid0,3000,3000,512345,513346,514346,2000:3020212:6100557648,2000:2977880:5937310710,Grid,PcaGrid,none,,20,fit_plus_score_excludes_data_generation_preprocessing; generalized_components_profiled,528.631,528.615,,,,,0.0159999999999627,TRUE,,12345,514345,1,rrcov::PcaGrid,20,2.44249065417534e-15,3974012,-6.53581355702926e-13,41290.3564943075,,,,,20260712_matched_nested_runtime_v2,a1ac36dc851bac1d124778c1264e783e,a8b31e5a5873e9e0e76423f60140c30b,R version 4.4.1 (2024-06-14),1.30.0,1.7.7,0.2.3,0.16.2,2026-07-12 07:08:44 UTC
101,3,shared_anchor,5,2000,2000,1988,5,0.08,0.1,0,nested_subsets_from_common_3000x3000_splatter_background_mid0,3000,3000,512345,513346,514346,2000:3020212:6100557648,2000:2977880:5937310710,Hubert,PcaHubert,none,,20,fit_plus_score_excludes_data_generation_preprocessing; generalized_components_profiled,9.686,9.676,,,,,0.00999999999999801,TRUE,,12345,515345,1,rrcov::PcaHubert,20,3.93018950717305e-14,3974012,-1.49094972479169e-12,178107.5561239,,,,,20260712_matched_nested_runtime_v2,a1ac36dc851bac1d124778c1264e783e,a8b31e5a5873e9e0e76423f60140c30b,R version 4.4.1 (2024-06-14),1.30.0,1.7.7,0.2.3,0.16.2,2026-07-12 09:33:45 UTC
136,3,shared_anchor,5,2000,2000,1988,5,0.08,0.1,0,nested_subsets_from_common_3000x3000_splatter_background_mid0,3000,3000,512345,513346,514346,2000:3020212:6100557648,2000:2977880:5937310710,PCP,PCP,none,,20,fit_plus_score_excludes_data_generation_preprocessing; generalized_components_profiled,1168.508,1168.498,,,,,0.00999999999999091,TRUE,,12345,516345,1,rpca::rpca+stats::prcomp,20,1.77635683940025e-15,3974012,-1.47015385976168e-12,108820.986293008,,,,,20260712_matched_nested_runtime_v2,a1ac36dc851bac1d124778c1264e783e,a8b31e5a5873e9e0e76423f60140c30b,R version 4.4.1 (2024-06-14),1.30.0,1.7.7,0.2.3,0.16.2,2026-07-12 09:03:32 UTC
171,3,shared_anchor,5,2000,2000,1988,5,0.08,0.1,0,nested_subsets_from_common_3000x3000_splatter_background_mid0,3000,3000,512345,513346,514346,2000:3020212:6100557648,2000:2977880:5937310710,Tau,K's tau,none,,20,fit_plus_score_excludes_data_generation_preprocessing; generalized_components_profiled,2.498,2.488,0.810000000000001,0.626999999999999,0.795999999999999,0.255000000000003,0.00999999999999801,TRUE,,12345,517345,1,RSpectra::eigs_sym,20,2.62012633811537e-14,3974012,-1.40926159630794e-12,183662.457526481,,,,,20260712_matched_nested_runtime_v2,a1ac36dc851bac1d124778c1264e783e,a8b31e5a5873e9e0e76423f60140c30b,R version 4.4.1 (2024-06-14),1.30.0,1.7.7,0.2.3,0.16.2,2026-07-12 08:28:36 UTC
206,3,shared_anchor,5,2000,2000,1988,5,0.08,0.1,0,nested_subsets_from_common_3000x3000_splatter_background_mid0,3000,3000,512345,513346,514346,2000:3020212:6100557648,2000:2977880:5937310710,Winsor,Winsor,pairwise_empirical_quantile,0.05,20,fit_plus_score_excludes_data_generation_preprocessing; generalized_components_profiled,3.178,3.169,0.845000000000001,1.295,0.787000000000001,0.241999999999997,0.00900000000000034,TRUE,,12345,518345,1,RSpectra::eigs_sym,20,1.13242748511766e-14,3974012,-1.83928219876783e-12,184637.873042051,57.1263391656596,69.11987426082,71.2256296876818,73.9190618565853,20260712_matched_nested_runtime_v2,a1ac36dc851bac1d124778c1264e783e,a8b31e5a5873e9e0e76423f60140c30b,R version 4.4.1 (2024-06-14),1.30.0,1.7.7,0.2.3,0.16.2,2026-07-12 09:17:42 UTC
241,3,shared_anchor,5,2000,2000,1988,5,0.08,0.1,0,nested_subsets_from_common_3000x3000_splatter_background_mid0,3000,3000,512345,513346,514346,2000:3020212:6100557648,2000:2977880:5937310710,Quad,Quad,pairwise_empirical_quantile,0.05,20,fit_plus_score_excludes_data_generation_preprocessing; generalized_components_profiled,3.165,3.156,0.804,1.311,0.792999999999999,0.248000000000001,0.00900000000000034,TRUE,,12345,519345,1,RSpectra::eigs_sym,20,1.77635683940025e-14,3974012,-1.46443968063181e-12,184400.001385011,57.1263391656596,69.11987426082,71.2256296876818,73.9190618565853,20260712_matched_nested_runtime_v2,a1ac36dc851bac1d124778c1264e783e,a8b31e5a5873e9e0e76423f60140c30b,R version 4.4.1 (2024-06-14),1.30.0,1.7.7,0.2.3,0.16.2,2026-07-12 08:42:24 UTC
276,3,shared_anchor,5,2000,2000,1988,5,0.08,0.1,0,nested_subsets_from_common_3000x3000_splatter_background_mid0,3000,3000,512345,513346,514346,2000:3020212:6100557648,2000:2977880:5937310710,Ball,Ball,pairwise_empirical_quantile,0.05,20,fit_plus_score_excludes_data_generation_preprocessing; generalized_components_profiled,2.694,2.685,0.816999999999998,0.823,0.795000000000002,0.25,0.00900000000000034,TRUE,,12345,520345,1,RSpectra::eigs_sym,20,1.46549439250521e-14,3974012,-2.82739109902508e-13,182281.15382599,57.1263391656596,69.11987426082,71.2256296876818,73.9190618565853,20260712_matched_nested_runtime_v2,a1ac36dc851bac1d124778c1264e783e,a8b31e5a5873e9e0e76423f60140c30b,R version 4.4.1 (2024-06-14),1.30.0,1.7.7,0.2.3,0.16.2,2026-07-12 08:43:16 UTC
311,3,shared_anchor,5,2000,2000,1988,5,0.08,0.1,0,nested_subsets_from_common_3000x3000_splatter_background_mid0,3000,3000,512345,513346,514346,2000:3020212:6100557648,2000:2977880:5937310710,Shell,Shell,pairwise_empirical_quantile,0.05,20,fit_plus_score_excludes_data_generation_preprocessing; generalized_components_profiled,3.213,3.204,0.802000000000001,1.376,0.789000000000002,0.236999999999998,0.00900000000000034,TRUE,,12345,521345,1,RSpectra::eigs_sym,20,1.75415237890775e-14,3974012,6.95395130367871e-13,183326.464781112,57.1263391656596,69.11987426082,71.2256296876818,73.9190618565853,20260712_matched_nested_runtime_v2,a1ac36dc851bac1d124778c1264e783e,a8b31e5a5873e9e0e76423f60140c30b,R version 4.4.1 (2024-06-14),1.30.0,1.7.7,0.2.3,0.16.2,2026-07-12 08:39:29 UTC
346,3,shared_anchor,5,2000,2000,1988,5,0.08,0.1,0,nested_subsets_from_common_3000x3000_splatter_background_mid0,3000,3000,512345,513346,514346,2000:3020212:6100557648,2000:2977880:5937310710,LR,LR,pairwise_empirical_quantile,0.05,20,fit_plus_score_excludes_data_generation_preprocessing; generalized_components_profiled,2.736,2.726,0.783999999999999,0.890000000000001,0.794000000000001,0.257999999999999,0.0100000000000016,TRUE,,12345,522345,1,RSpectra::eigs_sym,20,1.31006316905768e-14,3974012,-4.91939822211407e-13,183131.654849696,57.1263391656596,69.11987426082,71.2256296876818,73.9190618565853,20260712_matched_nested_runtime_v2,a1ac36dc851bac1d124778c1264e783e,a8b31e5a5873e9e0e76423f60140c30b,R version 4.4.1 (2024-06-14),1.30.0,1.7.7,0.2.3,0.16.2,2026-07-12 08:29:58 UTC
4,4,gene_scaling,1,2000,3000,2986,5,0.08,0.1,0,nested_subsets_from_common_3000x3000_splatter_background_mid0,3000,3000,112345,113346,114346,2000:3009668:6033630768,3000:4501500:9004500500,PCA,PCA,none,,20,fit_plus_score_excludes_data_generation_preprocessing; generalized_components_profiled,6.569,6.552,,,,,0.0169999999999995,TRUE,,12345,113345,1,stats::prcomp,20,2.99760216648792e-15,5969014,-1.30424490651926e-12,248344.568636134,,,,,20260712_matched_nested_runtime_v2,a1ac36dc851bac1d124778c1264e783e,a8b31e5a5873e9e0e76423f60140c30b,R version 4.4.1 (2024-06-14),1.30.0,1.7.7,0.2.3,0.16.2,2026-07-12 07:25:26 UTC
39,4,gene_scaling,1,2000,3000,2986,5,0.08,0.1,0,nested_subsets_from_common_3000x3000_splatter_background_mid0,3000,3000,112345,113346,114346,2000:3009668:6033630768,3000:4501500:9004500500,Grid,PcaGrid,none,,20,fit_plus_score_excludes_data_generation_preprocessing; generalized_components_profiled,542.063,542.038,,,,,0.0249999999999773,TRUE,,12345,114345,1,rrcov::PcaGrid,20,1.77635683940025e-15,5969014,6.50493547915687e-12,209151.924919642,,,,,20260712_matched_nested_runtime_v2,a1ac36dc851bac1d124778c1264e783e,a8b31e5a5873e9e0e76423f60140c30b,R version 4.4.1 (2024-06-14),1.30.0,1.7.7,0.2.3,0.16.2,2026-07-12 07:24:57 UTC
74,4,gene_scaling,1,2000,3000,2986,5,0.08,0.1,0,nested_subsets_from_common_3000x3000_splatter_background_mid0,3000,3000,112345,113346,114346,2000:3009668:6033630768,3000:4501500:9004500500,Hubert,PcaHubert,none,,20,fit_plus_score_excludes_data_generation_preprocessing; generalized_components_profiled,10.215,10.201,,,,,0.0139999999999993,TRUE,,12345,115345,1,rrcov::PcaHubert,20,4.68514116391816e-14,5969014,-3.4733257936459e-12,243357.779911897,,,,,20260712_matched_nested_runtime_v2,a1ac36dc851bac1d124778c1264e783e,a8b31e5a5873e9e0e76423f60140c30b,R version 4.4.1 (2024-06-14),1.30.0,1.7.7,0.2.3,0.16.2,2026-07-12 08:01:27 UTC
109,4,gene_scaling,1,2000,3000,2986,5,0.08,0.1,0,nested_subsets_from_common_3000x3000_splatter_background_mid0,3000,3000,112345,113346,114346,2000:3009668:6033630768,3000:4501500:9004500500,PCP,PCP,none,,20,fit_plus_score_excludes_data_generation_preprocessing; generalized_components_profiled,2003.169,2003.155,,,,,0.0139999999998963,TRUE,,12345,116345,1,rpca::rpca+stats::prcomp,20,1.77635683940025e-15,5969014,1.1111805919839e-12,145286.224958569,,,,,20260712_matched_nested_runtime_v2,a1ac36dc851bac1d124778c1264e783e,a8b31e5a5873e9e0e76423f60140c30b,R version 4.4.1 (2024-06-14),1.30.0,1.7.7,0.2.3,0.16.2,2026-07-12 08:00:34 UTC
144,4,gene_scaling,1,2000,3000,2986,5,0.08,0.1,0,nested_subsets_from_common_3000x3000_splatter_background_mid0,3000,3000,112345,113346,114346,2000:3009668:6033630768,3000:4501500:9004500500,Tau,K's tau,none,,20,fit_plus_score_excludes_data_generation_preprocessing; generalized_components_profiled,3.164,3.149,0.417,0.146000000000001,2.078,0.508000000000003,0.0150000000000006,TRUE,,12345,117345,1,RSpectra::eigs_sym,20,2.35367281220533e-14,5969014,-7.82599679505225e-13,247335.686658412,,,,,20260712_matched_nested_runtime_v2,a1ac36dc851bac1d124778c1264e783e,a8b31e5a5873e9e0e76423f60140c30b,R version 4.4.1 (2024-06-14),1.30.0,1.7.7,0.2.3,0.16.2,2026-07-12 08:05:16 UTC
179,4,gene_scaling,1,2000,3000,2986,5,0.08,0.1,0,nested_subsets_from_common_3000x3000_splatter_background_mid0,3000,3000,112345,113346,114346,2000:3009668:6033630768,3000:4501500:9004500500,Winsor,Winsor,pairwise_empirical_quantile,0.05,20,fit_plus_score_excludes_data_generation_preprocessing; generalized_components_profiled,3.601,3.586,0.533999999999999,0.427,2.085,0.539999999999999,0.0150000000000006,TRUE,,12345,118345,1,RSpectra::eigs_sym,20,1.79856129989275e-14,5969014,3.66374812432735e-12,248271.263967165,70.6129416681501,83.3927399486697,84.9270524910177,86.4786847429585,20260712_matched_nested_runtime_v2,a1ac36dc851bac1d124778c1264e783e,a8b31e5a5873e9e0e76423f60140c30b,R version 4.4.1 (2024-06-14),1.30.0,1.7.7,0.2.3,0.16.2,2026-07-12 06:54:49 UTC
214,4,gene_scaling,1,2000,3000,2986,5,0.08,0.1,0,nested_subsets_from_common_3000x3000_splatter_background_mid0,3000,3000,112345,113346,114346,2000:3009668:6033630768,3000:4501500:9004500500,Quad,Quad,pairwise_empirical_quantile,0.05,20,fit_plus_score_excludes_data_generation_preprocessing; generalized_components_profiled,3.761,3.746,0.547000000000001,0.449999999999999,2.197,0.552,0.0150000000000006,TRUE,,12345,119345,1,RSpectra::eigs_sym,20,1.55431223447522e-14,5969014,2.7864099916286e-12,248159.534251164,70.6129416681501,83.3927399486697,84.9270524910177,86.4786847429585,20260712_matched_nested_runtime_v2,a1ac36dc851bac1d124778c1264e783e,a8b31e5a5873e9e0e76423f60140c30b,R version 4.4.1 (2024-06-14),1.30.0,1.7.7,0.2.3,0.16.2,2026-07-12 07:09:42 UTC
249,4,gene_scaling,1,2000,3000,2986,5,0.08,0.1,0,nested_subsets_from_common_3000x3000_splatter_background_mid0,3000,3000,112345,113346,114346,2000:3009668:6033630768,3000:4501500:9004500500,Ball,Ball,pairwise_empirical_quantile,0.05,20,fit_plus_score_excludes_data_generation_preprocessing; generalized_components_profiled,3.25,3.235,0.411,0.786999999999999,1.527,0.510000000000002,0.0150000000000006,TRUE,,12345,120345,1,RSpectra::eigs_sym,20,9.76996261670138e-15,5969014,-1.08801856413265e-14,245604.975430005,70.6129416681501,83.3927399486697,84.9270524910177,86.4786847429585,20260712_matched_nested_runtime_v2,a1ac36dc851bac1d124778c1264e783e,a8b31e5a5873e9e0e76423f60140c30b,R version 4.4.1 (2024-06-14),1.30.0,1.7.7,0.2.3,0.16.2,2026-07-12 08:25:15 UTC
284,4,gene_scaling,1,2000,3000,2986,5,0.08,0.1,0,nested_subsets_from_common_3000x3000_splatter_background_mid0,3000,3000,112345,113346,114346,2000:3009668:6033630768,3000:4501500:9004500500,Shell,Shell,pairwise_empirical_quantile,0.05,20,fit_plus_score_excludes_data_generation_preprocessing; generalized_components_profiled,3.667,3.652,0.533999999999999,0.437000000000001,2.109,0.572000000000003,0.014999999999997,TRUE,,12345,121345,1,RSpectra::eigs_sym,20,1.13242748511766e-14,5969014,2.20041693199668e-12,246863.855059126,70.6129416681501,83.3927399486697,84.9270524910177,86.4786847429585,20260712_matched_nested_runtime_v2,a1ac36dc851bac1d124778c1264e783e,a8b31e5a5873e9e0e76423f60140c30b,R version 4.4.1 (2024-06-14),1.30.0,1.7.7,0.2.3,0.16.2,2026-07-12 07:10:19 UTC
319,4,gene_scaling,1,2000,3000,2986,5,0.08,0.1,0,nested_subsets_from_common_3000x3000_splatter_background_mid0,3000,3000,112345,113346,114346,2000:3009668:6033630768,3000:4501500:9004500500,LR,LR,pairwise_empirical_quantile,0.05,20,fit_plus_score_excludes_data_generation_preprocessing; generalized_components_profiled,3.438,3.423,0.419000000000001,0.927999999999999,1.558,0.517999999999997,0.0150000000000006,TRUE,,12345,122345,1,RSpectra::eigs_sym,20,1.06581410364015e-14,5969014,5.951072967747e-13,246557.6494459,70.6129416681501,83.3927399486697,84.9270524910177,86.4786847429585,20260712_matched_nested_runtime_v2,a1ac36dc851bac1d124778c1264e783e,a8b31e5a5873e9e0e76423f60140c30b,R version 4.4.1 (2024-06-14),1.30.0,1.7.7,0.2.3,0.16.2,2026-07-12 09:30:10 UTC
11,4,gene_scaling,2,2000,3000,2985,5,0.08,0.1,0,nested_subsets_from_common_3000x3000_splatter_background_mid0,3000,3000,212345,213346,214346,2000:3001440:6013171852,3000:4501500:9004500500,PCA,PCA,none,,20,fit_plus_score_excludes_data_generation_preprocessing; generalized_components_profiled,6.043,6.029,,,,,0.0139999999999993,TRUE,,12345,213345,1,stats::prcomp,20,1.43027950594288e-15,5967015.00000001,2.17304646499272e-12,247515.490305955,,,,,20260712_matched_nested_runtime_v2,a1ac36dc851bac1d124778c1264e783e,a8b31e5a5873e9e0e76423f60140c30b,R version 4.4.1 (2024-06-14),1.30.0,1.7.7,0.2.3,0.16.2,2026-07-12 09:33:09 UTC
46,4,gene_scaling,2,2000,3000,2985,5,0.08,0.1,0,nested_subsets_from_common_3000x3000_splatter_background_mid0,3000,3000,212345,213346,214346,2000:3001440:6013171852,3000:4501500:9004500500,Grid,PcaGrid,none,,20,fit_plus_score_excludes_data_generation_preprocessing; generalized_components_profiled,539.488,539.461,,,,,0.0270000000000437,TRUE,,12345,214345,1,rrcov::PcaGrid,20,1.33226762955019e-15,5967015.00000001,-8.45309933161786e-13,207075.281866656,,,,,20260712_matched_nested_runtime_v2,a1ac36dc851bac1d124778c1264e783e,a8b31e5a5873e9e0e76423f60140c30b,R version 4.4.1 (2024-06-14),1.30.0,1.7.7,0.2.3,0.16.2,2026-07-12 07:25:21 UTC
81,4,gene_scaling,2,2000,3000,2985,5,0.08,0.1,0,nested_subsets_from_common_3000x3000_splatter_background_mid0,3000,3000,212345,213346,214346,2000:3001440:6013171852,3000:4501500:9004500500,Hubert,PcaHubert,none,,20,fit_plus_score_excludes_data_generation_preprocessing; generalized_components_profiled,10.567,10.552,,,,,0.0150000000000006,TRUE,,12345,215345,1,rrcov::PcaHubert,20,6.03961325396085e-14,5967015.00000001,1.33924468737057e-12,240983.366327924,,,,,20260712_matched_nested_runtime_v2,a1ac36dc851bac1d124778c1264e783e,a8b31e5a5873e9e0e76423f60140c30b,R version 4.4.1 (2024-06-14),1.30.0,1.7.7,0.2.3,0.16.2,2026-07-12 07:55:20 UTC
116,4,gene_scaling,2,2000,3000,2985,5,0.08,0.1,0,nested_subsets_from_common_3000x3000_splatter_background_mid0,3000,3000,212345,213346,214346,2000:3001440:6013171852,3000:4501500:9004500500,PCP,PCP,none,,20,fit_plus_score_excludes_data_generation_preprocessing; generalized_components_profiled,2067.789,2067.775,,,,,0.0140000000001237,TRUE,,12345,216345,1,rpca::rpca+stats::prcomp,20,1.99840144432528e-15,5967015.00000001,3.08993108877331e-12,142387.871168362,,,,,20260712_matched_nested_runtime_v2,a1ac36dc851bac1d124778c1264e783e,a8b31e5a5873e9e0e76423f60140c30b,R version 4.4.1 (2024-06-14),1.30.0,1.7.7,0.2.3,0.16.2,2026-07-12 08:35:02 UTC
151,4,gene_scaling,2,2000,3000,2985,5,0.08,0.1,0,nested_subsets_from_common_3000x3000_splatter_background_mid0,3000,3000,212345,213346,214346,2000:3001440:6013171852,3000:4501500:9004500500,Tau,K's tau,none,,20,fit_plus_score_excludes_data_generation_preprocessing; generalized_components_profiled,3.199,3.184,0.435000000000001,0.151,2.066,0.532,0.0150000000000006,TRUE,,12345,217345,1,RSpectra::eigs_sym,20,9.32587340685131e-15,5967015.00000001,1.33024841142415e-12,246264.055502685,,,,,20260712_matched_nested_runtime_v2,a1ac36dc851bac1d124778c1264e783e,a8b31e5a5873e9e0e76423f60140c30b,R version 4.4.1 (2024-06-14),1.30.0,1.7.7,0.2.3,0.16.2,2026-07-12 09:31:55 UTC
186,4,gene_scaling,2,2000,3000,2985,5,0.08,0.1,0,nested_subsets_from_common_3000x3000_splatter_background_mid0,3000,3000,212345,213346,214346,2000:3001440:6013171852,3000:4501500:9004500500,Winsor,Winsor,pairwise_empirical_quantile,0.05,20,fit_plus_score_excludes_data_generation_preprocessing; generalized_components_profiled,3.446,3.43,0.444000000000001,0.375999999999999,2.047,0.562999999999999,0.0159999999999982,TRUE,,12345,218345,1,RSpectra::eigs_sym,20,5.32907051820075e-15,5967015.00000001,2.26369270550642e-12,247374.006318481,70.5710771007602,83.6657869022785,85.3167367676538,87.0019087622228,20260712_matched_nested_runtime_v2,a1ac36dc851bac1d124778c1264e783e,a8b31e5a5873e9e0e76423f60140c30b,R version 4.4.1 (2024-06-14),1.30.0,1.7.7,0.2.3,0.16.2,2026-07-12 07:46:25 UTC
221,4,gene_scaling,2,2000,3000,2985,5,0.08,0.1,0,nested_subsets_from_common_3000x3000_splatter_background_mid0,3000,3000,212345,213346,214346,2000:3001440:6013171852,3000:4501500:9004500500,Quad,Quad,pairwise_empirical_quantile,0.05,20,fit_plus_score_excludes_data_generation_preprocessing; generalized_components_profiled,3.393,3.379,0.436999999999999,0.375,2.062,0.505000000000003,0.0139999999999993,TRUE,,12345,219345,1,RSpectra::eigs_sym,20,4.66293670342566e-15,5967015.00000001,-4.6899983896509e-14,247219.89511254,70.5710771007602,83.6657869022785,85.3167367676538,87.0019087622228,20260712_matched_nested_runtime_v2,a1ac36dc851bac1d124778c1264e783e,a8b31e5a5873e9e0e76423f60140c30b,R version 4.4.1 (2024-06-14),1.30.0,1.7.7,0.2.3,0.16.2,2026-07-12 08:36:19 UTC
256,4,gene_scaling,2,2000,3000,2985,5,0.08,0.1,0,nested_subsets_from_common_3000x3000_splatter_background_mid0,3000,3000,212345,213346,214346,2000:3001440:6013171852,3000:4501500:9004500500,Ball,Ball,pairwise_empirical_quantile,0.05,20,fit_plus_score_excludes_data_generation_preprocessing; generalized_components_profiled,3.33,3.316,0.437999999999999,0.834,1.55,0.494,0.0139999999999993,TRUE,,12345,220345,1,RSpectra::eigs_sym,20,9.76996261670138e-15,5967015.00000001,-3.1037603043238e-12,244388.363181986,70.5710771007602,83.6657869022785,85.3167367676538,87.0019087622228,20260712_matched_nested_runtime_v2,a1ac36dc851bac1d124778c1264e783e,a8b31e5a5873e9e0e76423f60140c30b,R version 4.4.1 (2024-06-14),1.30.0,1.7.7,0.2.3,0.16.2,2026-07-12 06:56:39 UTC
291,4,gene_scaling,2,2000,3000,2985,5,0.08,0.1,0,nested_subsets_from_common_3000x3000_splatter_background_mid0,3000,3000,212345,213346,214346,2000:3001440:6013171852,3000:4501500:9004500500,Shell,Shell,pairwise_empirical_quantile,0.05,20,fit_plus_score_excludes_data_generation_preprocessing; generalized_components_profiled,3.356,3.342,0.442,0.390000000000001,2.031,0.478999999999999,0.0140000000000029,TRUE,,12345,221345,1,RSpectra::eigs_sym,20,6.43929354282591e-15,5967015.00000001,-2.35979638607553e-12,245709.913291605,70.5710771007602,83.6657869022785,85.3167367676538,87.0019087622228,20260712_matched_nested_runtime_v2,a1ac36dc851bac1d124778c1264e783e,a8b31e5a5873e9e0e76423f60140c30b,R version 4.4.1 (2024-06-14),1.30.0,1.7.7,0.2.3,0.16.2,2026-07-12 09:16:45 UTC
326,4,gene_scaling,2,2000,3000,2985,5,0.08,0.1,0,nested_subsets_from_common_3000x3000_splatter_background_mid0,3000,3000,212345,213346,214346,2000:3001440:6013171852,3000:4501500:9004500500,LR,LR,pairwise_empirical_quantile,0.05,20,fit_plus_score_excludes_data_generation_preprocessing; generalized_components_profiled,3.403,3.389,0.414,0.917,1.563,0.494999999999997,0.0139999999999993,TRUE,,12345,222345,1,RSpectra::eigs_sym,20,4.66293670342566e-15,5967015.00000001,-3.68247446425052e-12,245344.059217153,70.5710771007602,83.6657869022785,85.3167367676538,87.0019087622228,20260712_matched_nested_runtime_v2,a1ac36dc851bac1d124778c1264e783e,a8b31e5a5873e9e0e76423f60140c30b,R version 4.4.1 (2024-06-14),1.30.0,1.7.7,0.2.3,0.16.2,2026-07-12 06:56:20 UTC
18,4,gene_scaling,3,2000,3000,2987,5,0.08,0.1,0,nested_subsets_from_common_3000x3000_splatter_background_mid0,3000,3000,312345,313346,314346,2000:3031237:6056766919,3000:4501500:9004500500,PCA,PCA,none,,20,fit_plus_score_excludes_data_generation_preprocessing; generalized_components_profiled,6.399,6.385,,,,,0.0139999999999993,TRUE,,12345,313345,1,stats::prcomp,20,1.33226762955019e-15,5971013,-1.5388315621756e-12,248373.549155942,,,,,20260712_matched_nested_runtime_v2,a1ac36dc851bac1d124778c1264e783e,a8b31e5a5873e9e0e76423f60140c30b,R version 4.4.1 (2024-06-14),1.30.0,1.7.7,0.2.3,0.16.2,2026-07-12 08:29:31 UTC
53,4,gene_scaling,3,2000,3000,2987,5,0.08,0.1,0,nested_subsets_from_common_3000x3000_splatter_background_mid0,3000,3000,312345,313346,314346,2000:3031237:6056766919,3000:4501500:9004500500,Grid,PcaGrid,none,,20,fit_plus_score_excludes_data_generation_preprocessing; generalized_components_profiled,547.77,547.745,,,,,0.0249999999999773,TRUE,,12345,314345,1,rrcov::PcaGrid,20,1.55431223447522e-15,5971013,-2.03758190875369e-12,207558.651988528,,,,,20260712_matched_nested_runtime_v2,a1ac36dc851bac1d124778c1264e783e,a8b31e5a5873e9e0e76423f60140c30b,R version 4.4.1 (2024-06-14),1.30.0,1.7.7,0.2.3,0.16.2,2026-07-12 08:39:09 UTC
88,4,gene_scaling,3,2000,3000,2987,5,0.08,0.1,0,nested_subsets_from_common_3000x3000_splatter_background_mid0,3000,3000,312345,313346,314346,2000:3031237:6056766919,3000:4501500:9004500500,Hubert,PcaHubert,none,,20,fit_plus_score_excludes_data_generation_preprocessing; generalized_components_profiled,10.326,10.312,,,,,0.0139999999999993,TRUE,,12345,315345,1,rrcov::PcaHubert,20,3.35534551532124e-14,5971013,-4.6329017011626e-12,243105.945227438,,,,,20260712_matched_nested_runtime_v2,a1ac36dc851bac1d124778c1264e783e,a8b31e5a5873e9e0e76423f60140c30b,R version 4.4.1 (2024-06-14),1.30.0,1.7.7,0.2.3,0.16.2,2026-07-12 09:26:36 UTC
123,4,gene_scaling,3,2000,3000,2987,5,0.08,0.1,0,nested_subsets_from_common_3000x3000_splatter_background_mid0,3000,3000,312345,313346,314346,2000:3031237:6056766919,3000:4501500:9004500500,PCP,PCP,none,,20,fit_plus_score_excludes_data_generation_preprocessing; generalized_components_profiled,2155.304,2155.289,,,,,0.0149999999998727,TRUE,,12345,316345,1,rpca::rpca+stats::prcomp,20,1.4432899320127e-15,5971013,5.32421329246802e-13,145104.904710318,,,,,20260712_matched_nested_runtime_v2,a1ac36dc851bac1d124778c1264e783e,a8b31e5a5873e9e0e76423f60140c30b,R version 4.4.1 (2024-06-14),1.30.0,1.7.7,0.2.3,0.16.2,2026-07-12 08:29:08 UTC
158,4,gene_scaling,3,2000,3000,2987,5,0.08,0.1,0,nested_subsets_from_common_3000x3000_splatter_background_mid0,3000,3000,312345,313346,314346,2000:3031237:6056766919,3000:4501500:9004500500,Tau,K's tau,none,,20,fit_plus_score_excludes_data_generation_preprocessing; generalized_components_profiled,3.138,3.124,0.417999999999999,0.146000000000001,2.073,0.486999999999998,0.0139999999999993,TRUE,,12345,317345,1,RSpectra::eigs_sym,20,2.50910403565285e-14,5971013,1.61451407798552e-12,247360.432028522,,,,,20260712_matched_nested_runtime_v2,a1ac36dc851bac1d124778c1264e783e,a8b31e5a5873e9e0e76423f60140c30b,R version 4.4.1 (2024-06-14),1.30.0,1.7.7,0.2.3,0.16.2,2026-07-12 09:29:01 UTC
193,4,gene_scaling,3,2000,3000,2987,5,0.08,0.1,0,nested_subsets_from_common_3000x3000_splatter_background_mid0,3000,3000,312345,313346,314346,2000:3031237:6056766919,3000:4501500:9004500500,Winsor,Winsor,pairwise_empirical_quantile,0.05,20,fit_plus_score_excludes_data_generation_preprocessing; generalized_components_profiled,3.328,3.314,0.443,0.331,2.034,0.505999999999997,0.0140000000000029,TRUE,,12345,318345,1,RSpectra::eigs_sym,20,1.50990331349021e-14,5971013,4.64603355787574e-12,248281.539460841,70.742059699815,83.4289986283958,84.9290561368647,86.4092393988604,20260712_matched_nested_runtime_v2,a1ac36dc851bac1d124778c1264e783e,a8b31e5a5873e9e0e76423f60140c30b,R version 4.4.1 (2024-06-14),1.30.0,1.7.7,0.2.3,0.16.2,2026-07-12 09:13:36 UTC
228,4,gene_scaling,3,2000,3000,2987,5,0.08,0.1,0,nested_subsets_from_common_3000x3000_splatter_background_mid0,3000,3000,312345,313346,314346,2000:3031237:6056766919,3000:4501500:9004500500,Quad,Quad,pairwise_empirical_quantile,0.05,20,fit_plus_score_excludes_data_generation_preprocessing; generalized_components_profiled,3.422,3.408,0.442,0.338000000000001,2.047,0.581000000000003,0.0139999999999993,TRUE,,12345,319345,1,RSpectra::eigs_sym,20,1.79856129989275e-14,5971013,4.87482970656927e-12,248168.393395668,70.742059699815,83.4289986283958,84.9290561368647,86.4092393988604,20260712_matched_nested_runtime_v2,a1ac36dc851bac1d124778c1264e783e,a8b31e5a5873e9e0e76423f60140c30b,R version 4.4.1 (2024-06-14),1.30.0,1.7.7,0.2.3,0.16.2,2026-07-12 08:59:14 UTC
263,4,gene_scaling,3,2000,3000,2987,5,0.08,0.1,0,nested_subsets_from_common_3000x3000_splatter_background_mid0,3000,3000,312345,313346,314346,2000:3031237:6056766919,3000:4501500:9004500500,Ball,Ball,pairwise_empirical_quantile,0.05,20,fit_plus_score_excludes_data_generation_preprocessing; generalized_components_profiled,3.402,3.388,0.443,0.812000000000001,1.568,0.565000000000001,0.0139999999999993,TRUE,,12345,320345,1,RSpectra::eigs_sym,20,1.4432899320127e-14,5971013,5.57922458233051e-12,245672.06549849,70.742059699815,83.4289986283958,84.9290561368647,86.4092393988604,20260712_matched_nested_runtime_v2,a1ac36dc851bac1d124778c1264e783e,a8b31e5a5873e9e0e76423f60140c30b,R version 4.4.1 (2024-06-14),1.30.0,1.7.7,0.2.3,0.16.2,2026-07-12 09:01:55 UTC
298,4,gene_scaling,3,2000,3000,2987,5,0.08,0.1,0,nested_subsets_from_common_3000x3000_splatter_background_mid0,3000,3000,312345,313346,314346,2000:3031237:6056766919,3000:4501500:9004500500,Shell,Shell,pairwise_empirical_quantile,0.05,20,fit_plus_score_excludes_data_generation_preprocessing; generalized_components_profiled,3.456,3.442,0.443000000000001,0.352,2.058,0.588999999999999,0.0139999999999993,TRUE,,12345,321345,1,RSpectra::eigs_sym,20,1.24344978758018e-14,5971013,2.51961645991727e-13,246900.030393283,70.742059699815,83.4289986283958,84.9290561368647,86.4092393988604,20260712_matched_nested_runtime_v2,a1ac36dc851bac1d124778c1264e783e,a8b31e5a5873e9e0e76423f60140c30b,R version 4.4.1 (2024-06-14),1.30.0,1.7.7,0.2.3,0.16.2,2026-07-12 09:00:39 UTC
333,4,gene_scaling,3,2000,3000,2987,5,0.08,0.1,0,nested_subsets_from_common_3000x3000_splatter_background_mid0,3000,3000,312345,313346,314346,2000:3031237:6056766919,3000:4501500:9004500500,LR,LR,pairwise_empirical_quantile,0.05,20,fit_plus_score_excludes_data_generation_preprocessing; generalized_components_profiled,3.421,3.406,0.44,0.881,1.562,0.523,0.0150000000000006,TRUE,,12345,322345,1,RSpectra::eigs_sym,20,1.86517468137026e-14,5971013,3.90462662203106e-12,246600.951689133,70.742059699815,83.4289986283958,84.9290561368647,86.4092393988604,20260712_matched_nested_runtime_v2,a1ac36dc851bac1d124778c1264e783e,a8b31e5a5873e9e0e76423f60140c30b,R version 4.4.1 (2024-06-14),1.30.0,1.7.7,0.2.3,0.16.2,2026-07-12 09:13:55 UTC
25,4,gene_scaling,4,2000,3000,2987,5,0.08,0.1,0,nested_subsets_from_common_3000x3000_splatter_background_mid0,3000,3000,412345,413346,414346,2000:2984285:5933584569,3000:4501500:9004500500,PCA,PCA,none,,20,fit_plus_score_excludes_data_generation_preprocessing; generalized_components_profiled,6.488,6.474,,,,,0.0139999999999993,TRUE,,12345,413345,1,stats::prcomp,20,1.55431223447522e-15,5971013,3.65138821956101e-12,244010.027789669,,,,,20260712_matched_nested_runtime_v2,a1ac36dc851bac1d124778c1264e783e,a8b31e5a5873e9e0e76423f60140c30b,R version 4.4.1 (2024-06-14),1.30.0,1.7.7,0.2.3,0.16.2,2026-07-12 07:43:21 UTC
60,4,gene_scaling,4,2000,3000,2987,5,0.08,0.1,0,nested_subsets_from_common_3000x3000_splatter_background_mid0,3000,3000,412345,413346,414346,2000:2984285:5933584569,3000:4501500:9004500500,Grid,PcaGrid,none,,20,fit_plus_score_excludes_data_generation_preprocessing; generalized_components_profiled,535.033,535.008,,,,,0.0249999999999773,TRUE,,12345,414345,1,rrcov::PcaGrid,20,1.77635683940025e-15,5971013,1.49942558369531e-13,207164.710768543,,,,,20260712_matched_nested_runtime_v2,a1ac36dc851bac1d124778c1264e783e,a8b31e5a5873e9e0e76423f60140c30b,R version 4.4.1 (2024-06-14),1.30.0,1.7.7,0.2.3,0.16.2,2026-07-12 09:21:00 UTC
95,4,gene_scaling,4,2000,3000,2987,5,0.08,0.1,0,nested_subsets_from_common_3000x3000_splatter_background_mid0,3000,3000,412345,413346,414346,2000:2984285:5933584569,3000:4501500:9004500500,Hubert,PcaHubert,none,,20,fit_plus_score_excludes_data_generation_preprocessing; generalized_components_profiled,10.26,10.246,,,,,0.0139999999999993,TRUE,,12345,415345,1,rrcov::PcaHubert,20,3.06421554796543e-14,5971013,1.27718668974097e-12,239118.339426617,,,,,20260712_matched_nested_runtime_v2,a1ac36dc851bac1d124778c1264e783e,a8b31e5a5873e9e0e76423f60140c30b,R version 4.4.1 (2024-06-14),1.30.0,1.7.7,0.2.3,0.16.2,2026-07-12 09:36:22 UTC
130,4,gene_scaling,4,2000,3000,2987,5,0.08,0.1,0,nested_subsets_from_common_3000x3000_splatter_background_mid0,3000,3000,412345,413346,414346,2000:2984285:5933584569,3000:4501500:9004500500,PCP,PCP,none,,20,fit_plus_score_excludes_data_generation_preprocessing; generalized_components_profiled,2181.778,2181.764,,,,,0.0140000000001237,TRUE,,12345,416345,1,rpca::rpca+stats::prcomp,20,1.77635683940025e-15,5971013,1.95267760294549e-12,141240.472156362,,,,,20260712_matched_nested_runtime_v2,a1ac36dc851bac1d124778c1264e783e,a8b31e5a5873e9e0e76423f60140c30b,R version 4.4.1 (2024-06-14),1.30.0,1.7.7,0.2.3,0.16.2,2026-07-12 08:29:56 UTC
165,4,gene_scaling,4,2000,3000,2987,5,0.08,0.1,0,nested_subsets_from_common_3000x3000_splatter_background_mid0,3000,3000,412345,413346,414346,2000:2984285:5933584569,3000:4501500:9004500500,Tau,K's tau,none,,20,fit_plus_score_excludes_data_generation_preprocessing; generalized_components_profiled,3.16,3.145,0.431999999999999,0.146000000000001,2.04,0.526999999999998,0.0150000000000006,TRUE,,12345,417345,1,RSpectra::eigs_sym,20,9.54791801177635e-15,5971013,-4.03738847909452e-12,243072.437624743,,,,,20260712_matched_nested_runtime_v2,a1ac36dc851bac1d124778c1264e783e,a8b31e5a5873e9e0e76423f60140c30b,R version 4.4.1 (2024-06-14),1.30.0,1.7.7,0.2.3,0.16.2,2026-07-12 06:54:44 UTC
200,4,gene_scaling,4,2000,3000,2987,5,0.08,0.1,0,nested_subsets_from_common_3000x3000_splatter_background_mid0,3000,3000,412345,413346,414346,2000:2984285:5933584569,3000:4501500:9004500500,Winsor,Winsor,pairwise_empirical_quantile,0.05,20,fit_plus_score_excludes_data_generation_preprocessing; generalized_components_profiled,3.376,3.362,0.44,0.375,2.037,0.510000000000002,0.0139999999999993,TRUE,,12345,418345,1,RSpectra::eigs_sym,20,8.65973959207622e-15,5971013,-1.31816779713745e-12,243959.678373761,70.9471160151839,83.2154199041283,84.6109011451068,86.0633021087936,20260712_matched_nested_runtime_v2,a1ac36dc851bac1d124778c1264e783e,a8b31e5a5873e9e0e76423f60140c30b,R version 4.4.1 (2024-06-14),1.30.0,1.7.7,0.2.3,0.16.2,2026-07-12 06:59:25 UTC
235,4,gene_scaling,4,2000,3000,2987,5,0.08,0.1,0,nested_subsets_from_common_3000x3000_splatter_background_mid0,3000,3000,412345,413346,414346,2000:2984285:5933584569,3000:4501500:9004500500,Quad,Quad,pairwise_empirical_quantile,0.05,20,fit_plus_score_excludes_data_generation_preprocessing; generalized_components_profiled,3.43,3.416,0.43,0.381000000000002,2.034,0.571000000000002,0.0139999999999993,TRUE,,12345,419345,1,RSpectra::eigs_sym,20,1.11022302462516e-14,5971013,-3.63983149176406e-13,243873.98541383,70.9471160151839,83.2154199041283,84.6109011451068,86.0633021087936,20260712_matched_nested_runtime_v2,a1ac36dc851bac1d124778c1264e783e,a8b31e5a5873e9e0e76423f60140c30b,R version 4.4.1 (2024-06-14),1.30.0,1.7.7,0.2.3,0.16.2,2026-07-12 08:30:15 UTC
270,4,gene_scaling,4,2000,3000,2987,5,0.08,0.1,0,nested_subsets_from_common_3000x3000_splatter_background_mid0,3000,3000,412345,413346,414346,2000:2984285:5933584569,3000:4501500:9004500500,Ball,Ball,pairwise_empirical_quantile,0.05,20,fit_plus_score_excludes_data_generation_preprocessing; generalized_components_profiled,3.37,3.356,0.436999999999999,0.833000000000002,1.547,0.538999999999998,0.0139999999999993,TRUE,,12345,420345,1,RSpectra::eigs_sym,20,1.50990331349021e-14,5971013,-1.90318247272891e-12,241543.519790342,70.9471160151839,83.2154199041283,84.6109011451068,86.0633021087936,20260712_matched_nested_runtime_v2,a1ac36dc851bac1d124778c1264e783e,a8b31e5a5873e9e0e76423f60140c30b,R version 4.4.1 (2024-06-14),1.30.0,1.7.7,0.2.3,0.16.2,2026-07-12 08:34:16 UTC
305,4,gene_scaling,4,2000,3000,2987,5,0.08,0.1,0,nested_subsets_from_common_3000x3000_splatter_background_mid0,3000,3000,412345,413346,414346,2000:2984285:5933584569,3000:4501500:9004500500,Shell,Shell,pairwise_empirical_quantile,0.05,20,fit_plus_score_excludes_data_generation_preprocessing; generalized_components_profiled,3.531,3.517,0.443999999999999,0.395,2.068,0.609999999999999,0.0139999999999993,TRUE,,12345,421345,1,RSpectra::eigs_sym,20,1.04360964314765e-14,5971013,-2.6532109842492e-12,242730.275191927,70.9471160151839,83.2154199041283,84.6109011451068,86.0633021087936,20260712_matched_nested_runtime_v2,a1ac36dc851bac1d124778c1264e783e,a8b31e5a5873e9e0e76423f60140c30b,R version 4.4.1 (2024-06-14),1.30.0,1.7.7,0.2.3,0.16.2,2026-07-12 07:40:41 UTC
340,4,gene_scaling,4,2000,3000,2987,5,0.08,0.1,0,nested_subsets_from_common_3000x3000_splatter_background_mid0,3000,3000,412345,413346,414346,2000:2984285:5933584569,3000:4501500:9004500500,LR,LR,pairwise_empirical_quantile,0.05,20,fit_plus_score_excludes_data_generation_preprocessing; generalized_components_profiled,3.647,3.633,0.429000000000002,1.019,1.601,0.584,0.0140000000000029,TRUE,,12345,422345,1,RSpectra::eigs_sym,20,9.99200722162641e-15,5971013,-4.10184039512096e-12,242436.319199934,70.9471160151839,83.2154199041283,84.6109011451068,86.0633021087936,20260712_matched_nested_runtime_v2,a1ac36dc851bac1d124778c1264e783e,a8b31e5a5873e9e0e76423f60140c30b,R version 4.4.1 (2024-06-14),1.30.0,1.7.7,0.2.3,0.16.2,2026-07-12 07:17:17 UTC
32,4,gene_scaling,5,2000,3000,2983,5,0.08,0.1,0,nested_subsets_from_common_3000x3000_splatter_background_mid0,3000,3000,512345,513346,514346,2000:3020212:6100557648,3000:4501500:9004500500,PCA,PCA,none,,20,fit_plus_score_excludes_data_generation_preprocessing; generalized_components_profiled,6.216,6.202,,,,,0.0139999999999993,TRUE,,12345,513345,1,stats::prcomp,20,1.88737914186277e-15,5963017,1.1816866929415e-12,243425.054691919,,,,,20260712_matched_nested_runtime_v2,a1ac36dc851bac1d124778c1264e783e,a8b31e5a5873e9e0e76423f60140c30b,R version 4.4.1 (2024-06-14),1.30.0,1.7.7,0.2.3,0.16.2,2026-07-12 07:11:20 UTC
67,4,gene_scaling,5,2000,3000,2983,5,0.08,0.1,0,nested_subsets_from_common_3000x3000_splatter_background_mid0,3000,3000,512345,513346,514346,2000:3020212:6100557648,3000:4501500:9004500500,Grid,PcaGrid,none,,20,fit_plus_score_excludes_data_generation_preprocessing; generalized_components_profiled,537.035,537.01,,,,,0.0249999999999773,TRUE,,12345,514345,1,rrcov::PcaGrid,20,1.99840144432528e-15,5963017,-9.86134784941584e-13,202543.094800215,,,,,20260712_matched_nested_runtime_v2,a1ac36dc851bac1d124778c1264e783e,a8b31e5a5873e9e0e76423f60140c30b,R version 4.4.1 (2024-06-14),1.30.0,1.7.7,0.2.3,0.16.2,2026-07-12 08:39:11 UTC
102,4,gene_scaling,5,2000,3000,2983,5,0.08,0.1,0,nested_subsets_from_common_3000x3000_splatter_background_mid0,3000,3000,512345,513346,514346,2000:3020212:6100557648,3000:4501500:9004500500,Hubert,PcaHubert,none,,20,fit_plus_score_excludes_data_generation_preprocessing; generalized_components_profiled,10.33,10.316,,,,,0.0139999999999993,TRUE,,12345,515345,1,rrcov::PcaHubert,20,1.94289029309402e-14,5963017,-2.1058849108968e-12,236921.30742244,,,,,20260712_matched_nested_runtime_v2,a1ac36dc851bac1d124778c1264e783e,a8b31e5a5873e9e0e76423f60140c30b,R version 4.4.1 (2024-06-14),1.30.0,1.7.7,0.2.3,0.16.2,2026-07-12 09:33:21 UTC
137,4,gene_scaling,5,2000,3000,2983,5,0.08,0.1,0,nested_subsets_from_common_3000x3000_splatter_background_mid0,3000,3000,512345,513346,514346,2000:3020212:6100557648,3000:4501500:9004500500,PCP,PCP,none,,20,fit_plus_score_excludes_data_generation_preprocessing; generalized_components_profiled,2257.994,2257.98,,,,,0.0139999999996689,TRUE,,12345,516345,1,rpca::rpca+stats::prcomp,20,1.33226762955019e-15,5963017,1.882379668805e-12,140206.059559021,,,,,20260712_matched_nested_runtime_v2,a1ac36dc851bac1d124778c1264e783e,a8b31e5a5873e9e0e76423f60140c30b,R version 4.4.1 (2024-06-14),1.30.0,1.7.7,0.2.3,0.16.2,2026-07-12 07:49:57 UTC
172,4,gene_scaling,5,2000,3000,2983,5,0.08,0.1,0,nested_subsets_from_common_3000x3000_splatter_background_mid0,3000,3000,512345,513346,514346,2000:3020212:6100557648,3000:4501500:9004500500,Tau,K's tau,none,,20,fit_plus_score_excludes_data_generation_preprocessing; generalized_components_profiled,3.219,3.204,0.429,0.144,2.047,0.584,0.0150000000000006,TRUE,,12345,517345,1,RSpectra::eigs_sym,20,1.08801856413265e-14,5963017,1.92820065469945e-12,242234.250401092,,,,,20260712_matched_nested_runtime_v2,a1ac36dc851bac1d124778c1264e783e,a8b31e5a5873e9e0e76423f60140c30b,R version 4.4.1 (2024-06-14),1.30.0,1.7.7,0.2.3,0.16.2,2026-07-12 09:10:35 UTC
207,4,gene_scaling,5,2000,3000,2983,5,0.08,0.1,0,nested_subsets_from_common_3000x3000_splatter_background_mid0,3000,3000,512345,513346,514346,2000:3020212:6100557648,3000:4501500:9004500500,Winsor,Winsor,pairwise_empirical_quantile,0.05,20,fit_plus_score_excludes_data_generation_preprocessing; generalized_components_profiled,3.349,3.335,0.433,0.343999999999999,2.049,0.509,0.0139999999999993,TRUE,,12345,518345,1,RSpectra::eigs_sym,20,1.22124532708767e-14,5963017,-2.49916060068855e-12,243299.607133879,70.5958021738325,83.7201485779463,85.5424232461722,87.3730791931226,20260712_matched_nested_runtime_v2,a1ac36dc851bac1d124778c1264e783e,a8b31e5a5873e9e0e76423f60140c30b,R version 4.4.1 (2024-06-14),1.30.0,1.7.7,0.2.3,0.16.2,2026-07-12 09:18:30 UTC
242,4,gene_scaling,5,2000,3000,2983,5,0.08,0.1,0,nested_subsets_from_common_3000x3000_splatter_background_mid0,3000,3000,512345,513346,514346,2000:3020212:6100557648,3000:4501500:9004500500,Quad,Quad,pairwise_empirical_quantile,0.05,20,fit_plus_score_excludes_data_generation_preprocessing; generalized_components_profiled,3.448,3.434,0.421000000000001,0.352,2.107,0.553999999999999,0.0140000000000029,TRUE,,12345,519345,1,RSpectra::eigs_sym,20,1.28785870856518e-14,5963017,1.59314228476148e-12,243146.18242257,70.5958021738325,83.7201485779463,85.5424232461722,87.3730791931226,20260712_matched_nested_runtime_v2,a1ac36dc851bac1d124778c1264e783e,a8b31e5a5873e9e0e76423f60140c30b,R version 4.4.1 (2024-06-14),1.30.0,1.7.7,0.2.3,0.16.2,2026-07-12 08:43:49 UTC
277,4,gene_scaling,5,2000,3000,2983,5,0.08,0.1,0,nested_subsets_from_common_3000x3000_splatter_background_mid0,3000,3000,512345,513346,514346,2000:3020212:6100557648,3000:4501500:9004500500,Ball,Ball,pairwise_empirical_quantile,0.05,20,fit_plus_score_excludes_data_generation_preprocessing; generalized_components_profiled,3.435,3.42,0.440000000000001,0.826000000000001,1.573,0.581,0.0150000000000006,TRUE,,12345,520345,1,RSpectra::eigs_sym,20,1.77635683940025e-14,5963017,-2.2859492077032e-12,240406.651720775,70.5958021738325,83.7201485779463,85.5424232461722,87.3730791931226,20260712_matched_nested_runtime_v2,a1ac36dc851bac1d124778c1264e783e,a8b31e5a5873e9e0e76423f60140c30b,R version 4.4.1 (2024-06-14),1.30.0,1.7.7,0.2.3,0.16.2,2026-07-12 08:28:19 UTC
312,4,gene_scaling,5,2000,3000,2983,5,0.08,0.1,0,nested_subsets_from_common_3000x3000_splatter_background_mid0,3000,3000,512345,513346,514346,2000:3020212:6100557648,3000:4501500:9004500500,Shell,Shell,pairwise_empirical_quantile,0.05,20,fit_plus_score_excludes_data_generation_preprocessing; generalized_components_profiled,3.421,3.407,0.433,0.363,2.043,0.568000000000001,0.0139999999999993,TRUE,,12345,521345,1,RSpectra::eigs_sym,20,1.33226762955019e-14,5963017,8.65932325844199e-13,241757.234644218,70.5958021738325,83.7201485779463,85.5424232461722,87.3730791931226,20260712_matched_nested_runtime_v2,a1ac36dc851bac1d124778c1264e783e,a8b31e5a5873e9e0e76423f60140c30b,R version 4.4.1 (2024-06-14),1.30.0,1.7.7,0.2.3,0.16.2,2026-07-12 08:39:48 UTC
347,4,gene_scaling,5,2000,3000,2983,5,0.08,0.1,0,nested_subsets_from_common_3000x3000_splatter_background_mid0,3000,3000,512345,513346,514346,2000:3020212:6100557648,3000:4501500:9004500500,LR,LR,pairwise_empirical_quantile,0.05,20,fit_plus_score_excludes_data_generation_preprocessing; generalized_components_profiled,3.45,3.436,0.418000000000001,0.903,1.569,0.545999999999999,0.0139999999999993,TRUE,,12345,522345,1,RSpectra::eigs_sym,20,1.88737914186277e-14,5963017,-8.12613865086576e-13,241407.93290152,70.5958021738325,83.7201485779463,85.5424232461722,87.3730791931226,20260712_matched_nested_runtime_v2,a1ac36dc851bac1d124778c1264e783e,a8b31e5a5873e9e0e76423f60140c30b,R version 4.4.1 (2024-06-14),1.30.0,1.7.7,0.2.3,0.16.2,2026-07-12 09:09:27 UTC
5,5,cell_scaling,1,500,2000,1977,5,0.08,0.1,0,nested_subsets_from_common_3000x3000_splatter_background_mid0,3000,3000,112345,113346,114346,500:789953:1623688359,2000:3051931:6176315335,PCA,PCA,none,,20,fit_plus_score_excludes_data_generation_preprocessing; generalized_components_profiled,0.213000000000001,0.211,,,,,0.00200000000000067,TRUE,,12345,113345,1,stats::prcomp,20,1.11022302462516e-15,986523,3.41879302645509e-13,90324.1575965783,,,,,20260712_matched_nested_runtime_v2,a1ac36dc851bac1d124778c1264e783e,a8b31e5a5873e9e0e76423f60140c30b,R version 4.4.1 (2024-06-14),1.30.0,1.7.7,0.2.3,0.16.2,2026-07-12 07:10:57 UTC
40,5,cell_scaling,1,500,2000,1977,5,0.08,0.1,0,nested_subsets_from_common_3000x3000_splatter_background_mid0,3000,3000,112345,113346,114346,500:789953:1623688359,2000:3051931:6176315335,Grid,PcaGrid,none,,20,fit_plus_score_excludes_data_generation_preprocessing; generalized_components_profiled,29.395,29.392,,,,,0.00300000000000011,TRUE,,12345,114345,1,rrcov::PcaGrid,20,2.88657986402541e-15,986523,-1.59327412374566e-13,74237.2546537843,,,,,20260712_matched_nested_runtime_v2,a1ac36dc851bac1d124778c1264e783e,a8b31e5a5873e9e0e76423f60140c30b,R version 4.4.1 (2024-06-14),1.30.0,1.7.7,0.2.3,0.16.2,2026-07-12 08:25:57 UTC
75,5,cell_scaling,1,500,2000,1977,5,0.08,0.1,0,nested_subsets_from_common_3000x3000_splatter_background_mid0,3000,3000,112345,113346,114346,500:789953:1623688359,2000:3051931:6176315335,Hubert,PcaHubert,none,,20,fit_plus_score_excludes_data_generation_preprocessing; generalized_components_profiled,0.978000000000002,0.976000000000001,,,,,0.00200000000000067,TRUE,,12345,115345,1,rrcov::PcaHubert,20,4.15223411209809e-14,986523,4.21291473928775e-13,86292.3371764623,,,,,20260712_matched_nested_runtime_v2,a1ac36dc851bac1d124778c1264e783e,a8b31e5a5873e9e0e76423f60140c30b,R version 4.4.1 (2024-06-14),1.30.0,1.7.7,0.2.3,0.16.2,2026-07-12 08:05:44 UTC
110,5,cell_scaling,1,500,2000,1977,5,0.08,0.1,0,nested_subsets_from_common_3000x3000_splatter_background_mid0,3000,3000,112345,113346,114346,500:789953:1623688359,2000:3051931:6176315335,PCP,PCP,none,,20,fit_plus_score_excludes_data_generation_preprocessing; generalized_components_profiled,73.774,73.771,,,,,0.00300000000000011,TRUE,,12345,116345,1,rpca::rpca+stats::prcomp,20,1.4432899320127e-15,986523,1.07965372753149e-12,44634.0964374601,,,,,20260712_matched_nested_runtime_v2,a1ac36dc851bac1d124778c1264e783e,a8b31e5a5873e9e0e76423f60140c30b,R version 4.4.1 (2024-06-14),1.30.0,1.7.7,0.2.3,0.16.2,2026-07-12 07:09:02 UTC
145,5,cell_scaling,1,500,2000,1977,5,0.08,0.1,0,nested_subsets_from_common_3000x3000_splatter_background_mid0,3000,3000,112345,113346,114346,500:789953:1623688359,2000:3051931:6176315335,Tau,K's tau,none,,20,fit_plus_score_excludes_data_generation_preprocessing; generalized_components_profiled,0.432,0.43,0.0280000000000005,0.0229999999999997,0.172000000000001,0.206999999999999,0.00200000000000067,TRUE,,12345,117345,1,RSpectra::eigs_sym,20,1.35447209004269e-14,986523,-3.61259633319122e-13,89667.3770162035,,,,,20260712_matched_nested_runtime_v2,a1ac36dc851bac1d124778c1264e783e,a8b31e5a5873e9e0e76423f60140c30b,R version 4.4.1 (2024-06-14),1.30.0,1.7.7,0.2.3,0.16.2,2026-07-12 08:04:58 UTC
180,5,cell_scaling,1,500,2000,1977,5,0.08,0.1,0,nested_subsets_from_common_3000x3000_splatter_background_mid0,3000,3000,112345,113346,114346,500:789953:1623688359,2000:3051931:6176315335,Winsor,Winsor,pairwise_empirical_quantile,0.05,20,fit_plus_score_excludes_data_generation_preprocessing; generalized_components_profiled,0.444999999999999,0.443,0.0279999999999987,0.0330000000000013,0.173,0.209,0.00199999999999889,TRUE,,12345,118345,1,RSpectra::eigs_sym,20,1.57651669496772e-14,986523,7.68413110918687e-13,90313.2965081269,57.0549485047255,68.0552797210767,69.060922972324,69.9404247460268,20260712_matched_nested_runtime_v2,a1ac36dc851bac1d124778c1264e783e,a8b31e5a5873e9e0e76423f60140c30b,R version 4.4.1 (2024-06-14),1.30.0,1.7.7,0.2.3,0.16.2,2026-07-12 08:41:42 UTC
215,5,cell_scaling,1,500,2000,1977,5,0.08,0.1,0,nested_subsets_from_common_3000x3000_splatter_background_mid0,3000,3000,112345,113346,114346,500:789953:1623688359,2000:3051931:6176315335,Quad,Quad,pairwise_empirical_quantile,0.05,20,fit_plus_score_excludes_data_generation_preprocessing; generalized_components_profiled,0.442,0.44,0.027000000000001,0.0339999999999989,0.173,0.206,0.00200000000000067,TRUE,,12345,119345,1,RSpectra::eigs_sym,20,1.15463194561016e-14,986523,-1.32192173873946e-12,90286.4175829234,57.0549485047255,68.0552797210767,69.060922972324,69.9404247460268,20260712_matched_nested_runtime_v2,a1ac36dc851bac1d124778c1264e783e,a8b31e5a5873e9e0e76423f60140c30b,R version 4.4.1 (2024-06-14),1.30.0,1.7.7,0.2.3,0.16.2,2026-07-12 09:14:44 UTC
250,5,cell_scaling,1,500,2000,1977,5,0.08,0.1,0,nested_subsets_from_common_3000x3000_splatter_background_mid0,3000,3000,112345,113346,114346,500:789953:1623688359,2000:3051931:6176315335,Ball,Ball,pairwise_empirical_quantile,0.05,20,fit_plus_score_excludes_data_generation_preprocessing; generalized_components_profiled,0.503,0.5,0.0309999999999988,0.0360000000000014,0.203999999999999,0.229000000000001,0.00300000000000011,TRUE,,12345,120345,1,RSpectra::eigs_sym,20,1.4432899320127e-14,986523,2.38656316930985e-13,88699.9314249847,57.0549485047255,68.0552797210767,69.060922972324,69.9404247460268,20260712_matched_nested_runtime_v2,a1ac36dc851bac1d124778c1264e783e,a8b31e5a5873e9e0e76423f60140c30b,R version 4.4.1 (2024-06-14),1.30.0,1.7.7,0.2.3,0.16.2,2026-07-12 07:07:15 UTC
285,5,cell_scaling,1,500,2000,1977,5,0.08,0.1,0,nested_subsets_from_common_3000x3000_splatter_background_mid0,3000,3000,112345,113346,114346,500:789953:1623688359,2000:3051931:6176315335,Shell,Shell,pairwise_empirical_quantile,0.05,20,fit_plus_score_excludes_data_generation_preprocessing; generalized_components_profiled,0.446999999999999,0.443999999999999,0.0269999999999992,0.0350000000000001,0.172000000000001,0.209999999999999,0.00300000000000011,TRUE,,12345,121345,1,RSpectra::eigs_sym,20,1.02140518265514e-14,986523,-4.55590426495789e-13,89464.8160340778,57.0549485047255,68.0552797210767,69.060922972324,69.9404247460268,20260712_matched_nested_runtime_v2,a1ac36dc851bac1d124778c1264e783e,a8b31e5a5873e9e0e76423f60140c30b,R version 4.4.1 (2024-06-14),1.30.0,1.7.7,0.2.3,0.16.2,2026-07-12 09:15:16 UTC
320,5,cell_scaling,1,500,2000,1977,5,0.08,0.1,0,nested_subsets_from_common_3000x3000_splatter_background_mid0,3000,3000,112345,113346,114346,500:789953:1623688359,2000:3051931:6176315335,LR,LR,pairwise_empirical_quantile,0.05,20,fit_plus_score_excludes_data_generation_preprocessing; generalized_components_profiled,0.449999999999999,0.446999999999999,0.0280000000000005,0.0379999999999985,0.172000000000001,0.209,0.00300000000000011,TRUE,,12345,122345,1,RSpectra::eigs_sym,20,1.33226762955019e-14,986523,-3.68836905462189e-13,89228.4738247821,57.0549485047255,68.0552797210767,69.060922972324,69.9404247460268,20260712_matched_nested_runtime_v2,a1ac36dc851bac1d124778c1264e783e,a8b31e5a5873e9e0e76423f60140c30b,R version 4.4.1 (2024-06-14),1.30.0,1.7.7,0.2.3,0.16.2,2026-07-12 08:06:28 UTC
12,5,cell_scaling,2,500,2000,1974,5,0.08,0.1,0,nested_subsets_from_common_3000x3000_splatter_background_mid0,3000,3000,212345,213346,214346,500:757086:1524476330,2000:3015342:6052784978,PCA,PCA,none,,20,fit_plus_score_excludes_data_generation_preprocessing; generalized_components_profiled,0.199999999999999,0.196999999999999,,,,,0.00300000000000011,TRUE,,12345,213345,1,stats::prcomp,20,1.35048222604794e-15,985026,-1.52211576676109e-12,91033.005212908,,,,,20260712_matched_nested_runtime_v2,a1ac36dc851bac1d124778c1264e783e,a8b31e5a5873e9e0e76423f60140c30b,R version 4.4.1 (2024-06-14),1.30.0,1.7.7,0.2.3,0.16.2,2026-07-12 09:11:46 UTC
47,5,cell_scaling,2,500,2000,1974,5,0.08,0.1,0,nested_subsets_from_common_3000x3000_splatter_background_mid0,3000,3000,212345,213346,214346,500:757086:1524476330,2000:3015342:6052784978,Grid,PcaGrid,none,,20,fit_plus_score_excludes_data_generation_preprocessing; generalized_components_profiled,29.796,29.793,,,,,0.00300000000000011,TRUE,,12345,214345,1,rrcov::PcaGrid,20,1.77635683940025e-15,985026,-6.65537069899358e-13,74110.7565448997,,,,,20260712_matched_nested_runtime_v2,a1ac36dc851bac1d124778c1264e783e,a8b31e5a5873e9e0e76423f60140c30b,R version 4.4.1 (2024-06-14),1.30.0,1.7.7,0.2.3,0.16.2,2026-07-12 07:15:51 UTC
82,5,cell_scaling,2,500,2000,1974,5,0.08,0.1,0,nested_subsets_from_common_3000x3000_splatter_background_mid0,3000,3000,212345,213346,214346,500:757086:1524476330,2000:3015342:6052784978,Hubert,PcaHubert,none,,20,fit_plus_score_excludes_data_generation_preprocessing; generalized_components_profiled,0.971,0.968,,,,,0.00300000000000011,TRUE,,12345,215345,1,rrcov::PcaHubert,20,3.54855034245816e-14,985026,-4.03156674710914e-13,87036.8527089448,,,,,20260712_matched_nested_runtime_v2,a1ac36dc851bac1d124778c1264e783e,a8b31e5a5873e9e0e76423f60140c30b,R version 4.4.1 (2024-06-14),1.30.0,1.7.7,0.2.3,0.16.2,2026-07-12 09:31:21 UTC
117,5,cell_scaling,2,500,2000,1974,5,0.08,0.1,0,nested_subsets_from_common_3000x3000_splatter_background_mid0,3000,3000,212345,213346,214346,500:757086:1524476330,2000:3015342:6052784978,PCP,PCP,none,,20,fit_plus_score_excludes_data_generation_preprocessing; generalized_components_profiled,67.954,67.951,,,,,0.00300000000000011,TRUE,,12345,216345,1,rpca::rpca+stats::prcomp,20,2.22044604925031e-15,985026,7.36646854626599e-13,43162.6745562104,,,,,20260712_matched_nested_runtime_v2,a1ac36dc851bac1d124778c1264e783e,a8b31e5a5873e9e0e76423f60140c30b,R version 4.4.1 (2024-06-14),1.30.0,1.7.7,0.2.3,0.16.2,2026-07-12 06:56:02 UTC
152,5,cell_scaling,2,500,2000,1974,5,0.08,0.1,0,nested_subsets_from_common_3000x3000_splatter_background_mid0,3000,3000,212345,213346,214346,500:757086:1524476330,2000:3015342:6052784978,Tau,K's tau,none,,20,fit_plus_score_excludes_data_generation_preprocessing; generalized_components_profiled,0.462999999999999,0.459999999999999,0.0279999999999987,0.0240000000000009,0.183999999999999,0.224,0.00300000000000011,TRUE,,12345,217345,1,RSpectra::eigs_sym,20,1.31006316905768e-14,985026,1.38783429193268e-12,90218.8839172544,,,,,20260712_matched_nested_runtime_v2,a1ac36dc851bac1d124778c1264e783e,a8b31e5a5873e9e0e76423f60140c30b,R version 4.4.1 (2024-06-14),1.30.0,1.7.7,0.2.3,0.16.2,2026-07-12 06:54:25 UTC
187,5,cell_scaling,2,500,2000,1974,5,0.08,0.1,0,nested_subsets_from_common_3000x3000_splatter_background_mid0,3000,3000,212345,213346,214346,500:757086:1524476330,2000:3015342:6052784978,Winsor,Winsor,pairwise_empirical_quantile,0.05,20,fit_plus_score_excludes_data_generation_preprocessing; generalized_components_profiled,0.472,0.470000000000001,0.0280000000000005,0.0359999999999996,0.179,0.227,0.00199999999999889,TRUE,,12345,218345,1,RSpectra::eigs_sym,20,1.82076576038526e-14,985026,8.84681217172556e-13,90999.5026647833,57.0688208278474,68.1553461697238,69.2878787701556,70.2743492743899,20260712_matched_nested_runtime_v2,a1ac36dc851bac1d124778c1264e783e,a8b31e5a5873e9e0e76423f60140c30b,R version 4.4.1 (2024-06-14),1.30.0,1.7.7,0.2.3,0.16.2,2026-07-12 06:57:22 UTC
222,5,cell_scaling,2,500,2000,1974,5,0.08,0.1,0,nested_subsets_from_common_3000x3000_splatter_background_mid0,3000,3000,212345,213346,214346,500:757086:1524476330,2000:3015342:6052784978,Quad,Quad,pairwise_empirical_quantile,0.05,20,fit_plus_score_excludes_data_generation_preprocessing; generalized_components_profiled,0.492000000000001,0.49,0.0280000000000005,0.0440000000000005,0.184999999999999,0.233000000000001,0.00200000000000067,TRUE,,12345,219345,1,RSpectra::eigs_sym,20,1.95399252334028e-14,985026,3.46528361561127e-14,90916.9483479938,57.0688208278474,68.1553461697238,69.2878787701556,70.2743492743899,20260712_matched_nested_runtime_v2,a1ac36dc851bac1d124778c1264e783e,a8b31e5a5873e9e0e76423f60140c30b,R version 4.4.1 (2024-06-14),1.30.0,1.7.7,0.2.3,0.16.2,2026-07-12 07:58:23 UTC
257,5,cell_scaling,2,500,2000,1974,5,0.08,0.1,0,nested_subsets_from_common_3000x3000_splatter_background_mid0,3000,3000,212345,213346,214346,500:757086:1524476330,2000:3015342:6052784978,Ball,Ball,pairwise_empirical_quantile,0.05,20,fit_plus_score_excludes_data_generation_preprocessing; generalized_components_profiled,0.465,0.462,0.0279999999999987,0.0340000000000007,0.18,0.220000000000001,0.00300000000000011,TRUE,,12345,220345,1,RSpectra::eigs_sym,20,1.28785870856518e-14,985026,9.11902497957584e-13,89051.651644207,57.0688208278474,68.1553461697238,69.2878787701556,70.2743492743899,20260712_matched_nested_runtime_v2,a1ac36dc851bac1d124778c1264e783e,a8b31e5a5873e9e0e76423f60140c30b,R version 4.4.1 (2024-06-14),1.30.0,1.7.7,0.2.3,0.16.2,2026-07-12 07:11:31 UTC
292,5,cell_scaling,2,500,2000,1974,5,0.08,0.1,0,nested_subsets_from_common_3000x3000_splatter_background_mid0,3000,3000,212345,213346,214346,500:757086:1524476330,2000:3015342:6052784978,Shell,Shell,pairwise_empirical_quantile,0.05,20,fit_plus_score_excludes_data_generation_preprocessing; generalized_components_profiled,0.449999999999999,0.446999999999999,0.0279999999999987,0.0360000000000014,0.176,0.206999999999999,0.00300000000000011,TRUE,,12345,221345,1,RSpectra::eigs_sym,20,1.68753899743024e-14,985026,4.6017356591932e-13,89896.9875540374,57.0688208278474,68.1553461697238,69.2878787701556,70.2743492743899,20260712_matched_nested_runtime_v2,a1ac36dc851bac1d124778c1264e783e,a8b31e5a5873e9e0e76423f60140c30b,R version 4.4.1 (2024-06-14),1.30.0,1.7.7,0.2.3,0.16.2,2026-07-12 08:36:01 UTC
327,5,cell_scaling,2,500,2000,1974,5,0.08,0.1,0,nested_subsets_from_common_3000x3000_splatter_background_mid0,3000,3000,212345,213346,214346,500:757086:1524476330,2000:3015342:6052784978,LR,LR,pairwise_empirical_quantile,0.05,20,fit_plus_score_excludes_data_generation_preprocessing; generalized_components_profiled,0.468,0.466000000000001,0.0280000000000005,0.0400000000000009,0.177999999999999,0.220000000000001,0.00199999999999889,TRUE,,12345,222345,1,RSpectra::eigs_sym,20,7.32747196252603e-15,985026,8.25499391066131e-13,89580.1522975023,57.0688208278474,68.1553461697238,69.2878787701556,70.2743492743899,20260712_matched_nested_runtime_v2,a1ac36dc851bac1d124778c1264e783e,a8b31e5a5873e9e0e76423f60140c30b,R version 4.4.1 (2024-06-14),1.30.0,1.7.7,0.2.3,0.16.2,2026-07-12 08:37:04 UTC
19,5,cell_scaling,3,500,2000,1979,5,0.08,0.1,0,nested_subsets_from_common_3000x3000_splatter_background_mid0,3000,3000,312345,313346,314346,500:765132:1540060702,2000:3030735:6089175301,PCA,PCA,none,,20,fit_plus_score_excludes_data_generation_preprocessing; generalized_components_profiled,0.196,0.193999999999999,,,,,0.00200000000000067,TRUE,,12345,313345,1,stats::prcomp,20,1.66533453693773e-15,987521,-1.12065912105663e-12,91273.6148696655,,,,,20260712_matched_nested_runtime_v2,a1ac36dc851bac1d124778c1264e783e,a8b31e5a5873e9e0e76423f60140c30b,R version 4.4.1 (2024-06-14),1.30.0,1.7.7,0.2.3,0.16.2,2026-07-12 06:54:57 UTC
54,5,cell_scaling,3,500,2000,1979,5,0.08,0.1,0,nested_subsets_from_common_3000x3000_splatter_background_mid0,3000,3000,312345,313346,314346,500:765132:1540060702,2000:3030735:6089175301,Grid,PcaGrid,none,,20,fit_plus_score_excludes_data_generation_preprocessing; generalized_components_profiled,29.92,29.917,,,,,0.00300000000000011,TRUE,,12345,314345,1,rrcov::PcaGrid,20,1.77635683940025e-15,987521,-1.5895236515906e-12,73475.8597927266,,,,,20260712_matched_nested_runtime_v2,a1ac36dc851bac1d124778c1264e783e,a8b31e5a5873e9e0e76423f60140c30b,R version 4.4.1 (2024-06-14),1.30.0,1.7.7,0.2.3,0.16.2,2026-07-12 09:36:10 UTC
89,5,cell_scaling,3,500,2000,1979,5,0.08,0.1,0,nested_subsets_from_common_3000x3000_splatter_background_mid0,3000,3000,312345,313346,314346,500:765132:1540060702,2000:3030735:6089175301,Hubert,PcaHubert,none,,20,fit_plus_score_excludes_data_generation_preprocessing; generalized_components_profiled,1.056,1.054,,,,,0.00200000000000067,TRUE,,12345,315345,1,rrcov::PcaHubert,20,2.24265050974282e-14,987521,-1.15413581469603e-12,87391.0561317817,,,,,20260712_matched_nested_runtime_v2,a1ac36dc851bac1d124778c1264e783e,a8b31e5a5873e9e0e76423f60140c30b,R version 4.4.1 (2024-06-14),1.30.0,1.7.7,0.2.3,0.16.2,2026-07-12 08:29:46 UTC
124,5,cell_scaling,3,500,2000,1979,5,0.08,0.1,0,nested_subsets_from_common_3000x3000_splatter_background_mid0,3000,3000,312345,313346,314346,500:765132:1540060702,2000:3030735:6089175301,PCP,PCP,none,,20,fit_plus_score_excludes_data_generation_preprocessing; generalized_components_profiled,70.082,70.079,,,,,0.00300000000000011,TRUE,,12345,316345,1,rpca::rpca+stats::prcomp,20,2.66453525910038e-15,987521,-1.46375966902923e-14,43929.5662606142,,,,,20260712_matched_nested_runtime_v2,a1ac36dc851bac1d124778c1264e783e,a8b31e5a5873e9e0e76423f60140c30b,R version 4.4.1 (2024-06-14),1.30.0,1.7.7,0.2.3,0.16.2,2026-07-12 09:30:39 UTC
159,5,cell_scaling,3,500,2000,1979,5,0.08,0.1,0,nested_subsets_from_common_3000x3000_splatter_background_mid0,3000,3000,312345,313346,314346,500:765132:1540060702,2000:3030735:6089175301,Tau,K's tau,none,,20,fit_plus_score_excludes_data_generation_preprocessing; generalized_components_profiled,0.436999999999999,0.433999999999999,0.0280000000000005,0.0229999999999997,0.174,0.209,0.00300000000000011,TRUE,,12345,317345,1,RSpectra::eigs_sym,20,1.19904086659517e-14,987521,-7.09869663051421e-13,90447.4992723939,,,,,20260712_matched_nested_runtime_v2,a1ac36dc851bac1d124778c1264e783e,a8b31e5a5873e9e0e76423f60140c30b,R version 4.4.1 (2024-06-14),1.30.0,1.7.7,0.2.3,0.16.2,2026-07-12 09:29:15 UTC
194,5,cell_scaling,3,500,2000,1979,5,0.08,0.1,0,nested_subsets_from_common_3000x3000_splatter_background_mid0,3000,3000,312345,313346,314346,500:765132:1540060702,2000:3030735:6089175301,Winsor,Winsor,pairwise_empirical_quantile,0.05,20,fit_plus_score_excludes_data_generation_preprocessing; generalized_components_profiled,0.459999999999999,0.458,0.0279999999999987,0.0350000000000001,0.184000000000001,0.211,0.00199999999999889,TRUE,,12345,318345,1,RSpectra::eigs_sym,20,1.82076576038526e-14,987521,1.15810139256212e-14,91229.9127059101,57.1608924389207,68.2969934126012,69.519495270869,70.6310268037002,20260712_matched_nested_runtime_v2,a1ac36dc851bac1d124778c1264e783e,a8b31e5a5873e9e0e76423f60140c30b,R version 4.4.1 (2024-06-14),1.30.0,1.7.7,0.2.3,0.16.2,2026-07-12 07:52:12 UTC
229,5,cell_scaling,3,500,2000,1979,5,0.08,0.1,0,nested_subsets_from_common_3000x3000_splatter_background_mid0,3000,3000,312345,313346,314346,500:765132:1540060702,2000:3030735:6089175301,Quad,Quad,pairwise_empirical_quantile,0.05,20,fit_plus_score_excludes_data_generation_preprocessing; generalized_components_profiled,0.461,0.458,0.0280000000000005,0.0350000000000001,0.184999999999999,0.210000000000001,0.00300000000000011,TRUE,,12345,319345,1,RSpectra::eigs_sym,20,1.04360964314765e-14,987521,-4.84473572370803e-14,91137.26141343,57.1608924389207,68.2969934126012,69.519495270869,70.6310268037002,20260712_matched_nested_runtime_v2,a1ac36dc851bac1d124778c1264e783e,a8b31e5a5873e9e0e76423f60140c30b,R version 4.4.1 (2024-06-14),1.30.0,1.7.7,0.2.3,0.16.2,2026-07-12 09:14:24 UTC
264,5,cell_scaling,3,500,2000,1979,5,0.08,0.1,0,nested_subsets_from_common_3000x3000_splatter_background_mid0,3000,3000,312345,313346,314346,500:765132:1540060702,2000:3030735:6089175301,Ball,Ball,pairwise_empirical_quantile,0.05,20,fit_plus_score_excludes_data_generation_preprocessing; generalized_components_profiled,0.446000000000002,0.443000000000001,0.027000000000001,0.0339999999999989,0.175000000000001,0.207000000000001,0.00300000000000011,TRUE,,12345,320345,1,RSpectra::eigs_sym,20,9.99200722162641e-15,987521,8.21925860705619e-13,89244.1393458531,57.1608924389207,68.2969934126012,69.519495270869,70.6310268037002,20260712_matched_nested_runtime_v2,a1ac36dc851bac1d124778c1264e783e,a8b31e5a5873e9e0e76423f60140c30b,R version 4.4.1 (2024-06-14),1.30.0,1.7.7,0.2.3,0.16.2,2026-07-12 09:22:03 UTC
299,5,cell_scaling,3,500,2000,1979,5,0.08,0.1,0,nested_subsets_from_common_3000x3000_splatter_background_mid0,3000,3000,312345,313346,314346,500:765132:1540060702,2000:3030735:6089175301,Shell,Shell,pairwise_empirical_quantile,0.05,20,fit_plus_score_excludes_data_generation_preprocessing; generalized_components_profiled,0.449999999999999,0.446999999999999,0.0269999999999992,0.0359999999999996,0.174000000000001,0.209999999999999,0.00300000000000011,TRUE,,12345,321345,1,RSpectra::eigs_sym,20,1.06581410364015e-14,987521,3.99624777713825e-13,90116.9007558061,57.1608924389207,68.2969934126012,69.519495270869,70.6310268037002,20260712_matched_nested_runtime_v2,a1ac36dc851bac1d124778c1264e783e,a8b31e5a5873e9e0e76423f60140c30b,R version 4.4.1 (2024-06-14),1.30.0,1.7.7,0.2.3,0.16.2,2026-07-12 09:28:43 UTC
334,5,cell_scaling,3,500,2000,1979,5,0.08,0.1,0,nested_subsets_from_common_3000x3000_splatter_background_mid0,3000,3000,312345,313346,314346,500:765132:1540060702,2000:3030735:6089175301,LR,LR,pairwise_empirical_quantile,0.05,20,fit_plus_score_excludes_data_generation_preprocessing; generalized_components_profiled,0.491999999999999,0.49,0.0279999999999987,0.0400000000000009,0.189,0.233000000000001,0.00199999999999889,TRUE,,12345,322345,1,RSpectra::eigs_sym,20,1.68753899743024e-14,987521,4.47145792614734e-13,89821.6643201923,57.1608924389207,68.2969934126012,69.519495270869,70.6310268037002,20260712_matched_nested_runtime_v2,a1ac36dc851bac1d124778c1264e783e,a8b31e5a5873e9e0e76423f60140c30b,R version 4.4.1 (2024-06-14),1.30.0,1.7.7,0.2.3,0.16.2,2026-07-12 06:54:25 UTC
26,5,cell_scaling,4,500,2000,1977,5,0.08,0.1,0,nested_subsets_from_common_3000x3000_splatter_background_mid0,3000,3000,412345,413346,414346,500:771887:1550286887,2000:3010169:6043647749,PCA,PCA,none,,20,fit_plus_score_excludes_data_generation_preprocessing; generalized_components_profiled,0.202,0.200000000000001,,,,,0.00199999999999889,TRUE,,12345,413345,1,stats::prcomp,20,1.77635683940025e-15,986523,-1.55681023628063e-12,89896.6507816607,,,,,20260712_matched_nested_runtime_v2,a1ac36dc851bac1d124778c1264e783e,a8b31e5a5873e9e0e76423f60140c30b,R version 4.4.1 (2024-06-14),1.30.0,1.7.7,0.2.3,0.16.2,2026-07-12 07:42:40 UTC
61,5,cell_scaling,4,500,2000,1977,5,0.08,0.1,0,nested_subsets_from_common_3000x3000_splatter_background_mid0,3000,3000,412345,413346,414346,500:771887:1550286887,2000:3010169:6043647749,Grid,PcaGrid,none,,20,fit_plus_score_excludes_data_generation_preprocessing; generalized_components_profiled,29.658,29.655,,,,,0.00300000000000011,TRUE,,12345,414345,1,rrcov::PcaGrid,20,1.33226762955019e-15,986523,1.32028415977814e-12,73244.0576242974,,,,,20260712_matched_nested_runtime_v2,a1ac36dc851bac1d124778c1264e783e,a8b31e5a5873e9e0e76423f60140c30b,R version 4.4.1 (2024-06-14),1.30.0,1.7.7,0.2.3,0.16.2,2026-07-12 08:34:59 UTC
96,5,cell_scaling,4,500,2000,1977,5,0.08,0.1,0,nested_subsets_from_common_3000x3000_splatter_background_mid0,3000,3000,412345,413346,414346,500:771887:1550286887,2000:3010169:6043647749,Hubert,PcaHubert,none,,20,fit_plus_score_excludes_data_generation_preprocessing; generalized_components_profiled,0.992000000000001,0.989000000000001,,,,,0.00300000000000011,TRUE,,12345,415345,1,rrcov::PcaHubert,20,3.25295346215171e-14,986523,-9.89486270697171e-13,85403.9745303341,,,,,20260712_matched_nested_runtime_v2,a1ac36dc851bac1d124778c1264e783e,a8b31e5a5873e9e0e76423f60140c30b,R version 4.4.1 (2024-06-14),1.30.0,1.7.7,0.2.3,0.16.2,2026-07-12 07:16:04 UTC
131,5,cell_scaling,4,500,2000,1977,5,0.08,0.1,0,nested_subsets_from_common_3000x3000_splatter_background_mid0,3000,3000,412345,413346,414346,500:771887:1550286887,2000:3010169:6043647749,PCP,PCP,none,,20,fit_plus_score_excludes_data_generation_preprocessing; generalized_components_profiled,73.915,73.912,,,,,0.00300000000000011,TRUE,,12345,416345,1,rpca::rpca+stats::prcomp,20,2.22044604925031e-15,986523,3.79828113405978e-13,44419.3915334129,,,,,20260712_matched_nested_runtime_v2,a1ac36dc851bac1d124778c1264e783e,a8b31e5a5873e9e0e76423f60140c30b,R version 4.4.1 (2024-06-14),1.30.0,1.7.7,0.2.3,0.16.2,2026-07-12 07:19:11 UTC
166,5,cell_scaling,4,500,2000,1977,5,0.08,0.1,0,nested_subsets_from_common_3000x3000_splatter_background_mid0,3000,3000,412345,413346,414346,500:771887:1550286887,2000:3010169:6043647749,Tau,K's tau,none,,20,fit_plus_score_excludes_data_generation_preprocessing; generalized_components_profiled,0.425000000000001,0.423,0.0280000000000005,0.0229999999999997,0.177,0.195,0.00200000000000067,TRUE,,12345,417345,1,RSpectra::eigs_sym,20,1.28785870856518e-14,986523,-1.12392040119147e-12,89290.8251698556,,,,,20260712_matched_nested_runtime_v2,a1ac36dc851bac1d124778c1264e783e,a8b31e5a5873e9e0e76423f60140c30b,R version 4.4.1 (2024-06-14),1.30.0,1.7.7,0.2.3,0.16.2,2026-07-12 09:36:36 UTC
201,5,cell_scaling,4,500,2000,1977,5,0.08,0.1,0,nested_subsets_from_common_3000x3000_splatter_background_mid0,3000,3000,412345,413346,414346,500:771887:1550286887,2000:3010169:6043647749,Winsor,Winsor,pairwise_empirical_quantile,0.05,20,fit_plus_score_excludes_data_generation_preprocessing; generalized_components_profiled,0.475,0.472999999999999,0.0280000000000005,0.0359999999999996,0.19,0.218999999999999,0.00200000000000067,TRUE,,12345,418345,1,RSpectra::eigs_sym,20,1.19904086659517e-14,986523,5.09176034668712e-13,89882.5469832164,57.3838000928821,67.9064817249533,68.9593234160235,69.8769642263145,20260712_matched_nested_runtime_v2,a1ac36dc851bac1d124778c1264e783e,a8b31e5a5873e9e0e76423f60140c30b,R version 4.4.1 (2024-06-14),1.30.0,1.7.7,0.2.3,0.16.2,2026-07-12 07:53:18 UTC
236,5,cell_scaling,4,500,2000,1977,5,0.08,0.1,0,nested_subsets_from_common_3000x3000_splatter_background_mid0,3000,3000,412345,413346,414346,500:771887:1550286887,2000:3010169:6043647749,Quad,Quad,pairwise_empirical_quantile,0.05,20,fit_plus_score_excludes_data_generation_preprocessing; generalized_components_profiled,0.455,0.452,0.0289999999999999,0.0370000000000008,0.188000000000001,0.197999999999999,0.00300000000000011,TRUE,,12345,419345,1,RSpectra::eigs_sym,20,1.55431223447522e-14,986523,-1.732398946519e-12,89849.332398427,57.3838000928821,67.9064817249533,68.9593234160235,69.8769642263145,20260712_matched_nested_runtime_v2,a1ac36dc851bac1d124778c1264e783e,a8b31e5a5873e9e0e76423f60140c30b,R version 4.4.1 (2024-06-14),1.30.0,1.7.7,0.2.3,0.16.2,2026-07-12 07:43:36 UTC
271,5,cell_scaling,4,500,2000,1977,5,0.08,0.1,0,nested_subsets_from_common_3000x3000_splatter_background_mid0,3000,3000,412345,413346,414346,500:771887:1550286887,2000:3010169:6043647749,Ball,Ball,pairwise_empirical_quantile,0.05,20,fit_plus_score_excludes_data_generation_preprocessing; generalized_components_profiled,0.455,0.452,0.0280000000000005,0.0350000000000001,0.180999999999999,0.208,0.00300000000000011,TRUE,,12345,420345,1,RSpectra::eigs_sym,20,1.28785870856518e-14,986523,2.82239509541427e-13,88268.7961838158,57.3838000928821,67.9064817249533,68.9593234160235,69.8769642263145,20260712_matched_nested_runtime_v2,a1ac36dc851bac1d124778c1264e783e,a8b31e5a5873e9e0e76423f60140c30b,R version 4.4.1 (2024-06-14),1.30.0,1.7.7,0.2.3,0.16.2,2026-07-12 06:57:30 UTC
306,5,cell_scaling,4,500,2000,1977,5,0.08,0.1,0,nested_subsets_from_common_3000x3000_splatter_background_mid0,3000,3000,412345,413346,414346,500:771887:1550286887,2000:3010169:6043647749,Shell,Shell,pairwise_empirical_quantile,0.05,20,fit_plus_score_excludes_data_generation_preprocessing; generalized_components_profiled,0.457000000000001,0.455,0.0280000000000005,0.0380000000000003,0.180999999999999,0.208,0.00200000000000067,TRUE,,12345,421345,1,RSpectra::eigs_sym,20,1.24344978758018e-14,986523,-2.96530161536523e-13,88997.6962307236,57.3838000928821,67.9064817249533,68.9593234160235,69.8769642263145,20260712_matched_nested_runtime_v2,a1ac36dc851bac1d124778c1264e783e,a8b31e5a5873e9e0e76423f60140c30b,R version 4.4.1 (2024-06-14),1.30.0,1.7.7,0.2.3,0.16.2,2026-07-12 09:36:50 UTC
341,5,cell_scaling,4,500,2000,1977,5,0.08,0.1,0,nested_subsets_from_common_3000x3000_splatter_background_mid0,3000,3000,412345,413346,414346,500:771887:1550286887,2000:3010169:6043647749,LR,LR,pairwise_empirical_quantile,0.05,20,fit_plus_score_excludes_data_generation_preprocessing; generalized_components_profiled,0.448,0.446,0.0280000000000005,0.0410000000000004,0.180999999999999,0.196,0.00200000000000067,TRUE,,12345,422345,1,RSpectra::eigs_sym,20,8.65973959207622e-15,986523,4.67334504428152e-13,88762.7636384675,57.3838000928821,67.9064817249533,68.9593234160235,69.8769642263145,20260712_matched_nested_runtime_v2,a1ac36dc851bac1d124778c1264e783e,a8b31e5a5873e9e0e76423f60140c30b,R version 4.4.1 (2024-06-14),1.30.0,1.7.7,0.2.3,0.16.2,2026-07-12 06:54:59 UTC
33,5,cell_scaling,5,500,2000,1976,5,0.08,0.1,0,nested_subsets_from_common_3000x3000_splatter_background_mid0,3000,3000,512345,513346,514346,500:742922:1519836114,2000:2977880:5937310710,PCA,PCA,none,,20,fit_plus_score_excludes_data_generation_preprocessing; generalized_components_profiled,0.199,0.196999999999999,,,,,0.00200000000000067,TRUE,,12345,513345,1,stats::prcomp,20,1.77635683940025e-15,986024,4.65745497724157e-13,89396.5498759436,,,,,20260712_matched_nested_runtime_v2,a1ac36dc851bac1d124778c1264e783e,a8b31e5a5873e9e0e76423f60140c30b,R version 4.4.1 (2024-06-14),1.30.0,1.7.7,0.2.3,0.16.2,2026-07-12 08:28:50 UTC
68,5,cell_scaling,5,500,2000,1976,5,0.08,0.1,0,nested_subsets_from_common_3000x3000_splatter_background_mid0,3000,3000,512345,513346,514346,500:742922:1519836114,2000:2977880:5937310710,Grid,PcaGrid,none,,20,fit_plus_score_excludes_data_generation_preprocessing; generalized_components_profiled,29.51,29.507,,,,,0.00300000000000011,TRUE,,12345,514345,1,rrcov::PcaGrid,20,2.88657986402541e-15,986024,-1.05281755535813e-12,73493.3901741776,,,,,20260712_matched_nested_runtime_v2,a1ac36dc851bac1d124778c1264e783e,a8b31e5a5873e9e0e76423f60140c30b,R version 4.4.1 (2024-06-14),1.30.0,1.7.7,0.2.3,0.16.2,2026-07-12 07:12:03 UTC
103,5,cell_scaling,5,500,2000,1976,5,0.08,0.1,0,nested_subsets_from_common_3000x3000_splatter_background_mid0,3000,3000,512345,513346,514346,500:742922:1519836114,2000:2977880:5937310710,Hubert,PcaHubert,none,,20,fit_plus_score_excludes_data_generation_preprocessing; generalized_components_profiled,1.013,1.011,,,,,0.00200000000000067,TRUE,,12345,515345,1,rrcov::PcaHubert,20,4.01926755766446e-14,986024,6.76403377752877e-14,83782.2068957263,,,,,20260712_matched_nested_runtime_v2,a1ac36dc851bac1d124778c1264e783e,a8b31e5a5873e9e0e76423f60140c30b,R version 4.4.1 (2024-06-14),1.30.0,1.7.7,0.2.3,0.16.2,2026-07-12 08:29:41 UTC
138,5,cell_scaling,5,500,2000,1976,5,0.08,0.1,0,nested_subsets_from_common_3000x3000_splatter_background_mid0,3000,3000,512345,513346,514346,500:742922:1519836114,2000:2977880:5937310710,PCP,PCP,none,,20,fit_plus_score_excludes_data_generation_preprocessing; generalized_components_profiled,70.065,70.062,,,,,0.00300000000000011,TRUE,,12345,516345,1,rpca::rpca+stats::prcomp,20,1.55431223447522e-15,986024,4.02920752318181e-13,43619.5752788571,,,,,20260712_matched_nested_runtime_v2,a1ac36dc851bac1d124778c1264e783e,a8b31e5a5873e9e0e76423f60140c30b,R version 4.4.1 (2024-06-14),1.30.0,1.7.7,0.2.3,0.16.2,2026-07-12 09:17:10 UTC
173,5,cell_scaling,5,500,2000,1976,5,0.08,0.1,0,nested_subsets_from_common_3000x3000_splatter_background_mid0,3000,3000,512345,513346,514346,500:742922:1519836114,2000:2977880:5937310710,Tau,K's tau,none,,20,fit_plus_score_excludes_data_generation_preprocessing; generalized_components_profiled,0.44,0.436999999999999,0.0280000000000005,0.0229999999999997,0.175000000000001,0.210999999999999,0.00300000000000011,TRUE,,12345,517345,1,RSpectra::eigs_sym,20,8.43769498715119e-15,986024,7.85798509594926e-13,88636.9966526508,,,,,20260712_matched_nested_runtime_v2,a1ac36dc851bac1d124778c1264e783e,a8b31e5a5873e9e0e76423f60140c30b,R version 4.4.1 (2024-06-14),1.30.0,1.7.7,0.2.3,0.16.2,2026-07-12 09:08:39 UTC
208,5,cell_scaling,5,500,2000,1976,5,0.08,0.1,0,nested_subsets_from_common_3000x3000_splatter_background_mid0,3000,3000,512345,513346,514346,500:742922:1519836114,2000:2977880:5937310710,Winsor,Winsor,pairwise_empirical_quantile,0.05,20,fit_plus_score_excludes_data_generation_preprocessing; generalized_components_profiled,0.482000000000001,0.479000000000001,0.0280000000000005,0.0370000000000008,0.18,0.234,0.00300000000000011,TRUE,,12345,518345,1,RSpectra::eigs_sym,20,1.90958360235527e-14,986024,-5.53487811139064e-13,89374.4038859597,57.0764233929111,68.2878392579035,69.4278510015502,70.4461866799282,20260712_matched_nested_runtime_v2,a1ac36dc851bac1d124778c1264e783e,a8b31e5a5873e9e0e76423f60140c30b,R version 4.4.1 (2024-06-14),1.30.0,1.7.7,0.2.3,0.16.2,2026-07-12 08:42:38 UTC
243,5,cell_scaling,5,500,2000,1976,5,0.08,0.1,0,nested_subsets_from_common_3000x3000_splatter_background_mid0,3000,3000,512345,513346,514346,500:742922:1519836114,2000:2977880:5937310710,Quad,Quad,pairwise_empirical_quantile,0.05,20,fit_plus_score_excludes_data_generation_preprocessing; generalized_components_profiled,0.462999999999999,0.459999999999999,0.0280000000000005,0.0380000000000003,0.174,0.219999999999999,0.00300000000000011,TRUE,,12345,519345,1,RSpectra::eigs_sym,20,2.06501482580279e-14,986024,-2.90274748682151e-13,89328.0090538126,57.0764233929111,68.2878392579035,69.4278510015502,70.4461866799282,20260712_matched_nested_runtime_v2,a1ac36dc851bac1d124778c1264e783e,a8b31e5a5873e9e0e76423f60140c30b,R version 4.4.1 (2024-06-14),1.30.0,1.7.7,0.2.3,0.16.2,2026-07-12 07:51:07 UTC
278,5,cell_scaling,5,500,2000,1976,5,0.08,0.1,0,nested_subsets_from_common_3000x3000_splatter_background_mid0,3000,3000,512345,513346,514346,500:742922:1519836114,2000:2977880:5937310710,Ball,Ball,pairwise_empirical_quantile,0.05,20,fit_plus_score_excludes_data_generation_preprocessing; generalized_components_profiled,0.465999999999999,0.462999999999999,0.0289999999999999,0.0399999999999991,0.180000000000002,0.213999999999999,0.00300000000000011,TRUE,,12345,520345,1,RSpectra::eigs_sym,20,1.13242748511766e-14,986024,-3.19730353304237e-13,87650.4882447743,57.0764233929111,68.2878392579035,69.4278510015502,70.4461866799282,20260712_matched_nested_runtime_v2,a1ac36dc851bac1d124778c1264e783e,a8b31e5a5873e9e0e76423f60140c30b,R version 4.4.1 (2024-06-14),1.30.0,1.7.7,0.2.3,0.16.2,2026-07-12 07:52:45 UTC
313,5,cell_scaling,5,500,2000,1976,5,0.08,0.1,0,nested_subsets_from_common_3000x3000_splatter_background_mid0,3000,3000,512345,513346,514346,500:742922:1519836114,2000:2977880:5937310710,Shell,Shell,pairwise_empirical_quantile,0.05,20,fit_plus_score_excludes_data_generation_preprocessing; generalized_components_profiled,0.451000000000001,0.448,0.0269999999999992,0.0390000000000015,0.177999999999999,0.204000000000001,0.00300000000000011,TRUE,,12345,521345,1,RSpectra::eigs_sym,20,2.06501482580279e-14,986024,3.05366842923149e-13,88465.3959484345,57.0764233929111,68.2878392579035,69.4278510015502,70.4461866799282,20260712_matched_nested_runtime_v2,a1ac36dc851bac1d124778c1264e783e,a8b31e5a5873e9e0e76423f60140c30b,R version 4.4.1 (2024-06-14),1.30.0,1.7.7,0.2.3,0.16.2,2026-07-12 07:51:21 UTC
348,5,cell_scaling,5,500,2000,1976,5,0.08,0.1,0,nested_subsets_from_common_3000x3000_splatter_background_mid0,3000,3000,512345,513346,514346,500:742922:1519836114,2000:2977880:5937310710,LR,LR,pairwise_empirical_quantile,0.05,20,fit_plus_score_excludes_data_generation_preprocessing; generalized_components_profiled,0.475999999999999,0.472999999999999,0.0280000000000005,0.0419999999999998,0.177999999999999,0.225,0.00300000000000011,TRUE,,12345,522345,1,RSpectra::eigs_sym,20,1.70974345792274e-14,986024,-5.549727344345e-13,88187.7595733392,57.0764233929111,68.2878392579035,69.4278510015502,70.4461866799282,20260712_matched_nested_runtime_v2,a1ac36dc851bac1d124778c1264e783e,a8b31e5a5873e9e0e76423f60140c30b,R version 4.4.1 (2024-06-14),1.30.0,1.7.7,0.2.3,0.16.2,2026-07-12 06:54:25 UTC
6,6,cell_scaling,1,1000,2000,1983,5,0.08,0.1,0,nested_subsets_from_common_3000x3000_splatter_background_mid0,3000,3000,112345,113346,114346,1000:1566561:3205321957,2000:3051931:6176315335,PCA,PCA,none,,20,fit_plus_score_excludes_data_generation_preprocessing; generalized_components_profiled,0.984999999999999,0.978999999999999,,,,,0.00600000000000023,TRUE,,12345,113345,1,stats::prcomp,20,1.33226762955019e-15,1981017,-2.50587744998754e-13,126106.367656866,,,,,20260712_matched_nested_runtime_v2,a1ac36dc851bac1d124778c1264e783e,a8b31e5a5873e9e0e76423f60140c30b,R version 4.4.1 (2024-06-14),1.30.0,1.7.7,0.2.3,0.16.2,2026-07-12 07:00:21 UTC
41,6,cell_scaling,1,1000,2000,1983,5,0.08,0.1,0,nested_subsets_from_common_3000x3000_splatter_background_mid0,3000,3000,112345,113346,114346,1000:1566561:3205321957,2000:3051931:6176315335,Grid,PcaGrid,none,,20,fit_plus_score_excludes_data_generation_preprocessing; generalized_components_profiled,127.451,127.443,,,,,0.00799999999998136,TRUE,,12345,114345,1,rrcov::PcaGrid,20,2.1094237467878e-15,1981017,-1.19422527422586e-12,103172.361572542,,,,,20260712_matched_nested_runtime_v2,a1ac36dc851bac1d124778c1264e783e,a8b31e5a5873e9e0e76423f60140c30b,R version 4.4.1 (2024-06-14),1.30.0,1.7.7,0.2.3,0.16.2,2026-07-12 08:04:44 UTC
76,6,cell_scaling,1,1000,2000,1983,5,0.08,0.1,0,nested_subsets_from_common_3000x3000_splatter_background_mid0,3000,3000,112345,113346,114346,1000:1566561:3205321957,2000:3051931:6176315335,Hubert,PcaHubert,none,,20,fit_plus_score_excludes_data_generation_preprocessing; generalized_components_profiled,2.028,2.023,,,,,0.00500000000000256,TRUE,,12345,115345,1,rrcov::PcaHubert,20,5.00170651424048e-14,1981017,-3.51538242959748e-13,122473.978425837,,,,,20260712_matched_nested_runtime_v2,a1ac36dc851bac1d124778c1264e783e,a8b31e5a5873e9e0e76423f60140c30b,R version 4.4.1 (2024-06-14),1.30.0,1.7.7,0.2.3,0.16.2,2026-07-12 07:06:01 UTC
111,6,cell_scaling,1,1000,2000,1983,5,0.08,0.1,0,nested_subsets_from_common_3000x3000_splatter_background_mid0,3000,3000,112345,113346,114346,1000:1566561:3205321957,2000:3051931:6176315335,PCP,PCP,none,,20,fit_plus_score_excludes_data_generation_preprocessing; generalized_components_profiled,273.621,273.616,,,,,0.00499999999999545,TRUE,,12345,116345,1,rpca::rpca+stats::prcomp,20,1.21257170970779e-15,1981017,-1.61221036520942e-12,69030.0184665384,,,,,20260712_matched_nested_runtime_v2,a1ac36dc851bac1d124778c1264e783e,a8b31e5a5873e9e0e76423f60140c30b,R version 4.4.1 (2024-06-14),1.30.0,1.7.7,0.2.3,0.16.2,2026-07-12 09:29:52 UTC
146,6,cell_scaling,1,1000,2000,1983,5,0.08,0.1,0,nested_subsets_from_common_3000x3000_splatter_background_mid0,3000,3000,112345,113346,114346,1000:1566561:3205321957,2000:3051931:6176315335,Tau,K's tau,none,,20,fit_plus_score_excludes_data_generation_preprocessing; generalized_components_profiled,0.719000000000001,0.715,0.0860000000000003,0.0500000000000007,0.352,0.226999999999999,0.00400000000000134,TRUE,,12345,117345,1,RSpectra::eigs_sym,20,1.77635683940025e-14,1981017,-6.18758516646167e-14,125253.052903829,,,,,20260712_matched_nested_runtime_v2,a1ac36dc851bac1d124778c1264e783e,a8b31e5a5873e9e0e76423f60140c30b,R version 4.4.1 (2024-06-14),1.30.0,1.7.7,0.2.3,0.16.2,2026-07-12 08:02:24 UTC
181,6,cell_scaling,1,1000,2000,1983,5,0.08,0.1,0,nested_subsets_from_common_3000x3000_splatter_background_mid0,3000,3000,112345,113346,114346,1000:1566561:3205321957,2000:3051931:6176315335,Winsor,Winsor,pairwise_empirical_quantile,0.05,20,fit_plus_score_excludes_data_generation_preprocessing; generalized_components_profiled,0.779,0.775,0.0830000000000002,0.122999999999999,0.343,0.226000000000001,0.00399999999999956,TRUE,,12345,118345,1,RSpectra::eigs_sym,20,8.21565038222616e-15,1981017,-3.54993812123894e-13,126075.129071621,56.9076057491244,68.707003408472,70.0384649274273,71.2141475488012,20260712_matched_nested_runtime_v2,a1ac36dc851bac1d124778c1264e783e,a8b31e5a5873e9e0e76423f60140c30b,R version 4.4.1 (2024-06-14),1.30.0,1.7.7,0.2.3,0.16.2,2026-07-12 08:01:41 UTC
216,6,cell_scaling,1,1000,2000,1983,5,0.08,0.1,0,nested_subsets_from_common_3000x3000_splatter_background_mid0,3000,3000,112345,113346,114346,1000:1566561:3205321957,2000:3051931:6176315335,Quad,Quad,pairwise_empirical_quantile,0.05,20,fit_plus_score_excludes_data_generation_preprocessing; generalized_components_profiled,0.782,0.776999999999999,0.0839999999999996,0.124000000000001,0.343,0.225999999999999,0.00500000000000078,TRUE,,12345,119345,1,RSpectra::eigs_sym,20,1.35447209004269e-14,1981017,-7.4932768323599e-13,126015.132813391,56.9076057491244,68.707003408472,70.0384649274273,71.2141475488012,20260712_matched_nested_runtime_v2,a1ac36dc851bac1d124778c1264e783e,a8b31e5a5873e9e0e76423f60140c30b,R version 4.4.1 (2024-06-14),1.30.0,1.7.7,0.2.3,0.16.2,2026-07-12 09:30:24 UTC
251,6,cell_scaling,1,1000,2000,1983,5,0.08,0.1,0,nested_subsets_from_common_3000x3000_splatter_background_mid0,3000,3000,112345,113346,114346,1000:1566561:3205321957,2000:3051931:6176315335,Ball,Ball,pairwise_empirical_quantile,0.05,20,fit_plus_score_excludes_data_generation_preprocessing; generalized_components_profiled,0.780000000000001,0.775,0.088000000000001,0.125,0.34,0.222,0.00500000000000078,TRUE,,12345,120345,1,RSpectra::eigs_sym,20,1.15463194561016e-14,1981017,2.58603902181243e-12,124265.679717334,56.9076057491244,68.707003408472,70.0384649274273,71.2141475488012,20260712_matched_nested_runtime_v2,a1ac36dc851bac1d124778c1264e783e,a8b31e5a5873e9e0e76423f60140c30b,R version 4.4.1 (2024-06-14),1.30.0,1.7.7,0.2.3,0.16.2,2026-07-12 08:01:55 UTC
286,6,cell_scaling,1,1000,2000,1983,5,0.08,0.1,0,nested_subsets_from_common_3000x3000_splatter_background_mid0,3000,3000,112345,113346,114346,1000:1566561:3205321957,2000:3051931:6176315335,Shell,Shell,pairwise_empirical_quantile,0.05,20,fit_plus_score_excludes_data_generation_preprocessing; generalized_components_profiled,0.850999999999999,0.846,0.0899999999999999,0.151,0.367000000000001,0.238,0.00499999999999901,TRUE,,12345,121345,1,RSpectra::eigs_sym,20,1.93178806284777e-14,1981017,1.49832229956459e-12,125133.77128402,56.9076057491244,68.707003408472,70.0384649274273,71.2141475488012,20260712_matched_nested_runtime_v2,a1ac36dc851bac1d124778c1264e783e,a8b31e5a5873e9e0e76423f60140c30b,R version 4.4.1 (2024-06-14),1.30.0,1.7.7,0.2.3,0.16.2,2026-07-12 06:56:55 UTC
321,6,cell_scaling,1,1000,2000,1983,5,0.08,0.1,0,nested_subsets_from_common_3000x3000_splatter_background_mid0,3000,3000,112345,113346,114346,1000:1566561:3205321957,2000:3051931:6176315335,LR,LR,pairwise_empirical_quantile,0.05,20,fit_plus_score_excludes_data_generation_preprocessing; generalized_components_profiled,0.814,0.809000000000001,0.0839999999999996,0.143000000000001,0.347,0.235000000000001,0.00499999999999901,TRUE,,12345,122345,1,RSpectra::eigs_sym,20,1.48769885299771e-14,1981017,1.26803428868172e-12,124861.496235867,56.9076057491244,68.707003408472,70.0384649274273,71.2141475488012,20260712_matched_nested_runtime_v2,a1ac36dc851bac1d124778c1264e783e,a8b31e5a5873e9e0e76423f60140c30b,R version 4.4.1 (2024-06-14),1.30.0,1.7.7,0.2.3,0.16.2,2026-07-12 08:05:30 UTC
13,6,cell_scaling,2,1000,2000,1983,5,0.08,0.1,0,nested_subsets_from_common_3000x3000_splatter_background_mid0,3000,3000,212345,213346,214346,1000:1497617:2995921809,2000:3015342:6052784978,PCA,PCA,none,,20,fit_plus_score_excludes_data_generation_preprocessing; generalized_components_profiled,0.871,0.866000000000001,,,,,0.00499999999999901,TRUE,,12345,213345,1,stats::prcomp,20,1.99840144432528e-15,1981017,-6.40668074147754e-14,126256.095523452,,,,,20260712_matched_nested_runtime_v2,a1ac36dc851bac1d124778c1264e783e,a8b31e5a5873e9e0e76423f60140c30b,R version 4.4.1 (2024-06-14),1.30.0,1.7.7,0.2.3,0.16.2,2026-07-12 09:11:17 UTC
48,6,cell_scaling,2,1000,2000,1983,5,0.08,0.1,0,nested_subsets_from_common_3000x3000_splatter_background_mid0,3000,3000,212345,213346,214346,1000:1497617:2995921809,2000:3015342:6052784978,Grid,PcaGrid,none,,20,fit_plus_score_excludes_data_generation_preprocessing; generalized_components_profiled,123.579,123.571,,,,,0.00800000000000978,TRUE,,12345,214345,1,rrcov::PcaGrid,20,1.55431223447522e-15,1981017,1.51597831510308e-12,104813.021380259,,,,,20260712_matched_nested_runtime_v2,a1ac36dc851bac1d124778c1264e783e,a8b31e5a5873e9e0e76423f60140c30b,R version 4.4.1 (2024-06-14),1.30.0,1.7.7,0.2.3,0.16.2,2026-07-12 07:57:53 UTC
83,6,cell_scaling,2,1000,2000,1983,5,0.08,0.1,0,nested_subsets_from_common_3000x3000_splatter_background_mid0,3000,3000,212345,213346,214346,1000:1497617:2995921809,2000:3015342:6052784978,Hubert,PcaHubert,none,,20,fit_plus_score_excludes_data_generation_preprocessing; generalized_components_profiled,2.208,2.203,,,,,0.00500000000000256,TRUE,,12345,215345,1,rrcov::PcaHubert,20,1.78980961995645e-13,1981017,2.31727484423239e-12,122761.366388309,,,,,20260712_matched_nested_runtime_v2,a1ac36dc851bac1d124778c1264e783e,a8b31e5a5873e9e0e76423f60140c30b,R version 4.4.1 (2024-06-14),1.30.0,1.7.7,0.2.3,0.16.2,2026-07-12 07:58:40 UTC
118,6,cell_scaling,2,1000,2000,1983,5,0.08,0.1,0,nested_subsets_from_common_3000x3000_splatter_background_mid0,3000,3000,212345,213346,214346,1000:1497617:2995921809,2000:3015342:6052784978,PCP,PCP,none,,20,fit_plus_score_excludes_data_generation_preprocessing; generalized_components_profiled,266.597,266.592,,,,,0.00499999999999545,TRUE,,12345,216345,1,rpca::rpca+stats::prcomp,20,1.33226762955019e-15,1981017,-1.93391830327627e-12,68188.4752845977,,,,,20260712_matched_nested_runtime_v2,a1ac36dc851bac1d124778c1264e783e,a8b31e5a5873e9e0e76423f60140c30b,R version 4.4.1 (2024-06-14),1.30.0,1.7.7,0.2.3,0.16.2,2026-07-12 09:16:26 UTC
153,6,cell_scaling,2,1000,2000,1983,5,0.08,0.1,0,nested_subsets_from_common_3000x3000_splatter_background_mid0,3000,3000,212345,213346,214346,1000:1497617:2995921809,2000:3015342:6052784978,Tau,K's tau,none,,20,fit_plus_score_excludes_data_generation_preprocessing; generalized_components_profiled,0.734,0.728999999999999,0.0879999999999992,0.0510000000000002,0.367000000000001,0.222999999999999,0.00500000000000078,TRUE,,12345,217345,1,RSpectra::eigs_sym,20,1.48769885299771e-14,1981017,2.15077955445508e-13,125413.318598983,,,,,20260712_matched_nested_runtime_v2,a1ac36dc851bac1d124778c1264e783e,a8b31e5a5873e9e0e76423f60140c30b,R version 4.4.1 (2024-06-14),1.30.0,1.7.7,0.2.3,0.16.2,2026-07-12 07:54:35 UTC
188,6,cell_scaling,2,1000,2000,1983,5,0.08,0.1,0,nested_subsets_from_common_3000x3000_splatter_background_mid0,3000,3000,212345,213346,214346,1000:1497617:2995921809,2000:3015342:6052784978,Winsor,Winsor,pairwise_empirical_quantile,0.05,20,fit_plus_score_excludes_data_generation_preprocessing; generalized_components_profiled,0.800000000000001,0.795,0.0860000000000003,0.116999999999999,0.359,0.233000000000001,0.00500000000000078,TRUE,,12345,218345,1,RSpectra::eigs_sym,20,2.04281036531029e-14,1981017,3.88300502862649e-13,126209.608579976,57.1305077785272,68.5544427858505,69.8214160817182,71.0173611735698,20260712_matched_nested_runtime_v2,a1ac36dc851bac1d124778c1264e783e,a8b31e5a5873e9e0e76423f60140c30b,R version 4.4.1 (2024-06-14),1.30.0,1.7.7,0.2.3,0.16.2,2026-07-12 08:00:02 UTC
223,6,cell_scaling,2,1000,2000,1983,5,0.08,0.1,0,nested_subsets_from_common_3000x3000_splatter_background_mid0,3000,3000,212345,213346,214346,1000:1497617:2995921809,2000:3015342:6052784978,Quad,Quad,pairwise_empirical_quantile,0.05,20,fit_plus_score_excludes_data_generation_preprocessing; generalized_components_profiled,0.789999999999999,0.785,0.0849999999999991,0.114000000000001,0.353,0.233000000000001,0.00499999999999901,TRUE,,12345,219345,1,RSpectra::eigs_sym,20,1.50990331349021e-14,1981017,2.848554725432e-13,126133.829242106,57.1305077785272,68.5544427858505,69.8214160817182,71.0173611735698,20260712_matched_nested_runtime_v2,a1ac36dc851bac1d124778c1264e783e,a8b31e5a5873e9e0e76423f60140c30b,R version 4.4.1 (2024-06-14),1.30.0,1.7.7,0.2.3,0.16.2,2026-07-12 09:30:52 UTC
258,6,cell_scaling,2,1000,2000,1983,5,0.08,0.1,0,nested_subsets_from_common_3000x3000_splatter_background_mid0,3000,3000,212345,213346,214346,1000:1497617:2995921809,2000:3015342:6052784978,Ball,Ball,pairwise_empirical_quantile,0.05,20,fit_plus_score_excludes_data_generation_preprocessing; generalized_components_profiled,0.827,0.821999999999999,0.093,0.127000000000001,0.369999999999999,0.231999999999999,0.00500000000000078,TRUE,,12345,220345,1,RSpectra::eigs_sym,20,1.33226762955019e-14,1981017,1.86809595570381e-12,124395.445269313,57.1305077785272,68.5544427858505,69.8214160817182,71.0173611735698,20260712_matched_nested_runtime_v2,a1ac36dc851bac1d124778c1264e783e,a8b31e5a5873e9e0e76423f60140c30b,R version 4.4.1 (2024-06-14),1.30.0,1.7.7,0.2.3,0.16.2,2026-07-12 07:47:18 UTC
293,6,cell_scaling,2,1000,2000,1983,5,0.08,0.1,0,nested_subsets_from_common_3000x3000_splatter_background_mid0,3000,3000,212345,213346,214346,1000:1497617:2995921809,2000:3015342:6052784978,Shell,Shell,pairwise_empirical_quantile,0.05,20,fit_plus_score_excludes_data_generation_preprocessing; generalized_components_profiled,0.795999999999999,0.791,0.0849999999999991,0.120000000000001,0.352,0.234,0.00499999999999901,TRUE,,12345,221345,1,RSpectra::eigs_sym,20,1.53210777398272e-14,1981017,1.03917915939e-12,125240.775700959,57.1305077785272,68.5544427858505,69.8214160817182,71.0173611735698,20260712_matched_nested_runtime_v2,a1ac36dc851bac1d124778c1264e783e,a8b31e5a5873e9e0e76423f60140c30b,R version 4.4.1 (2024-06-14),1.30.0,1.7.7,0.2.3,0.16.2,2026-07-12 08:36:50 UTC
328,6,cell_scaling,2,1000,2000,1983,5,0.08,0.1,0,nested_subsets_from_common_3000x3000_splatter_background_mid0,3000,3000,212345,213346,214346,1000:1497617:2995921809,2000:3015342:6052784978,LR,LR,pairwise_empirical_quantile,0.05,20,fit_plus_score_excludes_data_generation_preprocessing; generalized_components_profiled,0.815,0.810000000000001,0.0860000000000003,0.137,0.359999999999999,0.227,0.00499999999999901,TRUE,,12345,222345,1,RSpectra::eigs_sym,20,1.02140518265514e-14,1981017,1.32795163754196e-12,124974.552450634,57.1305077785272,68.5544427858505,69.8214160817182,71.0173611735698,20260712_matched_nested_runtime_v2,a1ac36dc851bac1d124778c1264e783e,a8b31e5a5873e9e0e76423f60140c30b,R version 4.4.1 (2024-06-14),1.30.0,1.7.7,0.2.3,0.16.2,2026-07-12 07:53:47 UTC
20,6,cell_scaling,3,1000,2000,1987,5,0.08,0.1,0,nested_subsets_from_common_3000x3000_splatter_background_mid0,3000,3000,312345,313346,314346,1000:1529294:3085792280,2000:3030735:6089175301,PCA,PCA,none,,20,fit_plus_score_excludes_data_generation_preprocessing; generalized_components_profiled,0.877000000000001,0.872,,,,,0.00500000000000078,TRUE,,12345,313345,1,stats::prcomp,20,1.87870552448288e-15,1985013,4.26679525045159e-13,125986.408726852,,,,,20260712_matched_nested_runtime_v2,a1ac36dc851bac1d124778c1264e783e,a8b31e5a5873e9e0e76423f60140c30b,R version 4.4.1 (2024-06-14),1.30.0,1.7.7,0.2.3,0.16.2,2026-07-12 09:14:10 UTC
55,6,cell_scaling,3,1000,2000,1987,5,0.08,0.1,0,nested_subsets_from_common_3000x3000_splatter_background_mid0,3000,3000,312345,313346,314346,1000:1529294:3085792280,2000:3030735:6089175301,Grid,PcaGrid,none,,20,fit_plus_score_excludes_data_generation_preprocessing; generalized_components_profiled,120.643,120.634,,,,,0.00899999999998613,TRUE,,12345,314345,1,rrcov::PcaGrid,20,2.88657986402541e-15,1985013,2.0878541950875e-12,104778.71181817,,,,,20260712_matched_nested_runtime_v2,a1ac36dc851bac1d124778c1264e783e,a8b31e5a5873e9e0e76423f60140c30b,R version 4.4.1 (2024-06-14),1.30.0,1.7.7,0.2.3,0.16.2,2026-07-12 09:25:42 UTC
90,6,cell_scaling,3,1000,2000,1987,5,0.08,0.1,0,nested_subsets_from_common_3000x3000_splatter_background_mid0,3000,3000,312345,313346,314346,1000:1529294:3085792280,2000:3030735:6089175301,Hubert,PcaHubert,none,,20,fit_plus_score_excludes_data_generation_preprocessing; generalized_components_profiled,2.209,2.204,,,,,0.00500000000000078,TRUE,,12345,315345,1,rrcov::PcaHubert,20,2.13336293075628e-14,1985013,-3.64791530316211e-13,122620.13166393,,,,,20260712_matched_nested_runtime_v2,a1ac36dc851bac1d124778c1264e783e,a8b31e5a5873e9e0e76423f60140c30b,R version 4.4.1 (2024-06-14),1.30.0,1.7.7,0.2.3,0.16.2,2026-07-12 07:52:57 UTC
125,6,cell_scaling,3,1000,2000,1987,5,0.08,0.1,0,nested_subsets_from_common_3000x3000_splatter_background_mid0,3000,3000,312345,313346,314346,1000:1529294:3085792280,2000:3030735:6089175301,PCP,PCP,none,,20,fit_plus_score_excludes_data_generation_preprocessing; generalized_components_profiled,274.423,274.418,,,,,0.00499999999999545,TRUE,,12345,316345,1,rpca::rpca+stats::prcomp,20,1.77635683940025e-15,1985013,1.49446427455402e-13,67767.1218314146,,,,,20260712_matched_nested_runtime_v2,a1ac36dc851bac1d124778c1264e783e,a8b31e5a5873e9e0e76423f60140c30b,R version 4.4.1 (2024-06-14),1.30.0,1.7.7,0.2.3,0.16.2,2026-07-12 09:35:27 UTC
160,6,cell_scaling,3,1000,2000,1987,5,0.08,0.1,0,nested_subsets_from_common_3000x3000_splatter_background_mid0,3000,3000,312345,313346,314346,1000:1529294:3085792280,2000:3030735:6089175301,Tau,K's tau,none,,20,fit_plus_score_excludes_data_generation_preprocessing; generalized_components_profiled,0.741999999999999,0.737,0.0849999999999991,0.0440000000000005,0.365,0.243,0.00499999999999901,TRUE,,12345,317345,1,RSpectra::eigs_sym,20,9.76996261670138e-15,1985013,-1.90771010100121e-13,125091.387622,,,,,20260712_matched_nested_runtime_v2,a1ac36dc851bac1d124778c1264e783e,a8b31e5a5873e9e0e76423f60140c30b,R version 4.4.1 (2024-06-14),1.30.0,1.7.7,0.2.3,0.16.2,2026-07-12 06:56:33 UTC
195,6,cell_scaling,3,1000,2000,1987,5,0.08,0.1,0,nested_subsets_from_common_3000x3000_splatter_background_mid0,3000,3000,312345,313346,314346,1000:1529294:3085792280,2000:3030735:6089175301,Winsor,Winsor,pairwise_empirical_quantile,0.05,20,fit_plus_score_excludes_data_generation_preprocessing; generalized_components_profiled,0.787000000000001,0.782,0.0850000000000009,0.113,0.348000000000001,0.235999999999999,0.00500000000000078,TRUE,,12345,318345,1,RSpectra::eigs_sym,20,1.02140518265514e-14,1985013,-3.41393580072236e-14,125943.246798972,57.2033263338865,68.9544703880968,70.358627235956,71.6144242007176,20260712_matched_nested_runtime_v2,a1ac36dc851bac1d124778c1264e783e,a8b31e5a5873e9e0e76423f60140c30b,R version 4.4.1 (2024-06-14),1.30.0,1.7.7,0.2.3,0.16.2,2026-07-12 07:52:41 UTC
230,6,cell_scaling,3,1000,2000,1987,5,0.08,0.1,0,nested_subsets_from_common_3000x3000_splatter_background_mid0,3000,3000,312345,313346,314346,1000:1529294:3085792280,2000:3030735:6089175301,Quad,Quad,pairwise_empirical_quantile,0.05,20,fit_plus_score_excludes_data_generation_preprocessing; generalized_components_profiled,0.799000000000001,0.794000000000001,0.0850000000000009,0.113,0.353,0.243,0.00500000000000078,TRUE,,12345,319345,1,RSpectra::eigs_sym,20,1.11022302462516e-14,1985013,8.04974142898374e-13,125866.207948236,57.2033263338865,68.9544703880968,70.358627235956,71.6144242007176,20260712_matched_nested_runtime_v2,a1ac36dc851bac1d124778c1264e783e,a8b31e5a5873e9e0e76423f60140c30b,R version 4.4.1 (2024-06-14),1.30.0,1.7.7,0.2.3,0.16.2,2026-07-12 06:55:46 UTC
265,6,cell_scaling,3,1000,2000,1987,5,0.08,0.1,0,nested_subsets_from_common_3000x3000_splatter_background_mid0,3000,3000,312345,313346,314346,1000:1529294:3085792280,2000:3030735:6089175301,Ball,Ball,pairwise_empirical_quantile,0.05,20,fit_plus_score_excludes_data_generation_preprocessing; generalized_components_profiled,0.805,0.799999999999999,0.0899999999999999,0.116,0.359999999999999,0.234,0.00500000000000078,TRUE,,12345,320345,1,RSpectra::eigs_sym,20,1.11022302462516e-14,1985013,1.1127834764757e-12,123995.092653671,57.2033263338865,68.9544703880968,70.358627235956,71.6144242007176,20260712_matched_nested_runtime_v2,a1ac36dc851bac1d124778c1264e783e,a8b31e5a5873e9e0e76423f60140c30b,R version 4.4.1 (2024-06-14),1.30.0,1.7.7,0.2.3,0.16.2,2026-07-12 09:03:01 UTC
300,6,cell_scaling,3,1000,2000,1987,5,0.08,0.1,0,nested_subsets_from_common_3000x3000_splatter_background_mid0,3000,3000,312345,313346,314346,1000:1529294:3085792280,2000:3030735:6089175301,Shell,Shell,pairwise_empirical_quantile,0.05,20,fit_plus_score_excludes_data_generation_preprocessing; generalized_components_profiled,0.831000000000001,0.826000000000001,0.102,0.127000000000001,0.359999999999999,0.237,0.00500000000000078,TRUE,,12345,321345,1,RSpectra::eigs_sym,20,1.06581410364015e-14,1985013,1.45232090242864e-12,124894.098909566,57.2033263338865,68.9544703880968,70.358627235956,71.6144242007176,20260712_matched_nested_runtime_v2,a1ac36dc851bac1d124778c1264e783e,a8b31e5a5873e9e0e76423f60140c30b,R version 4.4.1 (2024-06-14),1.30.0,1.7.7,0.2.3,0.16.2,2026-07-12 09:00:54 UTC
335,6,cell_scaling,3,1000,2000,1987,5,0.08,0.1,0,nested_subsets_from_common_3000x3000_splatter_background_mid0,3000,3000,312345,313346,314346,1000:1529294:3085792280,2000:3030735:6089175301,LR,LR,pairwise_empirical_quantile,0.05,20,fit_plus_score_excludes_data_generation_preprocessing; generalized_components_profiled,0.824,0.818999999999999,0.0839999999999996,0.134,0.358000000000001,0.242999999999999,0.00500000000000078,TRUE,,12345,322345,1,RSpectra::eigs_sym,20,1.04360964314765e-14,1985013,1.93107335677567e-12,124598.303421931,57.2033263338865,68.9544703880968,70.358627235956,71.6144242007176,20260712_matched_nested_runtime_v2,a1ac36dc851bac1d124778c1264e783e,a8b31e5a5873e9e0e76423f60140c30b,R version 4.4.1 (2024-06-14),1.30.0,1.7.7,0.2.3,0.16.2,2026-07-12 06:56:18 UTC
27,6,cell_scaling,4,1000,2000,1985,5,0.08,0.1,0,nested_subsets_from_common_3000x3000_splatter_background_mid0,3000,3000,412345,413346,414346,1000:1515462:3021523518,2000:3010169:6043647749,PCA,PCA,none,,20,fit_plus_score_excludes_data_generation_preprocessing; generalized_components_profiled,0.868,0.863,,,,,0.00500000000000078,TRUE,,12345,413345,1,stats::prcomp,20,1.22124532708767e-15,1983015,-1.45907244619714e-12,125019.36079861,,,,,20260712_matched_nested_runtime_v2,a1ac36dc851bac1d124778c1264e783e,a8b31e5a5873e9e0e76423f60140c30b,R version 4.4.1 (2024-06-14),1.30.0,1.7.7,0.2.3,0.16.2,2026-07-12 09:34:53 UTC
62,6,cell_scaling,4,1000,2000,1985,5,0.08,0.1,0,nested_subsets_from_common_3000x3000_splatter_background_mid0,3000,3000,412345,413346,414346,1000:1515462:3021523518,2000:3010169:6043647749,Grid,PcaGrid,none,,20,fit_plus_score_excludes_data_generation_preprocessing; generalized_components_profiled,123.655,123.646,,,,,0.00899999999998613,TRUE,,12345,414345,1,rrcov::PcaGrid,20,1.77635683940025e-15,1983015,7.84372566897673e-14,103225.554701968,,,,,20260712_matched_nested_runtime_v2,a1ac36dc851bac1d124778c1264e783e,a8b31e5a5873e9e0e76423f60140c30b,R version 4.4.1 (2024-06-14),1.30.0,1.7.7,0.2.3,0.16.2,2026-07-12 06:57:16 UTC
97,6,cell_scaling,4,1000,2000,1985,5,0.08,0.1,0,nested_subsets_from_common_3000x3000_splatter_background_mid0,3000,3000,412345,413346,414346,1000:1515462:3021523518,2000:3010169:6043647749,Hubert,PcaHubert,none,,20,fit_plus_score_excludes_data_generation_preprocessing; generalized_components_profiled,2.178,2.173,,,,,0.00500000000000078,TRUE,,12345,415345,1,rrcov::PcaHubert,20,2.78665979180914e-14,1983015,1.16130022265182e-12,121669.573616327,,,,,20260712_matched_nested_runtime_v2,a1ac36dc851bac1d124778c1264e783e,a8b31e5a5873e9e0e76423f60140c30b,R version 4.4.1 (2024-06-14),1.30.0,1.7.7,0.2.3,0.16.2,2026-07-12 06:58:52 UTC
132,6,cell_scaling,4,1000,2000,1985,5,0.08,0.1,0,nested_subsets_from_common_3000x3000_splatter_background_mid0,3000,3000,412345,413346,414346,1000:1515462:3021523518,2000:3010169:6043647749,PCP,PCP,none,,20,fit_plus_score_excludes_data_generation_preprocessing; generalized_components_profiled,278.323,278.319,,,,,0.0040000000000191,TRUE,,12345,416345,1,rpca::rpca+stats::prcomp,20,1.33226762955019e-15,1983015,-9.44477135389477e-13,68220.5350396593,,,,,20260712_matched_nested_runtime_v2,a1ac36dc851bac1d124778c1264e783e,a8b31e5a5873e9e0e76423f60140c30b,R version 4.4.1 (2024-06-14),1.30.0,1.7.7,0.2.3,0.16.2,2026-07-12 07:04:18 UTC
167,6,cell_scaling,4,1000,2000,1985,5,0.08,0.1,0,nested_subsets_from_common_3000x3000_splatter_background_mid0,3000,3000,412345,413346,414346,1000:1515462:3021523518,2000:3010169:6043647749,Tau,K's tau,none,,20,fit_plus_score_excludes_data_generation_preprocessing; generalized_components_profiled,0.727,0.722000000000001,0.0839999999999996,0.0449999999999999,0.357000000000001,0.236000000000001,0.00499999999999901,TRUE,,12345,417345,1,RSpectra::eigs_sym,20,1.13242748511766e-14,1983015,-1.0848960618759e-13,124299.491031361,,,,,20260712_matched_nested_runtime_v2,a1ac36dc851bac1d124778c1264e783e,a8b31e5a5873e9e0e76423f60140c30b,R version 4.4.1 (2024-06-14),1.30.0,1.7.7,0.2.3,0.16.2,2026-07-12 09:35:07 UTC
202,6,cell_scaling,4,1000,2000,1985,5,0.08,0.1,0,nested_subsets_from_common_3000x3000_splatter_background_mid0,3000,3000,412345,413346,414346,1000:1515462:3021523518,2000:3010169:6043647749,Winsor,Winsor,pairwise_empirical_quantile,0.05,20,fit_plus_score_excludes_data_generation_preprocessing; generalized_components_profiled,0.792,0.786999999999999,0.0860000000000003,0.106,0.359999999999999,0.234999999999999,0.00500000000000078,TRUE,,12345,418345,1,RSpectra::eigs_sym,20,1.17683640610267e-14,1983015,5.56332757639666e-13,124977.834583305,57.2720288934716,68.444044305149,69.7444981087846,71.0114416886251,20260712_matched_nested_runtime_v2,a1ac36dc851bac1d124778c1264e783e,a8b31e5a5873e9e0e76423f60140c30b,R version 4.4.1 (2024-06-14),1.30.0,1.7.7,0.2.3,0.16.2,2026-07-12 07:16:57 UTC
237,6,cell_scaling,4,1000,2000,1985,5,0.08,0.1,0,nested_subsets_from_common_3000x3000_splatter_background_mid0,3000,3000,412345,413346,414346,1000:1515462:3021523518,2000:3010169:6043647749,Quad,Quad,pairwise_empirical_quantile,0.05,20,fit_plus_score_excludes_data_generation_preprocessing; generalized_components_profiled,0.772,0.767,0.0839999999999996,0.105,0.347999999999999,0.23,0.00500000000000078,TRUE,,12345,419345,1,RSpectra::eigs_sym,20,1.4432899320127e-14,1983015,1.32730632040889e-13,124905.853299739,57.2720288934716,68.444044305149,69.7444981087846,71.0114416886251,20260712_matched_nested_runtime_v2,a1ac36dc851bac1d124778c1264e783e,a8b31e5a5873e9e0e76423f60140c30b,R version 4.4.1 (2024-06-14),1.30.0,1.7.7,0.2.3,0.16.2,2026-07-12 09:37:04 UTC
272,6,cell_scaling,4,1000,2000,1985,5,0.08,0.1,0,nested_subsets_from_common_3000x3000_splatter_background_mid0,3000,3000,412345,413346,414346,1000:1515462:3021523518,2000:3010169:6043647749,Ball,Ball,pairwise_empirical_quantile,0.05,20,fit_plus_score_excludes_data_generation_preprocessing; generalized_components_profiled,0.811,0.805999999999999,0.0879999999999992,0.107000000000001,0.362,0.248999999999999,0.00500000000000078,TRUE,,12345,420345,1,RSpectra::eigs_sym,20,1.04360964314765e-14,1983015,1.92227483930552e-12,123351.867723169,57.2720288934716,68.444044305149,69.7444981087846,71.0114416886251,20260712_matched_nested_runtime_v2,a1ac36dc851bac1d124778c1264e783e,a8b31e5a5873e9e0e76423f60140c30b,R version 4.4.1 (2024-06-14),1.30.0,1.7.7,0.2.3,0.16.2,2026-07-12 07:15:34 UTC
307,6,cell_scaling,4,1000,2000,1985,5,0.08,0.1,0,nested_subsets_from_common_3000x3000_splatter_background_mid0,3000,3000,412345,413346,414346,1000:1515462:3021523518,2000:3010169:6043647749,Shell,Shell,pairwise_empirical_quantile,0.05,20,fit_plus_score_excludes_data_generation_preprocessing; generalized_components_profiled,0.780000000000001,0.775,0.0840000000000014,0.109,0.349,0.232999999999999,0.00500000000000078,TRUE,,12345,421345,1,RSpectra::eigs_sym,20,8.65973959207622e-15,1983015,6.36400654396852e-14,124068.005423296,57.2720288934716,68.444044305149,69.7444981087846,71.0114416886251,20260712_matched_nested_runtime_v2,a1ac36dc851bac1d124778c1264e783e,a8b31e5a5873e9e0e76423f60140c30b,R version 4.4.1 (2024-06-14),1.30.0,1.7.7,0.2.3,0.16.2,2026-07-12 06:58:17 UTC
342,6,cell_scaling,4,1000,2000,1985,5,0.08,0.1,0,nested_subsets_from_common_3000x3000_splatter_background_mid0,3000,3000,412345,413346,414346,1000:1515462:3021523518,2000:3010169:6043647749,LR,LR,pairwise_empirical_quantile,0.05,20,fit_plus_score_excludes_data_generation_preprocessing; generalized_components_profiled,0.805000000000002,0.800000000000001,0.0840000000000014,0.122999999999999,0.355,0.238,0.00500000000000078,TRUE,,12345,422345,1,RSpectra::eigs_sym,20,9.76996261670138e-15,1983015,1.32528016338895e-12,123880.122175987,57.2720288934716,68.444044305149,69.7444981087846,71.0114416886251,20260712_matched_nested_runtime_v2,a1ac36dc851bac1d124778c1264e783e,a8b31e5a5873e9e0e76423f60140c30b,R version 4.4.1 (2024-06-14),1.30.0,1.7.7,0.2.3,0.16.2,2026-07-12 07:04:32 UTC
34,6,cell_scaling,5,1000,2000,1981,5,0.08,0.1,0,nested_subsets_from_common_3000x3000_splatter_background_mid0,3000,3000,512345,513346,514346,1000:1522460:3084334276,2000:2977880:5937310710,PCA,PCA,none,,20,fit_plus_score_excludes_data_generation_preprocessing; generalized_components_profiled,0.878,0.872999999999999,,,,,0.00500000000000078,TRUE,,12345,513345,1,stats::prcomp,20,1.11022302462516e-15,1979019,-6.63274990486684e-13,123427.624864407,,,,,20260712_matched_nested_runtime_v2,a1ac36dc851bac1d124778c1264e783e,a8b31e5a5873e9e0e76423f60140c30b,R version 4.4.1 (2024-06-14),1.30.0,1.7.7,0.2.3,0.16.2,2026-07-12 07:09:34 UTC
69,6,cell_scaling,5,1000,2000,1981,5,0.08,0.1,0,nested_subsets_from_common_3000x3000_splatter_background_mid0,3000,3000,512345,513346,514346,1000:1522460:3084334276,2000:2977880:5937310710,Grid,PcaGrid,none,,20,fit_plus_score_excludes_data_generation_preprocessing; generalized_components_profiled,124.045,124.036,,,,,0.00900000000001455,TRUE,,12345,514345,1,rrcov::PcaGrid,20,2.22044604925031e-15,1979019,-5.45952172359421e-14,103535.721361931,,,,,20260712_matched_nested_runtime_v2,a1ac36dc851bac1d124778c1264e783e,a8b31e5a5873e9e0e76423f60140c30b,R version 4.4.1 (2024-06-14),1.30.0,1.7.7,0.2.3,0.16.2,2026-07-12 08:42:06 UTC
104,6,cell_scaling,5,1000,2000,1981,5,0.08,0.1,0,nested_subsets_from_common_3000x3000_splatter_background_mid0,3000,3000,512345,513346,514346,1000:1522460:3084334276,2000:2977880:5937310710,Hubert,PcaHubert,none,,20,fit_plus_score_excludes_data_generation_preprocessing; generalized_components_profiled,2.223,2.218,,,,,0.00500000000000256,TRUE,,12345,515345,1,rrcov::PcaHubert,20,5.62510107937619e-14,1979019,-2.66583977115431e-12,119581.744835628,,,,,20260712_matched_nested_runtime_v2,a1ac36dc851bac1d124778c1264e783e,a8b31e5a5873e9e0e76423f60140c30b,R version 4.4.1 (2024-06-14),1.30.0,1.7.7,0.2.3,0.16.2,2026-07-12 09:10:51 UTC
139,6,cell_scaling,5,1000,2000,1981,5,0.08,0.1,0,nested_subsets_from_common_3000x3000_splatter_background_mid0,3000,3000,512345,513346,514346,1000:1522460:3084334276,2000:2977880:5937310710,PCP,PCP,none,,20,fit_plus_score_excludes_data_generation_preprocessing; generalized_components_profiled,281.021,281.016,,,,,0.00499999999999545,TRUE,,12345,516345,1,rpca::rpca+stats::prcomp,20,1.55431223447522e-15,1979019,1.01377239936085e-12,66230.3209572114,,,,,20260712_matched_nested_runtime_v2,a1ac36dc851bac1d124778c1264e783e,a8b31e5a5873e9e0e76423f60140c30b,R version 4.4.1 (2024-06-14),1.30.0,1.7.7,0.2.3,0.16.2,2026-07-12 09:15:46 UTC
174,6,cell_scaling,5,1000,2000,1981,5,0.08,0.1,0,nested_subsets_from_common_3000x3000_splatter_background_mid0,3000,3000,512345,513346,514346,1000:1522460:3084334276,2000:2977880:5937310710,Tau,K's tau,none,,20,fit_plus_score_excludes_data_generation_preprocessing; generalized_components_profiled,0.779,0.773999999999999,0.0860000000000003,0.0569999999999986,0.379000000000001,0.251999999999999,0.00500000000000078,TRUE,,12345,517345,1,RSpectra::eigs_sym,20,1.75415237890775e-14,1979019,-1.0648287807058e-12,122543.535968021,,,,,20260712_matched_nested_runtime_v2,a1ac36dc851bac1d124778c1264e783e,a8b31e5a5873e9e0e76423f60140c30b,R version 4.4.1 (2024-06-14),1.30.0,1.7.7,0.2.3,0.16.2,2026-07-12 09:09:08 UTC
209,6,cell_scaling,5,1000,2000,1981,5,0.08,0.1,0,nested_subsets_from_common_3000x3000_splatter_background_mid0,3000,3000,512345,513346,514346,1000:1522460:3084334276,2000:2977880:5937310710,Winsor,Winsor,pairwise_empirical_quantile,0.05,20,fit_plus_score_excludes_data_generation_preprocessing; generalized_components_profiled,0.823,0.818,0.0849999999999991,0.132,0.364000000000001,0.237,0.00500000000000078,TRUE,,12345,518345,1,RSpectra::eigs_sym,20,1.82076576038526e-14,1979019,1.46296863512418e-12,123364.723578337,57.252194691941,68.5446058501825,69.8861385737465,71.2324960333865,20260712_matched_nested_runtime_v2,a1ac36dc851bac1d124778c1264e783e,a8b31e5a5873e9e0e76423f60140c30b,R version 4.4.1 (2024-06-14),1.30.0,1.7.7,0.2.3,0.16.2,2026-07-12 09:09:57 UTC
244,6,cell_scaling,5,1000,2000,1981,5,0.08,0.1,0,nested_subsets_from_common_3000x3000_splatter_background_mid0,3000,3000,512345,513346,514346,1000:1522460:3084334276,2000:2977880:5937310710,Quad,Quad,pairwise_empirical_quantile,0.05,20,fit_plus_score_excludes_data_generation_preprocessing; generalized_components_profiled,0.798,0.794000000000001,0.0849999999999991,0.122,0.357000000000001,0.23,0.00399999999999956,TRUE,,12345,519345,1,RSpectra::eigs_sym,20,2.06501482580279e-14,1979019,6.25728635572642e-13,123260.509933161,57.252194691941,68.5446058501825,69.8861385737465,71.2324960333865,20260712_matched_nested_runtime_v2,a1ac36dc851bac1d124778c1264e783e,a8b31e5a5873e9e0e76423f60140c30b,R version 4.4.1 (2024-06-14),1.30.0,1.7.7,0.2.3,0.16.2,2026-07-12 09:09:42 UTC
279,6,cell_scaling,5,1000,2000,1981,5,0.08,0.1,0,nested_subsets_from_common_3000x3000_splatter_background_mid0,3000,3000,512345,513346,514346,1000:1522460:3084334276,2000:2977880:5937310710,Ball,Ball,pairwise_empirical_quantile,0.05,20,fit_plus_score_excludes_data_generation_preprocessing; generalized_components_profiled,0.793999999999999,0.789,0.0849999999999991,0.118,0.352,0.234,0.00499999999999901,TRUE,,12345,520345,1,RSpectra::eigs_sym,20,1.64313007644523e-14,1979019,1.16349985201936e-12,121408.848275946,57.252194691941,68.5446058501825,69.8861385737465,71.2324960333865,20260712_matched_nested_runtime_v2,a1ac36dc851bac1d124778c1264e783e,a8b31e5a5873e9e0e76423f60140c30b,R version 4.4.1 (2024-06-14),1.30.0,1.7.7,0.2.3,0.16.2,2026-07-12 09:17:25 UTC
314,6,cell_scaling,5,1000,2000,1981,5,0.08,0.1,0,nested_subsets_from_common_3000x3000_splatter_background_mid0,3000,3000,512345,513346,514346,1000:1522460:3084334276,2000:2977880:5937310710,Shell,Shell,pairwise_empirical_quantile,0.05,20,fit_plus_score_excludes_data_generation_preprocessing; generalized_components_profiled,0.798,0.792999999999999,0.0859999999999985,0.125,0.352,0.23,0.00500000000000078,TRUE,,12345,521345,1,RSpectra::eigs_sym,20,1.31006316905768e-14,1979019,3.66021102315983e-12,122250.41804322,57.252194691941,68.5446058501825,69.8861385737465,71.2324960333865,20260712_matched_nested_runtime_v2,a1ac36dc851bac1d124778c1264e783e,a8b31e5a5873e9e0e76423f60140c30b,R version 4.4.1 (2024-06-14),1.30.0,1.7.7,0.2.3,0.16.2,2026-07-12 08:43:30 UTC
349,6,cell_scaling,5,1000,2000,1981,5,0.08,0.1,0,nested_subsets_from_common_3000x3000_splatter_background_mid0,3000,3000,512345,513346,514346,1000:1522460:3084334276,2000:2977880:5937310710,LR,LR,pairwise_empirical_quantile,0.05,20,fit_plus_score_excludes_data_generation_preprocessing; generalized_components_profiled,0.846,0.841000000000001,0.0850000000000009,0.148999999999999,0.360000000000001,0.247,0.00499999999999901,TRUE,,12345,522345,1,RSpectra::eigs_sym,20,1.37667655053519e-14,1979019,2.13944487126305e-12,122015.586564353,57.252194691941,68.5446058501825,69.8861385737465,71.2324960333865,20260712_matched_nested_runtime_v2,a1ac36dc851bac1d124778c1264e783e,a8b31e5a5873e9e0e76423f60140c30b,R version 4.4.1 (2024-06-14),1.30.0,1.7.7,0.2.3,0.16.2,2026-07-12 07:51:56 UTC
7,7,cell_scaling,1,3000,2000,1991,5,0.08,0.1,0,nested_subsets_from_common_3000x3000_splatter_background_mid0,3000,3000,112345,113346,114346,3000:4501500:9004500500,2000:3051931:6176315335,PCA,PCA,none,,20,fit_plus_score_excludes_data_generation_preprocessing; generalized_components_profiled,6.429,6.414,,,,,0.0150000000000006,TRUE,,12345,113345,1,stats::prcomp,20,1.99840144432528e-15,5971009.00000001,7.22499837735313e-12,247893.925985455,,,,,20260712_matched_nested_runtime_v2,a1ac36dc851bac1d124778c1264e783e,a8b31e5a5873e9e0e76423f60140c30b,R version 4.4.1 (2024-06-14),1.30.0,1.7.7,0.2.3,0.16.2,2026-07-12 07:10:43 UTC
42,7,cell_scaling,1,3000,2000,1991,5,0.08,0.1,0,nested_subsets_from_common_3000x3000_splatter_background_mid0,3000,3000,112345,113346,114346,3000:4501500:9004500500,2000:3051931:6176315335,Grid,PcaGrid,none,,20,fit_plus_score_excludes_data_generation_preprocessing; generalized_components_profiled,799.138,799.114,,,,,0.0240000000000009,TRUE,,12345,114345,1,rrcov::PcaGrid,20,1.99840144432528e-15,5971009.00000001,-1.39386766018212e-12,61541.7710542221,,,,,20260712_matched_nested_runtime_v2,a1ac36dc851bac1d124778c1264e783e,a8b31e5a5873e9e0e76423f60140c30b,R version 4.4.1 (2024-06-14),1.30.0,1.7.7,0.2.3,0.16.2,2026-07-12 08:39:31 UTC
77,7,cell_scaling,1,3000,2000,1991,5,0.08,0.1,0,nested_subsets_from_common_3000x3000_splatter_background_mid0,3000,3000,112345,113346,114346,3000:4501500:9004500500,2000:3051931:6176315335,Hubert,PcaHubert,none,,20,fit_plus_score_excludes_data_generation_preprocessing; generalized_components_profiled,23.508,23.493,,,,,0.0150000000000006,TRUE,,12345,115345,1,rrcov::PcaHubert,20,2.1094237467878e-14,5971009.00000001,4.68176192258696e-12,241150.967470222,,,,,20260712_matched_nested_runtime_v2,a1ac36dc851bac1d124778c1264e783e,a8b31e5a5873e9e0e76423f60140c30b,R version 4.4.1 (2024-06-14),1.30.0,1.7.7,0.2.3,0.16.2,2026-07-12 06:57:36 UTC
112,7,cell_scaling,1,3000,2000,1991,5,0.08,0.1,0,nested_subsets_from_common_3000x3000_splatter_background_mid0,3000,3000,112345,113346,114346,3000:4501500:9004500500,2000:3051931:6176315335,PCP,PCP,none,,20,fit_plus_score_excludes_data_generation_preprocessing; generalized_components_profiled,1935.394,1935.38,,,,,0.0139999999998963,TRUE,,12345,116345,1,rpca::rpca+stats::prcomp,20,1.77635683940025e-15,5971009.00000001,-1.93969840189823e-13,150370.912685102,,,,,20260712_matched_nested_runtime_v2,a1ac36dc851bac1d124778c1264e783e,a8b31e5a5873e9e0e76423f60140c30b,R version 4.4.1 (2024-06-14),1.30.0,1.7.7,0.2.3,0.16.2,2026-07-12 09:14:12 UTC
147,7,cell_scaling,1,3000,2000,1991,5,0.08,0.1,0,nested_subsets_from_common_3000x3000_splatter_background_mid0,3000,3000,112345,113346,114346,3000:4501500:9004500500,2000:3051931:6176315335,Tau,K's tau,none,,20,fit_plus_score_excludes_data_generation_preprocessing; generalized_components_profiled,3.681,3.668,1.287,0.754000000000001,1.356,0.271000000000001,0.0129999999999981,TRUE,,12345,117345,1,RSpectra::eigs_sym,20,1.19904086659517e-14,5971009.00000001,7.87640092037023e-12,246783.102105758,,,,,20260712_matched_nested_runtime_v2,a1ac36dc851bac1d124778c1264e783e,a8b31e5a5873e9e0e76423f60140c30b,R version 4.4.1 (2024-06-14),1.30.0,1.7.7,0.2.3,0.16.2,2026-07-12 09:14:30 UTC
182,7,cell_scaling,1,3000,2000,1991,5,0.08,0.1,0,nested_subsets_from_common_3000x3000_splatter_background_mid0,3000,3000,112345,113346,114346,3000:4501500:9004500500,2000:3051931:6176315335,Winsor,Winsor,pairwise_empirical_quantile,0.05,20,fit_plus_score_excludes_data_generation_preprocessing; generalized_components_profiled,4.759,4.744,1.578,1.479,1.419,0.268000000000001,0.0150000000000006,TRUE,,12345,118345,1,RSpectra::eigs_sym,20,1.28785870856518e-14,5971009.00000001,1.59483537487404e-13,247729.845562019,57.0770065872804,68.8682138246979,70.5590688210846,72.553861188049,20260712_matched_nested_runtime_v2,a1ac36dc851bac1d124778c1264e783e,a8b31e5a5873e9e0e76423f60140c30b,R version 4.4.1 (2024-06-14),1.30.0,1.7.7,0.2.3,0.16.2,2026-07-12 07:06:40 UTC
217,7,cell_scaling,1,3000,2000,1991,5,0.08,0.1,0,nested_subsets_from_common_3000x3000_splatter_background_mid0,3000,3000,112345,113346,114346,3000:4501500:9004500500,2000:3051931:6176315335,Quad,Quad,pairwise_empirical_quantile,0.05,20,fit_plus_score_excludes_data_generation_preprocessing; generalized_components_profiled,5.124,5.109,1.576,1.755,1.507,0.271000000000001,0.0150000000000006,TRUE,,12345,119345,1,RSpectra::eigs_sym,20,7.99360577730113e-15,5971009.00000001,-4.92061252854725e-13,247558.732136947,57.0770065872804,68.8682138246979,70.5590688210846,72.553861188049,20260712_matched_nested_runtime_v2,a1ac36dc851bac1d124778c1264e783e,a8b31e5a5873e9e0e76423f60140c30b,R version 4.4.1 (2024-06-14),1.30.0,1.7.7,0.2.3,0.16.2,2026-07-12 06:55:11 UTC
252,7,cell_scaling,1,3000,2000,1991,5,0.08,0.1,0,nested_subsets_from_common_3000x3000_splatter_background_mid0,3000,3000,112345,113346,114346,3000:4501500:9004500500,2000:3051931:6176315335,Ball,Ball,pairwise_empirical_quantile,0.05,20,fit_plus_score_excludes_data_generation_preprocessing; generalized_components_profiled,4.513,4.497,1.392,1.371,1.446,0.288,0.0160000000000018,TRUE,,12345,120345,1,RSpectra::eigs_sym,20,5.77315972805081e-15,5971009.00000001,5.95629101596273e-12,245495.794954253,57.0770065872804,68.8682138246979,70.5590688210846,72.553861188049,20260712_matched_nested_runtime_v2,a1ac36dc851bac1d124778c1264e783e,a8b31e5a5873e9e0e76423f60140c30b,R version 4.4.1 (2024-06-14),1.30.0,1.7.7,0.2.3,0.16.2,2026-07-12 07:26:50 UTC
287,7,cell_scaling,1,3000,2000,1991,5,0.08,0.1,0,nested_subsets_from_common_3000x3000_splatter_background_mid0,3000,3000,112345,113346,114346,3000:4501500:9004500500,2000:3051931:6176315335,Shell,Shell,pairwise_empirical_quantile,0.05,20,fit_plus_score_excludes_data_generation_preprocessing; generalized_components_profiled,5.436,5.418,1.59,2.033,1.49,0.305,0.0179999999999971,TRUE,,12345,121345,1,RSpectra::eigs_sym,20,8.65973959207622e-15,5971009.00000001,3.32100666411428e-12,246495.178856472,57.0770065872804,68.8682138246979,70.5590688210846,72.553861188049,20260712_matched_nested_runtime_v2,a1ac36dc851bac1d124778c1264e783e,a8b31e5a5873e9e0e76423f60140c30b,R version 4.4.1 (2024-06-14),1.30.0,1.7.7,0.2.3,0.16.2,2026-07-12 07:26:28 UTC
322,7,cell_scaling,1,3000,2000,1991,5,0.08,0.1,0,nested_subsets_from_common_3000x3000_splatter_background_mid0,3000,3000,112345,113346,114346,3000:4501500:9004500500,2000:3051931:6176315335,LR,LR,pairwise_empirical_quantile,0.05,20,fit_plus_score_excludes_data_generation_preprocessing; generalized_components_profiled,4.404,4.39,1.291,1.482,1.357,0.260000000000002,0.0139999999999993,TRUE,,12345,122345,1,RSpectra::eigs_sym,20,9.32587340685131e-15,5971009.00000001,2.97144253647019e-13,246293.353147307,57.0770065872804,68.8682138246979,70.5590688210846,72.553861188049,20260712_matched_nested_runtime_v2,a1ac36dc851bac1d124778c1264e783e,a8b31e5a5873e9e0e76423f60140c30b,R version 4.4.1 (2024-06-14),1.30.0,1.7.7,0.2.3,0.16.2,2026-07-12 09:15:03 UTC
14,7,cell_scaling,2,3000,2000,1991,5,0.08,0.1,0,nested_subsets_from_common_3000x3000_splatter_background_mid0,3000,3000,212345,213346,214346,3000:4501500:9004500500,2000:3015342:6052784978,PCA,PCA,none,,20,fit_plus_score_excludes_data_generation_preprocessing; generalized_components_profiled,6.16,6.146,,,,,0.0139999999999993,TRUE,,12345,213345,1,stats::prcomp,20,2.22044604925031e-15,5971008.99999999,4.7782611201086e-13,246140.322786962,,,,,20260712_matched_nested_runtime_v2,a1ac36dc851bac1d124778c1264e783e,a8b31e5a5873e9e0e76423f60140c30b,R version 4.4.1 (2024-06-14),1.30.0,1.7.7,0.2.3,0.16.2,2026-07-12 07:14:47 UTC
49,7,cell_scaling,2,3000,2000,1991,5,0.08,0.1,0,nested_subsets_from_common_3000x3000_splatter_background_mid0,3000,3000,212345,213346,214346,3000:4501500:9004500500,2000:3015342:6052784978,Grid,PcaGrid,none,,20,fit_plus_score_excludes_data_generation_preprocessing; generalized_components_profiled,817.001,816.976,,,,,0.025000000000091,TRUE,,12345,214345,1,rrcov::PcaGrid,20,3.10862446895044e-15,5971008.99999999,7.81879769262694e-13,62059.6364450482,,,,,20260712_matched_nested_runtime_v2,a1ac36dc851bac1d124778c1264e783e,a8b31e5a5873e9e0e76423f60140c30b,R version 4.4.1 (2024-06-14),1.30.0,1.7.7,0.2.3,0.16.2,2026-07-12 09:30:38 UTC
84,7,cell_scaling,2,3000,2000,1991,5,0.08,0.1,0,nested_subsets_from_common_3000x3000_splatter_background_mid0,3000,3000,212345,213346,214346,3000:4501500:9004500500,2000:3015342:6052784978,Hubert,PcaHubert,none,,20,fit_plus_score_excludes_data_generation_preprocessing; generalized_components_profiled,21.344,21.33,,,,,0.0139999999999958,TRUE,,12345,215345,1,rrcov::PcaHubert,20,6.66133814775094e-15,5971008.99999999,9.46182021621667e-12,239556.320207779,,,,,20260712_matched_nested_runtime_v2,a1ac36dc851bac1d124778c1264e783e,a8b31e5a5873e9e0e76423f60140c30b,R version 4.4.1 (2024-06-14),1.30.0,1.7.7,0.2.3,0.16.2,2026-07-12 07:59:47 UTC
119,7,cell_scaling,2,3000,2000,1991,5,0.08,0.1,0,nested_subsets_from_common_3000x3000_splatter_background_mid0,3000,3000,212345,213346,214346,3000:4501500:9004500500,2000:3015342:6052784978,PCP,PCP,none,,20,fit_plus_score_excludes_data_generation_preprocessing; generalized_components_profiled,2022.19,2022.176,,,,,0.0139999999998963,TRUE,,12345,216345,1,rpca::rpca+stats::prcomp,20,1.33226762955019e-15,5971008.99999999,4.71813907387819e-12,148300.240825464,,,,,20260712_matched_nested_runtime_v2,a1ac36dc851bac1d124778c1264e783e,a8b31e5a5873e9e0e76423f60140c30b,R version 4.4.1 (2024-06-14),1.30.0,1.7.7,0.2.3,0.16.2,2026-07-12 09:11:02 UTC
154,7,cell_scaling,2,3000,2000,1991,5,0.08,0.1,0,nested_subsets_from_common_3000x3000_splatter_background_mid0,3000,3000,212345,213346,214346,3000:4501500:9004500500,2000:3015342:6052784978,Tau,K's tau,none,,20,fit_plus_score_excludes_data_generation_preprocessing; generalized_components_profiled,3.733,3.719,1.295,0.775000000000002,1.386,0.262999999999998,0.0140000000000029,TRUE,,12345,217345,1,RSpectra::eigs_sym,20,7.32747196252603e-15,5971008.99999999,3.1102377617831e-12,245007.048308851,,,,,20260712_matched_nested_runtime_v2,a1ac36dc851bac1d124778c1264e783e,a8b31e5a5873e9e0e76423f60140c30b,R version 4.4.1 (2024-06-14),1.30.0,1.7.7,0.2.3,0.16.2,2026-07-12 07:15:07 UTC
189,7,cell_scaling,2,3000,2000,1991,5,0.08,0.1,0,nested_subsets_from_common_3000x3000_splatter_background_mid0,3000,3000,212345,213346,214346,3000:4501500:9004500500,2000:3015342:6052784978,Winsor,Winsor,pairwise_empirical_quantile,0.05,20,fit_plus_score_excludes_data_generation_preprocessing; generalized_components_profiled,4.272,4.258,1.301,1.313,1.383,0.260999999999999,0.0139999999999993,TRUE,,12345,218345,1,RSpectra::eigs_sym,20,9.32587340685131e-15,5971008.99999999,1.26564037028487e-12,245910.705254888,57.212218096169,68.7656897839138,70.3828236990559,72.2925245670246,20260712_matched_nested_runtime_v2,a1ac36dc851bac1d124778c1264e783e,a8b31e5a5873e9e0e76423f60140c30b,R version 4.4.1 (2024-06-14),1.30.0,1.7.7,0.2.3,0.16.2,2026-07-12 07:45:29 UTC
224,7,cell_scaling,2,3000,2000,1991,5,0.08,0.1,0,nested_subsets_from_common_3000x3000_splatter_background_mid0,3000,3000,212345,213346,214346,3000:4501500:9004500500,2000:3015342:6052784978,Quad,Quad,pairwise_empirical_quantile,0.05,20,fit_plus_score_excludes_data_generation_preprocessing; generalized_components_profiled,4.229,4.214,1.302,1.286,1.368,0.257999999999999,0.0150000000000006,TRUE,,12345,219345,1,RSpectra::eigs_sym,20,4.88498130835069e-15,5971008.99999999,6.77680134231196e-13,245711.729055889,57.212218096169,68.7656897839138,70.3828236990559,72.2925245670246,20260712_matched_nested_runtime_v2,a1ac36dc851bac1d124778c1264e783e,a8b31e5a5873e9e0e76423f60140c30b,R version 4.4.1 (2024-06-14),1.30.0,1.7.7,0.2.3,0.16.2,2026-07-12 09:32:47 UTC
259,7,cell_scaling,2,3000,2000,1991,5,0.08,0.1,0,nested_subsets_from_common_3000x3000_splatter_background_mid0,3000,3000,212345,213346,214346,3000:4501500:9004500500,2000:3015342:6052784978,Ball,Ball,pairwise_empirical_quantile,0.05,20,fit_plus_score_excludes_data_generation_preprocessing; generalized_components_profiled,4.216,4.202,1.277,1.275,1.373,0.277000000000001,0.0139999999999993,TRUE,,12345,220345,1,RSpectra::eigs_sym,20,8.43769498715119e-15,5971008.99999999,1.48290060786316e-12,243552.187023725,57.212218096169,68.7656897839138,70.3828236990559,72.2925245670246,20260712_matched_nested_runtime_v2,a1ac36dc851bac1d124778c1264e783e,a8b31e5a5873e9e0e76423f60140c30b,R version 4.4.1 (2024-06-14),1.30.0,1.7.7,0.2.3,0.16.2,2026-07-12 07:46:45 UTC
294,7,cell_scaling,2,3000,2000,1991,5,0.08,0.1,0,nested_subsets_from_common_3000x3000_splatter_background_mid0,3000,3000,212345,213346,214346,3000:4501500:9004500500,2000:3015342:6052784978,Shell,Shell,pairwise_empirical_quantile,0.05,20,fit_plus_score_excludes_data_generation_preprocessing; generalized_components_profiled,4.257,4.243,1.281,1.333,1.369,0.260000000000002,0.0139999999999993,TRUE,,12345,221345,1,RSpectra::eigs_sym,20,7.32747196252603e-15,5971008.99999999,2.90689694537605e-12,244620.357691351,57.212218096169,68.7656897839138,70.3828236990559,72.2925245670246,20260712_matched_nested_runtime_v2,a1ac36dc851bac1d124778c1264e783e,a8b31e5a5873e9e0e76423f60140c30b,R version 4.4.1 (2024-06-14),1.30.0,1.7.7,0.2.3,0.16.2,2026-07-12 07:45:49 UTC
329,7,cell_scaling,2,3000,2000,1991,5,0.08,0.1,0,nested_subsets_from_common_3000x3000_splatter_background_mid0,3000,3000,212345,213346,214346,3000:4501500:9004500500,2000:3015342:6052784978,LR,LR,pairwise_empirical_quantile,0.05,20,fit_plus_score_excludes_data_generation_preprocessing; generalized_components_profiled,4.397,4.383,1.248,1.504,1.364,0.266999999999999,0.0140000000000029,TRUE,,12345,222345,1,RSpectra::eigs_sym,20,9.76996261670138e-15,5971008.99999999,3.09758815819627e-12,244389.733654173,57.212218096169,68.7656897839138,70.3828236990559,72.2925245670246,20260712_matched_nested_runtime_v2,a1ac36dc851bac1d124778c1264e783e,a8b31e5a5873e9e0e76423f60140c30b,R version 4.4.1 (2024-06-14),1.30.0,1.7.7,0.2.3,0.16.2,2026-07-12 08:35:22 UTC
21,7,cell_scaling,3,3000,2000,1994,5,0.08,0.1,0,nested_subsets_from_common_3000x3000_splatter_background_mid0,3000,3000,312345,313346,314346,3000:4501500:9004500500,2000:3030735:6089175301,PCA,PCA,none,,20,fit_plus_score_excludes_data_generation_preprocessing; generalized_components_profiled,5.769,5.755,,,,,0.0139999999999993,TRUE,,12345,313345,1,stats::prcomp,20,1.33226762955019e-15,5980006,-6.771418495366e-12,247745.198101768,,,,,20260712_matched_nested_runtime_v2,a1ac36dc851bac1d124778c1264e783e,a8b31e5a5873e9e0e76423f60140c30b,R version 4.4.1 (2024-06-14),1.30.0,1.7.7,0.2.3,0.16.2,2026-07-12 09:22:39 UTC
56,7,cell_scaling,3,3000,2000,1994,5,0.08,0.1,0,nested_subsets_from_common_3000x3000_splatter_background_mid0,3000,3000,312345,313346,314346,3000:4501500:9004500500,2000:3030735:6089175301,Grid,PcaGrid,none,,20,fit_plus_score_excludes_data_generation_preprocessing; generalized_components_profiled,798.375,798.35,,,,,0.025000000000091,TRUE,,12345,314345,1,rrcov::PcaGrid,20,2.44249065417534e-15,5980006,1.80781778436057e-12,61837.0906959538,,,,,20260712_matched_nested_runtime_v2,a1ac36dc851bac1d124778c1264e783e,a8b31e5a5873e9e0e76423f60140c30b,R version 4.4.1 (2024-06-14),1.30.0,1.7.7,0.2.3,0.16.2,2026-07-12 07:10:43 UTC
91,7,cell_scaling,3,3000,2000,1994,5,0.08,0.1,0,nested_subsets_from_common_3000x3000_splatter_background_mid0,3000,3000,312345,313346,314346,3000:4501500:9004500500,2000:3030735:6089175301,Hubert,PcaHubert,none,,20,fit_plus_score_excludes_data_generation_preprocessing; generalized_components_profiled,20.233,20.219,,,,,0.0139999999999958,TRUE,,12345,315345,1,rrcov::PcaHubert,20,2.06501482580279e-14,5980006,4.74030537045422e-13,240830.146969096,,,,,20260712_matched_nested_runtime_v2,a1ac36dc851bac1d124778c1264e783e,a8b31e5a5873e9e0e76423f60140c30b,R version 4.4.1 (2024-06-14),1.30.0,1.7.7,0.2.3,0.16.2,2026-07-12 06:57:09 UTC
126,7,cell_scaling,3,3000,2000,1994,5,0.08,0.1,0,nested_subsets_from_common_3000x3000_splatter_background_mid0,3000,3000,312345,313346,314346,3000:4501500:9004500500,2000:3030735:6089175301,PCP,PCP,none,,20,fit_plus_score_excludes_data_generation_preprocessing; generalized_components_profiled,2153.374,2153.36,,,,,0.0140000000001237,TRUE,,12345,316345,1,rpca::rpca+stats::prcomp,20,1.4432899320127e-15,5980006,1.68670286071482e-12,148566.662583203,,,,,20260712_matched_nested_runtime_v2,a1ac36dc851bac1d124778c1264e783e,a8b31e5a5873e9e0e76423f60140c30b,R version 4.4.1 (2024-06-14),1.30.0,1.7.7,0.2.3,0.16.2,2026-07-12 07:51:43 UTC
161,7,cell_scaling,3,3000,2000,1994,5,0.08,0.1,0,nested_subsets_from_common_3000x3000_splatter_background_mid0,3000,3000,312345,313346,314346,3000:4501500:9004500500,2000:3030735:6089175301,Tau,K's tau,none,,20,fit_plus_score_excludes_data_generation_preprocessing; generalized_components_profiled,3.654,3.64,1.273,0.741999999999997,1.356,0.268999999999998,0.0139999999999993,TRUE,,12345,317345,1,RSpectra::eigs_sym,20,9.76996261670138e-15,5980006,-7.62778729068714e-13,246363.837288067,,,,,20260712_matched_nested_runtime_v2,a1ac36dc851bac1d124778c1264e783e,a8b31e5a5873e9e0e76423f60140c30b,R version 4.4.1 (2024-06-14),1.30.0,1.7.7,0.2.3,0.16.2,2026-07-12 06:55:16 UTC
196,7,cell_scaling,3,3000,2000,1994,5,0.08,0.1,0,nested_subsets_from_common_3000x3000_splatter_background_mid0,3000,3000,312345,313346,314346,3000:4501500:9004500500,2000:3030735:6089175301,Winsor,Winsor,pairwise_empirical_quantile,0.05,20,fit_plus_score_excludes_data_generation_preprocessing; generalized_components_profiled,4.266,4.252,1.295,1.312,1.375,0.27,0.0139999999999993,TRUE,,12345,318345,1,RSpectra::eigs_sym,20,1.28785870856518e-14,5980006,-2.69353983561871e-12,247338.896864468,57.203520062266,68.9204581920779,70.624801518949,72.5570494461048,20260712_matched_nested_runtime_v2,a1ac36dc851bac1d124778c1264e783e,a8b31e5a5873e9e0e76423f60140c30b,R version 4.4.1 (2024-06-14),1.30.0,1.7.7,0.2.3,0.16.2,2026-07-12 08:39:29 UTC
231,7,cell_scaling,3,3000,2000,1994,5,0.08,0.1,0,nested_subsets_from_common_3000x3000_splatter_background_mid0,3000,3000,312345,313346,314346,3000:4501500:9004500500,2000:3030735:6089175301,Quad,Quad,pairwise_empirical_quantile,0.05,20,fit_plus_score_excludes_data_generation_preprocessing; generalized_components_profiled,4.35,4.336,1.335,1.323,1.395,0.283000000000001,0.0139999999999993,TRUE,,12345,319345,1,RSpectra::eigs_sym,20,1.11022302462516e-14,5980006,-2.57441984397033e-12,247076.228897007,57.203520062266,68.9204581920779,70.624801518949,72.5570494461048,20260712_matched_nested_runtime_v2,a1ac36dc851bac1d124778c1264e783e,a8b31e5a5873e9e0e76423f60140c30b,R version 4.4.1 (2024-06-14),1.30.0,1.7.7,0.2.3,0.16.2,2026-07-12 08:59:49 UTC
266,7,cell_scaling,3,3000,2000,1994,5,0.08,0.1,0,nested_subsets_from_common_3000x3000_splatter_background_mid0,3000,3000,312345,313346,314346,3000:4501500:9004500500,2000:3030735:6089175301,Ball,Ball,pairwise_empirical_quantile,0.05,20,fit_plus_score_excludes_data_generation_preprocessing; generalized_components_profiled,4.192,4.178,1.291,1.262,1.366,0.259,0.0139999999999993,TRUE,,12345,320345,1,RSpectra::eigs_sym,20,1.53210777398272e-14,5980006,-5.34541855223836e-12,244904.896574016,57.203520062266,68.9204581920779,70.624801518949,72.5570494461048,20260712_matched_nested_runtime_v2,a1ac36dc851bac1d124778c1264e783e,a8b31e5a5873e9e0e76423f60140c30b,R version 4.4.1 (2024-06-14),1.30.0,1.7.7,0.2.3,0.16.2,2026-07-12 09:22:58 UTC
301,7,cell_scaling,3,3000,2000,1994,5,0.08,0.1,0,nested_subsets_from_common_3000x3000_splatter_background_mid0,3000,3000,312345,313346,314346,3000:4501500:9004500500,2000:3030735:6089175301,Shell,Shell,pairwise_empirical_quantile,0.05,20,fit_plus_score_excludes_data_generation_preprocessing; generalized_components_profiled,4.355,4.341,1.313,1.349,1.396,0.283000000000001,0.0139999999999993,TRUE,,12345,321345,1,RSpectra::eigs_sym,20,1.77635683940025e-14,5980006,8.41292313591424e-13,245900.677204007,57.203520062266,68.9204581920779,70.624801518949,72.5570494461048,20260712_matched_nested_runtime_v2,a1ac36dc851bac1d124778c1264e783e,a8b31e5a5873e9e0e76423f60140c30b,R version 4.4.1 (2024-06-14),1.30.0,1.7.7,0.2.3,0.16.2,2026-07-12 09:03:21 UTC
336,7,cell_scaling,3,3000,2000,1994,5,0.08,0.1,0,nested_subsets_from_common_3000x3000_splatter_background_mid0,3000,3000,312345,313346,314346,3000:4501500:9004500500,2000:3030735:6089175301,LR,LR,pairwise_empirical_quantile,0.05,20,fit_plus_score_excludes_data_generation_preprocessing; generalized_components_profiled,4.422,4.408,1.274,1.511,1.356,0.266999999999999,0.0139999999999993,TRUE,,12345,322345,1,RSpectra::eigs_sym,20,1.75415237890775e-14,5980006,-5.23243601224799e-12,245668.985552365,57.203520062266,68.9204581920779,70.624801518949,72.5570494461048,20260712_matched_nested_runtime_v2,a1ac36dc851bac1d124778c1264e783e,a8b31e5a5873e9e0e76423f60140c30b,R version 4.4.1 (2024-06-14),1.30.0,1.7.7,0.2.3,0.16.2,2026-07-12 09:17:08 UTC
28,7,cell_scaling,4,3000,2000,1995,5,0.08,0.1,0,nested_subsets_from_common_3000x3000_splatter_background_mid0,3000,3000,412345,413346,414346,3000:4501500:9004500500,2000:3010169:6043647749,PCA,PCA,none,,20,fit_plus_score_excludes_data_generation_preprocessing; generalized_components_profiled,6.073,6.059,,,,,0.0139999999999993,TRUE,,12345,413345,1,stats::prcomp,20,2.88657986402541e-15,5983005,2.16389406393347e-13,244595.786857243,,,,,20260712_matched_nested_runtime_v2,a1ac36dc851bac1d124778c1264e783e,a8b31e5a5873e9e0e76423f60140c30b,R version 4.4.1 (2024-06-14),1.30.0,1.7.7,0.2.3,0.16.2,2026-07-12 08:30:37 UTC
63,7,cell_scaling,4,3000,2000,1995,5,0.08,0.1,0,nested_subsets_from_common_3000x3000_splatter_background_mid0,3000,3000,412345,413346,414346,3000:4501500:9004500500,2000:3010169:6043647749,Grid,PcaGrid,none,,20,fit_plus_score_excludes_data_generation_preprocessing; generalized_components_profiled,802.596,802.572,,,,,0.0240000000000009,TRUE,,12345,414345,1,rrcov::PcaGrid,20,2.66453525910038e-15,5983005,3.07778802444147e-12,61115.6493041717,,,,,20260712_matched_nested_runtime_v2,a1ac36dc851bac1d124778c1264e783e,a8b31e5a5873e9e0e76423f60140c30b,R version 4.4.1 (2024-06-14),1.30.0,1.7.7,0.2.3,0.16.2,2026-07-12 09:34:38 UTC
98,7,cell_scaling,4,3000,2000,1995,5,0.08,0.1,0,nested_subsets_from_common_3000x3000_splatter_background_mid0,3000,3000,412345,413346,414346,3000:4501500:9004500500,2000:3010169:6043647749,Hubert,PcaHubert,none,,20,fit_plus_score_excludes_data_generation_preprocessing; generalized_components_profiled,21.423,21.409,,,,,0.0140000000000029,TRUE,,12345,415345,1,rrcov::PcaHubert,20,2.55351295663786e-14,5983005,-1.29808663817954e-12,238111.917764585,,,,,20260712_matched_nested_runtime_v2,a1ac36dc851bac1d124778c1264e783e,a8b31e5a5873e9e0e76423f60140c30b,R version 4.4.1 (2024-06-14),1.30.0,1.7.7,0.2.3,0.16.2,2026-07-12 07:42:26 UTC
133,7,cell_scaling,4,3000,2000,1995,5,0.08,0.1,0,nested_subsets_from_common_3000x3000_splatter_background_mid0,3000,3000,412345,413346,414346,3000:4501500:9004500500,2000:3010169:6043647749,PCP,PCP,none,,20,fit_plus_score_excludes_data_generation_preprocessing; generalized_components_profiled,2072.562,2072.548,,,,,0.0140000000001237,TRUE,,12345,416345,1,rpca::rpca+stats::prcomp,20,1.55431223447522e-15,5983005,-1.31634286804072e-13,147152.763793302,,,,,20260712_matched_nested_runtime_v2,a1ac36dc851bac1d124778c1264e783e,a8b31e5a5873e9e0e76423f60140c30b,R version 4.4.1 (2024-06-14),1.30.0,1.7.7,0.2.3,0.16.2,2026-07-12 09:10:46 UTC
168,7,cell_scaling,4,3000,2000,1995,5,0.08,0.1,0,nested_subsets_from_common_3000x3000_splatter_background_mid0,3000,3000,412345,413346,414346,3000:4501500:9004500500,2000:3010169:6043647749,Tau,K's tau,none,,20,fit_plus_score_excludes_data_generation_preprocessing; generalized_components_profiled,3.795,3.78,1.296,0.818000000000001,1.401,0.264999999999997,0.0150000000000006,TRUE,,12345,417345,1,RSpectra::eigs_sym,20,1.26565424807268e-14,5983005,4.38364622379339e-12,243613.646899975,,,,,20260712_matched_nested_runtime_v2,a1ac36dc851bac1d124778c1264e783e,a8b31e5a5873e9e0e76423f60140c30b,R version 4.4.1 (2024-06-14),1.30.0,1.7.7,0.2.3,0.16.2,2026-07-12 07:16:42 UTC
203,7,cell_scaling,4,3000,2000,1995,5,0.08,0.1,0,nested_subsets_from_common_3000x3000_splatter_background_mid0,3000,3000,412345,413346,414346,3000:4501500:9004500500,2000:3010169:6043647749,Winsor,Winsor,pairwise_empirical_quantile,0.05,20,fit_plus_score_excludes_data_generation_preprocessing; generalized_components_profiled,4.17,4.156,1.279,1.267,1.362,0.248000000000001,0.0139999999999993,TRUE,,12345,418345,1,RSpectra::eigs_sym,20,1.15463194561016e-14,5983005,7.21290041583167e-12,244426.022711081,57.2471984074078,68.848309561779,70.5190971831831,72.6188361040961,20260712_matched_nested_runtime_v2,a1ac36dc851bac1d124778c1264e783e,a8b31e5a5873e9e0e76423f60140c30b,R version 4.4.1 (2024-06-14),1.30.0,1.7.7,0.2.3,0.16.2,2026-07-12 06:58:37 UTC
238,7,cell_scaling,4,3000,2000,1995,5,0.08,0.1,0,nested_subsets_from_common_3000x3000_splatter_background_mid0,3000,3000,412345,413346,414346,3000:4501500:9004500500,2000:3010169:6043647749,Quad,Quad,pairwise_empirical_quantile,0.05,20,fit_plus_score_excludes_data_generation_preprocessing; generalized_components_profiled,4.255,4.241,1.305,1.295,1.386,0.254999999999999,0.0140000000000029,TRUE,,12345,419345,1,RSpectra::eigs_sym,20,1.17683640610267e-14,5983005,4.86187132220373e-12,244275.259589469,57.2471984074078,68.848309561779,70.5190971831831,72.6188361040961,20260712_matched_nested_runtime_v2,a1ac36dc851bac1d124778c1264e783e,a8b31e5a5873e9e0e76423f60140c30b,R version 4.4.1 (2024-06-14),1.30.0,1.7.7,0.2.3,0.16.2,2026-07-12 07:41:02 UTC
273,7,cell_scaling,4,3000,2000,1995,5,0.08,0.1,0,nested_subsets_from_common_3000x3000_splatter_background_mid0,3000,3000,412345,413346,414346,3000:4501500:9004500500,2000:3010169:6043647749,Ball,Ball,pairwise_empirical_quantile,0.05,20,fit_plus_score_excludes_data_generation_preprocessing; generalized_components_profiled,4.163,4.149,1.285,1.251,1.366,0.247,0.0139999999999993,TRUE,,12345,420345,1,RSpectra::eigs_sym,20,1.28785870856518e-14,5983005,4.69006777858994e-13,242356.707276187,57.2471984074078,68.848309561779,70.5190971831831,72.6188361040961,20260712_matched_nested_runtime_v2,a1ac36dc851bac1d124778c1264e783e,a8b31e5a5873e9e0e76423f60140c30b,R version 4.4.1 (2024-06-14),1.30.0,1.7.7,0.2.3,0.16.2,2026-07-12 08:33:37 UTC
308,7,cell_scaling,4,3000,2000,1995,5,0.08,0.1,0,nested_subsets_from_common_3000x3000_splatter_background_mid0,3000,3000,412345,413346,414346,3000:4501500:9004500500,2000:3010169:6043647749,Shell,Shell,pairwise_empirical_quantile,0.05,20,fit_plus_score_excludes_data_generation_preprocessing; generalized_components_profiled,4.212,4.198,1.278,1.308,1.364,0.248000000000001,0.0139999999999993,TRUE,,12345,421345,1,RSpectra::eigs_sym,20,8.21565038222616e-15,5983005,6.03734770510123e-12,243319.062683763,57.2471984074078,68.848309561779,70.5190971831831,72.6188361040961,20260712_matched_nested_runtime_v2,a1ac36dc851bac1d124778c1264e783e,a8b31e5a5873e9e0e76423f60140c30b,R version 4.4.1 (2024-06-14),1.30.0,1.7.7,0.2.3,0.16.2,2026-07-12 09:35:41 UTC
343,7,cell_scaling,4,3000,2000,1995,5,0.08,0.1,0,nested_subsets_from_common_3000x3000_splatter_background_mid0,3000,3000,412345,413346,414346,3000:4501500:9004500500,2000:3010169:6043647749,LR,LR,pairwise_empirical_quantile,0.05,20,fit_plus_score_excludes_data_generation_preprocessing; generalized_components_profiled,4.321,4.307,1.228,1.469,1.362,0.248000000000001,0.0139999999999993,TRUE,,12345,422345,1,RSpectra::eigs_sym,20,1.15463194561016e-14,5983005,3.03790326228182e-12,243151.181010867,57.2471984074078,68.848309561779,70.5190971831831,72.6188361040961,20260712_matched_nested_runtime_v2,a1ac36dc851bac1d124778c1264e783e,a8b31e5a5873e9e0e76423f60140c30b,R version 4.4.1 (2024-06-14),1.30.0,1.7.7,0.2.3,0.16.2,2026-07-12 08:33:57 UTC
35,7,cell_scaling,5,3000,2000,1994,5,0.08,0.1,0,nested_subsets_from_common_3000x3000_splatter_background_mid0,3000,3000,512345,513346,514346,3000:4501500:9004500500,2000:2977880:5937310710,PCA,PCA,none,,20,fit_plus_score_excludes_data_generation_preprocessing; generalized_components_profiled,6.168,6.154,,,,,0.0139999999999993,TRUE,,12345,513345,1,stats::prcomp,20,8.88178419700125e-16,5980006.00000001,9.93843896068825e-13,241762.221554934,,,,,20260712_matched_nested_runtime_v2,a1ac36dc851bac1d124778c1264e783e,a8b31e5a5873e9e0e76423f60140c30b,R version 4.4.1 (2024-06-14),1.30.0,1.7.7,0.2.3,0.16.2,2026-07-12 07:50:53 UTC
70,7,cell_scaling,5,3000,2000,1994,5,0.08,0.1,0,nested_subsets_from_common_3000x3000_splatter_background_mid0,3000,3000,512345,513346,514346,3000:4501500:9004500500,2000:2977880:5937310710,Grid,PcaGrid,none,,20,fit_plus_score_excludes_data_generation_preprocessing; generalized_components_profiled,802.29,802.266,,,,,0.0240000000000009,TRUE,,12345,514345,1,rrcov::PcaGrid,20,1.11022302462516e-15,5980006.00000001,-3.82298359635769e-14,61469.0666500998,,,,,20260712_matched_nested_runtime_v2,a1ac36dc851bac1d124778c1264e783e,a8b31e5a5873e9e0e76423f60140c30b,R version 4.4.1 (2024-06-14),1.30.0,1.7.7,0.2.3,0.16.2,2026-07-12 09:32:55 UTC
105,7,cell_scaling,5,3000,2000,1994,5,0.08,0.1,0,nested_subsets_from_common_3000x3000_splatter_background_mid0,3000,3000,512345,513346,514346,3000:4501500:9004500500,2000:2977880:5937310710,Hubert,PcaHubert,none,,20,fit_plus_score_excludes_data_generation_preprocessing; generalized_components_profiled,20.462,20.448,,,,,0.0140000000000029,TRUE,,12345,515345,1,rrcov::PcaHubert,20,1.50990331349021e-14,5980006.00000001,4.21933321614887e-12,234179.04715217,,,,,20260712_matched_nested_runtime_v2,a1ac36dc851bac1d124778c1264e783e,a8b31e5a5873e9e0e76423f60140c30b,R version 4.4.1 (2024-06-14),1.30.0,1.7.7,0.2.3,0.16.2,2026-07-12 07:09:20 UTC
140,7,cell_scaling,5,3000,2000,1994,5,0.08,0.1,0,nested_subsets_from_common_3000x3000_splatter_background_mid0,3000,3000,512345,513346,514346,3000:4501500:9004500500,2000:2977880:5937310710,PCP,PCP,none,,20,fit_plus_score_excludes_data_generation_preprocessing; generalized_components_profiled,2099.276,2099.262,,,,,0.0139999999996689,TRUE,,12345,516345,1,rpca::rpca+stats::prcomp,20,1.11022302462516e-15,5980006.00000001,-2.33751906719704e-12,143367.585535312,,,,,20260712_matched_nested_runtime_v2,a1ac36dc851bac1d124778c1264e783e,a8b31e5a5873e9e0e76423f60140c30b,R version 4.4.1 (2024-06-14),1.30.0,1.7.7,0.2.3,0.16.2,2026-07-12 08:27:59 UTC
175,7,cell_scaling,5,3000,2000,1994,5,0.08,0.1,0,nested_subsets_from_common_3000x3000_splatter_background_mid0,3000,3000,512345,513346,514346,3000:4501500:9004500500,2000:2977880:5937310710,Tau,K's tau,none,,20,fit_plus_score_excludes_data_generation_preprocessing; generalized_components_profiled,3.639,3.625,1.246,0.757000000000001,1.361,0.260999999999999,0.0139999999999993,TRUE,,12345,517345,1,RSpectra::eigs_sym,20,7.32747196252603e-15,5980006.00000001,2.06325581619815e-12,240460.6096366,,,,,20260712_matched_nested_runtime_v2,a1ac36dc851bac1d124778c1264e783e,a8b31e5a5873e9e0e76423f60140c30b,R version 4.4.1 (2024-06-14),1.30.0,1.7.7,0.2.3,0.16.2,2026-07-12 07:50:31 UTC
210,7,cell_scaling,5,3000,2000,1994,5,0.08,0.1,0,nested_subsets_from_common_3000x3000_splatter_background_mid0,3000,3000,512345,513346,514346,3000:4501500:9004500500,2000:2977880:5937310710,Winsor,Winsor,pairwise_empirical_quantile,0.05,20,fit_plus_score_excludes_data_generation_preprocessing; generalized_components_profiled,4.277,4.263,1.286,1.345,1.374,0.258000000000003,0.0139999999999993,TRUE,,12345,518345,1,RSpectra::eigs_sym,20,5.55111512312578e-15,5980006.00000001,-3.39617223232835e-12,241464.500916283,57.1002184669361,69.1845870477916,71.2129984366203,74.503002884849,20260712_matched_nested_runtime_v2,a1ac36dc851bac1d124778c1264e783e,a8b31e5a5873e9e0e76423f60140c30b,R version 4.4.1 (2024-06-14),1.30.0,1.7.7,0.2.3,0.16.2,2026-07-12 08:42:58 UTC
245,7,cell_scaling,5,3000,2000,1994,5,0.08,0.1,0,nested_subsets_from_common_3000x3000_splatter_background_mid0,3000,3000,512345,513346,514346,3000:4501500:9004500500,2000:2977880:5937310710,Quad,Quad,pairwise_empirical_quantile,0.05,20,fit_plus_score_excludes_data_generation_preprocessing; generalized_components_profiled,4.26,4.246,1.274,1.339,1.37,0.263000000000002,0.0139999999999993,TRUE,,12345,519345,1,RSpectra::eigs_sym,20,1.13242748511766e-14,5980006.00000001,-2.19445295268628e-12,241189.488454071,57.1002184669361,69.1845870477916,71.2129984366203,74.503002884849,20260712_matched_nested_runtime_v2,a1ac36dc851bac1d124778c1264e783e,a8b31e5a5873e9e0e76423f60140c30b,R version 4.4.1 (2024-06-14),1.30.0,1.7.7,0.2.3,0.16.2,2026-07-12 07:51:41 UTC
280,7,cell_scaling,5,3000,2000,1994,5,0.08,0.1,0,nested_subsets_from_common_3000x3000_splatter_background_mid0,3000,3000,512345,513346,514346,3000:4501500:9004500500,2000:2977880:5937310710,Ball,Ball,pairwise_empirical_quantile,0.05,20,fit_plus_score_excludes_data_generation_preprocessing; generalized_components_profiled,4.273,4.259,1.284,1.334,1.383,0.257999999999999,0.0140000000000029,TRUE,,12345,520345,1,RSpectra::eigs_sym,20,1.02140518265514e-14,5980006.00000001,1.58514867898418e-12,239039.920895274,57.1002184669361,69.1845870477916,71.2129984366203,74.503002884849,20260712_matched_nested_runtime_v2,a1ac36dc851bac1d124778c1264e783e,a8b31e5a5873e9e0e76423f60140c30b,R version 4.4.1 (2024-06-14),1.30.0,1.7.7,0.2.3,0.16.2,2026-07-12 08:29:27 UTC
315,7,cell_scaling,5,3000,2000,1994,5,0.08,0.1,0,nested_subsets_from_common_3000x3000_splatter_background_mid0,3000,3000,512345,513346,514346,3000:4501500:9004500500,2000:2977880:5937310710,Shell,Shell,pairwise_empirical_quantile,0.05,20,fit_plus_score_excludes_data_generation_preprocessing; generalized_components_profiled,4.275,4.261,1.26,1.364,1.372,0.265000000000001,0.0139999999999993,TRUE,,12345,521345,1,RSpectra::eigs_sym,20,8.65973959207622e-15,5980006.00000001,-3.8642145039347e-12,240053.837448001,57.1002184669361,69.1845870477916,71.2129984366203,74.503002884849,20260712_matched_nested_runtime_v2,a1ac36dc851bac1d124778c1264e783e,a8b31e5a5873e9e0e76423f60140c30b,R version 4.4.1 (2024-06-14),1.30.0,1.7.7,0.2.3,0.16.2,2026-07-12 09:10:16 UTC
350,7,cell_scaling,5,3000,2000,1994,5,0.08,0.1,0,nested_subsets_from_common_3000x3000_splatter_background_mid0,3000,3000,512345,513346,514346,3000:4501500:9004500500,2000:2977880:5937310710,LR,LR,pairwise_empirical_quantile,0.05,20,fit_plus_score_excludes_data_generation_preprocessing; generalized_components_profiled,4.417,4.402,1.237,1.547,1.36,0.257999999999999,0.0150000000000006,TRUE,,12345,522345,1,RSpectra::eigs_sym,20,6.43929354282591e-15,5980006.00000001,-8.9383361823181e-13,239967.617391827,57.1002184669361,69.1845870477916,71.2129984366203,74.503002884849,20260712_matched_nested_runtime_v2,a1ac36dc851bac1d124778c1264e783e,a8b31e5a5873e9e0e76423f60140c30b,R version 4.4.1 (2024-06-14),1.30.0,1.7.7,0.2.3,0.16.2,2026-07-12 07:52:15 UTC
